-- 增加日报menu
INSERT INTO `menus` (`id`, `name`, `source`, `label`, `parent_id`, `type`, `screen_size`, `page_id`, `icon`, `deleted`, `created_by`, `created_on`, `modified_by`, `modified_on`, `color`, `template`) VALUES ('64b69cf5-70d8-4e29-34rt-980feafc3d90', 'number_of_new_patients_large', 'custom', '日报', 'dd8e572e-1d93-11e6-b5d0-5cc5d4d378cb', 'menu', 'large', 'f0f6ac31-70b1-4a77-90bd-6c1824e47abc', 'veev-daily-report', '0', '1', '2020-03-05 07:47:42', '1', '2020-03-26 08:44:49', 'veev-red', 'number_of_new_patients');
INSERT INTO `menus` (`id`, `name`, `source`, `label`, `parent_id`, `type`, `screen_size`, `page_id`, `icon`, `deleted`, `created_by`, `created_on`, `modified_by`, `modified_on`, `color`, `template`) VALUES ('64b69cf5-70d8-4e29-bd36-980feafc3d90', 'number_of_new_patients', 'custom', '日报', NULL, 'menu', 'small', 'f0f6ac31-70b1-4a77-90bd-6c1824e47abc', 'veev-daily-report', '0', '1', '2020-03-05 07:47:42', '1', '2020-03-26 08:44:49', 'veev-red', 'number_of_new_patients');
-- 增加日报列表页
INSERT INTO `page_lists` (`id`, `page_id`, `name`, `query_type`, `source`, `label`, `screen_size`, `sort_field`, `is_desc`, `deleted`, `created_by`, `created_on`, `modified_by`, `modified_on`, `is_readonly`, `detail_disabled`, `report_id`) VALUES ('5d7cd557-34f5-4c6d-6789-14c43326ade9', 'f0f6ac31-70b1-4a77-90bd-6c1824e47abc', 'daily_reported_data_list_l', 'rls', 'custom', '日报人数记录', 'large', '665b94e4-82a8-4b23-90f7-538549e6dd91', '1', '0', '1', '2020-03-02 03:16:42', '1', '2020-04-15 10:32:10', '0', '0', NULL);
INSERT INTO `page_lists` (`id`, `page_id`, `name`, `query_type`, `source`, `label`, `screen_size`, `sort_field`, `is_desc`, `deleted`, `created_by`, `created_on`, `modified_by`, `modified_on`, `is_readonly`, `detail_disabled`, `report_id`) VALUES ('5d7cd557-34f5-4c6d-91e3-14c43326ade9', 'f0f6ac31-70b1-4a77-90bd-6c1824e47abc', 'daily_reported_data_list_s', 'rls', 'custom', '日报人数记录', 'small', '665b94e4-82a8-4b23-90f7-538549e6dd91', '1', '0', '1', '2020-03-02 03:16:42', '1', '2020-03-02 03:16:42', '0', '0', NULL);
INSERT INTO `page_list_fields` (`id`, `page_list_id`, `object_field_id`, `label`, `order`, `width`, `allow_filter`, `allow_sort`, `is_default`, `deleted`, `created_by`, `created_on`, `modified_by`, `modified_on`) VALUES ('fb55eee7-d6aa-40d3-97d4-a9d5a1c4913a', '5d7cd557-34f5-4c6d-91e3-14c43326ade9', '665b94e4-82a8-4b23-90f7-538549e6dd91', '日期', '1', '120', '1', '1', '1', '0', '1', '2020-08-24 15:05:15', '1', '2020-08-30 12:49:02');
INSERT INTO `page_list_fields` (`id`, `page_list_id`, `object_field_id`, `label`, `order`, `width`, `allow_filter`, `allow_sort`, `is_default`, `deleted`, `created_by`, `created_on`, `modified_by`, `modified_on`) VALUES ('2ff11cf5-4f80-44ab-8a12-aeeb412a4e3a', '5d7cd557-34f5-4c6d-91e3-14c43326ade9', '7f5b334a-a13f-4121-b51c-2177aa346394', '医院', '2', '120', '1', '1', '0', '0', '1', '2020-08-24 15:05:15', '1', '2020-08-30 12:49:02');
INSERT INTO `page_list_fields` (`id`, `page_list_id`, `object_field_id`, `label`, `order`, `width`, `allow_filter`, `allow_sort`, `is_default`, `deleted`, `created_by`, `created_on`, `modified_by`, `modified_on`) VALUES ('439e254b-b0a5-4767-9d70-b6717cd4cb89', '5d7cd557-34f5-4c6d-91e3-14c43326ade9', 'aa0764dc-eff7-4586-a446-d93576cc6033', '医生', '3', '120', '1', '1', '1', '0', '1', '2020-08-24 15:05:15', '1', '2020-08-30 12:49:02');
INSERT INTO `page_list_fields` (`id`, `page_list_id`, `object_field_id`, `label`, `order`, `width`, `allow_filter`, `allow_sort`, `is_default`, `deleted`, `created_by`, `created_on`, `modified_by`, `modified_on`) VALUES ('c0da0c5d-2b5d-48ee-a4ec-27557d7a90eb', '5d7cd557-34f5-4c6d-91e3-14c43326ade9', '61929869-a820-49bd-a134-dbd67de2b311', '日报人数', '4', '120', '1', '1', '1', '0', '1', '2020-08-24 15:05:15', '1', '2020-08-30 12:49:02');
INSERT INTO `page_list_fields` (`id`, `page_list_id`, `object_field_id`, `label`, `order`, `width`, `allow_filter`, `allow_sort`, `is_default`, `deleted`, `created_by`, `created_on`, `modified_by`, `modified_on`) VALUES ('d8ac4cc0-51fb-48f4-b19b-a9102fe23a51', '5d7cd557-34f5-4c6d-91e3-14c43326ade9', 'aa0764dc-eff7-4586-a446-d93576cc6033', '类型', '5', '120', '1', '1', '1', '0', '1', '2020-08-24 15:05:15', '1', '2020-08-30 12:49:02');
INSERT INTO `page_list_actions` (`id`, `page_list_id`, `object_action_id`, `order`, `deleted`, `created_by`, `created_on`, `modified_by`, `modified_on`, `is_need_pre_check`, `is_item_action`) VALUES ('42fb7038-a59e-4943-a91e-5985faebf8e4', '5d7cd557-34f5-4c6d-91e3-14c43326ade9', '91fd7e84-450a-45ac-b650-a6d2072b439f', '1', '0', '1', '2019-11-12 00:00:00.000000', '1', '2019-11-12 00:00:00.000000', '0', '0');
INSERT INTO `page_list_fields` (`id`, `page_list_id`, `object_field_id`, `label`, `order`, `width`, `allow_filter`, `allow_sort`, `is_default`, `deleted`, `created_by`, `created_on`, `modified_by`, `modified_on`) VALUES ('74247191-95d7-49db-98d4-7b516355a24f', '5d7cd557-34f5-4c6d-6789-14c43326ade9', '665b94e4-82a8-4b23-90f7-538549e6dd91', '日期', '1', '120', '1', '1', '1', '0', '1', '2020-08-24 15:05:15', '1', '2020-08-30 12:49:02');
INSERT INTO `page_list_fields` (`id`, `page_list_id`, `object_field_id`, `label`, `order`, `width`, `allow_filter`, `allow_sort`, `is_default`, `deleted`, `created_by`, `created_on`, `modified_by`, `modified_on`) VALUES ('2e626d49-5b78-443a-a64f-a44f02cf29cc', '5d7cd557-34f5-4c6d-6789-14c43326ade9', '7f5b334a-a13f-4121-b51c-2177aa346394', '医院', '2', '120', '1', '1', '1', '0', '1', '2020-08-24 15:05:15', '1', '2020-08-30 12:49:02');
INSERT INTO `page_list_fields` (`id`, `page_list_id`, `object_field_id`, `label`, `order`, `width`, `allow_filter`, `allow_sort`, `is_default`, `deleted`, `created_by`, `created_on`, `modified_by`, `modified_on`) VALUES ('16e21d31-356b-407f-97ed-28d046ccc46a', '5d7cd557-34f5-4c6d-6789-14c43326ade9', 'aa0764dc-eff7-4586-a446-d93576cc6033', '医生', '3', '120', '1', '1', '1', '0', '1', '2020-08-24 15:05:15', '1', '2020-08-30 12:49:02');
INSERT INTO `page_list_fields` (`id`, `page_list_id`, `object_field_id`, `label`, `order`, `width`, `allow_filter`, `allow_sort`, `is_default`, `deleted`, `created_by`, `created_on`, `modified_by`, `modified_on`) VALUES ('5a6bf72b-367a-4036-806c-390a564f5ce0', '5d7cd557-34f5-4c6d-6789-14c43326ade9', '61929869-a820-49bd-a134-dbd67de2b311', '日报人数', '4', '120', '1', '1', '1', '0', '1', '2020-08-24 15:05:15', '1', '2020-08-30 12:49:02');
INSERT INTO `page_list_fields` (`id`, `page_list_id`, `object_field_id`, `label`, `order`, `width`, `allow_filter`, `allow_sort`, `is_default`, `deleted`, `created_by`, `created_on`, `modified_by`, `modified_on`) VALUES ('10f1b831-4c13-40e6-b77e-4f223bc9f369', '5d7cd557-34f5-4c6d-6789-14c43326ade9', 'aa0764dc-eff7-4586-a446-d93576cc6033', '类型', '5', '120', '1', '1', '1', '0', '1', '2020-08-24 15:05:15', '1', '2020-08-30 12:49:02');
INSERT INTO `page_list_fields` (`id`, `page_list_id`, `object_field_id`, `label`, `order`, `width`, `allow_filter`, `allow_sort`, `is_default`, `deleted`, `created_by`, `created_on`, `modified_by`, `modified_on`) VALUES ('b0b33bbb-c91a-4a81-9ba5-c79be43f30f5', '5d7cd557-34f5-4c6d-6789-14c43326ade9', '4ebf55e9-65bc-4fc6-b49a-85d67f321fa7', '上报人', '6', '120', '1', '1', '1', '0', '1', '2020-08-24 15:05:15', '1', '2020-08-30 12:49:02');
INSERT INTO `page_list_fields` (`id`, `page_list_id`, `object_field_id`, `label`, `order`, `width`, `allow_filter`, `allow_sort`, `is_default`, `deleted`, `created_by`, `created_on`, `modified_by`, `modified_on`) VALUES ('c7d51082-2ee6-4170-be59-280140ee6b71', '5d7cd557-34f5-4c6d-6789-14c43326ade9', '5aca6abd-a6ff-4a86-942a-d94703ea0a8b', '上报人岗位', '7', '120', '1', '1', '1', '0', '1', '2020-08-24 15:05:15', '1', '2020-08-30 12:49:02');
INSERT INTO `page_list_actions` (`id`, `page_list_id`, `object_action_id`, `order`, `deleted`, `created_by`, `created_on`, `modified_by`, `modified_on`, `is_need_pre_check`, `is_item_action`) VALUES ('d2b93ef1-c541-4307-acbd-d149a83e7662', '5d7cd557-34f5-4c6d-6789-14c43326ade9', '1156805c-0de1-445c-ad01-16e99642ed0f', '1', '0', '1', '2019-11-12 00:00:00.000000', '1', '2019-11-12 00:00:00.000000', '0', '0');
UPDATE `page_list_fields` SET `disable_click` = '1' WHERE (`id` = '16e21d31-356b-407f-97ed-28d046ccc46a');
UPDATE `page_list_fields` SET `disable_click` = '1' WHERE (`id` = 'c7d51082-2ee6-4170-be59-280140ee6b71');

INSERT INTO `page_layouts` (`id`, `page_id`, `name`, `label`, `source`, `screen_size`, `deleted`, `created_by`, `created_on`, `modified_by`, `modified_on`) VALUES ('20dc90d9-364b-4641-adf0-c83845468017', '74c37bc2-0ab9-40c4-852d-e890ec70735a\'', 'cs_daily_report_s', '日报人数详情', 'custom', 'small', '0', '1', '2020-08-24 10:46:29', '1', '2020-08-24 10:46:29');
INSERT INTO `page_layout_fields` (`id`, `page_layout_id`, `type`, `object_field_id`, `label`, `order`, `colspan`, `is_mandatory`, `is_readonly`, `display_mode`, `deleted`, `created_by`, `created_on`, `modified_by`, `modified_on`, `is_with_stars_mask`) VALUES ('33034061-27a6-41ef-9744-a085007e01df', '20dc90d9-364b-4641-adf0-c83845468017', 'field', '665b94e4-82a8-4b23-90f7-538549e6dd91', '日期', '1', '6', '1', '0', 'both', '0', '1', '2020-06-09 09:35:03', '1', '2020-06-09 09:35:03', '0');
INSERT INTO `page_layout_fields` (`id`, `page_layout_id`, `type`, `object_field_id`, `label`, `order`, `colspan`, `is_mandatory`, `is_readonly`, `display_mode`, `deleted`, `created_by`, `created_on`, `modified_by`, `modified_on`, `is_with_stars_mask`) VALUES ('7cd91f6b-d0a2-42f2-8208-c6c74e0ccf43', '20dc90d9-364b-4641-adf0-c83845468017', 'field', '7f5b334a-a13f-4121-b51c-2177aa346394', '医院', '2', '6', '0', '1', 'both', '0', '1', '2020-06-09 09:35:03', '1', '2020-06-09 09:35:03', '0');
INSERT INTO `page_layout_fields` (`id`, `page_layout_id`, `type`, `object_field_id`, `label`, `order`, `colspan`, `is_mandatory`, `is_readonly`, `display_mode`, `deleted`, `created_by`, `created_on`, `modified_by`, `modified_on`, `is_with_stars_mask`) VALUES ('4ca0bc9c-eaa9-483e-bb69-82a4a5aa99a0', '20dc90d9-364b-4641-adf0-c83845468017', 'field', 'aa0764dc-eff7-4586-a446-d93576cc6033', '医生', '3', '6', '1', '0', 'both', '0', '1', '2020-06-09 09:35:03', '1', '2020-09-10 07:16:01', '0');
INSERT INTO `page_layout_fields` (`id`, `page_layout_id`, `type`, `object_field_id`, `label`, `order`, `colspan`, `is_mandatory`, `is_readonly`, `display_mode`, `deleted`, `created_by`, `created_on`, `modified_by`, `modified_on`, `is_with_stars_mask`) VALUES ('2b7ebefa-baf1-4232-956a-b449814e37fd', '20dc90d9-364b-4641-adf0-c83845468017', 'field', '61929869-a820-49bd-a134-dbd67de2b311', '日报人数', '4', '6', '1', '0', 'both', '0', '1', '2020-06-09 09:35:03', '1', '2020-09-10 07:17:03', '0');
INSERT INTO `page_layout_fields` (`id`, `page_layout_id`, `type`, `object_field_id`, `label`, `order`, `colspan`, `is_mandatory`, `is_readonly`, `display_mode`, `deleted`, `created_by`, `created_on`, `modified_by`, `modified_on`, `is_with_stars_mask`) VALUES ('98e3fc6b-22be-49cd-a5bc-6e79e2ee77d0', '20dc90d9-364b-4641-adf0-c83845468017', 'field', 'aa0764dc-eff7-4586-a446-d93576cc6033', '类型', '5', '6', '1', '0', 'both', '0', '1', '2020-06-09 09:35:03', '1', '2020-09-10 07:17:03', '0');
INSERT INTO `page_layout_fields` (`id`, `page_layout_id`, `type`, `object_field_id`, `label`, `order`, `colspan`, `is_mandatory`, `is_readonly`, `display_mode`, `deleted`, `created_by`, `created_on`, `modified_by`, `modified_on`, `is_with_stars_mask`) VALUES ('2a09ce89-951a-4fe2-8122-aed9cdb5b31a', '20dc90d9-364b-4641-adf0-c83845468017', 'field', '4ebf55e9-65bc-4fc6-b49a-85d67f321fa7', '上报人', '6', '6', '0', '1', 'both', '0', '1', '2020-06-09 09:35:03', '1', '2020-09-10 07:17:03', '0');
INSERT INTO `page_layout_actions` (`id`, `page_layout_id`, `object_action_id`, `display_mode`, `order`, `deleted`, `created_by`, `created_on`, `modified_by`, `modified_on`, `is_need_pre_check`) VALUES ('74e83877-1657-4d8e-8c11-6cfbcdb43e9b', '20dc90d9-364b-4641-adf0-c83845468017', '55c6f3e3-9b99-4c20-b7ed-2aa1bbce6ef8', 'edit', '1', '0', '1', '2020-08-24 14:42:05', '1', '2020-08-24 14:42:05', '0');
INSERT INTO `page_layout_actions` (`id`, `page_layout_id`, `object_action_id`, `display_mode`, `order`, `deleted`, `created_by`, `created_on`, `modified_by`, `modified_on`, `is_need_pre_check`) VALUES ('7dbf70c7-b946-42ee-a4a8-32009cb21404', '20dc90d9-364b-4641-adf0-c83845468017', '2df3275f-e950-4de6-bc66-dc9bae62809a', 'view', '1', '0', '1', '2020-08-24 14:42:05', '1', '2020-08-24 14:42:05', '0');
INSERT INTO `page_layout_actions` (`id`, `page_layout_id`, `object_action_id`, `display_mode`, `order`, `deleted`, `created_by`, `created_on`, `modified_by`, `modified_on`, `is_need_pre_check`) VALUES ('d996b173-d6f0-46d3-8383-0655050ac740', '20dc90d9-364b-4641-adf0-c83845468017', '175d70f2-2e00-4697-95ad-097bc1c798e3', 'view', '2', '0', '1', '2020-08-24 14:42:05', '1', '2020-08-24 14:42:05', '0');
INSERT INTO `page_layouts` (`id`, `page_id`, `name`, `label`, `source`, `screen_size`, `deleted`, `created_by`, `created_on`, `modified_by`, `modified_on`) VALUES ('909c8f37-bd1a-45cf-8132-705111e5516e', '74c37bc2-0ab9-40c4-852d-e890ec70735a', 'cs_daily_report_l', '日报人数详情', 'custom', 'large', '0', '1', '2020-08-24 10:46:29', '1', '2020-08-24 10:46:29');
INSERT INTO `page_layout_fields` (`id`, `page_layout_id`, `type`, `object_field_id`, `label`, `order`, `colspan`, `is_mandatory`, `is_readonly`, `display_mode`, `deleted`, `created_by`, `created_on`, `modified_by`, `modified_on`, `is_with_stars_mask`) VALUES ('2acd648f-3a2f-46e2-8828-267a1a503ed5', '909c8f37-bd1a-45cf-8132-705111e5516e', 'field', '665b94e4-82a8-4b23-90f7-538549e6dd91', '日期', '1', '6', '1', '0', 'both', '0', '1', '2020-06-09 09:35:03', '1', '2020-06-09 09:35:03', '0');
INSERT INTO `page_layout_fields` (`id`, `page_layout_id`, `type`, `object_field_id`, `label`, `order`, `colspan`, `is_mandatory`, `is_readonly`, `display_mode`, `deleted`, `created_by`, `created_on`, `modified_by`, `modified_on`, `is_with_stars_mask`) VALUES ('63e7ee9b-20ca-4f22-b5ac-eb73eaf07dc0', '909c8f37-bd1a-45cf-8132-705111e5516e', 'field', '7f5b334a-a13f-4121-b51c-2177aa346394', '医院', '2', '6', '0', '1', 'both', '0', '1', '2020-06-09 09:35:03', '1', '2020-06-09 09:35:03', '0');
INSERT INTO `page_layout_fields` (`id`, `page_layout_id`, `type`, `object_field_id`, `label`, `order`, `colspan`, `is_mandatory`, `is_readonly`, `display_mode`, `deleted`, `created_by`, `created_on`, `modified_by`, `modified_on`, `is_with_stars_mask`) VALUES ('9a6a1b7e-603b-4c95-9dec-1198c463cf59', '909c8f37-bd1a-45cf-8132-705111e5516e', 'field', 'aa0764dc-eff7-4586-a446-d93576cc6033', '医生', '3', '6', '1', '0', 'both', '0', '1', '2020-06-09 09:35:03', '1', '2020-09-10 07:16:01', '0');
INSERT INTO `page_layout_fields` (`id`, `page_layout_id`, `type`, `object_field_id`, `label`, `order`, `colspan`, `is_mandatory`, `is_readonly`, `display_mode`, `deleted`, `created_by`, `created_on`, `modified_by`, `modified_on`, `is_with_stars_mask`) VALUES ('f6aefb40-85f5-4f8e-a6a1-0635ba56749d', '909c8f37-bd1a-45cf-8132-705111e5516e', 'field', '61929869-a820-49bd-a134-dbd67de2b311', '日报人数', '4', '6', '1', '0', 'both', '0', '1', '2020-06-09 09:35:03', '1', '2020-09-10 07:17:03', '0');
INSERT INTO `page_layout_fields` (`id`, `page_layout_id`, `type`, `object_field_id`, `label`, `order`, `colspan`, `is_mandatory`, `is_readonly`, `display_mode`, `deleted`, `created_by`, `created_on`, `modified_by`, `modified_on`, `is_with_stars_mask`) VALUES ('8574bf8c-6838-4f98-908b-be0e5c735d64', '909c8f37-bd1a-45cf-8132-705111e5516e', 'field', 'aa0764dc-eff7-4586-a446-d93576cc6033', '类型', '5', '6', '1', '0', 'both', '0', '1', '2020-06-09 09:35:03', '1', '2020-09-10 07:17:03', '0');
INSERT INTO `page_layout_fields` (`id`, `page_layout_id`, `type`, `object_field_id`, `label`, `order`, `colspan`, `is_mandatory`, `is_readonly`, `display_mode`, `deleted`, `created_by`, `created_on`, `modified_by`, `modified_on`, `is_with_stars_mask`) VALUES ('ad5a7b03-b301-49ab-ae99-0d0534109318', '909c8f37-bd1a-45cf-8132-705111e5516e', 'field', '4ebf55e9-65bc-4fc6-b49a-85d67f321fa7', '上报人', '6', '6', '0', '1', 'both', '0', '1', '2020-06-09 09:35:03', '1', '2020-09-10 07:17:03', '0');
INSERT INTO `page_layout_actions` (`id`, `page_layout_id`, `object_action_id`, `display_mode`, `order`, `deleted`, `created_by`, `created_on`, `modified_by`, `modified_on`, `is_need_pre_check`) VALUES ('88c55019-b05b-49ff-aafb-f83eacf2f7b9', '909c8f37-bd1a-45cf-8132-705111e5516e', '2df3275f-e950-4de6-bc66-dc9bae62809a', 'view', '1', '0', '1', '2020-08-24 14:42:05', '1', '2020-08-24 14:42:05', '0');
INSERT INTO `page_layout_actions` (`id`, `page_layout_id`, `object_action_id`, `display_mode`, `order`, `deleted`, `created_by`, `created_on`, `modified_by`, `modified_on`, `is_need_pre_check`) VALUES ('98898b59-f38c-4023-8834-a82ede0e8b9b', '909c8f37-bd1a-45cf-8132-705111e5516e', '55c6f3e3-9b99-4c20-b7ed-2aa1bbce6ef8', 'edit', '1', '0', '1', '2020-08-24 14:42:05', '1', '2020-08-24 14:42:05', '0');

INSERT INTO `object_filters` (`deleted`, `created_by`, `created_on`, `modified_by`, `modified_on`, `id`, `label`, `source`, `formula`, `is_desc`, `object_id`, `sort_field`, `name`, `display`) VALUES ('0', '1', '2018-01-11 02:21:25', '1', '2020-09-10 07:32:42', 'ce623c70-c7f0-47ac-8e0b-2984a30d6e5a', '医生', 'custom', '1', '0', '9529d4c0-20a8-11e6-995f-5cc5d4d378cb', 'f9d88840-20ac-11e6-8996-5cc5d4d378cb', 'cs_daily_report', 'standard');
INSERT INTO `object_filter_display_fields` (`id`, `label`, `order`, `width`, `object_field_id`, `object_filter_id`, `deleted`, `created_by`, `created_on`, `modified_by`, `modified_on`, `is_default`) VALUES ('fc5d1c56-8f66-4be4-8905-6df345078030', '医生名称', '1', '250', '5a216d6e-20ad-11e6-a296-5cc5d4d378cb', 'ce623c70-c7f0-47ac-8e0b-2984a30d6e5a', '0', '1', '2018-01-11 02:21:25', '1', '2018-01-11 02:21:25', '1');
INSERT INTO `object_filter_display_fields` (`id`, `label`, `order`, `width`, `object_field_id`, `object_filter_id`, `deleted`, `created_by`, `created_on`, `modified_by`, `modified_on`, `is_default`) VALUES ('26f4a1c9-24da-496d-acd5-d5722d57ccad', '所属医院', '2', '250', 'bb8c4b1e-20b2-11e6-b1b5-5cc5d4d378cb', 'ce623c70-c7f0-47ac-8e0b-2984a30d6e5a', '0', '1', '2018-01-11 02:21:25', '1', '2020-09-11 02:33:19', '1');
INSERT INTO `object_filter_display_fields` (`id`, `label`, `order`, `width`, `object_field_id`, `object_filter_id`, `deleted`, `created_by`, `created_on`, `modified_by`, `modified_on`, `is_default`) VALUES ('081d0226-42f3-4e38-ba6d-d9bdc8164463', '科室', '3', '250', 'c323dbc0-1cfc-452e-a506-491fc29e3714', 'ce623c70-c7f0-47ac-8e0b-2984a30d6e5a', '0', '1', '2018-01-11 02:21:25', '1', '2020-09-11 02:33:19', '1');
INSERT INTO `object_filter_conditions` (`id`, `operator`, `value`, `formula_number`, `object_field_id`, `object_filter_id`, `deleted`, `created_by`, `created_on`, `modified_by`, `modified_on`) VALUES ('dac70b96-b98c-4637-ad74-4a8d6a0504d8', 'eq', '216100c0-1d85-11e6-b31e-5cc5d4d378cb', '1', '20d33e9e-20c5-11e6-bdac-5cc5d4d378cb', 'ce623c70-c7f0-47ac-8e0b-2984a30d6e5a', '0', '1', '2017-11-28 09:39:46', '1', '2020-03-31 08:40:58');
-- 微信端日报功能授权
INSERT INTO `role_to_object_record_types` (`id`, `role_id`, `object_record_type_id`, `is_default`, `deleted`, `created_by`, `created_on`, `modified_by`, `modified_on`) VALUES ('396563d2-8731-4f44-b970-4fb2b169da2f', '53de6f5e-1da3-11e6-b011-5cc5d4b57134', '127bdc24-4900-4551-abfc-b006f062dede', '1', '0', '1', '2020-06-09 09:35:00', '1', '2020-08-21 06:14:44');
INSERT INTO `menus_assignments` (`id`, `role_id`, `menu_id`, `order`, `deleted`, `created_by`, `created_on`, `modified_by`, `modified_on`, `configurations`) VALUES ('194b3b8a-118e-4911-b4e4-e62c4faba657', '53de6f5e-1da3-11e6-b011-5cc5d4b57134', '64b69cf5-70d8-4e29-bd36-980feafc3d90', '15', '0', '1', '2020-07-14 10:07:20', '1', '2020-07-29 15:13:52', NULL);
INSERT INTO `page_list_assignments` (`id`, `role_id`, `page_list_id`, `deleted`, `created_by`, `created_on`, `modified_by`, `modified_on`, `is_default`) VALUES ('ee637793-7bc9-4629-9ba8-1ddcf9954253', '53de6f5e-1da3-11e6-b011-5cc5d4b57134', '5d7cd557-34f5-4c6d-91e3-14c43326ade9', '0', '1', '2020-07-06 00:00:00', '1', '2020-07-06 00:00:00', '1');
INSERT INTO `page_layout_assignments` (`id`, `role_id`, `object_record_type_id`, `object_state_id`, `page_layout_id`, `deleted`, `created_by`, `created_on`, `modified_by`, `modified_on`, `allow_enter_mini_layout`, `mini_layout_section`) VALUES ('8d55966e-1436-41e1-b143-11d1f03dc849', '53de6f5e-1da3-11e6-b011-5cc5d4b57134', '127bdc24-4900-4551-abfc-b006f062dede', 'ce39c125-aedb-4207-ad56-fac35ef3c511', '20dc90d9-364b-4641-adf0-c83845468017', '0', '1', '2017-12-21 00:00:00', '1', '2020-08-24 10:36:59', '0', NULL);

INSERT INTO `role_to_object_record_types` (`id`, `role_id`, `object_record_type_id`, `is_default`, `deleted`, `created_by`, `created_on`, `modified_by`, `modified_on`) VALUES ('0c0c89a7-069d-4c37-9988-f5516eb8c5af', 'b74845ad-b5fe-11ea-aab5-0215c63fce1a', '127bdc24-4900-4551-abfc-b006f062dede', '1', '0', '1', '2020-06-09 09:35:00', '1', '2020-08-21 06:14:44');
INSERT INTO `menus_assignments` (`id`, `role_id`, `menu_id`, `order`, `deleted`, `created_by`, `created_on`, `modified_by`, `modified_on`, `configurations`) VALUES ('e05793ce-7e2f-4e0e-b8a9-adb30c94f7a5', 'b74845ad-b5fe-11ea-aab5-0215c63fce1a', '64b69cf5-70d8-4e29-bd36-980feafc3d90', '15', '0', '1', '2020-07-14 10:07:20', '1', '2020-07-29 15:13:52', NULL);
INSERT INTO `page_list_assignments` (`id`, `role_id`, `page_list_id`, `deleted`, `created_by`, `created_on`, `modified_by`, `modified_on`, `is_default`) VALUES ('97658c51-9c82-4276-8ae6-0fc3daa4f9d7', 'b74845ad-b5fe-11ea-aab5-0215c63fce1a', '5d7cd557-34f5-4c6d-91e3-14c43326ade9', '0', '1', '2020-07-06 00:00:00', '1', '2020-07-06 00:00:00', '1');
INSERT INTO `page_layout_assignments` (`id`, `role_id`, `object_record_type_id`, `object_state_id`, `page_layout_id`, `deleted`, `created_by`, `created_on`, `modified_by`, `modified_on`, `allow_enter_mini_layout`, `mini_layout_section`) VALUES ('61ddad3e-053f-4854-b46f-0a734dd4c429', 'b74845ad-b5fe-11ea-aab5-0215c63fce1a', '127bdc24-4900-4551-abfc-b006f062dede', 'ce39c125-aedb-4207-ad56-fac35ef3c511', '20dc90d9-364b-4641-adf0-c83845468017', '0', '1', '2017-12-21 00:00:00', '1', '2020-08-24 10:36:59', '0', NULL);
UPDATE `role_to_object_permissions` SET `allow_read` = '1', `allow_create` = '1', `allow_update` = '1', `allow_delete` = '1' WHERE (`id` = '5486f739-9dd3-4379-bd71-6363f92ed7d7');

INSERT INTO `menus_assignments` (`id`, `role_id`, `menu_id`, `order`, `deleted`, `created_by`, `created_on`, `modified_by`, `modified_on`, `configurations`) VALUES ('52c44961-6533-4c40-829c-f1a75396656a', '5a013aaa-b5c5-11ea-aab5-0215c63fce1a', '64b69cf5-70d8-4e29-bd36-980feafc3d90', '15', '0', '1', '2020-07-14 10:07:20', '1', '2020-07-29 15:13:52', NULL);
INSERT INTO `page_list_assignments` (`id`, `role_id`, `page_list_id`, `deleted`, `created_by`, `created_on`, `modified_by`, `modified_on`, `is_default`) VALUES ('face4e08-ef57-487c-bdc5-bc1cfec24696', '5a013aaa-b5c5-11ea-aab5-0215c63fce1a', '5d7cd557-34f5-4c6d-91e3-14c43326ade9', '0', '1', '2020-07-06 00:00:00', '1', '2020-07-06 00:00:00', '1');
INSERT INTO `page_layout_assignments` (`id`, `role_id`, `object_record_type_id`, `object_state_id`, `page_layout_id`, `deleted`, `created_by`, `created_on`, `modified_by`, `modified_on`, `allow_enter_mini_layout`, `mini_layout_section`) VALUES ('79112961-18d5-4c6f-af50-2c5af0901842', '5a013aaa-b5c5-11ea-aab5-0215c63fce1a', '127bdc24-4900-4551-abfc-b006f062dede', 'ce39c125-aedb-4207-ad56-fac35ef3c511', '20dc90d9-364b-4641-adf0-c83845468017', '0', '1', '2017-12-21 00:00:00', '1', '2020-08-24 10:36:59', '0', NULL);
UPDATE `role_to_object_permissions` SET `allow_read` = '1' WHERE (`id` = '0bbb0265-2c2e-4f14-8c11-f4c2b1c076a9');

INSERT INTO `menus_assignments` (`id`, `role_id`, `menu_id`, `order`, `deleted`, `created_by`, `created_on`, `modified_by`, `modified_on`, `configurations`) VALUES ('060e5c8d-422c-4734-8333-7fb225149d5f', '53de9671-1da3-11e6-93fb-5cc5d4b57136', '64b69cf5-70d8-4e29-bd36-980feafc3d90', '15', '0', '1', '2020-07-14 10:07:20', '1', '2020-07-29 15:13:52', NULL);
INSERT INTO `page_list_assignments` (`id`, `role_id`, `page_list_id`, `deleted`, `created_by`, `created_on`, `modified_by`, `modified_on`, `is_default`) VALUES ('6cf96985-91e1-4f37-a086-3e350455d9bb', '53de9671-1da3-11e6-93fb-5cc5d4b57136', '5d7cd557-34f5-4c6d-91e3-14c43326ade9', '0', '1', '2020-07-06 00:00:00', '1', '2020-07-06 00:00:00', '1');
INSERT INTO `page_layout_assignments` (`id`, `role_id`, `object_record_type_id`, `object_state_id`, `page_layout_id`, `deleted`, `created_by`, `created_on`, `modified_by`, `modified_on`, `allow_enter_mini_layout`, `mini_layout_section`) VALUES ('f3a790ab-da43-4fdd-b651-d29a98f084ce', '53de9671-1da3-11e6-93fb-5cc5d4b57136', '127bdc24-4900-4551-abfc-b006f062dede', 'ce39c125-aedb-4207-ad56-fac35ef3c511', '20dc90d9-364b-4641-adf0-c83845468017', '0', '1', '2017-12-21 00:00:00', '1', '2020-08-24 10:36:59', '0', NULL);
UPDATE `role_to_object_permissions` SET `allow_read` = '1' WHERE (`id` = '7dee8589-6cc5-4e1d-8b93-d9f38ebe4bc4');

INSERT INTO `menus_assignments` (`id`, `role_id`, `menu_id`, `order`, `deleted`, `created_by`, `created_on`, `modified_by`, `modified_on`, `configurations`) VALUES ('3b2dece1-4f3b-4cb0-9157-95066b20f85a', '20228999-b5ff-11ea-aab5-0215c63fce1a', '64b69cf5-70d8-4e29-bd36-980feafc3d90', '15', '0', '1', '2020-07-14 10:07:20', '1', '2020-07-29 15:13:52', NULL);
INSERT INTO `page_list_assignments` (`id`, `role_id`, `page_list_id`, `deleted`, `created_by`, `created_on`, `modified_by`, `modified_on`, `is_default`) VALUES ('4eddc556-5157-46c1-8cae-0a578990e547', '20228999-b5ff-11ea-aab5-0215c63fce1a', '5d7cd557-34f5-4c6d-91e3-14c43326ade9', '0', '1', '2020-07-06 00:00:00', '1', '2020-07-06 00:00:00', '1');
INSERT INTO `page_layout_assignments` (`id`, `role_id`, `object_record_type_id`, `object_state_id`, `page_layout_id`, `deleted`, `created_by`, `created_on`, `modified_by`, `modified_on`, `allow_enter_mini_layout`, `mini_layout_section`) VALUES ('10357dcc-6695-46bd-bc61-684e40d16b2f', '20228999-b5ff-11ea-aab5-0215c63fce1a', '127bdc24-4900-4551-abfc-b006f062dede', 'ce39c125-aedb-4207-ad56-fac35ef3c511', '20dc90d9-364b-4641-adf0-c83845468017', '0', '1', '2017-12-21 00:00:00', '1', '2020-08-24 10:36:59', '0', NULL);
UPDATE `role_to_object_permissions` SET `allow_read` = '1' WHERE (`id` = 'b77f1f9d-39b1-4271-8834-9537d50ad485');

-- sfe电脑端授权
INSERT INTO `menus_assignments` (`id`, `role_id`, `menu_id`, `order`, `deleted`, `created_by`, `created_on`, `modified_by`, `modified_on`, `configurations`) VALUES ('adca6c2f-d382-4bc3-bbba-b7c49db03795', '53de9674-1da3-11e6-ac97-5cc5d4b57137', '64b69cf5-70d8-4e29-34rt-980feafc3d90', '5', '0', '1', '2017-04-06 20:22:40', '1', '2020-04-10 03:28:06', NULL);
INSERT INTO `page_list_assignments` (`id`, `role_id`, `page_list_id`, `deleted`, `created_by`, `created_on`, `modified_by`, `modified_on`, `is_default`) VALUES ('c278a73d-3c20-460a-bdbb-38ff4533d01d', '53de9674-1da3-11e6-ac97-5cc5d4b57137', '5d7cd557-34f5-4c6d-6789-14c43326ade9', '0', '1', '2020-07-06 00:00:00', '1', '2020-07-06 00:00:00', '1');
INSERT INTO `page_layout_assignments` (`id`, `role_id`, `object_record_type_id`, `object_state_id`, `page_layout_id`, `deleted`, `created_by`, `created_on`, `modified_by`, `modified_on`, `allow_enter_mini_layout`) VALUES ('edced3c6-fe5e-43dc-a2bb-f4ea9f4de04d', '53de9674-1da3-11e6-ac97-5cc5d4b57137', '127bdc24-4900-4551-abfc-b006f062dede', 'ce39c125-aedb-4207-ad56-fac35ef3c511', '909c8f37-bd1a-45cf-8132-705111e5516e', '0', '1', '2017-12-21 00:00:00', '1', '2020-08-24 10:36:59', '0');
UPDATE `role_to_object_permissions` SET `allow_read` = '1', `allow_update` = '1', `allow_delete` = '1', `allow_read_all` = '1', `allow_update_all` = '1' WHERE (`id` = '6c590742-4796-4161-9f16-1d05005caa2a');

INSERT INTO `picklists` (`id`, `name`, `label`, `source`, `description`, `deleted`, `created_by`, `created_on`, `modified_by`, `modified_on`) VALUES ('a11731f0-0688-4c7d-be24-dd54e97669ea', 'cs_daily_report_type', '上报类型', 'custom', '', '0', '1', '2020-09-29 08:27:33', '1', '2020-09-29 08:27:33');
UPDATE `object_database_columns` SET `used` = '1' WHERE (`id` = '83ffbd79-ec1c-432d-8486-901a5725f40b');
UPDATE `object_fields` SET `name` = 'cs_type', `label` = '类型', `picklist_id` = 'a11731f0-0688-4c7d-be24-dd54e97669ea', `picklist_type` = 'picklist' WHERE (`id` = '9dffac96-0f9e-4383-8e45-7cea2ce53dd5');
INSERT INTO `page_list_fields` (`id`, `page_list_id`, `object_field_id`, `label`, `order`, `width`, `allow_filter`, `allow_sort`, `is_default`, `deleted`, `created_by`, `created_on`, `modified_by`, `modified_on`, `disable_click`) VALUES ('c4d1f82d-ca80-40a6-81c9-ff3334048400', '5d7cd557-34f5-4c6d-6789-14c43326ade9', '9dffac96-0f9e-4383-8e45-7cea2ce53dd5', '类型', '5', '120', '1', '1', '1', '0', '1', '2020-08-24 15:05:15', '1', '2020-09-11 07:01:24', '0');
UPDATE `page_layout_fields` SET `object_field_id` = '9dffac96-0f9e-4383-8e45-7cea2ce53dd5' WHERE (`id` = '8574bf8c-6838-4f98-908b-be0e5c735d64');
UPDATE `page_layout_fields` SET `disable_click` = '1' WHERE (`id` = '9a6a1b7e-603b-4c95-9dec-1198c463cf59');
UPDATE `page_layout_actions` SET `deleted` = '1' WHERE (`id` = '88c55019-b05b-49ff-aafb-f83eacf2f7b9');
UPDATE `page_layout_actions` SET `deleted` = '1' WHERE (`id` = '98898b59-f38c-4023-8834-a82ede0e8b9b');
INSERT INTO `page_layout_fields` (`id`, `page_layout_id`, `type`, `object_field_id`, `label`, `order`, `colspan`, `is_mandatory`, `is_readonly`, `display_mode`, `deleted`, `created_by`, `created_on`, `modified_by`, `modified_on`, `is_with_stars_mask`) VALUES ('aa4f63c6-32fd-4504-bbbb-d07f02231a32', '909c8f37-bd1a-45cf-8132-705111e5516e', 'field', '5aca6abd-a6ff-4a86-942a-d94703ea0a8b', '上报人岗位', '7', '6', '0', '1', 'both', '0', '1', '2020-06-09 09:35:03', '1', '2020-09-10 07:17:03', '0');
UPDATE `page_layout_fields` SET `disable_click` = '1' WHERE (`id` = 'aa4f63c6-32fd-4504-bbbb-d07f02231a32');
UPDATE `page_list_fields` SET `object_field_id` = '9dffac96-0f9e-4383-8e45-7cea2ce53dd5' WHERE (`id` = 'd8ac4cc0-51fb-48f4-b19b-a9102fe23a51');
UPDATE `page_layout_fields` SET `object_field_id` = '9dffac96-0f9e-4383-8e45-7cea2ce53dd5' WHERE (`id` = '98e3fc6b-22be-49cd-a5bc-6e79e2ee77d0');
UPDATE `page_layout_fields` SET `disable_click` = '1' WHERE (`id` = '4ca0bc9c-eaa9-483e-bb69-82a4a5aa99a0');
INSERT INTO `object_actions` (`id`, `object_id`, `type`, `source`, `target_display_mode`, `name`, `icon`, `label`, `is_need_create`, `is_need_delete`, `is_need_read`, `is_need_update`, `deleted`, `created_by`, `created_on`, `modified_by`, `modified_on`, `locked_by_state`, `owner_only`, `is_need_export`, `is_need_import`, `show_in_approval`, `configurations`, `is_need_pre_check`, `pre_check_label`) VALUES ('262ece47-c546-4b84-b695-c2d44465fb84', '72a74a32-1996-4ea8-8b81-07e261f4aa83', 'custom', 'custom', 'all', 'cs_reported', 'veev-cancel', '当日无上报', '0', '0', '0', '0', '0', '1', '2020-06-22 08:21:49', '1', '2020-06-22 08:21:49', '0', '0', '0', '0', '0', '{\"async\": false, \"type\": \"advanced_action\", \"refresh\": true}', '0', '0');
INSERT INTO `page_list_actions` (`id`, `page_list_id`, `object_action_id`, `order`, `deleted`, `created_by`, `created_on`, `modified_by`, `modified_on`, `is_need_pre_check`, `is_item_action`) VALUES ('d274df10-dfb1-4133-a490-5d0170fa2bb6', '5d7cd557-34f5-4c6d-91e3-14c43326ade9', '262ece47-c546-4b84-b695-c2d44465fb84', '2', '0', '1', '2019-11-12 00:00:00.000000', '1', '2019-11-12 00:00:00.000000', '0', '0');
UPDATE `page_lists` SET `external_condition` = 'from django.db import models as djm\ndef get_condition(metadata_user, page_list):\n    return djm.Q(account__isnull=False)' WHERE (`id` = '5d7cd557-34f5-4c6d-91e3-14c43326ade9');
UPDATE `object_actions` SET `visibility_setting_ps` = '1' WHERE (`id` = '262ece47-c546-4b84-b695-c2d44465fb84');

-- 配置日报字段
UPDATE `object_fields` SET `lookup_filter_id` = 'ce623c70-c7f0-47ac-8e0b-2984a30d6e5a' WHERE (`id` = 'aa0764dc-eff7-4586-a446-d93576cc6033');