-- 新增讲者列表配置
INSERT INTO `page_lists`(`id`, `page_id`, `name`, `query_type`, `source`, `label`, `screen_size`, `formula`, `sort_field`, `is_desc`, `deleted`, `created_by`, `created_on`, `modified_by`, `modified_on`, `is_readonly`, `style`, `detail_disabled`, `configurations`, `aggregate_field`, `owner`, `primary_filter`, `report_id`, `primary_filter_configurations`, `external_condition`, `db_hint`, `mode`) VALUES ('627deed5-df83-11e9-b9aa-0298a739dwpz', '049d31d1-8c2f-4c7f-a2af-e8cc3461d9ce', 'cs_speaker_page_list_small', 'rls', 'custom', '讲者管理', 'small', NULL, 'd0c9ce9b-946a-47d0-abed-5ae536a1d651', '1', 0, 1, now(), 1, now(), NULL, NULL, NULL, NULL, NULL, NULL, NULL, NULL, NULL, NULL, NULL, NULL);
INSERT INTO `menus`(`id`, `name`, `source`, `label`, `parent_id`, `type`, `screen_size`, `page_id`, `icon`, `deleted`, `created_by`, `created_on`, `modified_by`, `modified_on`, `color`, `template`) VALUES ('3655bdd0-c5b6-11ea-afad-a525c38fbwpz', 'speakers_menu_small', 'custom', '讲者管理', 'd9584ea1-1d93-11e6-a4c1-5cc5d4d378cb', 'menu', 'small', '049d31d1-8c2f-4c7f-a2af-e8cc3461d9ce', 'veev-speaker-change-request', 0, 1, '2020-09-28 06:38:32', 1, '2020-09-28 06:51:01', NULL, NULL);

update menus_assignments set menu_id = '3655bdd0-c5b6-11ea-afad-a525c38fbwpz' where id in ('1405df9f-ece2-11ea-bc49-0215c63fce1a','3d796454-e8d6-11ea-bc49-0215c63fce1a','40732588-eccf-11ea-bc49-0215c63fce1a','522406cb-66ce-44b1-bba4-53c9b39b1012','6ba081e7-e13a-11ea-bc49-0215c63fce1a','7d4e15bc-6018-4cf3-9b14-7d5e8d35da7b','9d264c17-e0f8-11ea-bc49-0215c63fce1a','adb385b2-ece5-11ea-bc49-0215c63fce1a','b5a0db7a-ecd2-11ea-bc49-0215c63fce1a');
update page_list_assignments set page_list_id='627deed5-df83-11e9-b9aa-0298a739dwpz' where id in ('0b9ed251-529a-4891-a2a6-657b13381c74','1405e0eb-ece2-11ea-bc49-0215c63fce1a','17815872-de12-11ea-bc49-0215c63fce1a','38d3cb3f-e8d6-11ea-bc49-0215c63fce1a','7115f211-eccf-11ea-bc49-0215c63fce1a','b5a0dd1c-ecd2-11ea-bc49-0215c63fce1a','b8ca35fe-06cc-4d98-8df6-962b03e1b5cc','d1b88177-e13a-11ea-bc49-0215c63fce1a','d58c11a7-e0f8-11ea-bc49-0215c63fce1a','d58c11a7-e0f8-11ea-bc49-0215wyd10e1a');

INSERT INTO `page_list_fields`(`id`, `page_list_id`, `object_field_id`, `label`, `order`, `width`, `allow_filter`, `allow_sort`, `is_default`, `configurations`, `deleted`, `created_by`, `created_on`, `modified_by`, `modified_on`, `is_mandatory`, `is_readonly`, `is_title`, `values_in_filter`, `aggregate_func`, `display_mode`, `is_group`, `disable_click`, `allow_dynamic_label`) VALUES ('0c784659-7924-4b5d-9791-4381cea09876', '627deed5-df83-11e9-b9aa-0298a739dwpz', '5eebc0e0-d81b-4aae-96f0-67efadda4d78', '姓名', 1, 200, 1, 0, 1, NULL, 0, 1, '2020-09-28 15:12:17', 1, '2020-09-28 15:12:17', NULL, NULL, NULL, NULL, NULL, NULL, NULL, NULL, NULL);
INSERT INTO `page_list_fields`(`id`, `page_list_id`, `object_field_id`, `label`, `order`, `width`, `allow_filter`, `allow_sort`, `is_default`, `configurations`, `deleted`, `created_by`, `created_on`, `modified_by`, `modified_on`, `is_mandatory`, `is_readonly`, `is_title`, `values_in_filter`, `aggregate_func`, `display_mode`, `is_group`, `disable_click`, `allow_dynamic_label`) VALUES ('0c784659-7924-4b5d-9791-4381cea09877', '627deed5-df83-11e9-b9aa-0298a739dwpz', 'a41422a3-43c2-4b07-a00a-3515342f2ab3', '医院', 2, 200, 1, 1, 1, NULL, 0, 1, '2020-09-28 15:12:17', 1, '2020-09-28 15:12:17', NULL, NULL, NULL, NULL, NULL, NULL, NULL, NULL, NULL);
INSERT INTO `page_list_fields`(`id`, `page_list_id`, `object_field_id`, `label`, `order`, `width`, `allow_filter`, `allow_sort`, `is_default`, `configurations`, `deleted`, `created_by`, `created_on`, `modified_by`, `modified_on`, `is_mandatory`, `is_readonly`, `is_title`, `values_in_filter`, `aggregate_func`, `display_mode`, `is_group`, `disable_click`, `allow_dynamic_label`) VALUES ('0c784659-7924-4b5d-9791-4381cea09878', '627deed5-df83-11e9-b9aa-0298a739dwpz', 'b1df2bc2-59fb-461d-9ac6-23165e5e9ab9', '职称', 3, 200, 1, 1, 0, NULL, 0, 1, '2020-09-28 15:12:17', 1, '2020-09-28 15:12:17', NULL, NULL, NULL, NULL, NULL, NULL, NULL, NULL, NULL);
INSERT INTO `page_list_fields`(`id`, `page_list_id`, `object_field_id`, `label`, `order`, `width`, `allow_filter`, `allow_sort`, `is_default`, `configurations`, `deleted`, `created_by`, `created_on`, `modified_by`, `modified_on`, `is_mandatory`, `is_readonly`, `is_title`, `values_in_filter`, `aggregate_func`, `display_mode`, `is_group`, `disable_click`, `allow_dynamic_label`) VALUES ('0c784659-7924-4b5d-9791-4381cea09879', '627deed5-df83-11e9-b9aa-0298a739dwpz', 'fb45faa5-9a60-4438-a1f3-ca785042a259', '科室', 4, 200, 1, 1, 0, NULL, 0, 1, '2020-09-28 15:12:17', 1, '2020-09-28 15:12:17', NULL, NULL, NULL, NULL, NULL, NULL, NULL, NULL, NULL);
INSERT INTO `page_list_fields`(`id`, `page_list_id`, `object_field_id`, `label`, `order`, `width`, `allow_filter`, `allow_sort`, `is_default`, `configurations`, `deleted`, `created_by`, `created_on`, `modified_by`, `modified_on`, `is_mandatory`, `is_readonly`, `is_title`, `values_in_filter`, `aggregate_func`, `display_mode`, `is_group`, `disable_click`, `allow_dynamic_label`) VALUES ('0c784659-7924-4b5d-9791-4381cea09880', '627deed5-df83-11e9-b9aa-0298a739dwpz', '3f9e4823-dbbc-11ea-bc49-0215c63fce1a', '级别', 5, 200, 1, 1, 1, NULL, 0, 1, '2020-09-28 15:12:17', 1, '2020-09-28 15:12:17', NULL, NULL, NULL, NULL, NULL, NULL, NULL, NULL, NULL);

UPDATE `page_list_fields` SET `page_list_id` = '627deed5-df83-11e9-b9aa-0298a739dwpz', `object_field_id` = 'd0c9ce9b-946a-47d0-abed-5ae536a1d651', `label` = '姓名', `order` = 1, `width` = 200, `allow_filter` = 1, `allow_sort` = 0, `is_default` = 1, `configurations` = NULL, `deleted` = 0, `created_by` = 1, `created_on` = '2020-09-28 15:12:17', `modified_by` = 1, `modified_on` = '2020-09-28 07:50:31', `is_mandatory` = NULL, `is_readonly` = NULL, `is_title` = NULL, `values_in_filter` = NULL, `aggregate_func` = NULL, `display_mode` = NULL, `is_group` = NULL, `disable_click` = NULL, `allow_dynamic_label` = NULL WHERE `id` = '0c784659-7924-4b5d-9791-4381cea09876';
UPDATE `page_list_fields` SET `page_list_id` = '627deed5-df83-11e9-b9aa-0298a739dwpz', `object_field_id` = '8ce61eec-d37e-47c5-a1b5-50b5835bc73c', `label` = '医院', `order` = 2, `width` = 200, `allow_filter` = 1, `allow_sort` = 1, `is_default` = 1, `configurations` = NULL, `deleted` = 0, `created_by` = 1, `created_on` = '2020-09-28 15:12:17', `modified_by` = 1, `modified_on` = '2020-09-28 07:50:53', `is_mandatory` = NULL, `is_readonly` = NULL, `is_title` = NULL, `values_in_filter` = NULL, `aggregate_func` = NULL, `display_mode` = NULL, `is_group` = NULL, `disable_click` = NULL, `allow_dynamic_label` = NULL WHERE `id` = '0c784659-7924-4b5d-9791-4381cea09877';
UPDATE `page_list_fields` SET `page_list_id` = '627deed5-df83-11e9-b9aa-0298a739dwpz', `object_field_id` = '82c4780d-98a1-419c-b93a-3ddef09f61c6', `label` = '职称', `order` = 3, `width` = 200, `allow_filter` = 1, `allow_sort` = 1, `is_default` = 0, `configurations` = NULL, `deleted` = 0, `created_by` = 1, `created_on` = '2020-09-28 15:12:17', `modified_by` = 1, `modified_on` = '2020-09-28 07:51:06', `is_mandatory` = NULL, `is_readonly` = NULL, `is_title` = NULL, `values_in_filter` = NULL, `aggregate_func` = NULL, `display_mode` = NULL, `is_group` = NULL, `disable_click` = NULL, `allow_dynamic_label` = NULL WHERE `id` = '0c784659-7924-4b5d-9791-4381cea09878';
UPDATE `page_list_fields` SET `page_list_id` = '627deed5-df83-11e9-b9aa-0298a739dwpz', `object_field_id` = '60e6bc09-804c-47b4-9dc0-edfd18b6a64f', `label` = '科室', `order` = 4, `width` = 200, `allow_filter` = 1, `allow_sort` = 1, `is_default` = 1, `configurations` = NULL, `deleted` = 0, `created_by` = 1, `created_on` = '2020-09-28 15:12:17', `modified_by` = 1, `modified_on` = '2020-09-28 07:51:17', `is_mandatory` = NULL, `is_readonly` = NULL, `is_title` = NULL, `values_in_filter` = NULL, `aggregate_func` = NULL, `display_mode` = NULL, `is_group` = NULL, `disable_click` = NULL, `allow_dynamic_label` = NULL WHERE `id` = '0c784659-7924-4b5d-9791-4381cea09879';
UPDATE `page_list_fields` SET `page_list_id` = '627deed5-df83-11e9-b9aa-0298a739dwpz', `object_field_id` = '3f9e44dc-dbbc-11ea-bc49-0215c63fce1a', `label` = '级别', `order` = 5, `width` = 200, `allow_filter` = 1, `allow_sort` = 1, `is_default` = 1, `configurations` = NULL, `deleted` = 0, `created_by` = 1, `created_on` = '2020-09-28 15:12:17', `modified_by` = 1, `modified_on` = '2020-09-28 07:51:32', `is_mandatory` = NULL, `is_readonly` = NULL, `is_title` = NULL, `values_in_filter` = NULL, `aggregate_func` = NULL, `display_mode` = NULL, `is_group` = NULL, `disable_click` = NULL, `allow_dynamic_label` = NULL WHERE `id` = '0c784659-7924-4b5d-9791-4381cea09880';

INSERT INTO `page_list_actions`(`id`, `page_list_id`, `object_action_id`, `order`, `deleted`, `created_by`, `created_on`, `modified_by`, `modified_on`, `is_need_pre_check`, `pre_check_label`, `is_item_action`, `configurations`, `label`) VALUES ('0219a149-06a5-4861-836c-db6bfb520345', '627deed5-df83-11e9-b9aa-0298a739dwpz', '7f02780b-3fc6-4e20-bc67-f3eacd95726c', 1, 0, 1,now(), 1, now(), 0, NULL, 0, NULL, NULL);
INSERT INTO `page_layout_actions`(`id`, `page_layout_id`, `object_action_id`, `display_mode`, `order`, `deleted`, `created_by`, `created_on`, `modified_by`, `modified_on`, `style`, `is_need_pre_check`, `pre_check_label`, `configurations`, `label`) VALUES ('001618c3-1234-4fc5-9e64-d1fa9bcbd779', '4d4783ac-0b26-bf4f-939d-5185b27fca85', '8e91670a-3fc6-4e20-bc67-f3eacd95726c', 'both', 1, 0, 1, now(), 1, now(), NULL, 0, NULL, NULL, NULL);
UPDATE `object_actions` SET `label` = '新增' WHERE `id` = '7f02780b-3fc6-4e20-bc67-f3eacd95726c';
UPDATE `object_actions` SET `label` = '编辑' WHERE `id` = '8e91670a-3fc6-4e20-bc67-f3eacd95726c';

-- 添加申请历史的pagelist
INSERT INTO `page_list_assignments`(`id`, `user_id`, `role_id`, `page_list_id`, `deleted`, `created_by`, `created_on`, `modified_by`, `modified_on`, `is_default`, `ignore_switch`, `order`) VALUES ('0b9ed251-529a-4891-a2a6-657b13381wpz', NULL, '53de6f5e-1da3-11e6-b011-5cc5d4b57134', 'd3fbde08-32b7-4547-8e0d-3c79e6cdae67', 0, 1, '2020-07-13 10:30:36', 1, '2020-09-28 07:00:04', 1, NULL, NULL);
INSERT INTO `page_list_assignments`(`id`, `user_id`, `role_id`, `page_list_id`, `deleted`, `created_by`, `created_on`, `modified_by`, `modified_on`, `is_default`, `ignore_switch`, `order`) VALUES ('1405e0eb-ece2-11ea-bc49-0215c63fcwpz', NULL, '5a013aaa-b5c5-11ea-aab5-0215c63fce1a', 'd3fbde08-32b7-4547-8e0d-3c79e6cdae67', 0, 1, '2020-09-03 06:59:04', 1, '2020-09-28 07:00:04', 1, NULL, NULL);
INSERT INTO `page_list_assignments`(`id`, `user_id`, `role_id`, `page_list_id`, `deleted`, `created_by`, `created_on`, `modified_by`, `modified_on`, `is_default`, `ignore_switch`, `order`) VALUES ('17815872-de12-11ea-bc49-0215c63fcwpz', NULL, 'b74845ad-b5fe-11ea-aab5-0215c63fce1a', 'd3fbde08-32b7-4547-8e0d-3c79e6cdae67', 0, 1, '2020-08-14 09:40:02', 1, '2020-09-28 07:00:04', 1, NULL, NULL);
INSERT INTO `page_list_assignments`(`id`, `user_id`, `role_id`, `page_list_id`, `deleted`, `created_by`, `created_on`, `modified_by`, `modified_on`, `is_default`, `ignore_switch`, `order`) VALUES ('38d3cb3f-e8d6-11ea-bc49-0215c63fcwpz', NULL, 'cc4f8dcb-e8d3-11ea-bc49-0215c63fce1a', 'd3fbde08-32b7-4547-8e0d-3c79e6cdae67', 0, 1, '2020-08-28 00:00:00', 1, '2020-09-28 07:00:04', 1, NULL, NULL);
INSERT INTO `page_list_assignments`(`id`, `user_id`, `role_id`, `page_list_id`, `deleted`, `created_by`, `created_on`, `modified_by`, `modified_on`, `is_default`, `ignore_switch`, `order`) VALUES ('7115f211-eccf-11ea-bc49-0215c63fcwpz', NULL, 'a99fcd69-b5ff-11ea-aab5-0215c63fce1a', 'd3fbde08-32b7-4547-8e0d-3c79e6cdae67', 0, 1, '2020-09-03 06:59:04', 1, '2020-09-28 07:00:04', 1, NULL, NULL);
INSERT INTO `page_list_assignments`(`id`, `user_id`, `role_id`, `page_list_id`, `deleted`, `created_by`, `created_on`, `modified_by`, `modified_on`, `is_default`, `ignore_switch`, `order`) VALUES ('b5a0dd1c-ecd2-11ea-bc49-0215c63rewpz', NULL, 'b72453fc-efdb-11e9-b9aa-0298a739deb2', 'd3fbde08-32b7-4547-8e0d-3c79e6cdae67', 0, 1, '2020-09-03 06:59:04', 1, '2020-09-28 07:00:04', 1, NULL, NULL);
INSERT INTO `page_list_assignments`(`id`, `user_id`, `role_id`, `page_list_id`, `deleted`, `created_by`, `created_on`, `modified_by`, `modified_on`, `is_default`, `ignore_switch`, `order`) VALUES ('b8ca35fe-06cc-4d98-8df6-962b03e1b8wpz', NULL, '53de6f5e-1da3-11e6-b011-5cc5d4b571d2', 'd3fbde08-32b7-4547-8e0d-3c79e6cdae67', 0, 1, '2017-10-19 07:59:32', 1, '2020-09-28 07:00:04', 1, NULL, NULL);
INSERT INTO `page_list_assignments`(`id`, `user_id`, `role_id`, `page_list_id`, `deleted`, `created_by`, `created_on`, `modified_by`, `modified_on`, `is_default`, `ignore_switch`, `order`) VALUES ('d1b88177-e13a-11ea-bc49-0215c63fcw0z', NULL, 'b72453fc-efdb-11e9-b9aa-0298a739dec0', 'd3fbde08-32b7-4547-8e0d-3c79e6cdae67', 0, 1, '2020-08-18 10:09:02', 1, '2020-09-28 07:00:04', 1, NULL, NULL);
INSERT INTO `page_list_assignments`(`id`, `user_id`, `role_id`, `page_list_id`, `deleted`, `created_by`, `created_on`, `modified_by`, `modified_on`, `is_default`, `ignore_switch`, `order`) VALUES ('d58c11a7-e0f8-11ea-bc49-0215c63fcw1z', NULL, '53de9674-1da3-11e6-ac97-5cc5d4b57137', 'd3fbde08-32b7-4547-8e0d-3c79e6cdae67', 0, 1, '2020-08-18 02:17:18', 1, '2020-09-28 07:00:04', 1, NULL, NULL);
INSERT INTO `page_list_assignments`(`id`, `user_id`, `role_id`, `page_list_id`, `deleted`, `created_by`, `created_on`, `modified_by`, `modified_on`, `is_default`, `ignore_switch`, `order`) VALUES ('d58c11a7-e0f8-11ea-bc49-0215wyd10w0z', NULL, '02ebda16-b601-11ea-aab5-0215c63fce1a', 'd3fbde08-32b7-4547-8e0d-3c79e6cdae67', 0, 1, '2020-08-18 02:17:18', 1, '2020-09-28 07:00:04', 1, NULL, NULL);

-- 新建一套经理级的讲者列表page_list
INSERT INTO `page_lists`(`id`, `page_id`, `name`, `query_type`, `source`, `label`, `screen_size`, `formula`, `sort_field`, `is_desc`, `deleted`, `created_by`, `created_on`, `modified_by`, `modified_on`, `is_readonly`, `style`, `detail_disabled`, `configurations`, `aggregate_field`, `owner`, `primary_filter`, `report_id`, `primary_filter_configurations`, `external_condition`, `db_hint`, `mode`) VALUES ('627deed5-df83-11e9-b9aa-0298a876dwpz', '049d31d1-8c2f-4c7f-a2af-e8cc3461d9ce', 'cs_speaker_page_list_small_manager', 'rls', 'custom', '讲者管理', 'small', NULL, 'd0c9ce9b-946a-47d0-abed-5ae536a1d651', '1', 0, 1, '2020-09-28 06:29:45', 1, '2020-09-28 06:29:45', NULL, NULL, NULL, NULL, NULL, NULL, NULL, NULL, NULL, NULL, NULL, NULL);
INSERT INTO `page_list_fields`(`id`, `page_list_id`, `object_field_id`, `label`, `order`, `width`, `allow_filter`, `allow_sort`, `is_default`, `configurations`, `deleted`, `created_by`, `created_on`, `modified_by`, `modified_on`, `is_mandatory`, `is_readonly`, `is_title`, `values_in_filter`, `aggregate_func`, `display_mode`, `is_group`, `disable_click`, `allow_dynamic_label`) VALUES ('0c784012-7924-4b5d-9791-4381cea09876', '627deed5-df83-11e9-b9aa-0298a876dwpz', 'd0c9ce9b-946a-47d0-abed-5ae536a1d651', '姓名', 1, 200, 1, 0, 1, NULL, 0, 1, '2020-09-28 15:12:17', 1, '2020-09-28 07:50:31', NULL, NULL, NULL, NULL, NULL, NULL, NULL, NULL, NULL);
INSERT INTO `page_list_fields`(`id`, `page_list_id`, `object_field_id`, `label`, `order`, `width`, `allow_filter`, `allow_sort`, `is_default`, `configurations`, `deleted`, `created_by`, `created_on`, `modified_by`, `modified_on`, `is_mandatory`, `is_readonly`, `is_title`, `values_in_filter`, `aggregate_func`, `display_mode`, `is_group`, `disable_click`, `allow_dynamic_label`) VALUES ('0c784123-7924-4b5d-9791-4381cea09877', '627deed5-df83-11e9-b9aa-0298a876dwpz', '8ce61eec-d37e-47c5-a1b5-50b5835bc73c', '医院', 2, 200, 1, 1, 1, NULL, 0, 1, '2020-09-28 15:12:17', 1, '2020-09-28 07:50:53', NULL, NULL, NULL, NULL, NULL, NULL, NULL, NULL, NULL);
INSERT INTO `page_list_fields`(`id`, `page_list_id`, `object_field_id`, `label`, `order`, `width`, `allow_filter`, `allow_sort`, `is_default`, `configurations`, `deleted`, `created_by`, `created_on`, `modified_by`, `modified_on`, `is_mandatory`, `is_readonly`, `is_title`, `values_in_filter`, `aggregate_func`, `display_mode`, `is_group`, `disable_click`, `allow_dynamic_label`) VALUES ('0c784234-7924-4b5d-9791-4381cea09878', '627deed5-df83-11e9-b9aa-0298a876dwpz', '82c4780d-98a1-419c-b93a-3ddef09f61c6', '职称', 3, 200, 1, 1, 0, NULL, 0, 1, '2020-09-28 15:12:17', 1, '2020-09-28 07:51:06', NULL, NULL, NULL, NULL, NULL, NULL, NULL, NULL, NULL);
INSERT INTO `page_list_fields`(`id`, `page_list_id`, `object_field_id`, `label`, `order`, `width`, `allow_filter`, `allow_sort`, `is_default`, `configurations`, `deleted`, `created_by`, `created_on`, `modified_by`, `modified_on`, `is_mandatory`, `is_readonly`, `is_title`, `values_in_filter`, `aggregate_func`, `display_mode`, `is_group`, `disable_click`, `allow_dynamic_label`) VALUES ('0c784345-7924-4b5d-9791-4381cea09879', '627deed5-df83-11e9-b9aa-0298a876dwpz', '60e6bc09-804c-47b4-9dc0-edfd18b6a64f', '科室', 4, 200, 1, 1, 1, NULL, 0, 1, '2020-09-28 15:12:17', 1, '2020-09-28 07:55:12', NULL, NULL, NULL, NULL, NULL, NULL, NULL, NULL, NULL);
INSERT INTO `page_list_fields`(`id`, `page_list_id`, `object_field_id`, `label`, `order`, `width`, `allow_filter`, `allow_sort`, `is_default`, `configurations`, `deleted`, `created_by`, `created_on`, `modified_by`, `modified_on`, `is_mandatory`, `is_readonly`, `is_title`, `values_in_filter`, `aggregate_func`, `display_mode`, `is_group`, `disable_click`, `allow_dynamic_label`) VALUES ('0c784456-7924-4b5d-9791-4381cea09880', '627deed5-df83-11e9-b9aa-0298a876dwpz', '3f9e44dc-dbbc-11ea-bc49-0215c63fce1a', '级别', 5, 200, 1, 1, 1, NULL, 0, 1, '2020-09-28 15:12:17', 1, '2020-09-28 07:55:30', NULL, NULL, NULL, NULL, NULL, NULL, NULL, NULL, NULL);
INSERT INTO `page_list_fields`(`id`, `page_list_id`, `object_field_id`, `label`, `order`, `width`, `allow_filter`, `allow_sort`, `is_default`, `configurations`, `deleted`, `created_by`, `created_on`, `modified_by`, `modified_on`, `is_mandatory`, `is_readonly`, `is_title`, `values_in_filter`, `aggregate_func`, `display_mode`, `is_group`, `disable_click`, `allow_dynamic_label`) VALUES ('0c784567-7924-4b5d-9791-4381cea09880', '627deed5-df83-11e9-b9aa-0298a876dwpz', '8690c2cc-65f7-44c8-a286-a41d96972ed2', '归属人', 6, 200, 1, 1, 1, NULL, 0, 1, '2020-09-28 15:12:17', 1, '2020-09-28 07:55:30', NULL, NULL, NULL, NULL, NULL, NULL, NULL, NULL, NULL);

update page_list_assignments set page_list_id='627deed5-df83-11e9-b9aa-0298a876dwpz'  where id in ('0b9ed251-529a-4891-a2a6-657b13381c74','1405e0eb-ece2-11ea-bc49-0215c63fce1a','17815872-de12-11ea-bc49-0215c63fce1a','38d3cb3f-e8d6-11ea-bc49-0215c63fce1a','7115f211-eccf-11ea-bc49-0215c63fce1a','b5a0dd1c-ecd2-11ea-bc49-0215c63fce1a','b8ca35fe-06cc-4d98-8df6-962b03e1b5cc','d1b88177-e13a-11ea-bc49-0215c63fce1a','d58c11a7-e0f8-11ea-bc49-0215c63fce1a','d58c11a7-e0f8-11ea-bc49-0215wyd10e1a') and role_id not in ('b74845ad-b5fe-11ea-aab5-0215c63fce1a','53de6f5e-1da3-11e6-b011-5cc5d4b57134');

INSERT INTO `page_list_assignments`(`id`, `user_id`, `role_id`, `page_list_id`, `deleted`, `created_by`, `created_on`, `modified_by`, `modified_on`, `is_default`, `ignore_switch`, `order`) VALUES ('0b9ed456-529a-4891-a2a6-657b13381c74', NULL, '53de9671-1da3-11e6-93fb-5cc5d4b57136', '627deed5-df83-11e9-b9aa-0298a876dwpz', 0, 1, now(), 1, now(), 1, NULL, NULL);
INSERT INTO `page_list_assignments`(`id`, `user_id`, `role_id`, `page_list_id`, `deleted`, `created_by`, `created_on`, `modified_by`, `modified_on`, `is_default`, `ignore_switch`, `order`) VALUES ('0b9ed567-529a-4891-a2a6-657b13381c74', NULL, '20228999-b5ff-11ea-aab5-0215c63fce1a', '627deed5-df83-11e9-b9aa-0298a876dwpz', 0, 1, now(), 1, now(), 1, NULL, NULL);


update role_to_object_permissions set allow_create=0,allow_update=0,allow_update_all=0 where object_id ='df53d96e-ffcb-4930-badb-b160d3fcee17' and role_id not in ('b74845ad-b5fe-11ea-aab5-0215c63fce1a','53de6f5e-1da3-11e6-b011-5cc5d4b57134','53de9674-1da3-11e6-ac97-5cc5d4b57137');
-- 删除大区总监的目标医生menu，添加讲者管理的menu
delete from menus_assignments where id = '2dd7bd32-2288-4c5f-a377-be830b87fbaf';
INSERT INTO `page_layout_assignments`(`id`, `role_id`, `object_record_type_id`, `object_state_id`, `page_layout_id`, `deleted`, `created_by`, `created_on`, `modified_by`, `modified_on`, `is_locked_by_state`, `allow_enter_mini_layout`, `mini_layout_section`, `tips`) VALUES ('02f7d147-ded2-11ea-bc49-4567c63fce1a', 'a99fcd69-b5ff-11ea-aab5-0215c63fce1a', '0865ff92-c0a7-4d76-9f15-9dfdfd3fcafb', 'fbd51091-c9b3-409e-8be8-39a79ea5d261', '4d4783ac-0b26-bf4f-939d-5185b27fca85', 0, 1, '2020-08-15 08:33:49', 1, '2020-08-15 08:33:49', NULL, 1, NULL, NULL);
INSERT INTO `page_layout_assignments`(`id`, `role_id`, `object_record_type_id`, `object_state_id`, `page_layout_id`, `deleted`, `created_by`, `created_on`, `modified_by`, `modified_on`, `is_locked_by_state`, `allow_enter_mini_layout`, `mini_layout_section`, `tips`) VALUES ('83a4b5e1-ded3-11ea-bc49-1234c63fce1a', 'a99fcd69-b5ff-11ea-aab5-0215c63fce1a', '0865ff92-c0a7-4d76-9f15-9dfdfd3fcafb', '6eb9f912-1187-43bc-9b52-573a9fa615e4', '48fa1e34-445d-494d-ba7f-747805a712eb', 0, 1, '2020-08-15 08:44:39', 1, '2020-08-15 08:44:39', NULL, 1, NULL, NULL);
