-- 启用药事会作为科室字段
UPDATE `objects` SET `used` = 1 WHERE `id` = '64511e8a-8076-490d-b2bf-fb907c168d8f';
UPDATE `object_tabs` SET `label` = '科室' WHERE `id` = 'deaed8ba-f815-4014-b112-3657b0c4f702';

INSERT INTO `page_layouts`(`id`, `page_id`, `name`, `label`, `source`, `screen_size`, `deleted`, `created_by`, `created_on`, `modified_by`, `modified_on`, `highlight_enabled`, `report_id`) VALUES ('007abcd8-1234-4e28-90ec-eda419bff30c', '9f907737-a1de-40b3-be21-1e90bffce19e', 'cs_Dep', '科室', 'custom', 'both', 0, 1, now(), 1, now(), NULL, NULL);
INSERT INTO `page_lists`(`id`, `page_id`, `name`, `query_type`, `source`, `label`, `screen_size`, `formula`, `sort_field`, `is_desc`, `deleted`, `created_by`, `created_on`, `modified_by`, `modified_on`, `is_readonly`, `style`, `detail_disabled`, `configurations`, `aggregate_field`, `owner`, `primary_filter`, `report_id`, `primary_filter_configurations`, `external_condition`, `db_hint`, `mode`) VALUES ('0bf3eb0b-2345-475a-bcb8-e04c08d52041', '7207a6a7-2e02-47b4-88f0-fdddd3081eb1', 'dep_list', 'rls', 'custom', '科室列表', 'both', NULL, NULL, '0', 0, 1, now(), 1, now(), 1, 'titled', NULL, NULL, NULL, NULL, NULL, NULL, NULL, NULL, NULL, NULL);
UPDATE `page_list_fields` SET `page_list_id` = '0bf3eb0b-2345-475a-bcb8-e04c08d52041', `object_field_id` = '915d79c2-937e-4296-99b0-1e0d48f8bf75', `label` = '修改人', `order` = 6, `width` = 120, `allow_filter` = 0, `allow_sort` = 1, `is_default` = 1, `configurations` = NULL, `deleted` = 0, `created_by` = 1, `created_on` = '2020-08-24 19:15:03', `modified_by` = 1, `modified_on` = '2020-08-24 13:25:20', `is_mandatory` = NULL, `is_readonly` = NULL, `is_title` = NULL, `values_in_filter` = NULL, `aggregate_func` = NULL, `display_mode` = NULL, `is_group` = NULL, `disable_click` = NULL WHERE `id` = '746d3333-dc77-11ea-bc49-0215c63fc234';
UPDATE `page_list_fields` SET `page_list_id` = '0bf3eb0b-2345-475a-bcb8-e04c08d52041', `object_field_id` = '1f0e06b3-ea1f-4971-892d-4e0e1bfd5093', `label` = '修改时间', `order` = 7, `width` = 120, `allow_filter` = 0, `allow_sort` = 1, `is_default` = 1, `configurations` = NULL, `deleted` = 0, `created_by` = 1, `created_on` = '2020-08-24 11:16:03', `modified_by` = 1, `modified_on` = '2020-08-24 13:25:23', `is_mandatory` = NULL, `is_readonly` = NULL, `is_title` = NULL, `values_in_filter` = NULL, `aggregate_func` = NULL, `display_mode` = NULL, `is_group` = NULL, `disable_click` = NULL WHERE `id` = '746d3333-dc77-11ea-bc49-0215c63fc445';
UPDATE `page_list_fields` SET `page_list_id` = '0bf3eb0b-2345-475a-bcb8-e04c08d52041', `object_field_id` = '6fd7c28c-c40d-4efa-9a79-5447f828e437', `label` = '科室名称', `order` = 1, `width` = 120, `allow_filter` = 0, `allow_sort` = 1, `is_default` = 1, `configurations` = NULL, `deleted` = 0, `created_by` = 1, `created_on` = '2017-01-01 00:00:00', `modified_by` = 1, `modified_on` = '2020-08-24 13:26:37', `is_mandatory` = NULL, `is_readonly` = NULL, `is_title` = NULL, `values_in_filter` = NULL, `aggregate_func` = NULL, `display_mode` = NULL, `is_group` = NULL, `disable_click` = NULL WHERE `id` = '746d3333-dc77-11ea-bc49-0215c63fce1a';
UPDATE `page_list_fields` SET `page_list_id` = '0bf3eb0b-2345-475a-bcb8-e04c08d52041', `object_field_id` = '78d3e47a-74a2-426f-8d24-ec339a171bd5', `label` = '病房床位数', `order` = 2, `width` = 120, `allow_filter` = 0, `allow_sort` = 1, `is_default` = 1, `configurations` = NULL, `deleted` = 0, `created_by` = 1, `created_on` = '2017-01-01 00:00:00', `modified_by` = 1, `modified_on` = '2020-08-24 13:26:41', `is_mandatory` = NULL, `is_readonly` = NULL, `is_title` = NULL, `values_in_filter` = NULL, `aggregate_func` = NULL, `display_mode` = NULL, `is_group` = NULL, `disable_click` = NULL WHERE `id` = '746d3333-dc77-11ea-bc49-0215c63fce1b';
UPDATE `page_list_fields` SET `page_list_id` = '0bf3eb0b-2345-475a-bcb8-e04c08d52041', `object_field_id` = '1daee53e-57f1-4b69-a294-eb6e54c86315', `label` = '科室主治医师及以上数量', `order` = 3, `width` = 120, `allow_filter` = 0, `allow_sort` = 1, `is_default` = 1, `configurations` = NULL, `deleted` = 0, `created_by` = 1, `created_on` = '2017-01-01 00:00:00', `modified_by` = 1, `modified_on` = '2020-08-24 13:26:44', `is_mandatory` = NULL, `is_readonly` = NULL, `is_title` = NULL, `values_in_filter` = NULL, `aggregate_func` = NULL, `display_mode` = NULL, `is_group` = NULL, `disable_click` = NULL WHERE `id` = '746d3333-dc77-11ea-bc49-0215c63fce1c';
UPDATE `page_list_fields` SET `page_list_id` = '0bf3eb0b-2345-475a-bcb8-e04c08d52041', `object_field_id` = '995d3b1a-4cc6-41d9-b09f-21fc44ec4578', `label` = '肺癌病人占比', `order` = 4, `width` = 120, `allow_filter` = 0, `allow_sort` = 1, `is_default` = 1, `configurations` = NULL, `deleted` = 0, `created_by` = 1, `created_on` = '2017-01-01 00:00:00', `modified_by` = 1, `modified_on` = '2020-08-24 13:26:47', `is_mandatory` = NULL, `is_readonly` = NULL, `is_title` = NULL, `values_in_filter` = NULL, `aggregate_func` = NULL, `display_mode` = NULL, `is_group` = NULL, `disable_click` = NULL WHERE `id` = '746d3333-dc77-11ea-bc49-0215c63fce1d';
UPDATE `page_list_fields` SET `page_list_id` = '0bf3eb0b-2345-475a-bcb8-e04c08d52041', `object_field_id` = '889245b1-d61a-4dc8-a00c-61da72504745', `label` = '2019年月均肺癌病人数量(门诊+病房肺癌病人数)', `order` = 5, `width` = 120, `allow_filter` = 0, `allow_sort` = 1, `is_default` = 1, `configurations` = NULL, `deleted` = 0, `created_by` = 1, `created_on` = '2017-01-01 00:00:00', `modified_by` = 1, `modified_on` = '2020-08-24 13:26:49', `is_mandatory` = NULL, `is_readonly` = NULL, `is_title` = NULL, `values_in_filter` = NULL, `aggregate_func` = NULL, `display_mode` = NULL, `is_group` = NULL, `disable_click` = NULL WHERE `id` = '746d3333-dc77-11ea-bc49-0215c63fce1e';
INSERT INTO `page_layout_tabs`(`id`, `page_layout_id`, `order`, `deleted`, `created_by`, `created_on`, `modified_by`, `modified_on`, `object_tab_id`, `configurations`, `is_readonly`) VALUES ('8e3aa32e-7669-22e6-bf6d-5cc5d4d378cb', '1c359340-763b-11e6-8119-5cc5d4d378cb', 2, 0, 1, now(), 1, now(), 'deaed8ba-f815-4014-b112-3657b0c4f702', NULL, 0);


UPDATE `object_fields` SET `object_id` = '746c83fb-c690-4e76-b2bd-ada4430edba6', `object_database_column_id` = '85276918-da28-4442-b528-aa31297ca281', `name` = 'modified_by', `label` = '修改人', `description` = '', `source` = 'system', `type` = 'standard', `target_display_mode` = 'all', `target_screen_size` = 'both', `text_max_length` = NULL, `text_default` = NULL, `number_scale` = NULL, `number_default` = NULL, `boolean_default` = NULL, `picklist_id` = NULL, `picklist_type` = NULL, `lookup_object_id` = 'ac6339ee-4408-11e6-b51a-5cc5d4d378cb', `formula` = NULL, `formula_dependent_fields` = NULL, `help_text` = NULL, `embedded_text` = NULL, `deleted` = 0, `created_by` = 1, `created_on` = '2019-10-15 09:56:18', `modified_by` = 1, `modified_on` = '2019-10-15 09:56:18', `lookup_filter_id` = NULL, `lookup_filter_dependency_field_id` = NULL, `configurations` = NULL, `import_order` = 0, `is_key` = 0, `mandatory` = 0, `sample_value` = NULL, `import_type` = NULL, `max_value` = NULL, `min_value` = NULL, `text_type` = NULL, `depending_on` = NULL, `regexp_validation_msg` = NULL, `regexp_validation` = NULL, `text_style` = NULL, `is_from_survey` = NULL, `survey_id` = NULL, `import_label` = NULL, `allow_filter` = 1, `allow_sort` = 1, `number_separator` = NULL, `text_style_on_regex` = NULL, `support_voice` = NULL, `hint_text` = NULL, `report_id` = NULL WHERE `id` = '915d79c2-937e-4296-99b0-1e0d48f8bf75';
UPDATE `object_fields` SET `object_id` = '746c83fb-c690-4e76-b2bd-ada4430edba6', `object_database_column_id` = '7f861a35-9990-4c10-9ce6-6ddab356995e', `name` = 'modified_on', `label` = '修改时间', `description` = '', `source` = 'system', `type` = 'standard', `target_display_mode` = 'all', `target_screen_size` = 'both', `text_max_length` = NULL, `text_default` = NULL, `number_scale` = NULL, `number_default` = NULL, `boolean_default` = NULL, `picklist_id` = NULL, `picklist_type` = NULL, `lookup_object_id` = NULL, `formula` = NULL, `formula_dependent_fields` = NULL, `help_text` = NULL, `embedded_text` = NULL, `deleted` = 0, `created_by` = 1, `created_on` = '2019-10-15 09:56:18', `modified_by` = 1, `modified_on` = '2019-10-15 09:56:18', `lookup_filter_id` = NULL, `lookup_filter_dependency_field_id` = NULL, `configurations` = NULL, `import_order` = 0, `is_key` = 0, `mandatory` = 0, `sample_value` = NULL, `import_type` = NULL, `max_value` = NULL, `min_value` = NULL, `text_type` = NULL, `depending_on` = NULL, `regexp_validation_msg` = NULL, `regexp_validation` = NULL, `text_style` = NULL, `is_from_survey` = NULL, `survey_id` = NULL, `import_label` = NULL, `allow_filter` = 1, `allow_sort` = 1, `number_separator` = NULL, `text_style_on_regex` = NULL, `support_voice` = NULL, `hint_text` = NULL, `report_id` = NULL WHERE `id` = '1f0e06b3-ea1f-4971-892d-4e0e1bfd5093';
UPDATE `object_fields` SET `object_id` = '746c83fb-c690-4e76-b2bd-ada4430edba6', `object_database_column_id` = '65185499-7c08-4675-99d2-8c1241c301ae', `name` = 'cs_dep_name', `label` = '科室名称', `description` = NULL, `source` = 'custom', `type` = 'standard', `target_display_mode` = 'all', `target_screen_size` = 'both', `text_max_length` = 255, `text_default` = NULL, `number_scale` = NULL, `number_default` = NULL, `boolean_default` = NULL, `picklist_id` = NULL, `picklist_type` = NULL, `lookup_object_id` = NULL, `formula` = NULL, `formula_dependent_fields` = NULL, `help_text` = NULL, `embedded_text` = NULL, `deleted` = 0, `created_by` = 1, `created_on` = '2019-10-15 09:56:19', `modified_by` = 1, `modified_on` = '2020-08-24 13:28:13', `lookup_filter_id` = NULL, `lookup_filter_dependency_field_id` = NULL, `configurations` = NULL, `import_order` = 0, `is_key` = 0, `mandatory` = 0, `sample_value` = NULL, `import_type` = NULL, `max_value` = NULL, `min_value` = NULL, `text_type` = NULL, `depending_on` = NULL, `regexp_validation_msg` = NULL, `regexp_validation` = NULL, `text_style` = NULL, `is_from_survey` = NULL, `survey_id` = NULL, `import_label` = NULL, `allow_filter` = 1, `allow_sort` = 1, `number_separator` = NULL, `text_style_on_regex` = NULL, `support_voice` = NULL, `hint_text` = NULL, `report_id` = NULL WHERE `id` = '6fd7c28c-c40d-4efa-9a79-5447f828e437';
UPDATE `object_fields` SET `object_id` = '746c83fb-c690-4e76-b2bd-ada4430edba6', `object_database_column_id` = '009a110f-3c19-4cfb-b878-92fb00e771b6', `name` = 'cs_dep_beds', `label` = '病房床位数', `description` = NULL, `source` = 'custom', `type` = 'standard', `target_display_mode` = 'all', `target_screen_size` = 'both', `text_max_length` = 255, `text_default` = NULL, `number_scale` = NULL, `number_default` = NULL, `boolean_default` = NULL, `picklist_id` = NULL, `picklist_type` = NULL, `lookup_object_id` = NULL, `formula` = NULL, `formula_dependent_fields` = NULL, `help_text` = NULL, `embedded_text` = NULL, `deleted` = 0, `created_by` = 1, `created_on` = '2019-10-15 09:56:19', `modified_by` = 1, `modified_on` = '2020-08-24 13:28:44', `lookup_filter_id` = NULL, `lookup_filter_dependency_field_id` = NULL, `configurations` = NULL, `import_order` = 0, `is_key` = 0, `mandatory` = 0, `sample_value` = NULL, `import_type` = NULL, `max_value` = NULL, `min_value` = NULL, `text_type` = NULL, `depending_on` = NULL, `regexp_validation_msg` = NULL, `regexp_validation` = NULL, `text_style` = NULL, `is_from_survey` = NULL, `survey_id` = NULL, `import_label` = NULL, `allow_filter` = 1, `allow_sort` = 1, `number_separator` = NULL, `text_style_on_regex` = NULL, `support_voice` = NULL, `hint_text` = NULL, `report_id` = NULL WHERE `id` = '78d3e47a-74a2-426f-8d24-ec339a171bd5';
UPDATE `object_fields` SET `object_id` = '746c83fb-c690-4e76-b2bd-ada4430edba6', `object_database_column_id` = '4b617a61-c5d0-4fe0-aa22-8b2dce688d03', `name` = 'text_3', `label` = '科室主治医师及以上数量', `description` = NULL, `source` = 'custom', `type` = 'standard', `target_display_mode` = 'all', `target_screen_size` = 'both', `text_max_length` = 255, `text_default` = NULL, `number_scale` = NULL, `number_default` = NULL, `boolean_default` = NULL, `picklist_id` = NULL, `picklist_type` = NULL, `lookup_object_id` = NULL, `formula` = NULL, `formula_dependent_fields` = NULL, `help_text` = NULL, `embedded_text` = NULL, `deleted` = 0, `created_by` = 1, `created_on` = '2019-10-15 09:56:19', `modified_by` = 1, `modified_on` = '2020-08-24 13:28:28', `lookup_filter_id` = NULL, `lookup_filter_dependency_field_id` = NULL, `configurations` = NULL, `import_order` = 0, `is_key` = 0, `mandatory` = 0, `sample_value` = NULL, `import_type` = NULL, `max_value` = NULL, `min_value` = NULL, `text_type` = NULL, `depending_on` = NULL, `regexp_validation_msg` = NULL, `regexp_validation` = NULL, `text_style` = NULL, `is_from_survey` = NULL, `survey_id` = NULL, `import_label` = NULL, `allow_filter` = 1, `allow_sort` = 1, `number_separator` = NULL, `text_style_on_regex` = NULL, `support_voice` = NULL, `hint_text` = NULL, `report_id` = NULL WHERE `id` = '1daee53e-57f1-4b69-a294-eb6e54c86315';
UPDATE `object_fields` SET `object_id` = '746c83fb-c690-4e76-b2bd-ada4430edba6', `object_database_column_id` = '14b3ef24-ff53-4565-a001-527f81c46fb2', `name` = 'cs_lung_caner_rate', `label` = '肺癌病人占比', `description` = NULL, `source` = 'custom', `type` = 'standard', `target_display_mode` = 'all', `target_screen_size` = 'both', `text_max_length` = 255, `text_default` = NULL, `number_scale` = NULL, `number_default` = NULL, `boolean_default` = NULL, `picklist_id` = NULL, `picklist_type` = NULL, `lookup_object_id` = NULL, `formula` = NULL, `formula_dependent_fields` = NULL, `help_text` = NULL, `embedded_text` = NULL, `deleted` = 0, `created_by` = 1, `created_on` = '2019-10-15 09:56:19', `modified_by` = 1, `modified_on` = '2020-08-24 13:28:57', `lookup_filter_id` = NULL, `lookup_filter_dependency_field_id` = NULL, `configurations` = NULL, `import_order` = 0, `is_key` = 0, `mandatory` = 0, `sample_value` = NULL, `import_type` = NULL, `max_value` = NULL, `min_value` = NULL, `text_type` = NULL, `depending_on` = NULL, `regexp_validation_msg` = NULL, `regexp_validation` = NULL, `text_style` = NULL, `is_from_survey` = NULL, `survey_id` = NULL, `import_label` = NULL, `allow_filter` = 1, `allow_sort` = 1, `number_separator` = NULL, `text_style_on_regex` = NULL, `support_voice` = NULL, `hint_text` = NULL, `report_id` = NULL WHERE `id` = '995d3b1a-4cc6-41d9-b09f-21fc44ec4578';
UPDATE `object_fields` SET `object_id` = '746c83fb-c690-4e76-b2bd-ada4430edba6', `object_database_column_id` = '8f6a1ae6-4b65-4759-94f6-f99c727cb30e', `name` = 'cs_lung_patients', `label` = '2019年月均肺癌病人数量(门诊+病房肺癌病人数)', `description` = NULL, `source` = 'custom', `type` = 'standard', `target_display_mode` = 'all', `target_screen_size` = 'both', `text_max_length` = 255, `text_default` = NULL, `number_scale` = NULL, `number_default` = NULL, `boolean_default` = NULL, `picklist_id` = NULL, `picklist_type` = NULL, `lookup_object_id` = NULL, `formula` = NULL, `formula_dependent_fields` = NULL, `help_text` = NULL, `embedded_text` = NULL, `deleted` = 0, `created_by` = 1, `created_on` = '2019-10-15 09:56:19', `modified_by` = 1, `modified_on` = '2020-08-24 13:29:06', `lookup_filter_id` = NULL, `lookup_filter_dependency_field_id` = NULL, `configurations` = NULL, `import_order` = 0, `is_key` = 0, `mandatory` = 0, `sample_value` = NULL, `import_type` = NULL, `max_value` = NULL, `min_value` = NULL, `text_type` = NULL, `depending_on` = NULL, `regexp_validation_msg` = NULL, `regexp_validation` = NULL, `text_style` = NULL, `is_from_survey` = NULL, `survey_id` = NULL, `import_label` = NULL, `allow_filter` = 1, `allow_sort` = 1, `number_separator` = NULL, `text_style_on_regex` = NULL, `support_voice` = NULL, `hint_text` = NULL, `report_id` = NULL WHERE `id` = '889245b1-d61a-4dc8-a00c-61da72504745';



UPDATE `object_database_columns` SET `object_id` = '746c83fb-c690-4e76-b2bd-ada4430edba6', `name` = 'text_2', `type` = 'text', `used` = 1, `deleted` = 0, `created_by` = 1, `created_on` = '2019-10-15 09:56:19', `modified_by` = 1, `modified_on` = '2020-08-24 13:29:52' WHERE `id` = '009a110f-3c19-4cfb-b878-92fb00e771b6';
UPDATE `object_database_columns` SET `object_id` = '746c83fb-c690-4e76-b2bd-ada4430edba6', `name` = 'text_4', `type` = 'text', `used` = 1, `deleted` = 0, `created_by` = 1, `created_on` = '2019-10-15 09:56:19', `modified_by` = 1, `modified_on` = '2020-08-24 13:29:52' WHERE `id` = '14b3ef24-ff53-4565-a001-527f81c46fb2';
UPDATE `object_database_columns` SET `object_id` = '746c83fb-c690-4e76-b2bd-ada4430edba6', `name` = 'text_3', `type` = 'text', `used` = 1, `deleted` = 0, `created_by` = 1, `created_on` = '2019-10-15 09:56:19', `modified_by` = 1, `modified_on` = '2020-08-24 13:29:53' WHERE `id` = '4b617a61-c5d0-4fe0-aa22-8b2dce688d03';
UPDATE `object_database_columns` SET `object_id` = '746c83fb-c690-4e76-b2bd-ada4430edba6', `name` = 'text_1', `type` = 'text', `used` = 1, `deleted` = 0, `created_by` = 1, `created_on` = '2019-10-15 09:56:19', `modified_by` = 1, `modified_on` = '2020-08-24 13:29:53' WHERE `id` = '65185499-7c08-4675-99d2-8c1241c301ae';
UPDATE `object_database_columns` SET `object_id` = '746c83fb-c690-4e76-b2bd-ada4430edba6', `name` = 'text_5', `type` = 'text', `used` = 1, `deleted` = 0, `created_by` = 1, `created_on` = '2019-10-15 09:56:19', `modified_by` = 1, `modified_on` = '2020-08-24 13:29:53' WHERE `id` = '8f6a1ae6-4b65-4759-94f6-f99c727cb30e';




 INSERT INTO `page_list_assignments`(`id`, `user_id`, `role_id`, `page_list_id`, `deleted`, `created_by`, `created_on`, `modified_by`, `modified_on`, `is_default`, `ignore_switch`, `order`) VALUES ('bdd7cf97-e602-11ea-bc49-0215c63fce1a', NULL, '53de9674-1da3-11e6-ac97-5cc5d4b57137', '0bf3eb0b-2345-475a-bcb8-e04c08d52041', 0, 1, '2020-08-24 12:10:03', 1, '2020-08-24 12:10:03', 1, NULL, NULL);
 INSERT INTO `page_list_assignments`(`id`, `user_id`, `role_id`, `page_list_id`, `deleted`, `created_by`, `created_on`, `modified_by`, `modified_on`, `is_default`, `ignore_switch`, `order`) VALUES ('bddf6989-e602-11ea-bc49-0215c63fce1a', NULL, 'a99fcd69-b5ff-11ea-aab5-0215c63fce1a', '0bf3eb0b-2345-475a-bcb8-e04c08d52041', 0, 1, '2020-08-24 12:10:03', 1, '2020-08-24 12:10:03', 1, NULL, NULL);
 INSERT INTO `page_list_assignments`(`id`, `user_id`, `role_id`, `page_list_id`, `deleted`, `created_by`, `created_on`, `modified_by`, `modified_on`, `is_default`, `ignore_switch`, `order`) VALUES ('bde644e5-e602-11ea-bc49-0215c63fce1a', NULL, 'b72453fc-efdb-11e9-b9aa-0298a739deb2', '0bf3eb0b-2345-475a-bcb8-e04c08d52041', 0, 1, '2020-08-24 12:10:03', 1, '2020-08-24 12:10:03', 1, NULL, NULL);
 INSERT INTO `page_list_assignments`(`id`, `user_id`, `role_id`, `page_list_id`, `deleted`, `created_by`, `created_on`, `modified_by`, `modified_on`, `is_default`, `ignore_switch`, `order`) VALUES ('cb1eef60-e602-11ea-bc49-0215c63fce1a', NULL, '02ebda16-b601-11ea-aab5-0215c63fce1a', '0bf3eb0b-2345-475a-bcb8-e04c08d52041', 0, 1, '2020-08-24 12:10:26', 1, '2020-08-24 12:10:26', 1, NULL, NULL);
 INSERT INTO `page_list_assignments`(`id`, `user_id`, `role_id`, `page_list_id`, `deleted`, `created_by`, `created_on`, `modified_by`, `modified_on`, `is_default`, `ignore_switch`, `order`) VALUES ('cf18c72e-e602-11ea-bc49-0215c63fce1a', NULL, '53de9674-1da3-11e6-ac97-5cc5d4b571d2', '0bf3eb0b-2345-475a-bcb8-e04c08d52041', 0, 1, '2020-08-24 12:10:32', 1, '2020-08-24 12:10:32', 1, NULL, NULL);
 INSERT INTO `page_list_assignments`(`id`, `user_id`, `role_id`, `page_list_id`, `deleted`, `created_by`, `created_on`, `modified_by`, `modified_on`, `is_default`, `ignore_switch`, `order`) VALUES ('d3343b48-e602-11ea-bc49-0215c63fce1a', NULL, '72e462a0-b600-11ea-aab5-0215c63fce1a', '0bf3eb0b-2345-475a-bcb8-e04c08d52041', 0, 1, '2020-08-24 12:10:39', 1, '2020-08-24 12:10:39', 1, NULL, NULL);
 INSERT INTO `page_list_assignments`(`id`, `user_id`, `role_id`, `page_list_id`, `deleted`, `created_by`, `created_on`, `modified_by`, `modified_on`, `is_default`, `ignore_switch`, `order`) VALUES ('d69fbdc6-e602-11ea-bc49-0215c63fce1a', NULL, 'bfb15d2f-b600-11ea-aab5-0215c63fce1a', '0bf3eb0b-2345-475a-bcb8-e04c08d52041', 0, 1, '2020-08-24 12:10:45', 1, '2020-08-24 12:10:45', 1, NULL, NULL);

UPDATE `page_lists` SET `page_id` = '7207a6a7-2e02-47b4-88f0-fdddd3081eb1', `name` = 'dep_list', `query_type` = 'all', `source` = 'custom', `label` = '科室列表', `screen_size` = 'both', `formula` = NULL, `sort_field` = NULL, `is_desc` = '0', `deleted` = 0, `created_by` = 1, `created_on` = '2020-08-24 10:48:23', `modified_by` = 1, `modified_on` = '2020-08-24 13:21:00', `is_readonly` = 1, `style` = 'titled', `detail_disabled` = NULL, `configurations` = NULL, `aggregate_field` = NULL, `owner` = NULL, `primary_filter` = NULL, `report_id` = NULL, `primary_filter_configurations` = NULL, `external_condition` = NULL, `db_hint` = NULL, `mode` = NULL WHERE `id` = '0bf3eb0b-2345-475a-bcb8-e04c08d52041';

UPDATE `page_layout_tabs` SET `page_layout_id` = '1c2a489e-763b-11e6-b7bf-5cc5d4d37890', `order` = 2, `deleted` = 0, `created_by` = 1, `created_on` = '2017-01-01 00:00:00.000000', `modified_by` = 1, `modified_on` = '2017-01-01 00:00:00.000000', `object_tab_id` = 'deaed8ba-f815-4014-b112-3657b0c4f702', `configurations` = NULL, `is_readonly` = 0 WHERE `id` = '8e1cbaf0-7669-11e6-b65e-5cc5d4d32142';

-- 微信端
INSERT INTO `page_lists`(`id`, `page_id`, `name`, `query_type`, `source`, `label`, `screen_size`, `formula`, `sort_field`, `is_desc`, `deleted`, `created_by`, `created_on`, `modified_by`, `modified_on`, `is_readonly`, `style`, `detail_disabled`, `configurations`, `aggregate_field`, `owner`, `primary_filter`, `report_id`, `primary_filter_configurations`, `external_condition`, `db_hint`, `mode`) VALUES ('0bf3eb0b-4567-475a-bcb8-e04c08d52041', '7207a6a7-2e02-47b4-88f0-fdddd3081eb1', 'dep_list', 'rls', 'custom', '科室列表', 'both', NULL, NULL, '0', 0, 1, now(), 1, now(), 1, 'titled', NULL, NULL, NULL, NULL, NULL, NULL, NULL, NULL, NULL, NULL);






INSERT INTO `page_list_assignments`(`id`, `user_id`, `role_id`, `page_list_id`, `deleted`, `created_by`, `created_on`, `modified_by`, `modified_on`, `is_default`, `ignore_switch`, `order`) VALUES ('9f5135b0-e613-11ea-bc49-0215c63fce1a', NULL, '20228999-b5ff-11ea-aab5-0215c63fce1a', '0bf3eb0b-4567-475a-bcb8-e04c08d52041', 0, 1, '2020-08-24 14:10:53', 1, '2020-08-24 14:10:53', 1, NULL, NULL);
INSERT INTO `page_list_assignments`(`id`, `user_id`, `role_id`, `page_list_id`, `deleted`, `created_by`, `created_on`, `modified_by`, `modified_on`, `is_default`, `ignore_switch`, `order`) VALUES ('accbd7c8-e613-11ea-bc49-0215c63fce1a', NULL, '53de6f5e-1da3-11e6-b011-5cc5d4b57134', '0bf3eb0b-4567-475a-bcb8-e04c08d52041', 0, 1, '2020-08-24 14:11:16', 1, '2020-08-24 14:11:16', 1, NULL, NULL);
INSERT INTO `page_list_assignments`(`id`, `user_id`, `role_id`, `page_list_id`, `deleted`, `created_by`, `created_on`, `modified_by`, `modified_on`, `is_default`, `ignore_switch`, `order`) VALUES ('b055de79-e613-11ea-bc49-0215c63fce1a', NULL, '53de9671-1da3-11e6-93fb-5cc5d4b57136', '0bf3eb0b-4567-475a-bcb8-e04c08d52041', 0, 1, '2020-08-24 14:11:22', 1, '2020-08-24 14:11:22', 1, NULL, NULL);
INSERT INTO `page_list_assignments`(`id`, `user_id`, `role_id`, `page_list_id`, `deleted`, `created_by`, `created_on`, `modified_by`, `modified_on`, `is_default`, `ignore_switch`, `order`) VALUES ('b490a77c-e613-11ea-bc49-0215c63fce1a', NULL, '53de9674-1da3-11e6-ac97-5cc5d4b57137', '0bf3eb0b-4567-475a-bcb8-e04c08d52041', 0, 1, '2020-08-24 14:11:29', 1, '2020-08-24 14:11:29', 1, NULL, NULL);
INSERT INTO `page_list_assignments`(`id`, `user_id`, `role_id`, `page_list_id`, `deleted`, `created_by`, `created_on`, `modified_by`, `modified_on`, `is_default`, `ignore_switch`, `order`) VALUES ('b8dc01fa-e613-11ea-bc49-0215c63fce1a', NULL, '5a013aaa-b5c5-11ea-aab5-0215c63fce1a', '0bf3eb0b-4567-475a-bcb8-e04c08d52041', 0, 1, '2020-08-24 14:11:36', 1, '2020-08-24 14:11:36', 1, NULL, NULL);
INSERT INTO `page_list_assignments`(`id`, `user_id`, `role_id`, `page_list_id`, `deleted`, `created_by`, `created_on`, `modified_by`, `modified_on`, `is_default`, `ignore_switch`, `order`) VALUES ('bc16d62d-e613-11ea-bc49-0215c63fce1a', NULL, '72e462a0-b600-11ea-aab5-0215c63fce1a', '0bf3eb0b-4567-475a-bcb8-e04c08d52041', 0, 1, '2020-08-24 14:11:42', 1, '2020-08-24 14:11:42', 1, NULL, NULL);
INSERT INTO `page_list_assignments`(`id`, `user_id`, `role_id`, `page_list_id`, `deleted`, `created_by`, `created_on`, `modified_by`, `modified_on`, `is_default`, `ignore_switch`, `order`) VALUES ('c3385cf7-e613-11ea-bc49-0215c63fce1a', NULL, 'a99fcd69-b5ff-11ea-aab5-0215c63fce1a', '0bf3eb0b-4567-475a-bcb8-e04c08d52041', 0, 1, '2020-08-24 14:11:54', 1, '2020-08-24 14:11:54', 1, NULL, NULL);
INSERT INTO `page_list_assignments`(`id`, `user_id`, `role_id`, `page_list_id`, `deleted`, `created_by`, `created_on`, `modified_by`, `modified_on`, `is_default`, `ignore_switch`, `order`) VALUES ('c6e64120-e613-11ea-bc49-0215c63fce1a', NULL, 'b72453fc-efdb-11e9-b9aa-0298a739deb2', '0bf3eb0b-4567-475a-bcb8-e04c08d52041', 0, 1, '2020-08-24 14:12:00', 1, '2020-08-24 14:12:00', 1, NULL, NULL);
INSERT INTO `page_list_assignments`(`id`, `user_id`, `role_id`, `page_list_id`, `deleted`, `created_by`, `created_on`, `modified_by`, `modified_on`, `is_default`, `ignore_switch`, `order`) VALUES ('caabeec1-e613-11ea-bc49-0215c63fce1a', NULL, 'b74845ad-b5fe-11ea-aab5-0215c63fce1a', '0bf3eb0b-4567-475a-bcb8-e04c08d52041', 0, 1, '2020-08-24 14:12:06', 1, '2020-08-24 14:12:06', 1, NULL, NULL);
INSERT INTO `page_list_assignments`(`id`, `user_id`, `role_id`, `page_list_id`, `deleted`, `created_by`, `created_on`, `modified_by`, `modified_on`, `is_default`, `ignore_switch`, `order`) VALUES ('ce5fac58-e613-11ea-bc49-0215c63fce1a', NULL, 'bfb15d2f-b600-11ea-aab5-0215c63fce1a', '0bf3eb0b-4567-475a-bcb8-e04c08d52041', 0, 1, '2020-08-24 14:12:12', 1, '2020-08-24 14:12:12', 1, NULL, NULL);
INSERT INTO `page_list_actions`(`id`, `page_list_id`, `object_action_id`, `order`, `deleted`, `created_by`, `created_on`, `modified_by`, `modified_on`, `is_need_pre_check`, `pre_check_label`, `is_item_action`, `configurations`, `label`) VALUES ('0219a149-1234-4861-836c-db6bfb520831', '0bf3eb0b-4567-475a-bcb8-e04c08d52041', '526ea6df-6ecf-46cb-8157-57b59f3051d6', 1, 0, 1, now(), 1, now(), 0, NULL, 0, NULL, NULL);

INSERT INTO `role_to_object_permissions`(`id`, `role_id`, `object_id`, `allow_read`, `allow_create`, `allow_update`, `allow_delete`, `deleted`, `created_by`, `created_on`, `modified_by`, `modified_on`, `allow_import`, `allow_export`, `allow_read_all`, `allow_update_all`, `allow_update_attachment`, `allow_terminate_approval`, `allow_modify_approver`, `allow_create_page_list`) VALUES ('0bf68eb8-1234-41a1-be19-e6e161daeb4e', 'b72453fc-efdb-11e9-b9aa-0298a739deb2', '746c83fb-c690-4e76-b2bd-ada4430edba6', 0, 0, 0, 0, 0, 1, '2020-07-29 12:50:13', 1, '2020-07-29 12:50:13', 0, 0, 0, 0, 0, NULL, 0, 0);

INSERT INTO `page_layouts`(`id`, `page_id`, `name`, `label`, `source`, `screen_size`, `deleted`, `created_by`, `created_on`, `modified_by`, `modified_on`, `highlight_enabled`, `report_id`) VALUES ('007abcd8-7890-4e28-90ec-eda419bff30c', '7207a6a7-2e02-47b4-88f0-fdddd3081eb1', 'cs_Dep_layout', '科室', 'custom', 'both', 0, 1, '2020-08-24 10:46:29', 1, '2020-08-24 10:46:29', NULL, NULL);

INSERT INTO `page_layout_fields`(`id`, `page_layout_id`, `type`, `object_field_id`, `label`, `order`, `colspan`, `is_mandatory`, `is_readonly`, `display_mode`, `configurations`, `deleted`, `created_by`, `created_on`, `modified_by`, `modified_on`, `is_header`, `is_with_stars_mask`, `is_hidden`, `is_highlight`, `if_affect_others`, `disable_click`, `note_field`, `hint_text`, `report_id`) VALUES ('13338b43-1169-4e20-a011-f50932a4b5f0', '007abcd8-7890-4e28-90ec-eda419bff30c', 'field', '1daee53e-57f1-4b69-a294-eb6e54c86315', '科室主治医师及以上数量', 3, 120, NULL, NULL, 'both', NULL, 0, 1, '2020-08-24 22:32:17', 1, '2020-08-24 22:32:17', NULL, NULL, NULL, NULL, NULL, NULL, NULL, NULL, NULL);
INSERT INTO `page_layout_fields`(`id`, `page_layout_id`, `type`, `object_field_id`, `label`, `order`, `colspan`, `is_mandatory`, `is_readonly`, `display_mode`, `configurations`, `deleted`, `created_by`, `created_on`, `modified_by`, `modified_on`, `is_header`, `is_with_stars_mask`, `is_hidden`, `is_highlight`, `if_affect_others`, `disable_click`, `note_field`, `hint_text`, `report_id`) VALUES ('19b79364-63c6-4321-a4e8-e3d4a1e8b13c', '007abcd8-7890-4e28-90ec-eda419bff30c', 'field', '995d3b1a-4cc6-41d9-b09f-21fc44ec4578', '肺癌病人占比', 4, 120, NULL, NULL, 'both', NULL, 0, 1, '2020-08-24 22:32:17', 1, '2020-08-24 22:32:17', NULL, NULL, NULL, NULL, NULL, NULL, NULL, NULL, NULL);
INSERT INTO `page_layout_fields`(`id`, `page_layout_id`, `type`, `object_field_id`, `label`, `order`, `colspan`, `is_mandatory`, `is_readonly`, `display_mode`, `configurations`, `deleted`, `created_by`, `created_on`, `modified_by`, `modified_on`, `is_header`, `is_with_stars_mask`, `is_hidden`, `is_highlight`, `if_affect_others`, `disable_click`, `note_field`, `hint_text`, `report_id`) VALUES ('1caa1083-278d-40e1-8bf2-ac00b32eb1e6', '007abcd8-7890-4e28-90ec-eda419bff30c', 'field', '1f0e06b3-ea1f-4971-892d-4e0e1bfd5093', '修改时间', 7, 120, NULL, NULL, 'both', NULL, 0, 1, '2020-08-24 22:32:17', 1, '2020-08-24 22:32:17', NULL, NULL, NULL, NULL, NULL, NULL, NULL, NULL, NULL);
INSERT INTO `page_layout_fields`(`id`, `page_layout_id`, `type`, `object_field_id`, `label`, `order`, `colspan`, `is_mandatory`, `is_readonly`, `display_mode`, `configurations`, `deleted`, `created_by`, `created_on`, `modified_by`, `modified_on`, `is_header`, `is_with_stars_mask`, `is_hidden`, `is_highlight`, `if_affect_others`, `disable_click`, `note_field`, `hint_text`, `report_id`) VALUES ('2d378699-958d-4a75-96dd-bded2fb186c3', '007abcd8-7890-4e28-90ec-eda419bff30c', 'field', '915d79c2-937e-4296-99b0-1e0d48f8bf75', '修改人', 6, 120, NULL, NULL, 'both', NULL, 0, 1, '2020-08-24 22:32:17', 1, '2020-08-24 22:32:17', NULL, NULL, NULL, NULL, NULL, NULL, NULL, NULL, NULL);
INSERT INTO `page_layout_fields`(`id`, `page_layout_id`, `type`, `object_field_id`, `label`, `order`, `colspan`, `is_mandatory`, `is_readonly`, `display_mode`, `configurations`, `deleted`, `created_by`, `created_on`, `modified_by`, `modified_on`, `is_header`, `is_with_stars_mask`, `is_hidden`, `is_highlight`, `if_affect_others`, `disable_click`, `note_field`, `hint_text`, `report_id`) VALUES ('312ad275-6342-4539-b047-ca12130a06cc', '007abcd8-7890-4e28-90ec-eda419bff30c', 'field', '889245b1-d61a-4dc8-a00c-61da72504745', '2019年月均肺癌病人数量(门诊+病房肺癌病人数)', 5, 120, NULL, NULL, 'both', NULL, 0, 1, '2020-08-24 22:32:17', 1, '2020-08-24 22:32:17', NULL, NULL, NULL, NULL, NULL, NULL, NULL, NULL, NULL);
INSERT INTO `page_layout_fields`(`id`, `page_layout_id`, `type`, `object_field_id`, `label`, `order`, `colspan`, `is_mandatory`, `is_readonly`, `display_mode`, `configurations`, `deleted`, `created_by`, `created_on`, `modified_by`, `modified_on`, `is_header`, `is_with_stars_mask`, `is_hidden`, `is_highlight`, `if_affect_others`, `disable_click`, `note_field`, `hint_text`, `report_id`) VALUES ('be565059-8f5b-47f4-88b4-1e8ec9bafa77', '007abcd8-7890-4e28-90ec-eda419bff30c', 'field', '6fd7c28c-c40d-4efa-9a79-5447f828e437', '科室名称', 1, 120, NULL, NULL, 'both', NULL, 0, 1, '2020-08-24 22:32:17', 1, '2020-08-24 22:32:17', NULL, NULL, NULL, NULL, NULL, NULL, NULL, NULL, NULL);
INSERT INTO `page_layout_fields`(`id`, `page_layout_id`, `type`, `object_field_id`, `label`, `order`, `colspan`, `is_mandatory`, `is_readonly`, `display_mode`, `configurations`, `deleted`, `created_by`, `created_on`, `modified_by`, `modified_on`, `is_header`, `is_with_stars_mask`, `is_hidden`, `is_highlight`, `if_affect_others`, `disable_click`, `note_field`, `hint_text`, `report_id`) VALUES ('c33f1f09-334b-4c4c-b61a-1255352eff08', '007abcd8-7890-4e28-90ec-eda419bff30c', 'field', '78d3e47a-74a2-426f-8d24-ec339a171bd5', '病房床位数', 2, 120, NULL, NULL, 'both', NULL, 0, 1, '2020-08-24 22:32:17', 1, '2020-08-24 22:32:17', NULL, NULL, NULL, NULL, NULL, NULL, NULL, NULL, NULL);

INSERT INTO `page_layout_assignments`(`id`, `role_id`, `object_record_type_id`, `object_state_id`, `page_layout_id`, `deleted`, `created_by`, `created_on`, `modified_by`, `modified_on`, `is_locked_by_state`, `allow_enter_mini_layout`, `mini_layout_section`, `tips`) VALUES ('0045f671-1234-9080-32c31e8da666', 'b74845ad-b5fe-11ea-aab5-0215c63fce1a', NULL, NULL, '007abcd8-7890-4e28-90ec-eda419bff30c', 0, 1, now(), 1, now(), NULL, NULL, NULL, NULL);
INSERT INTO `page_layout_assignments`(`id`, `role_id`, `object_record_type_id`, `object_state_id`, `page_layout_id`, `deleted`, `created_by`, `created_on`, `modified_by`, `modified_on`, `is_locked_by_state`, `allow_enter_mini_layout`, `mini_layout_section`, `tips`) VALUES ('0045f671-5678-9080-32c31e8da666', '53de6f5e-1da3-11e6-b011-5cc5d4b57134', NULL, NULL, '007abcd8-7890-4e28-90ec-eda419bff30c', 0, 1, now(), 1, now(), NULL, NULL, NULL, NULL);

INSERT INTO `page_layout_actions`(`id`, `page_layout_id`, `object_action_id`, `display_mode`, `order`, `deleted`, `created_by`, `created_on`, `modified_by`, `modified_on`, `style`, `is_need_pre_check`, `pre_check_label`, `configurations`, `label`) VALUES ('001618c3-1234-4fc5-9e64-d1fa9bcbd228', '007abcd8-7890-4e28-90ec-eda419bff30c', '81f5e9c5-a40f-4d48-8bd1-d15e8297bf8f', 'edit', 1, 0, 1, now(), 1, now(), NULL, 0, NULL, NULL, NULL);
UPDATE `page_layout_fields` SET `page_layout_id` = '007abcd8-7890-4e28-90ec-eda419bff30c', `type` = 'field', `object_field_id` = '915d79c2-937e-4296-99b0-1e0d48f8bf75', `label` = '修改人', `order` = 6, `colspan` = 120, `is_mandatory` = NULL, `is_readonly` = NULL, `display_mode` = 'both', `configurations` = NULL, `deleted` = 0, `created_by` = 1, `created_on` = '2020-08-24 22:32:17', `modified_by` = 1, `modified_on` = '2020-08-24 15:00:42', `is_header` = NULL, `is_with_stars_mask` = NULL, `is_hidden` = NULL, `is_highlight` = NULL, `if_affect_others` = NULL, `disable_click` = 1, `note_field` = NULL, `hint_text` = NULL, `report_id` = NULL WHERE `id` = '2d378699-958d-4a75-96dd-bded2fb186c3';
INSERT INTO `page_layout_actions`(`id`, `page_layout_id`, `object_action_id`, `display_mode`, `order`, `deleted`, `created_by`, `created_on`, `modified_by`, `modified_on`, `style`, `is_need_pre_check`, `pre_check_label`, `configurations`, `label`) VALUES ('001618c3-4573-4fc5-9e64-d1fa9bcbd228', '007abcd8-7890-4e28-90ec-eda419bff30c', '85bed63a-507a-43ca-8a14-7c8200e29313', 'view', 1, 0, 1, '2020-08-24 14:42:05', 1, '2020-08-24 14:42:05', NULL, 0, NULL, NULL, NULL);
INSERT INTO `page_layout_fields`(`id`, `page_layout_id`, `type`, `object_field_id`, `label`, `order`, `colspan`, `is_mandatory`, `is_readonly`, `display_mode`, `configurations`, `deleted`, `created_by`, `created_on`, `modified_by`, `modified_on`, `is_header`, `is_with_stars_mask`, `is_hidden`, `is_highlight`, `if_affect_others`, `disable_click`, `note_field`, `hint_text`, `report_id`) VALUES ('be565059-1234-47f4-88b4-1e8ec9bafa77', '007abcd8-7890-4e28-90ec-eda419bff30c', 'field', 'adcc0967-46f4-48b5-b820-d6dd5cd2cd45', '医院', 0, 120, NULL, 1, 'both', NULL, 0, 1,now(), 1, now(), NULL, NULL, NULL, NULL, NULL, NULL, NULL, NULL, NULL);


UPDATE `page_layout_fields` SET `page_layout_id` = '007abcd8-7890-4e28-90ec-eda419bff30c', `type` = 'field', `object_field_id` = 'adcc0967-46f4-48b5-b820-d6dd5cd2cd45', `label` = '医院', `order` = 0, `colspan` = 120, `is_mandatory` = NULL, `is_readonly` = 1, `display_mode` = 'both', `configurations` = NULL, `deleted` = 0, `created_by` = 1, `created_on` = '2020-08-25 02:57:30', `modified_by` = 1, `modified_on` = '2020-08-25 02:57:30', `is_header` = NULL, `is_with_stars_mask` = NULL, `is_hidden` = NULL, `is_highlight` = NULL, `if_affect_others` = NULL, `disable_click` = NULL, `note_field` = NULL, `hint_text` = NULL, `report_id` = NULL WHERE `id` = 'be565059-1234-47f4-88b4-1e8ec9bafa77';
UPDATE `page_layout_fields` SET `page_layout_id` = '007abcd8-7890-4e28-90ec-eda419bff30c', `type` = 'field', `object_field_id` = '6fd7c28c-c40d-4efa-9a79-5447f828e437', `label` = '科室名称', `order` = 1, `colspan` = 120, `is_mandatory` = NULL, `is_readonly` = NULL, `display_mode` = 'both', `configurations` = NULL, `deleted` = 0, `created_by` = 1, `created_on` = '2020-08-24 22:32:17', `modified_by` = 1, `modified_on` = '2020-08-25 03:01:03', `is_header` = NULL, `is_with_stars_mask` = NULL, `is_hidden` = NULL, `is_highlight` = NULL, `if_affect_others` = NULL, `disable_click` = NULL, `note_field` = NULL, `hint_text` = NULL, `report_id` = NULL WHERE `id` = 'be565059-8f5b-47f4-88b4-1e8ec9bafa77';
UPDATE `page_layout_fields` SET `page_layout_id` = '007abcd8-7890-4e28-90ec-eda419bff30c', `type` = 'field', `object_field_id` = '78d3e47a-74a2-426f-8d24-ec339a171bd5', `label` = '病房床位数', `order` = 2, `colspan` = 120, `is_mandatory` = NULL, `is_readonly` = NULL, `display_mode` = 'both', `configurations` = NULL, `deleted` = 0, `created_by` = 1, `created_on` = '2020-08-24 22:32:17', `modified_by` = 1, `modified_on` = '2020-08-24 22:32:17', `is_header` = NULL, `is_with_stars_mask` = NULL, `is_hidden` = NULL, `is_highlight` = NULL, `if_affect_others` = NULL, `disable_click` = NULL, `note_field` = NULL, `hint_text` = NULL, `report_id` = NULL WHERE `id` = 'c33f1f09-334b-4c4c-b61a-1255352eff08';
UPDATE `page_layout_fields` SET `page_layout_id` = '007abcd8-7890-4e28-90ec-eda419bff30c', `type` = 'field', `object_field_id` = '1daee53e-57f1-4b69-a294-eb6e54c86315', `label` = '科室主治医师及以上数量', `order` = 3, `colspan` = 120, `is_mandatory` = NULL, `is_readonly` = NULL, `display_mode` = 'both', `configurations` = NULL, `deleted` = 0, `created_by` = 1, `created_on` = '2020-08-24 22:32:17', `modified_by` = 1, `modified_on` = '2020-08-24 22:32:17', `is_header` = NULL, `is_with_stars_mask` = NULL, `is_hidden` = NULL, `is_highlight` = NULL, `if_affect_others` = NULL, `disable_click` = NULL, `note_field` = NULL, `hint_text` = NULL, `report_id` = NULL WHERE `id` = '13338b43-1169-4e20-a011-f50932a4b5f0';
UPDATE `page_layout_fields` SET `page_layout_id` = '007abcd8-7890-4e28-90ec-eda419bff30c', `type` = 'field', `object_field_id` = '995d3b1a-4cc6-41d9-b09f-21fc44ec4578', `label` = '肺癌病人占比', `order` = 4, `colspan` = 120, `is_mandatory` = NULL, `is_readonly` = NULL, `display_mode` = 'both', `configurations` = NULL, `deleted` = 0, `created_by` = 1, `created_on` = '2020-08-24 22:32:17', `modified_by` = 1, `modified_on` = '2020-08-24 22:32:17', `is_header` = NULL, `is_with_stars_mask` = NULL, `is_hidden` = NULL, `is_highlight` = NULL, `if_affect_others` = NULL, `disable_click` = NULL, `note_field` = NULL, `hint_text` = NULL, `report_id` = NULL WHERE `id` = '19b79364-63c6-4321-a4e8-e3d4a1e8b13c';
UPDATE `page_layout_fields` SET `page_layout_id` = '007abcd8-7890-4e28-90ec-eda419bff30c', `type` = 'field', `object_field_id` = '889245b1-d61a-4dc8-a00c-61da72504745', `label` = '2019年月均肺癌病人数量(门诊+病房肺癌病人数)', `order` = 5, `colspan` = 120, `is_mandatory` = NULL, `is_readonly` = NULL, `display_mode` = 'both', `configurations` = NULL, `deleted` = 0, `created_by` = 1, `created_on` = '2020-08-24 22:32:17', `modified_by` = 1, `modified_on` = '2020-08-24 22:32:17', `is_header` = NULL, `is_with_stars_mask` = NULL, `is_hidden` = NULL, `is_highlight` = NULL, `if_affect_others` = NULL, `disable_click` = NULL, `note_field` = NULL, `hint_text` = NULL, `report_id` = NULL WHERE `id` = '312ad275-6342-4539-b047-ca12130a06cc';
UPDATE `page_layout_fields` SET `page_layout_id` = '007abcd8-7890-4e28-90ec-eda419bff30c', `type` = 'field', `object_field_id` = '915d79c2-937e-4296-99b0-1e0d48f8bf75', `label` = '修改人', `order` = 6, `colspan` = 120, `is_mandatory` = NULL, `is_readonly` = 1, `display_mode` = 'view', `configurations` = NULL, `deleted` = 0, `created_by` = 1, `created_on` = '2020-08-24 22:32:17', `modified_by` = 1, `modified_on` = '2020-08-25 03:00:17', `is_header` = NULL, `is_with_stars_mask` = NULL, `is_hidden` = NULL, `is_highlight` = NULL, `if_affect_others` = NULL, `disable_click` = 1, `note_field` = NULL, `hint_text` = NULL, `report_id` = NULL WHERE `id` = '2d378699-958d-4a75-96dd-bded2fb186c3';
UPDATE `page_layout_fields` SET `page_layout_id` = '007abcd8-7890-4e28-90ec-eda419bff30c', `type` = 'field', `object_field_id` = '1f0e06b3-ea1f-4971-892d-4e0e1bfd5093', `label` = '修改时间', `order` = 7, `colspan` = 120, `is_mandatory` = NULL, `is_readonly` = 1, `display_mode` = 'view', `configurations` = NULL, `deleted` = 0, `created_by` = 1, `created_on` = '2020-08-24 22:32:17', `modified_by` = 1, `modified_on` = '2020-08-25 03:00:22', `is_header` = NULL, `is_with_stars_mask` = NULL, `is_hidden` = NULL, `is_highlight` = NULL, `if_affect_others` = NULL, `disable_click` = NULL, `note_field` = NULL, `hint_text` = NULL, `report_id` = NULL WHERE `id` = '1caa1083-278d-40e1-8bf2-ac00b32eb1e6';


UPDATE `page_layout_fields` SET `page_layout_id` = '007abcd8-7890-4e28-90ec-eda419bff30c', `type` = 'field', `object_field_id` = 'adcc0967-46f4-48b5-b820-d6dd5cd2cd45', `label` = '医院', `order` = 0, `colspan` = 6, `is_mandatory` = NULL, `is_readonly` = 1, `display_mode` = 'both', `configurations` = NULL, `deleted` = 0, `created_by` = 1, `created_on` = '2020-08-25 02:57:30', `modified_by` = 1, `modified_on` = '2020-08-25 11:00:34', `is_header` = NULL, `is_with_stars_mask` = NULL, `is_hidden` = NULL, `is_highlight` = NULL, `if_affect_others` = NULL, `disable_click` = NULL, `note_field` = NULL, `hint_text` = NULL, `report_id` = NULL WHERE `id` = 'be565059-1234-47f4-88b4-1e8ec9bafa77';
UPDATE `page_layout_fields` SET `page_layout_id` = '007abcd8-7890-4e28-90ec-eda419bff30c', `type` = 'field', `object_field_id` = '6fd7c28c-c40d-4efa-9a79-5447f828e437', `label` = '科室名称', `order` = 1, `colspan` = 6, `is_mandatory` = 1, `is_readonly` = NULL, `display_mode` = 'both', `configurations` = NULL, `deleted` = 0, `created_by` = 1, `created_on` = '2020-08-24 22:32:17', `modified_by` = 1, `modified_on` = '2020-08-25 11:00:34', `is_header` = NULL, `is_with_stars_mask` = NULL, `is_hidden` = NULL, `is_highlight` = NULL, `if_affect_others` = NULL, `disable_click` = NULL, `note_field` = NULL, `hint_text` = NULL, `report_id` = NULL WHERE `id` = 'be565059-8f5b-47f4-88b4-1e8ec9bafa77';
UPDATE `page_layout_fields` SET `page_layout_id` = '007abcd8-7890-4e28-90ec-eda419bff30c', `type` = 'field', `object_field_id` = '78d3e47a-74a2-426f-8d24-ec339a171bd5', `label` = '病房床位数', `order` = 2, `colspan` = 6, `is_mandatory` = NULL, `is_readonly` = NULL, `display_mode` = 'both', `configurations` = NULL, `deleted` = 0, `created_by` = 1, `created_on` = '2020-08-24 22:32:17', `modified_by` = 1, `modified_on` = '2020-08-25 11:00:34', `is_header` = NULL, `is_with_stars_mask` = NULL, `is_hidden` = NULL, `is_highlight` = NULL, `if_affect_others` = NULL, `disable_click` = NULL, `note_field` = NULL, `hint_text` = NULL, `report_id` = NULL WHERE `id` = 'c33f1f09-334b-4c4c-b61a-1255352eff08';
UPDATE `page_layout_fields` SET `page_layout_id` = '007abcd8-7890-4e28-90ec-eda419bff30c', `type` = 'field', `object_field_id` = '1daee53e-57f1-4b69-a294-eb6e54c86315', `label` = '科室主治医师及以上数量', `order` = 3, `colspan` = 6, `is_mandatory` = NULL, `is_readonly` = NULL, `display_mode` = 'both', `configurations` = NULL, `deleted` = 0, `created_by` = 1, `created_on` = '2020-08-24 22:32:17', `modified_by` = 1, `modified_on` = '2020-08-25 11:00:34', `is_header` = NULL, `is_with_stars_mask` = NULL, `is_hidden` = NULL, `is_highlight` = NULL, `if_affect_others` = NULL, `disable_click` = NULL, `note_field` = NULL, `hint_text` = NULL, `report_id` = NULL WHERE `id` = '13338b43-1169-4e20-a011-f50932a4b5f0';
UPDATE `page_layout_fields` SET `page_layout_id` = '007abcd8-7890-4e28-90ec-eda419bff30c', `type` = 'field', `object_field_id` = '995d3b1a-4cc6-41d9-b09f-21fc44ec4578', `label` = '肺癌病人占比', `order` = 4, `colspan` = 6, `is_mandatory` = NULL, `is_readonly` = NULL, `display_mode` = 'both', `configurations` = NULL, `deleted` = 0, `created_by` = 1, `created_on` = '2020-08-24 22:32:17', `modified_by` = 1, `modified_on` = '2020-08-25 11:00:34', `is_header` = NULL, `is_with_stars_mask` = NULL, `is_hidden` = NULL, `is_highlight` = NULL, `if_affect_others` = NULL, `disable_click` = NULL, `note_field` = NULL, `hint_text` = NULL, `report_id` = NULL WHERE `id` = '19b79364-63c6-4321-a4e8-e3d4a1e8b13c';
UPDATE `page_layout_fields` SET `page_layout_id` = '007abcd8-7890-4e28-90ec-eda419bff30c', `type` = 'field', `object_field_id` = '889245b1-d61a-4dc8-a00c-61da72504745', `label` = '2019年月均肺癌病人数量(门诊+病房肺癌病人数)', `order` = 5, `colspan` = 12, `is_mandatory` = NULL, `is_readonly` = NULL, `display_mode` = 'both', `configurations` = NULL, `deleted` = 0, `created_by` = 1, `created_on` = '2020-08-24 22:32:17', `modified_by` = 1, `modified_on` = '2020-08-25 11:00:38', `is_header` = NULL, `is_with_stars_mask` = NULL, `is_hidden` = NULL, `is_highlight` = NULL, `if_affect_others` = NULL, `disable_click` = NULL, `note_field` = NULL, `hint_text` = NULL, `report_id` = NULL WHERE `id` = '312ad275-6342-4539-b047-ca12130a06cc';
UPDATE `page_layout_fields` SET `page_layout_id` = '007abcd8-7890-4e28-90ec-eda419bff30c', `type` = 'field', `object_field_id` = '915d79c2-937e-4296-99b0-1e0d48f8bf75', `label` = '修改人', `order` = 6, `colspan` = 6, `is_mandatory` = NULL, `is_readonly` = 1, `display_mode` = 'view', `configurations` = NULL, `deleted` = 0, `created_by` = 1, `created_on` = '2020-08-24 22:32:17', `modified_by` = 1, `modified_on` = '2020-08-25 11:00:35', `is_header` = NULL, `is_with_stars_mask` = NULL, `is_hidden` = NULL, `is_highlight` = NULL, `if_affect_others` = NULL, `disable_click` = 1, `note_field` = NULL, `hint_text` = NULL, `report_id` = NULL WHERE `id` = '2d378699-958d-4a75-96dd-bded2fb186c3';
UPDATE `page_layout_fields` SET `page_layout_id` = '007abcd8-7890-4e28-90ec-eda419bff30c', `type` = 'field', `object_field_id` = '1f0e06b3-ea1f-4971-892d-4e0e1bfd5093', `label` = '修改时间', `order` = 7, `colspan` = 6, `is_mandatory` = NULL, `is_readonly` = 1, `display_mode` = 'view', `configurations` = NULL, `deleted` = 0, `created_by` = 1, `created_on` = '2020-08-24 22:32:17', `modified_by` = 1, `modified_on` = '2020-08-25 11:00:35', `is_header` = NULL, `is_with_stars_mask` = NULL, `is_hidden` = NULL, `is_highlight` = NULL, `if_affect_others` = NULL, `disable_click` = NULL, `note_field` = NULL, `hint_text` = NULL, `report_id` = NULL WHERE `id` = '1caa1083-278d-40e1-8bf2-ac00b32eb1e6';



UPDATE `object_fields` SET `name` = 'text_2' WHERE `id` = '78d3e47a-74a2-426f-8d24-ec339a171bd5';
UPDATE `object_fields` SET `name` = 'text_3' WHERE `id` = '6fd7c28c-c40d-4efa-9a79-5447f828e437';
UPDATE `object_fields` SET `name` = 'text_4' WHERE `id` = '995d3b1a-4cc6-41d9-b09f-21fc44ec4578';
UPDATE `object_fields` SET `name` = 'text_5' WHERE `id` = '889245b1-d61a-4dc8-a00c-61da72504745';

UPDATE `page_layout_fields` SET `page_layout_id` = '007abcd8-7890-4e28-90ec-eda419bff30c', `type` = 'field', `object_field_id` = 'adcc0967-46f4-48b5-b820-d6dd5cd2cd45', `label` = '医院', `order` = 0, `colspan` = 6, `is_mandatory` = NULL, `is_readonly` = 1, `display_mode` = 'both', `configurations` = NULL, `deleted` = 0, `created_by` = 1, `created_on` = '2020-08-25 02:57:30', `modified_by` = 1, `modified_on` = '2020-08-25 11:00:34', `is_header` = NULL, `is_with_stars_mask` = NULL, `is_hidden` = NULL, `is_highlight` = NULL, `if_affect_others` = NULL, `disable_click` = NULL, `note_field` = NULL, `hint_text` = NULL, `report_id` = NULL WHERE `id` = 'be565059-1234-47f4-88b4-1e8ec9bafa77';
UPDATE `page_layout_fields` SET `page_layout_id` = '007abcd8-7890-4e28-90ec-eda419bff30c', `type` = 'field', `object_field_id` = '6fd7c28c-c40d-4efa-9a79-5447f828e437', `label` = '科室名称', `order` = 1, `colspan` = 6, `is_mandatory` = 1, `is_readonly` = NULL, `display_mode` = 'both', `configurations` = NULL, `deleted` = 0, `created_by` = 1, `created_on` = '2020-08-24 22:32:17', `modified_by` = 1, `modified_on` = '2020-08-25 11:00:34', `is_header` = NULL, `is_with_stars_mask` = NULL, `is_hidden` = NULL, `is_highlight` = NULL, `if_affect_others` = NULL, `disable_click` = NULL, `note_field` = NULL, `hint_text` = NULL, `report_id` = NULL WHERE `id` = 'be565059-8f5b-47f4-88b4-1e8ec9bafa77';
UPDATE `page_layout_fields` SET `page_layout_id` = '007abcd8-7890-4e28-90ec-eda419bff30c', `type` = 'field', `object_field_id` = '14802e02-1b45-4c04-8e6b-94e6dda3118e', `label` = '病房床位数', `order` = 2, `colspan` = 6, `is_mandatory` = NULL, `is_readonly` = NULL, `display_mode` = 'both', `configurations` = NULL, `deleted` = 0, `created_by` = 1, `created_on` = '2020-08-24 22:32:17', `modified_by` = 1, `modified_on` = '2020-08-25 11:07:01', `is_header` = NULL, `is_with_stars_mask` = NULL, `is_hidden` = NULL, `is_highlight` = NULL, `if_affect_others` = NULL, `disable_click` = NULL, `note_field` = NULL, `hint_text` = NULL, `report_id` = NULL WHERE `id` = 'c33f1f09-334b-4c4c-b61a-1255352eff08';
UPDATE `page_layout_fields` SET `page_layout_id` = '007abcd8-7890-4e28-90ec-eda419bff30c', `type` = 'field', `object_field_id` = 'ff09a25f-476f-4aa9-9e31-d9c64190c44f', `label` = '科室主治医师及以上数量', `order` = 3, `colspan` = 6, `is_mandatory` = NULL, `is_readonly` = NULL, `display_mode` = 'both', `configurations` = NULL, `deleted` = 0, `created_by` = 1, `created_on` = '2020-08-24 22:32:17', `modified_by` = 1, `modified_on` = '2020-08-25 11:07:08', `is_header` = NULL, `is_with_stars_mask` = NULL, `is_hidden` = NULL, `is_highlight` = NULL, `if_affect_others` = NULL, `disable_click` = NULL, `note_field` = NULL, `hint_text` = NULL, `report_id` = NULL WHERE `id` = '13338b43-1169-4e20-a011-f50932a4b5f0';
UPDATE `page_layout_fields` SET `page_layout_id` = '007abcd8-7890-4e28-90ec-eda419bff30c', `type` = 'field', `object_field_id` = '079ea99d-a26d-4810-8c51-b1a9d11b75d5', `label` = '肺癌病人占比', `order` = 4, `colspan` = 6, `is_mandatory` = NULL, `is_readonly` = NULL, `display_mode` = 'both', `configurations` = NULL, `deleted` = 0, `created_by` = 1, `created_on` = '2020-08-24 22:32:17', `modified_by` = 1, `modified_on` = '2020-08-25 11:07:22', `is_header` = NULL, `is_with_stars_mask` = NULL, `is_hidden` = NULL, `is_highlight` = NULL, `if_affect_others` = NULL, `disable_click` = NULL, `note_field` = NULL, `hint_text` = NULL, `report_id` = NULL WHERE `id` = '19b79364-63c6-4321-a4e8-e3d4a1e8b13c';
UPDATE `page_layout_fields` SET `page_layout_id` = '007abcd8-7890-4e28-90ec-eda419bff30c', `type` = 'field', `object_field_id` = '07403791-3a84-473c-812c-1db3c9e59c6c', `label` = '2019年月均肺癌病人数量(门诊+病房肺癌病人数)', `order` = 5, `colspan` = 12, `is_mandatory` = NULL, `is_readonly` = NULL, `display_mode` = 'both', `configurations` = NULL, `deleted` = 0, `created_by` = 1, `created_on` = '2020-08-24 22:32:17', `modified_by` = 1, `modified_on` = '2020-08-25 11:07:31', `is_header` = NULL, `is_with_stars_mask` = NULL, `is_hidden` = NULL, `is_highlight` = NULL, `if_affect_others` = NULL, `disable_click` = NULL, `note_field` = NULL, `hint_text` = NULL, `report_id` = NULL WHERE `id` = '312ad275-6342-4539-b047-ca12130a06cc';
UPDATE `page_layout_fields` SET `page_layout_id` = '007abcd8-7890-4e28-90ec-eda419bff30c', `type` = 'field', `object_field_id` = '915d79c2-937e-4296-99b0-1e0d48f8bf75', `label` = '修改人', `order` = 6, `colspan` = 6, `is_mandatory` = NULL, `is_readonly` = 1, `display_mode` = 'view', `configurations` = NULL, `deleted` = 0, `created_by` = 1, `created_on` = '2020-08-24 22:32:17', `modified_by` = 1, `modified_on` = '2020-08-25 11:00:35', `is_header` = NULL, `is_with_stars_mask` = NULL, `is_hidden` = NULL, `is_highlight` = NULL, `if_affect_others` = NULL, `disable_click` = 1, `note_field` = NULL, `hint_text` = NULL, `report_id` = NULL WHERE `id` = '2d378699-958d-4a75-96dd-bded2fb186c3';
UPDATE `page_layout_fields` SET `page_layout_id` = '007abcd8-7890-4e28-90ec-eda419bff30c', `type` = 'field', `object_field_id` = '1f0e06b3-ea1f-4971-892d-4e0e1bfd5093', `label` = '修改时间', `order` = 7, `colspan` = 6, `is_mandatory` = NULL, `is_readonly` = 1, `display_mode` = 'view', `configurations` = NULL, `deleted` = 0, `created_by` = 1, `created_on` = '2020-08-24 22:32:17', `modified_by` = 1, `modified_on` = '2020-08-25 11:00:35', `is_header` = NULL, `is_with_stars_mask` = NULL, `is_hidden` = NULL, `is_highlight` = NULL, `if_affect_others` = NULL, `disable_click` = NULL, `note_field` = NULL, `hint_text` = NULL, `report_id` = NULL WHERE `id` = '1caa1083-278d-40e1-8bf2-ac00b32eb1e6';


UPDATE `object_fields` SET `name` = 'cs_deo_beds', `label` = '床位数' WHERE `id` = '14802e02-1b45-4c04-8e6b-94e6dda3118e';
UPDATE `object_fields` SET `name` = 'cs_dep_docs', `label` = '医生数' WHERE `id` = 'ff09a25f-476f-4aa9-9e31-d9c64190c44f';
UPDATE `object_fields` SET `name` = 'cs_lung_patients_rate', `label` = '肺癌占比人数' WHERE `id` = '079ea99d-a26d-4810-8c51-b1a9d11b75d5';
UPDATE `object_fields` SET `name` = 'cs_dep_ly_patients', `label` = '去年总人数' WHERE `id` = '07403791-3a84-473c-812c-1db3c9e59c6c';

update object_database_columns set used=1 where id in (
select object_database_column_id from object_fields where id in ('14802e02-1b45-4c04-8e6b-94e6dda3118e','ff09a25f-476f-4aa9-9e31-d9c64190c44f','079ea99d-a26d-4810-8c51-b1a9d11b75d5','07403791-3a84-473c-812c-1db3c9e59c6c'));


UPDATE `page_list_fields` SET `page_list_id` = '0bf3eb0b-4567-475a-bcb8-e04c08d52041', `object_field_id` = '14802e02-1b45-4c04-8e6b-94e6dda3118e', `label` = '病房床位数', `order` = 2, `width` = 120, `allow_filter` = 1, `allow_sort` = 1, `is_default` = 1, `configurations` = NULL, `deleted` = 0, `created_by` = 1, `created_on` = '2020-08-24 15:05:15', `modified_by` = 1, `modified_on` = '2020-08-25 11:14:34', `is_mandatory` = NULL, `is_readonly` = NULL, `is_title` = NULL, `values_in_filter` = NULL, `aggregate_func` = NULL, `display_mode` = NULL, `is_group` = NULL, `disable_click` = NULL WHERE `id` = '0017ac43-4567-41eb-99e2-ec227db42bf4';
UPDATE `page_list_fields` SET `page_list_id` = '0bf3eb0b-4567-475a-bcb8-e04c08d52041', `object_field_id` = 'ff09a25f-476f-4aa9-9e31-d9c64190c44f', `label` = '科室主治医师及以上数量', `order` = 3, `width` = 120, `allow_filter` = 1, `allow_sort` = 1, `is_default` = 1, `configurations` = NULL, `deleted` = 0, `created_by` = 1, `created_on` = '2020-08-24 15:05:15', `modified_by` = 1, `modified_on` = '2020-08-25 11:14:40', `is_mandatory` = NULL, `is_readonly` = NULL, `is_title` = NULL, `values_in_filter` = NULL, `aggregate_func` = NULL, `display_mode` = NULL, `is_group` = NULL, `disable_click` = NULL WHERE `id` = '0017ac43-3456-41eb-99e2-ec227db42bf4';
UPDATE `page_list_fields` SET `page_list_id` = '0bf3eb0b-4567-475a-bcb8-e04c08d52041', `object_field_id` = '079ea99d-a26d-4810-8c51-b1a9d11b75d5', `label` = '肺癌病人占比', `order` = 4, `width` = 120, `allow_filter` = 1, `allow_sort` = 1, `is_default` = 1, `configurations` = NULL, `deleted` = 0, `created_by` = 1, `created_on` = '2020-08-24 15:05:15', `modified_by` = 1, `modified_on` = '2020-08-25 11:14:44', `is_mandatory` = NULL, `is_readonly` = NULL, `is_title` = NULL, `values_in_filter` = NULL, `aggregate_func` = NULL, `display_mode` = NULL, `is_group` = NULL, `disable_click` = NULL WHERE `id` = '0017ac43-7890-41eb-99e2-ec227db42bf4';
UPDATE `page_list_fields` SET `page_list_id` = '0bf3eb0b-4567-475a-bcb8-e04c08d52041', `object_field_id` = '07403791-3a84-473c-812c-1db3c9e59c6c', `label` = '2019年月均肺癌病人数量(门诊+病房肺癌病人数)', `order` = 5, `width` = 120, `allow_filter` = 1, `allow_sort` = 1, `is_default` = 1, `configurations` = NULL, `deleted` = 0, `created_by` = 1, `created_on` = '2020-08-24 15:05:15', `modified_by` = 1, `modified_on` = '2020-08-25 11:14:46', `is_mandatory` = NULL, `is_readonly` = NULL, `is_title` = NULL, `values_in_filter` = NULL, `aggregate_func` = NULL, `display_mode` = NULL, `is_group` = NULL, `disable_click` = NULL WHERE `id` = '0017ac43-7832-41eb-99e2-ec227db42bf4';


UPDATE `page_list_fields` SET `page_list_id` = '0bf3eb0b-2345-475a-bcb8-e04c08d52041', `object_field_id` = '6fd7c28c-c40d-4efa-9a79-5447f828e437', `label` = '科室名称', `order` = 1, `width` = 120, `allow_filter` = 0, `allow_sort` = 1, `is_default` = 1, `configurations` = NULL, `deleted` = 0, `created_by` = 1, `created_on` = '2017-01-01 00:00:00', `modified_by` = 1, `modified_on` = '2020-08-25 11:17:46', `is_mandatory` = NULL, `is_readonly` = NULL, `is_title` = NULL, `values_in_filter` = NULL, `aggregate_func` = NULL, `display_mode` = NULL, `is_group` = NULL, `disable_click` = NULL WHERE `id` = '746d3333-dc77-11ea-bc49-0215c63fce1a';
UPDATE `page_list_fields` SET `page_list_id` = '0bf3eb0b-2345-475a-bcb8-e04c08d52041', `object_field_id` = '14802e02-1b45-4c04-8e6b-94e6dda3118e', `label` = '病房床位数', `order` = 2, `width` = 120, `allow_filter` = 0, `allow_sort` = 1, `is_default` = 1, `configurations` = NULL, `deleted` = 0, `created_by` = 1, `created_on` = '2017-01-01 00:00:00', `modified_by` = 1, `modified_on` = '2020-08-25 11:17:55', `is_mandatory` = NULL, `is_readonly` = NULL, `is_title` = NULL, `values_in_filter` = NULL, `aggregate_func` = NULL, `display_mode` = NULL, `is_group` = NULL, `disable_click` = NULL WHERE `id` = '746d3333-dc77-11ea-bc49-0215c63fce1b';
UPDATE `page_list_fields` SET `page_list_id` = '0bf3eb0b-2345-475a-bcb8-e04c08d52041', `object_field_id` = 'ff09a25f-476f-4aa9-9e31-d9c64190c44f', `label` = '科室主治医师及以上数量', `order` = 3, `width` = 120, `allow_filter` = 0, `allow_sort` = 1, `is_default` = 1, `configurations` = NULL, `deleted` = 0, `created_by` = 1, `created_on` = '2017-01-01 00:00:00', `modified_by` = 1, `modified_on` = '2020-08-25 11:17:59', `is_mandatory` = NULL, `is_readonly` = NULL, `is_title` = NULL, `values_in_filter` = NULL, `aggregate_func` = NULL, `display_mode` = NULL, `is_group` = NULL, `disable_click` = NULL WHERE `id` = '746d3333-dc77-11ea-bc49-0215c63fce1c';
UPDATE `page_list_fields` SET `page_list_id` = '0bf3eb0b-2345-475a-bcb8-e04c08d52041', `object_field_id` = '079ea99d-a26d-4810-8c51-b1a9d11b75d5', `label` = '肺癌病人占比', `order` = 4, `width` = 120, `allow_filter` = 0, `allow_sort` = 1, `is_default` = 1, `configurations` = NULL, `deleted` = 0, `created_by` = 1, `created_on` = '2017-01-01 00:00:00', `modified_by` = 1, `modified_on` = '2020-08-25 11:18:03', `is_mandatory` = NULL, `is_readonly` = NULL, `is_title` = NULL, `values_in_filter` = NULL, `aggregate_func` = NULL, `display_mode` = NULL, `is_group` = NULL, `disable_click` = NULL WHERE `id` = '746d3333-dc77-11ea-bc49-0215c63fce1d';
UPDATE `page_list_fields` SET `page_list_id` = '0bf3eb0b-2345-475a-bcb8-e04c08d52041', `object_field_id` = '07403791-3a84-473c-812c-1db3c9e59c6c', `label` = '2019年月均肺癌病人数量(门诊+病房肺癌病人数)', `order` = 5, `width` = 200, `allow_filter` = 0, `allow_sort` = 1, `is_default` = 1, `configurations` = NULL, `deleted` = 0, `created_by` = 1, `created_on` = '2017-01-01 00:00:00', `modified_by` = 1, `modified_on` = '2020-08-25 11:18:05', `is_mandatory` = NULL, `is_readonly` = NULL, `is_title` = NULL, `values_in_filter` = NULL, `aggregate_func` = NULL, `display_mode` = NULL, `is_group` = NULL, `disable_click` = NULL WHERE `id` = '746d3333-dc77-11ea-bc49-0215c63fce1e';
UPDATE `page_list_fields` SET `page_list_id` = '0bf3eb0b-2345-475a-bcb8-e04c08d52041', `object_field_id` = '915d79c2-937e-4296-99b0-1e0d48f8bf75', `label` = '修改人', `order` = 6, `width` = 120, `allow_filter` = 0, `allow_sort` = 1, `is_default` = 1, `configurations` = NULL, `deleted` = 0, `created_by` = 1, `created_on` = '2020-08-24 19:15:03', `modified_by` = 1, `modified_on` = '2020-08-24 13:25:20', `is_mandatory` = NULL, `is_readonly` = NULL, `is_title` = NULL, `values_in_filter` = NULL, `aggregate_func` = NULL, `display_mode` = NULL, `is_group` = NULL, `disable_click` = NULL WHERE `id` = '746d3333-dc77-11ea-bc49-0215c63fc234';
UPDATE `page_list_fields` SET `page_list_id` = '0bf3eb0b-2345-475a-bcb8-e04c08d52041', `object_field_id` = '1f0e06b3-ea1f-4971-892d-4e0e1bfd5093', `label` = '修改时间', `order` = 7, `width` = 120, `allow_filter` = 0, `allow_sort` = 1, `is_default` = 1, `configurations` = NULL, `deleted` = 0, `created_by` = 1, `created_on` = '2020-08-24 11:16:03', `modified_by` = 1, `modified_on` = '2020-08-24 13:25:23', `is_mandatory` = NULL, `is_readonly` = NULL, `is_title` = NULL, `values_in_filter` = NULL, `aggregate_func` = NULL, `display_mode` = NULL, `is_group` = NULL, `disable_click` = NULL WHERE `id` = '746d3333-dc77-11ea-bc49-0215c63fc445';


UPDATE `page_lists` SET `detail_disabled` = 1 WHERE `id` = '0bf3eb0b-2345-475a-bcb8-e04c08d52041';
UPDATE `page_list_fields` SET `page_list_id` = '0bf3eb0b-2345-475a-bcb8-e04c08d52041', `object_field_id` = '915d79c2-937e-4296-99b0-1e0d48f8bf75', `label` = '修改人', `order` = 6, `width` = 120, `allow_filter` = 0, `allow_sort` = 1, `is_default` = 1, `configurations` = NULL, `deleted` = 0, `created_by` = 1, `created_on` = '2020-08-24 19:15:03', `modified_by` = 1, `modified_on` = '2020-08-25 11:21:38', `is_mandatory` = NULL, `is_readonly` = NULL, `is_title` = NULL, `values_in_filter` = NULL, `aggregate_func` = NULL, `display_mode` = NULL, `is_group` = NULL, `disable_click` = 1 WHERE `id` = '746d3333-dc77-11ea-bc49-0215c63fc234';
