-- -----------------------------------------------------微信端 Start-----------------------------------------------------------
-- 协同访问-未完成page_layout字段
UPDATE `page_layout_fields` SET `label` = '协访状态' WHERE (`id` = 'f642345c-b400-4fdf-a71e-fbabdae3a50b');
UPDATE `page_layout_fields` SET `label` = '协访日期' WHERE (`id` = '242f23e2-ca28-4e3c-a1e6-9e70a324b0c1');
UPDATE `page_layout_fields` SET `label` = '拜访人' WHERE (`id` = '0351f746-b0a1-4e57-80fa-d3feed3f5095');
UPDATE `page_layout_fields` SET `deleted` = '1' WHERE (`id` = '867c0ade-cae3-4296-9956-8e66ba59ccb3');
INSERT INTO `page_layout_fields` (`id`, `page_layout_id`, `type`, `label`, `order`, `colspan`, `is_mandatory`, `is_readonly`, `display_mode`, `deleted`, `created_by`, `created_on`, `modified_by`, `modified_on`, `is_with_stars_mask`) VALUES ('c45ff92f-a242-40e2-8796-ce935e391033', '5b0d5c24-08fb-4101-bc0b-93a49e182f10', 'section', '总体表现', '10', '12', '0', '1', 'both', '0', '1', '2020-03-05 07:47:48', '1', '2020-03-05 07:47:48', '0');
UPDATE `page_layout_fields` SET `label` = '异议处理' WHERE (`id` = 'emi449c2-2b44-61e8-b6c8-02f90e0f46f0');
UPDATE `page_layout_fields` SET `object_field_id` = '3e7eb870-75a3-11e6-b6fc-5cc5d4b571d2', `label` = '有效缔结' WHERE (`id` = 'emi840cb-2b44-61e8-b6c8-02f90e0f46f0');
UPDATE `page_layout_fields` SET `deleted` = '1' WHERE (`id` = 'emi640cb-2b44-61e8-b6c8-02f90e0f46f0');
UPDATE `page_layout_fields` SET `object_field_id` = '3e215630-75a3-11e6-a0d2-5cc5d4b571d2', `label` = '呈现利益', `order` = '28' WHERE (`id` = 'emi9732a-2b44-61e8-b6c8-02f90e0f46f0');

-- object_field字段
UPDATE `object_fields` SET `picklist_type` = 'rating' WHERE (`id` = '3e215630-75a3-11e6-a0d2-5cc5d4b571d2');
UPDATE `object_fields` SET `picklist_type` = 'rating' WHERE (`id` = '3e7eb870-75a3-11e6-b6fc-5cc5d4b571d2');

-- picklist修正
INSERT INTO `picklist_values` (`id`, `picklist_id`, `name`, `label`, `order`, `deleted`, `created_by`, `created_on`, `modified_by`, `modified_on`, `source`) VALUES ('3c6d1049-75a3-11e6-932a-5cc5d4b571d2', '3bdb5dcf-75a3-11e6-8bc8-5cc5d4b571d2', 'very_good', '很好', '4', '0', '1', '2017-05-15 05:18:59', '1', '2016-09-08 17:04:24', 'custom');
INSERT INTO `picklist_values` (`id`, `picklist_id`, `name`, `label`, `order`, `deleted`, `created_by`, `created_on`, `modified_by`, `modified_on`, `source`) VALUES ('3c6d1050-75a3-11e6-932a-5cc5d4b571d2', '3bdb5dcf-75a3-11e6-8bc8-5cc5d4b571d2', 'perfect', '非常好', '5', '0', '1', '2017-05-15 05:18:59', '1', '2016-09-08 17:04:24', 'custom');
UPDATE `picklist_values` SET `name` = 'bad', `label` = '差' WHERE (`id` = '3c5dd440-75a3-11e6-9cb5-5cc5d4b571d2');
UPDATE `picklist_values` SET `name` = 'normal', `label` = '一般' WHERE (`id` = '3c65755e-75a3-11e6-bdab-5cc5d4b571d2');
UPDATE `picklist_values` SET `name` = 'good', `label` = '好' WHERE (`id` = '3c6d649e-75a3-11e6-932a-5cc5d4b571d2');
INSERT INTO `picklist_values` (`id`, `picklist_id`, `name`, `label`, `order`, `deleted`, `created_by`, `created_on`, `modified_by`, `modified_on`, `source`) VALUES ('3ca31051-75a3-11e6-a480-5cc5d4b571d2', '3be7e0f0-75a3-11e6-8635-5cc5d4b571d2', 'very_good', '很好', '4', '0', '1', '2017-05-15 05:18:59', '1', '2016-09-08 17:04:24', 'custom');
INSERT INTO `picklist_values` (`id`, `picklist_id`, `name`, `label`, `order`, `deleted`, `created_by`, `created_on`, `modified_by`, `modified_on`, `source`) VALUES ('3ca31052-75a3-11e6-a480-5cc5d4b571d2', '3be7e0f0-75a3-11e6-8635-5cc5d4b571d2', 'perfect', '非常好', '5', '0', '1', '2017-05-15 05:18:59', '1', '2016-09-08 17:04:24', 'custom');
UPDATE `picklist_values` SET `name` = 'bad', `label` = '差' WHERE (`id` = '3c8e5a21-75a3-11e6-9be0-5cc5d4b571d2');
UPDATE `picklist_values` SET `name` = 'normal', `label` = '一般' WHERE (`id` = '3c97f70f-75a3-11e6-a537-5cc5d4b571d2');
UPDATE `picklist_values` SET `name` = 'good', `label` = '好' WHERE (`id` = '3ca341ae-75a3-11e6-a480-5cc5d4b571d2');
INSERT INTO `picklist_values` (`id`, `picklist_id`, `name`, `label`, `order`, `deleted`, `created_by`, `created_on`, `modified_by`, `modified_on`, `source`) VALUES ('3cc61054-75a3-11e6-9ef5-5cc5d4b571d2', '3bee2280-75a3-11e6-beaf-5cc5d4b571d2', 'very_good', '很好', '4', '0', '1', '2017-05-15 05:18:59', '1', '2016-09-08 17:04:24', 'custom');
INSERT INTO `picklist_values` (`id`, `picklist_id`, `name`, `label`, `order`, `deleted`, `created_by`, `created_on`, `modified_by`, `modified_on`, `source`) VALUES ('3cc61055-75a3-11e6-9ef5-5cc5d4b571d2', '3bee2280-75a3-11e6-beaf-5cc5d4b571d2', 'perfect', '非常好', '5', '0', '1', '2017-05-15 05:18:59', '1', '2016-09-08 17:04:24', 'custom');
UPDATE `picklist_values` SET `name` = 'bad', `label` = '差' WHERE (`id` = '3caeb35e-75a3-11e6-96f3-5cc5d4b571d2');
UPDATE `picklist_values` SET `name` = 'normal', `label` = '一般' WHERE (`id` = '3cba4c1e-75a3-11e6-9954-5cc5d4b571d2');
UPDATE `picklist_values` SET `name` = 'good', `label` = '好' WHERE (`id` = '3cc6f651-75a3-11e6-9ef5-5cc5d4b571d2');
INSERT INTO `picklist_values` (`id`, `picklist_id`, `name`, `label`, `order`, `deleted`, `created_by`, `created_on`, `modified_by`, `modified_on`, `source`) VALUES ('3cdf1056-75a3-11e6-a840-5cc5d4b571d2', '3bf4d940-75a3-11e6-ae9d-5cc5d4b571d2', 'very_good', '很好', '4', '0', '1', '2017-05-15 05:18:59', '1', '2016-09-08 17:04:24', 'custom');
INSERT INTO `picklist_values` (`id`, `picklist_id`, `name`, `label`, `order`, `deleted`, `created_by`, `created_on`, `modified_by`, `modified_on`, `source`) VALUES ('3cdf1057-75a3-11e6-a840-5cc5d4b571d2', '3bf4d940-75a3-11e6-ae9d-5cc5d4b571d2', 'perfect', '非常好', '5', '0', '1', '2017-05-15 05:18:59', '1', '2016-09-08 17:04:24', 'custom');
UPDATE `picklist_values` SET `name` = 'bad', `label` = '差' WHERE (`id` = '3ccee58f-75a3-11e6-a14d-5cc5d4b571d2');
UPDATE `picklist_values` SET `name` = 'normal', `label` = '一般' WHERE (`id` = '3cd722f0-75a3-11e6-9063-5cc5d4b571d2');
UPDATE `picklist_values` SET `name` = 'good', `label` = '好' WHERE (`id` = '3cdf604f-75a3-11e6-a840-5cc5d4b571d2');
INSERT INTO `picklist_values` (`id`, `picklist_id`, `name`, `label`, `order`, `deleted`, `created_by`, `created_on`, `modified_by`, `modified_on`, `source`) VALUES ('3d3e1058-75a3-11e6-b8e2-5cc5d4b571d2', '3c1643f0-75a3-11e6-8b88-5cc5d4b571d2', 'very_good', '很好', '4', '0', '1', '2017-05-15 05:18:59', '1', '2016-09-08 17:04:25', 'custom');
INSERT INTO `picklist_values` (`id`, `picklist_id`, `name`, `label`, `order`, `deleted`, `created_by`, `created_on`, `modified_by`, `modified_on`, `source`) VALUES ('3d3e1059-75a3-11e6-b8e2-5cc5d4b571d2', '3c1643f0-75a3-11e6-8b88-5cc5d4b571d2', 'perfect', '非常好', '5', '0', '1', '2017-05-15 05:18:59', '1', '2016-09-08 17:04:25', 'custom');
UPDATE `picklist_values` SET `name` = 'bad', `label` = '差' WHERE (`id` = '3d2f06f0-75a3-11e6-a1d5-5cc5d4b571d2');
UPDATE `picklist_values` SET `name` = 'normal', `label` = '一般' WHERE (`id` = '3d36cf1e-75a3-11e6-99db-5cc5d4b571d2');
UPDATE `picklist_values` SET `name` = 'good', `label` = '好' WHERE (`id` = '3d3ee570-75a3-11e6-b8e2-5cc5d4b571d2');

-- 按钮
UPDATE `object_actions` SET `is_need_update` = '1' WHERE (`id` = '49564b4f-75a3-11e6-9e9d-5cc5d4b571d2');
INSERT INTO `object_actions` (`id`, `object_id`, `type`, `source`, `target_object_state_id`, `target_display_mode`, `name`, `icon`, `label`, `is_need_create`, `is_need_delete`, `is_need_read`, `is_need_update`, `deleted`, `created_by`, `created_on`, `modified_by`, `modified_on`, `message`, `locked_by_state`, `owner_only`, `is_need_export`, `is_need_import`, `show_in_approval`, `is_need_pre_check`, `pre_check_label`) VALUES ('c7d8cf1e-78b4-11e6-97cc-5cc5d4b51115', '3bb97df0-75a3-11e6-b1d3-5cc5d4b571d2', 'action', 'custom', '4445e851-75a3-11e6-a77d-5cc5d4b571d2', 'all', 'save_finish', 'veev-save-complete', '保存并完成', '0', '0', '0', '0', '0', '1', '2018-12-19 11:42:55', '1', '2019-12-23 11:32:35', '协访完成后不可修改，是否确认完成?', '1', '1', '0', '0', '0', '0', '0');

-- page_layout按钮
INSERT INTO `page_layout_actions` (`id`, `page_layout_id`, `object_action_id`, `display_mode`, `order`, `deleted`, `created_by`, `created_on`, `modified_by`, `modified_on`, `is_need_pre_check`, `pre_check_label`) VALUES ('49961117-75a3-11e6-b3a6-5cc5d4b571d2', '5b0d5c24-08fb-4101-bc0b-93a49e182f10', 'c7d8cf1e-78b4-11e6-97cc-5cc5d4b51115', 'edit', '3', '0', '1', '2017-01-01 00:00:00', '1', '2020-08-21 03:34:53', '0', '0');

-- 协访object权限
UPDATE `role_to_object_permissions` SET `allow_update` = '1' WHERE (`id` = 'bfc40670-b7fe-4519-a283-c91170fc106a');
UPDATE `role_to_object_permissions` SET `allow_create` = '0' WHERE (`id` = '4951b152-8907-4ff3-b14e-70b3238c3f30');
UPDATE `role_to_object_permissions` SET `allow_create` = '0' WHERE (`id` = '69946879-b173-4cd7-b2af-f538de9da79f');
UPDATE `role_to_object_permissions` SET `allow_update` = '1' WHERE (`id` = 'cd2f2efa-33f5-4622-a48f-94c0671eb3d3');

-- 协同访问-已完成page_layout字段
UPDATE `page_layout_fields` SET `label` = '协访状态' WHERE (`id` = '4c57b6ad-978f-45f1-8e59-c61527c19a55');
UPDATE `page_layout_fields` SET `label` = '协访日期' WHERE (`id` = '1ef35401-9b13-4b76-b372-587ebdc8ca18');
UPDATE `page_layout_fields` SET `deleted` = '1' WHERE (`id` = 'fe37cc4a-4186-4cba-a2bb-8c9a36c5d11f');
DELETE FROM `page_layout_fields` WHERE (`id` = '499bb3b9-b194-4edd-8a55-74562a7f1e61');
DELETE FROM `page_layout_fields` WHERE (`id` = '97206a46-0393-4199-88be-575da9d7069f');
DELETE FROM `page_layout_fields` WHERE (`id` = '9e827535-3d4f-4352-8b03-778d6eaa4fe8');
DELETE FROM `page_layout_fields` WHERE (`id` = '9afadcbb-fa38-4bc4-ae2a-a1df93f6cb4a');
DELETE FROM `page_layout_fields` WHERE (`id` = '2e7d688e-7a05-412c-89f2-2eede2ccbcf6');
DELETE FROM `page_layout_fields` WHERE (`id` = '0fdafd5b-eac8-4da4-8980-4c6d269ba83f');
DELETE FROM `page_layout_fields` WHERE (`id` = '0eb5ec73-145c-4a06-8f2d-ac653fcbbad0');
DELETE FROM `page_layout_fields` WHERE (`id` = 'd8050520-5fee-4715-a6cc-6ecf9b0979f2');
DELETE FROM `page_layout_fields` WHERE (`id` = '19d3f543-579b-4fbe-a016-ba820ebe5b18');
UPDATE `page_layout_fields` SET `order` = '60' WHERE (`id` = 'efdf261f-752c-418e-a181-303d6dae2196');
UPDATE `page_layout_fields` SET `order` = '65' WHERE (`id` = 'd368c940-c3c2-4109-b8de-bfb10301df3e');
INSERT INTO `page_layout_fields` (`id`, `page_layout_id`, `type`, `object_field_id`, `label`, `order`, `colspan`, `is_mandatory`, `is_readonly`, `display_mode`, `deleted`, `created_by`, `created_on`, `modified_by`, `modified_on`, `is_with_stars_mask`) VALUES ('ac01732a-2b44-61e8-b6c8-02f90e0f46f0', '450a70cf-75a3-11e6-ab75-5cc5d4b571d2', 'field', '3de0f1cf-75a3-11e6-bb2e-5cc5d4b571d2', '访前准备', '16', '6', '1', '0', 'both', '0', '1', '2018-11-13 11:23:48', '1', '2020-07-31 00:14:07', '0');
INSERT INTO `page_layout_fields` (`id`, `page_layout_id`, `type`, `object_field_id`, `label`, `order`, `colspan`, `is_mandatory`, `is_readonly`, `display_mode`, `deleted`, `created_by`, `created_on`, `modified_by`, `modified_on`, `is_with_stars_mask`) VALUES ('ac02732a-2b44-61e8-b6c8-02f90e0f46f0', '450a70cf-75a3-11e6-ab75-5cc5d4b571d2', 'field', '3e06a240-75a3-11e6-9a75-5cc5d4b571d2', '探询需求', '25', '6', '1', '0', 'both', '0', '1', '2018-11-13 11:23:48', '1', '2020-07-31 00:14:26', '0');
INSERT INTO `page_layout_fields` (`id`, `page_layout_id`, `type`, `object_field_id`, `label`, `order`, `colspan`, `is_mandatory`, `is_readonly`, `display_mode`, `deleted`, `created_by`, `created_on`, `modified_by`, `modified_on`, `is_with_stars_mask`) VALUES ('ac03732a-2b44-61e8-b6c8-02f90e0f46f0', '450a70cf-75a3-11e6-ab75-5cc5d4b571d2', 'field', '3e215630-75a3-11e6-a0d2-5cc5d4b571d2', '呈现利益', '28', '6', '1', '0', 'both', '0', '1', '2018-11-13 11:23:48', '1', '2020-08-21 02:42:49', '0');
INSERT INTO `page_layout_fields` (`id`, `page_layout_id`, `type`, `object_field_id`, `label`, `order`, `colspan`, `is_mandatory`, `is_readonly`, `display_mode`, `deleted`, `created_by`, `created_on`, `modified_by`, `modified_on`, `is_with_stars_mask`) VALUES ('ac0449c2-2b44-61e8-b6c8-02f90e0f46f0', '450a70cf-75a3-11e6-ab75-5cc5d4b571d2', 'field', '3e341ade-75a3-11e6-9b38-5cc5d4b571d2', '异议处理', '30', '6', '1', '0', 'both', '0', '1', '2018-11-13 11:23:48', '1', '2020-08-21 02:41:17', '0');
INSERT INTO `page_layout_fields` (`id`, `page_layout_id`, `type`, `object_field_id`, `label`, `order`, `colspan`, `is_mandatory`, `is_readonly`, `display_mode`, `deleted`, `created_by`, `created_on`, `modified_by`, `modified_on`, `is_with_stars_mask`) VALUES ('ac0540cb-2b44-61e8-b6c8-02f90e0f46f0', '450a70cf-75a3-11e6-ab75-5cc5d4b571d2', 'field', '3e7eb870-75a3-11e6-b6fc-5cc5d4b571d2', '有效缔结', '40', '6', '1', '0', 'both', '0', '1', '2018-11-13 11:23:48', '1', '2020-08-21 02:41:17', '0');

INSERT INTO `page_layout_assignments` (`id`, `role_id`, `object_record_type_id`, `object_state_id`, `page_layout_id`, `deleted`, `created_by`, `created_on`, `modified_by`, `modified_on`) VALUES ('ec4e299e-106b-1350-8497-5cc5d4d378cb', '5a013aaa-b5c5-11ea-aab5-0215c63fce1a', '441d51b0-75a3-11e6-a00a-5cc5d4b571d2', '4445e851-75a3-11e6-a77d-5cc5d4b571d2', '4502818f-75a3-11e6-890f-5cc5d4b571d2', '0', '1', '2017-04-06 12:22:15', '1', '2017-04-06 12:22:15');
UPDATE `page_layout_assignments` SET `page_layout_id` = '450a70cf-75a3-11e6-ab75-5cc5d4b571d2' WHERE (`id` = 'ec4e299e-106b-1350-8497-5cc5d4d378cb');

-- 协同拜访-已完成-代表
UPDATE `page_layout_fields` SET `label` = '协访状态' WHERE (`id` = '98c01367-cbc2-418e-8047-f7243f605e1c');
UPDATE `page_layout_fields` SET `label` = '协访日期' WHERE (`id` = '353d8648-ea81-4743-b63c-e50f7eec3e7a');
UPDATE `page_layout_fields` SET `deleted` = '1' WHERE (`id` = '00132974-1fde-483f-b788-a0b2b9fa67ea');
DELETE FROM `page_layout_fields` WHERE (`id` = 'd95dda90-d324-4da1-9498-8f4699a22deb');
DELETE FROM `page_layout_fields` WHERE (`id` = '1084f71d-caad-4863-93a9-d68dbba2babf');
DELETE FROM `page_layout_fields` WHERE (`id` = '246d7507-3aa9-4cb8-ad8e-7cfd0a3fb624');
DELETE FROM `page_layout_fields` WHERE (`id` = 'b1d0c5db-6d2a-45e9-b232-14d5b589cb43');
DELETE FROM `page_layout_fields` WHERE (`id` = '649777ae-3929-4d50-9894-4f3486d36e66');
DELETE FROM `page_layout_fields` WHERE (`id` = '3d433f2a-0f56-4ed6-a6dc-d21335d93526');
DELETE FROM `page_layout_fields` WHERE (`id` = '80ee7a2b-7c43-40bb-8506-9a207f3fb7b3');
DELETE FROM `page_layout_fields` WHERE (`id` = '27558e3a-5981-4231-b1b1-8c6507e6b1a9');
DELETE FROM `page_layout_fields` WHERE (`id` = '629df3ac-82c1-433e-b61e-526233510163');
UPDATE `page_layout_fields` SET `order` = '60' WHERE (`id` = 'f43507f5-e108-4b59-b6b2-9e2e3282288b');
UPDATE `page_layout_fields` SET `order` = '65' WHERE (`id` = '6de409a8-3e3c-4e61-b1d8-8a39e9ab0597');
INSERT INTO `page_layout_fields` (`id`, `page_layout_id`, `type`, `object_field_id`, `label`, `order`, `colspan`, `is_mandatory`, `is_readonly`, `display_mode`, `deleted`, `created_by`, `created_on`, `modified_by`, `modified_on`, `is_with_stars_mask`) VALUES ('ac11732a-2b44-61e8-b6c8-02f90e0f46f0', '450a70cf-75a3-11e6-ab75-5cc5d4b571d3', 'field', '3de0f1cf-75a3-11e6-bb2e-5cc5d4b571d2', '访前准备', '16', '6', '1', '0', 'both', '0', '1', '2018-11-13 11:23:48', '1', '2020-07-31 00:14:07', '0');
INSERT INTO `page_layout_fields` (`id`, `page_layout_id`, `type`, `object_field_id`, `label`, `order`, `colspan`, `is_mandatory`, `is_readonly`, `display_mode`, `deleted`, `created_by`, `created_on`, `modified_by`, `modified_on`, `is_with_stars_mask`) VALUES ('ac12732a-2b44-61e8-b6c8-02f90e0f46f0', '450a70cf-75a3-11e6-ab75-5cc5d4b571d3', 'field', '3e06a240-75a3-11e6-9a75-5cc5d4b571d2', '探询需求', '25', '6', '1', '0', 'both', '0', '1', '2018-11-13 11:23:48', '1', '2020-07-31 00:14:26', '0');
INSERT INTO `page_layout_fields` (`id`, `page_layout_id`, `type`, `object_field_id`, `label`, `order`, `colspan`, `is_mandatory`, `is_readonly`, `display_mode`, `deleted`, `created_by`, `created_on`, `modified_by`, `modified_on`, `is_with_stars_mask`) VALUES ('ac13732a-2b44-61e8-b6c8-02f90e0f46f0', '450a70cf-75a3-11e6-ab75-5cc5d4b571d3', 'field', '3e215630-75a3-11e6-a0d2-5cc5d4b571d2', '呈现利益', '28', '6', '1', '0', 'both', '0', '1', '2018-11-13 11:23:48', '1', '2020-08-21 02:42:49', '0');
INSERT INTO `page_layout_fields` (`id`, `page_layout_id`, `type`, `object_field_id`, `label`, `order`, `colspan`, `is_mandatory`, `is_readonly`, `display_mode`, `deleted`, `created_by`, `created_on`, `modified_by`, `modified_on`, `is_with_stars_mask`) VALUES ('ac1449c2-2b44-61e8-b6c8-02f90e0f46f0', '450a70cf-75a3-11e6-ab75-5cc5d4b571d3', 'field', '3e341ade-75a3-11e6-9b38-5cc5d4b571d2', '异议处理', '30', '6', '1', '0', 'both', '0', '1', '2018-11-13 11:23:48', '1', '2020-08-21 02:41:17', '0');
INSERT INTO `page_layout_fields` (`id`, `page_layout_id`, `type`, `object_field_id`, `label`, `order`, `colspan`, `is_mandatory`, `is_readonly`, `display_mode`, `deleted`, `created_by`, `created_on`, `modified_by`, `modified_on`, `is_with_stars_mask`) VALUES ('ac1540cb-2b44-61e8-b6c8-02f90e0f46f0', '450a70cf-75a3-11e6-ab75-5cc5d4b571d3', 'field', '3e7eb870-75a3-11e6-b6fc-5cc5d4b571d2', '有效缔结', '40', '6', '1', '0', 'both', '0', '1', '2018-11-13 11:23:48', '1', '2020-08-21 02:41:17', '0');
UPDATE `page_layout_assignments` SET `page_layout_id` = '5b0d5c24-08fb-4101-bc0b-93a49e182f10' WHERE (`id` = '8037fc4e-40f9-4759-83d0-931d9e21eac9');
INSERT INTO `page_layout_actions` (`id`, `page_layout_id`, `object_action_id`, `display_mode`, `order`, `deleted`, `created_by`, `created_on`, `modified_by`, `modified_on`, `is_need_pre_check`, `pre_check_label`) VALUES ('hxf58d70-75a3-11e6-a1a9-5cc5d4b571d2', '450a70cf-75a3-11e6-ab75-5cc5d4b571d3', '19657580-e7e0-11e8-b6c8-02f90e0f46f0', 'view', '5', '0', '1', '2017-01-01 00:00:00', '1', '2017-01-01 00:00:00', '0', '0');
UPDATE `object_actions` SET `is_need_create` = '0' WHERE (`id` = '19657580-e7e0-11e8-b6c8-02f90e0f46f0');

-- 协同拜访-page_layout统一授权
INSERT INTO `page_layout_assignments` (`id`, `role_id`, `object_record_type_id`, `object_state_id`, `page_layout_id`, `deleted`, `created_by`, `created_on`, `modified_by`, `modified_on`, `tips`) VALUES ('9c393a91-de80-49a4-996d-31b721338830', 'b74845ad-b5fe-11ea-aab5-0215c63fce1a', '441d51b0-75a3-11e6-a00a-5cc5d4b571d2', '443d5cd1-75a3-11e6-a19f-5cc5d4b571d2', '5b0d5c24-08fb-4101-bc0b-93a49e182f10', '0', '1', '2020-03-05 07:47:49', '1', '2020-03-05 07:47:49', 'null');
INSERT INTO `page_layout_assignments` (`id`, `role_id`, `object_record_type_id`, `object_state_id`, `page_layout_id`, `deleted`, `created_by`, `created_on`, `modified_by`, `modified_on`, `tips`) VALUES ('9c393a91-de81-49a4-996d-31b721338830', '53de9671-1da3-11e6-93fb-5cc5d4b57136', '441d51b0-75a3-11e6-a00a-5cc5d4b571d2', '443d5cd1-75a3-11e6-a19f-5cc5d4b571d2', '5b0d5c24-08fb-4101-bc0b-93a49e182f10', '0', '1', '2020-03-05 07:47:49', '1', '2020-03-05 07:47:49', 'null');
INSERT INTO `page_layout_assignments` (`id`, `role_id`, `object_record_type_id`, `object_state_id`, `page_layout_id`, `deleted`, `created_by`, `created_on`, `modified_by`, `modified_on`, `tips`) VALUES ('9c393a91-de82-49a4-996d-31b721338830', '20228999-b5ff-11ea-aab5-0215c63fce1a', '441d51b0-75a3-11e6-a00a-5cc5d4b571d2', '443d5cd1-75a3-11e6-a19f-5cc5d4b571d2', '5b0d5c24-08fb-4101-bc0b-93a49e182f10', '0', '1', '2020-03-05 07:47:49', '1', '2020-03-05 07:47:49', 'null');
INSERT INTO `page_layout_assignments` (`id`, `role_id`, `object_record_type_id`, `object_state_id`, `page_layout_id`, `deleted`, `created_by`, `created_on`, `modified_by`, `modified_on`, `tips`) VALUES ('9c393a91-de83-49a4-996d-31b721338830', 'a99fcd69-b5ff-11ea-aab5-0215c63fce1a', '441d51b0-75a3-11e6-a00a-5cc5d4b571d2', '443d5cd1-75a3-11e6-a19f-5cc5d4b571d2', '5b0d5c24-08fb-4101-bc0b-93a49e182f10', '0', '1', '2020-03-05 07:47:49', '1', '2020-03-05 07:47:49', 'null');
INSERT INTO `page_layout_assignments` (`id`, `role_id`, `object_record_type_id`, `object_state_id`, `page_layout_id`, `deleted`, `created_by`, `created_on`, `modified_by`, `modified_on`, `tips`) VALUES ('9c393a91-de84-49a4-996d-31b721338830', 'b72453fc-efdb-11e9-b9aa-0298a739deb2', '441d51b0-75a3-11e6-a00a-5cc5d4b571d2', '443d5cd1-75a3-11e6-a19f-5cc5d4b571d2', '5b0d5c24-08fb-4101-bc0b-93a49e182f10', '0', '1', '2020-03-05 07:47:49', '1', '2020-03-05 07:47:49', 'null');
INSERT INTO `page_layout_assignments` (`id`, `role_id`, `object_record_type_id`, `object_state_id`, `page_layout_id`, `deleted`, `created_by`, `created_on`, `modified_by`, `modified_on`, `tips`) VALUES ('9c393a91-de85-49a4-996d-31b721338830', 'b72453fc-efdb-11e9-b9aa-0298a739dec0', '441d51b0-75a3-11e6-a00a-5cc5d4b571d2', '443d5cd1-75a3-11e6-a19f-5cc5d4b571d2', '5b0d5c24-08fb-4101-bc0b-93a49e182f10', '0', '1', '2020-03-05 07:47:49', '1', '2020-03-05 07:47:49', 'null');
INSERT INTO `page_layout_assignments` (`id`, `role_id`, `object_record_type_id`, `object_state_id`, `page_layout_id`, `deleted`, `created_by`, `created_on`, `modified_by`, `modified_on`, `tips`) VALUES ('9c393a91-de86-49a4-996d-31b721338830', '53de9674-1da3-11e6-ac97-5cc5d4b57137', '441d51b0-75a3-11e6-a00a-5cc5d4b571d2', '443d5cd1-75a3-11e6-a19f-5cc5d4b571d2', '5b0d5c24-08fb-4101-bc0b-93a49e182f10', '0', '1', '2020-03-05 07:47:49', '1', '2020-03-05 07:47:49', 'null');
INSERT INTO `page_layout_assignments` (`id`, `role_id`, `object_record_type_id`, `object_state_id`, `page_layout_id`, `deleted`, `created_by`, `created_on`, `modified_by`, `modified_on`, `tips`) VALUES ('9c393a91-de87-49a4-996d-31b721338830', '72e462a0-b600-11ea-aab5-0215c63fce1a', '441d51b0-75a3-11e6-a00a-5cc5d4b571d2', '443d5cd1-75a3-11e6-a19f-5cc5d4b571d2', '5b0d5c24-08fb-4101-bc0b-93a49e182f10', '0', '1', '2020-03-05 07:47:49', '1', '2020-03-05 07:47:49', 'null');
INSERT INTO `page_layout_assignments` (`id`, `role_id`, `object_record_type_id`, `object_state_id`, `page_layout_id`, `deleted`, `created_by`, `created_on`, `modified_by`, `modified_on`, `tips`) VALUES ('9c393a91-de88-49a4-996d-31b721338830', 'bfb15d2f-b600-11ea-aab5-0215c63fce1a', '441d51b0-75a3-11e6-a00a-5cc5d4b571d2', '443d5cd1-75a3-11e6-a19f-5cc5d4b571d2', '5b0d5c24-08fb-4101-bc0b-93a49e182f10', '0', '1', '2020-03-05 07:47:49', '1', '2020-03-05 07:47:49', 'null');
INSERT INTO `page_layout_assignments` (`id`, `role_id`, `object_record_type_id`, `object_state_id`, `page_layout_id`, `deleted`, `created_by`, `created_on`, `modified_by`, `modified_on`, `tips`) VALUES ('9c393a91-de89-49a4-996d-31b721338830', '02ebda16-b601-11ea-aab5-0215c63fce1a', '441d51b0-75a3-11e6-a00a-5cc5d4b571d2', '443d5cd1-75a3-11e6-a19f-5cc5d4b571d2', '5b0d5c24-08fb-4101-bc0b-93a49e182f10', '0', '1', '2020-03-05 07:47:49', '1', '2020-03-05 07:47:49', 'null');
INSERT INTO `page_layout_assignments` (`id`, `role_id`, `object_record_type_id`, `object_state_id`, `page_layout_id`, `deleted`, `created_by`, `created_on`, `modified_by`, `modified_on`) VALUES ('ec4e299e-de80-1350-8497-5cc5d4d378cb', 'b74845ad-b5fe-11ea-aab5-0215c63fce1a', '441d51b0-75a3-11e6-a00a-5cc5d4b571d2', '4445e851-75a3-11e6-a77d-5cc5d4b571d2', '450a70cf-75a3-11e6-ab75-5cc5d4b571d2', '0', '1', '2017-04-06 12:22:15', '1', '2020-08-21 05:52:53');
INSERT INTO `page_layout_assignments` (`id`, `role_id`, `object_record_type_id`, `object_state_id`, `page_layout_id`, `deleted`, `created_by`, `created_on`, `modified_by`, `modified_on`) VALUES ('ec4e299e-de81-1350-8497-5cc5d4d378cb', '53de9671-1da3-11e6-93fb-5cc5d4b57136', '441d51b0-75a3-11e6-a00a-5cc5d4b571d2', '4445e851-75a3-11e6-a77d-5cc5d4b571d2', '450a70cf-75a3-11e6-ab75-5cc5d4b571d2', '0', '1', '2017-04-06 12:22:15', '1', '2020-08-21 05:52:53');
INSERT INTO `page_layout_assignments` (`id`, `role_id`, `object_record_type_id`, `object_state_id`, `page_layout_id`, `deleted`, `created_by`, `created_on`, `modified_by`, `modified_on`) VALUES ('ec4e299e-de82-1350-8497-5cc5d4d378cb', '20228999-b5ff-11ea-aab5-0215c63fce1a', '441d51b0-75a3-11e6-a00a-5cc5d4b571d2', '4445e851-75a3-11e6-a77d-5cc5d4b571d2', '450a70cf-75a3-11e6-ab75-5cc5d4b571d2', '0', '1', '2017-04-06 12:22:15', '1', '2020-08-21 05:52:53');
INSERT INTO `page_layout_assignments` (`id`, `role_id`, `object_record_type_id`, `object_state_id`, `page_layout_id`, `deleted`, `created_by`, `created_on`, `modified_by`, `modified_on`) VALUES ('ec4e299e-de83-1350-8497-5cc5d4d378cb', 'a99fcd69-b5ff-11ea-aab5-0215c63fce1a', '441d51b0-75a3-11e6-a00a-5cc5d4b571d2', '4445e851-75a3-11e6-a77d-5cc5d4b571d2', '450a70cf-75a3-11e6-ab75-5cc5d4b571d2', '0', '1', '2017-04-06 12:22:15', '1', '2020-08-21 05:52:53');
INSERT INTO `page_layout_assignments` (`id`, `role_id`, `object_record_type_id`, `object_state_id`, `page_layout_id`, `deleted`, `created_by`, `created_on`, `modified_by`, `modified_on`) VALUES ('ec4e299e-de84-1350-8497-5cc5d4d378cb', 'b72453fc-efdb-11e9-b9aa-0298a739deb2', '441d51b0-75a3-11e6-a00a-5cc5d4b571d2', '4445e851-75a3-11e6-a77d-5cc5d4b571d2', '450a70cf-75a3-11e6-ab75-5cc5d4b571d2', '0', '1', '2017-04-06 12:22:15', '1', '2020-08-21 05:52:53');
INSERT INTO `page_layout_assignments` (`id`, `role_id`, `object_record_type_id`, `object_state_id`, `page_layout_id`, `deleted`, `created_by`, `created_on`, `modified_by`, `modified_on`) VALUES ('ec4e299e-de85-1350-8497-5cc5d4d378cb', 'b72453fc-efdb-11e9-b9aa-0298a739dec0', '441d51b0-75a3-11e6-a00a-5cc5d4b571d2', '4445e851-75a3-11e6-a77d-5cc5d4b571d2', '450a70cf-75a3-11e6-ab75-5cc5d4b571d2', '0', '1', '2017-04-06 12:22:15', '1', '2020-08-21 05:52:53');
INSERT INTO `page_layout_assignments` (`id`, `role_id`, `object_record_type_id`, `object_state_id`, `page_layout_id`, `deleted`, `created_by`, `created_on`, `modified_by`, `modified_on`) VALUES ('ec4e299e-de86-1350-8497-5cc5d4d378cb', '53de9674-1da3-11e6-ac97-5cc5d4b57137', '441d51b0-75a3-11e6-a00a-5cc5d4b571d2', '4445e851-75a3-11e6-a77d-5cc5d4b571d2', '450a70cf-75a3-11e6-ab75-5cc5d4b571d2', '0', '1', '2017-04-06 12:22:15', '1', '2020-08-21 05:52:53');
INSERT INTO `page_layout_assignments` (`id`, `role_id`, `object_record_type_id`, `object_state_id`, `page_layout_id`, `deleted`, `created_by`, `created_on`, `modified_by`, `modified_on`) VALUES ('ec4e299e-de87-1350-8497-5cc5d4d378cb', '72e462a0-b600-11ea-aab5-0215c63fce1a', '441d51b0-75a3-11e6-a00a-5cc5d4b571d2', '4445e851-75a3-11e6-a77d-5cc5d4b571d2', '450a70cf-75a3-11e6-ab75-5cc5d4b571d2', '0', '1', '2017-04-06 12:22:15', '1', '2020-08-21 05:52:53');
INSERT INTO `page_layout_assignments` (`id`, `role_id`, `object_record_type_id`, `object_state_id`, `page_layout_id`, `deleted`, `created_by`, `created_on`, `modified_by`, `modified_on`) VALUES ('ec4e299e-de88-1350-8497-5cc5d4d378cb', 'bfb15d2f-b600-11ea-aab5-0215c63fce1a', '441d51b0-75a3-11e6-a00a-5cc5d4b571d2', '4445e851-75a3-11e6-a77d-5cc5d4b571d2', '450a70cf-75a3-11e6-ab75-5cc5d4b571d2', '0', '1', '2017-04-06 12:22:15', '1', '2020-08-21 05:52:53');
INSERT INTO `page_layout_assignments` (`id`, `role_id`, `object_record_type_id`, `object_state_id`, `page_layout_id`, `deleted`, `created_by`, `created_on`, `modified_by`, `modified_on`) VALUES ('ec4e299e-de89-1350-8497-5cc5d4d378cb', '02ebda16-b601-11ea-aab5-0215c63fce1a', '441d51b0-75a3-11e6-a00a-5cc5d4b571d2', '4445e851-75a3-11e6-a77d-5cc5d4b571d2', '450a70cf-75a3-11e6-ab75-5cc5d4b571d2', '0', '1', '2017-04-06 12:22:15', '1', '2020-08-21 05:52:53');
INSERT INTO `page_layout_assignments` (`id`, `role_id`, `object_record_type_id`, `object_state_id`, `page_layout_id`, `deleted`, `created_by`, `created_on`, `modified_by`, `modified_on`) VALUES ('e18c1a14-de80-4f9a-8130-7555f6a5e25f', '5a013aaa-b5c5-11ea-aab5-0215c63fce1a', '441d51b0-75a3-11e6-a00a-5cc5d4b571d2', '444dd78f-75a3-11e6-a76f-5cc5d4b571d2', '450a70cf-75a3-11e6-ab75-5cc5d4b571d2', '0', '1', '2020-07-02 06:35:50', '1', '2020-07-02 06:35:50');
INSERT INTO `page_layout_assignments` (`id`, `role_id`, `object_record_type_id`, `object_state_id`, `page_layout_id`, `deleted`, `created_by`, `created_on`, `modified_by`, `modified_on`) VALUES ('e18c1a14-de81-4f9a-8130-7555f6a5e25f', 'b74845ad-b5fe-11ea-aab5-0215c63fce1a', '441d51b0-75a3-11e6-a00a-5cc5d4b571d2', '444dd78f-75a3-11e6-a76f-5cc5d4b571d2', '450a70cf-75a3-11e6-ab75-5cc5d4b571d2', '0', '1', '2020-07-02 06:35:50', '1', '2020-07-02 06:35:50');
INSERT INTO `page_layout_assignments` (`id`, `role_id`, `object_record_type_id`, `object_state_id`, `page_layout_id`, `deleted`, `created_by`, `created_on`, `modified_by`, `modified_on`) VALUES ('e18c1a14-de82-4f9a-8130-7555f6a5e25f', '53de9671-1da3-11e6-93fb-5cc5d4b57136', '441d51b0-75a3-11e6-a00a-5cc5d4b571d2', '444dd78f-75a3-11e6-a76f-5cc5d4b571d2', '450a70cf-75a3-11e6-ab75-5cc5d4b571d2', '0', '1', '2020-07-02 06:35:50', '1', '2020-07-02 06:35:50');
INSERT INTO `page_layout_assignments` (`id`, `role_id`, `object_record_type_id`, `object_state_id`, `page_layout_id`, `deleted`, `created_by`, `created_on`, `modified_by`, `modified_on`) VALUES ('e18c1a14-de83-4f9a-8130-7555f6a5e25f', '20228999-b5ff-11ea-aab5-0215c63fce1a', '441d51b0-75a3-11e6-a00a-5cc5d4b571d2', '444dd78f-75a3-11e6-a76f-5cc5d4b571d2', '450a70cf-75a3-11e6-ab75-5cc5d4b571d2', '0', '1', '2020-07-02 06:35:50', '1', '2020-07-02 06:35:50');
INSERT INTO `page_layout_assignments` (`id`, `role_id`, `object_record_type_id`, `object_state_id`, `page_layout_id`, `deleted`, `created_by`, `created_on`, `modified_by`, `modified_on`) VALUES ('e18c1a14-de84-4f9a-8130-7555f6a5e25f', 'a99fcd69-b5ff-11ea-aab5-0215c63fce1a', '441d51b0-75a3-11e6-a00a-5cc5d4b571d2', '444dd78f-75a3-11e6-a76f-5cc5d4b571d2', '450a70cf-75a3-11e6-ab75-5cc5d4b571d2', '0', '1', '2020-07-02 06:35:50', '1', '2020-07-02 06:35:50');
INSERT INTO `page_layout_assignments` (`id`, `role_id`, `object_record_type_id`, `object_state_id`, `page_layout_id`, `deleted`, `created_by`, `created_on`, `modified_by`, `modified_on`) VALUES ('e18c1a14-de85-4f9a-8130-7555f6a5e25f', 'b72453fc-efdb-11e9-b9aa-0298a739deb2', '441d51b0-75a3-11e6-a00a-5cc5d4b571d2', '444dd78f-75a3-11e6-a76f-5cc5d4b571d2', '450a70cf-75a3-11e6-ab75-5cc5d4b571d2', '0', '1', '2020-07-02 06:35:50', '1', '2020-07-02 06:35:50');
INSERT INTO `page_layout_assignments` (`id`, `role_id`, `object_record_type_id`, `object_state_id`, `page_layout_id`, `deleted`, `created_by`, `created_on`, `modified_by`, `modified_on`) VALUES ('e18c1a14-de86-4f9a-8130-7555f6a5e25f', 'b72453fc-efdb-11e9-b9aa-0298a739dec0', '441d51b0-75a3-11e6-a00a-5cc5d4b571d2', '444dd78f-75a3-11e6-a76f-5cc5d4b571d2', '450a70cf-75a3-11e6-ab75-5cc5d4b571d2', '0', '1', '2020-07-02 06:35:50', '1', '2020-07-02 06:35:50');
INSERT INTO `page_layout_assignments` (`id`, `role_id`, `object_record_type_id`, `object_state_id`, `page_layout_id`, `deleted`, `created_by`, `created_on`, `modified_by`, `modified_on`) VALUES ('e18c1a14-de87-4f9a-8130-7555f6a5e25f', '53de9674-1da3-11e6-ac97-5cc5d4b57137', '441d51b0-75a3-11e6-a00a-5cc5d4b571d2', '444dd78f-75a3-11e6-a76f-5cc5d4b571d2', '450a70cf-75a3-11e6-ab75-5cc5d4b571d2', '0', '1', '2020-07-02 06:35:50', '1', '2020-07-02 06:35:50');
INSERT INTO `page_layout_assignments` (`id`, `role_id`, `object_record_type_id`, `object_state_id`, `page_layout_id`, `deleted`, `created_by`, `created_on`, `modified_by`, `modified_on`) VALUES ('e18c1a14-de88-4f9a-8130-7555f6a5e25f', '72e462a0-b600-11ea-aab5-0215c63fce1a', '441d51b0-75a3-11e6-a00a-5cc5d4b571d2', '444dd78f-75a3-11e6-a76f-5cc5d4b571d2', '450a70cf-75a3-11e6-ab75-5cc5d4b571d2', '0', '1', '2020-07-02 06:35:50', '1', '2020-07-02 06:35:50');
INSERT INTO `page_layout_assignments` (`id`, `role_id`, `object_record_type_id`, `object_state_id`, `page_layout_id`, `deleted`, `created_by`, `created_on`, `modified_by`, `modified_on`) VALUES ('e18c1a14-de89-4f9a-8130-7555f6a5e25f', 'bfb15d2f-b600-11ea-aab5-0215c63fce1a', '441d51b0-75a3-11e6-a00a-5cc5d4b571d2', '444dd78f-75a3-11e6-a76f-5cc5d4b571d2', '450a70cf-75a3-11e6-ab75-5cc5d4b571d2', '0', '1', '2020-07-02 06:35:50', '1', '2020-07-02 06:35:50');
INSERT INTO `page_layout_assignments` (`id`, `role_id`, `object_record_type_id`, `object_state_id`, `page_layout_id`, `deleted`, `created_by`, `created_on`, `modified_by`, `modified_on`) VALUES ('e18c1a14-de90-4f9a-8130-7555f6a5e25f', '02ebda16-b601-11ea-aab5-0215c63fce1a', '441d51b0-75a3-11e6-a00a-5cc5d4b571d2', '444dd78f-75a3-11e6-a76f-5cc5d4b571d2', '450a70cf-75a3-11e6-ab75-5cc5d4b571d2', '0', '1', '2020-07-02 06:35:50', '1', '2020-07-02 06:35:50');

-- 指导访问
INSERT INTO `object_record_types` (`id`, `object_id`, `name`, `label`, `source`, `display_order`, `deleted`, `created_by`, `created_on`, `modified_by`, `modified_on`) VALUES ('441d51b0-75a3-11e6-a00a-5cc5d4b51411', '3bb97df0-75a3-11e6-b1d3-5cc5d4b571d2', 'guide_call', '指导拜访', 'custom', '2', '0', '1', '2017-07-12 04:47:37', '1', '2020-08-21 05:44:59');
UPDATE `object_record_types` SET `parent_id` = '441d51b0-75a3-11e6-a00a-5cc5d4b571d2' WHERE (`id` = '441d51b0-75a3-11e6-a00a-5cc5d4b51411');
UPDATE `role_to_object_record_types` SET `object_record_type_id` = '441d51b0-75a3-11e6-a00a-5cc5d4b51411', `is_default` = '0' WHERE (`id` = '007c2cae-966f-234e-aa6c-fb9e5dfc8fba');
INSERT INTO `role_to_object_record_types` (`id`, `role_id`, `object_record_type_id`, `is_default`, `deleted`, `created_by`, `created_on`, `modified_by`, `modified_on`) VALUES ('007c2cae-966f-234e-aa6c-fb9e5dfc1415', 'b74845ad-b5fe-11ea-aab5-0215c63fce1a', '441d51b0-75a3-11e6-a00a-5cc5d4b51411', '0', '0', '1', '2020-06-09 09:35:00', '1', '2020-08-21 06:14:44');
INSERT INTO `role_to_object_record_types` (`id`, `role_id`, `object_record_type_id`, `is_default`, `deleted`, `created_by`, `created_on`, `modified_by`, `modified_on`) VALUES ('007c2cae-966f-345e-aa6c-fb9e5dfc1416', 'b74845ad-b5fe-11ea-aab5-0215c63fce1a', '441d51b0-75a3-11e6-a00a-5cc5d4b571d2', '1', '0', '1', '2020-06-09 09:35:00', '1', '2020-06-09 09:35:00');
INSERT INTO `object_record_types` (`id`, `object_id`, `name`, `label`, `source`, `display_order`, `deleted`, `created_by`, `created_on`, `modified_by`, `modified_on`, `parent_id`) VALUES ('441d51b0-75a3-11e6-a00a-5cc5d4b51432', '3bb97df0-75a3-11e6-b1d3-5cc5d4b571d2', 'synergy_call', '协同拜访', 'custom', '1', '0', '1', '2017-07-12 04:47:37', '1', '2020-08-21 06:29:36', '441d51b0-75a3-11e6-a00a-5cc5d4b571d2');
UPDATE `role_to_object_record_types` SET `object_record_type_id` = '441d51b0-75a3-11e6-a00a-5cc5d4b51432' WHERE (`id` = '007c2cae-966f-345e-aa6c-fb9e5dfc8fba');
UPDATE `role_to_object_record_types` SET `object_record_type_id` = '441d51b0-75a3-11e6-a00a-5cc5d4b51432' WHERE (`id` = '007c2cae-966f-345e-aa6c-fb9e5dfc1416');

-- page_layout的record type修正
UPDATE `page_layout_assignments` SET `object_record_type_id` = '441d51b0-75a3-11e6-a00a-5cc5d4b51432' WHERE (`id` = '04eaaae0-e6bb-4ce2-ab4d-fc0c35277ed8');
UPDATE `page_layout_assignments` SET `object_record_type_id` = '441d51b0-75a3-11e6-a00a-5cc5d4b51432' WHERE (`id` = '26c6c392-d3f9-4296-b5bf-f96f4bec4ecb');
UPDATE `page_layout_assignments` SET `object_record_type_id` = '441d51b0-75a3-11e6-a00a-5cc5d4b51432' WHERE (`id` = '42338ea4-d76b-45f0-bf9d-d0edaba43547');
UPDATE `page_layout_assignments` SET `object_record_type_id` = '441d51b0-75a3-11e6-a00a-5cc5d4b51432' WHERE (`id` = '8037fc4e-40f9-4759-83d0-931d9e21eac9');
UPDATE `page_layout_assignments` SET `object_record_type_id` = '441d51b0-75a3-11e6-a00a-5cc5d4b51432' WHERE (`id` = '9c393a91-2272-49a4-996d-31b721338830');
UPDATE `page_layout_assignments` SET `object_record_type_id` = '441d51b0-75a3-11e6-a00a-5cc5d4b51432' WHERE (`id` = '9c393a91-de80-49a4-996d-31b721338830');
UPDATE `page_layout_assignments` SET `object_record_type_id` = '441d51b0-75a3-11e6-a00a-5cc5d4b51432' WHERE (`id` = '9c393a91-de81-49a4-996d-31b721338830');
UPDATE `page_layout_assignments` SET `object_record_type_id` = '441d51b0-75a3-11e6-a00a-5cc5d4b51432' WHERE (`id` = '9c393a91-de82-49a4-996d-31b721338830');
UPDATE `page_layout_assignments` SET `object_record_type_id` = '441d51b0-75a3-11e6-a00a-5cc5d4b51432' WHERE (`id` = '9c393a91-de83-49a4-996d-31b721338830');
UPDATE `page_layout_assignments` SET `object_record_type_id` = '441d51b0-75a3-11e6-a00a-5cc5d4b51432' WHERE (`id` = '9c393a91-de84-49a4-996d-31b721338830');
UPDATE `page_layout_assignments` SET `object_record_type_id` = '441d51b0-75a3-11e6-a00a-5cc5d4b51432' WHERE (`id` = '9c393a91-de85-49a4-996d-31b721338830');
UPDATE `page_layout_assignments` SET `object_record_type_id` = '441d51b0-75a3-11e6-a00a-5cc5d4b51432' WHERE (`id` = '9c393a91-de86-49a4-996d-31b721338830');
UPDATE `page_layout_assignments` SET `object_record_type_id` = '441d51b0-75a3-11e6-a00a-5cc5d4b51432' WHERE (`id` = '9c393a91-de87-49a4-996d-31b721338830');
UPDATE `page_layout_assignments` SET `object_record_type_id` = '441d51b0-75a3-11e6-a00a-5cc5d4b51432' WHERE (`id` = '9c393a91-de88-49a4-996d-31b721338830');
UPDATE `page_layout_assignments` SET `object_record_type_id` = '441d51b0-75a3-11e6-a00a-5cc5d4b51432' WHERE (`id` = '9c393a91-de89-49a4-996d-31b721338830');
UPDATE `page_layout_assignments` SET `object_record_type_id` = '441d51b0-75a3-11e6-a00a-5cc5d4b51432' WHERE (`id` = 'a5b624c8-b827-4666-87cf-aa6ffa4f01cf');
UPDATE `page_layout_assignments` SET `object_record_type_id` = '441d51b0-75a3-11e6-a00a-5cc5d4b51432' WHERE (`id` = 'bb669e2a-eadc-4929-be99-1f1fd5c558aa');
UPDATE `page_layout_assignments` SET `object_record_type_id` = '441d51b0-75a3-11e6-a00a-5cc5d4b51432' WHERE (`id` = 'c362e5f7-189b-4722-bd38-33e2e77bf231');
UPDATE `page_layout_assignments` SET `object_record_type_id` = '441d51b0-75a3-11e6-a00a-5cc5d4b51432' WHERE (`id` = 'd501fa5a-f8b5-40b3-ac52-387462a2ace2');
UPDATE `page_layout_assignments` SET `object_record_type_id` = '441d51b0-75a3-11e6-a00a-5cc5d4b51432' WHERE (`id` = 'e18c1a14-a599-4f9a-8130-7555f6a5e25f');
UPDATE `page_layout_assignments` SET `object_record_type_id` = '441d51b0-75a3-11e6-a00a-5cc5d4b51432' WHERE (`id` = 'e18c1a14-de80-4f9a-8130-7555f6a5e25f');
UPDATE `page_layout_assignments` SET `object_record_type_id` = '441d51b0-75a3-11e6-a00a-5cc5d4b51432' WHERE (`id` = 'e18c1a14-de81-4f9a-8130-7555f6a5e25f');
UPDATE `page_layout_assignments` SET `object_record_type_id` = '441d51b0-75a3-11e6-a00a-5cc5d4b51432' WHERE (`id` = 'e18c1a14-de82-4f9a-8130-7555f6a5e25f');
UPDATE `page_layout_assignments` SET `object_record_type_id` = '441d51b0-75a3-11e6-a00a-5cc5d4b51432' WHERE (`id` = 'e18c1a14-de83-4f9a-8130-7555f6a5e25f');
UPDATE `page_layout_assignments` SET `object_record_type_id` = '441d51b0-75a3-11e6-a00a-5cc5d4b51432' WHERE (`id` = 'e18c1a14-de84-4f9a-8130-7555f6a5e25f');
UPDATE `page_layout_assignments` SET `object_record_type_id` = '441d51b0-75a3-11e6-a00a-5cc5d4b51432' WHERE (`id` = 'e18c1a14-de85-4f9a-8130-7555f6a5e25f');
UPDATE `page_layout_assignments` SET `object_record_type_id` = '441d51b0-75a3-11e6-a00a-5cc5d4b51432' WHERE (`id` = 'e18c1a14-de86-4f9a-8130-7555f6a5e25f');
UPDATE `page_layout_assignments` SET `object_record_type_id` = '441d51b0-75a3-11e6-a00a-5cc5d4b51432' WHERE (`id` = 'e18c1a14-de87-4f9a-8130-7555f6a5e25f');
UPDATE `page_layout_assignments` SET `object_record_type_id` = '441d51b0-75a3-11e6-a00a-5cc5d4b51432' WHERE (`id` = 'e18c1a14-de88-4f9a-8130-7555f6a5e25f');
UPDATE `page_layout_assignments` SET `object_record_type_id` = '441d51b0-75a3-11e6-a00a-5cc5d4b51432' WHERE (`id` = 'e18c1a14-de89-4f9a-8130-7555f6a5e25f');
UPDATE `page_layout_assignments` SET `object_record_type_id` = '441d51b0-75a3-11e6-a00a-5cc5d4b51432' WHERE (`id` = 'e18c1a14-de90-4f9a-8130-7555f6a5e25f');
UPDATE `page_layout_assignments` SET `object_record_type_id` = '441d51b0-75a3-11e6-a00a-5cc5d4b51432' WHERE (`id` = 'ec4e299e-106b-1350-8497-5cc5d4d378cb');
UPDATE `page_layout_assignments` SET `object_record_type_id` = '441d51b0-75a3-11e6-a00a-5cc5d4b51432' WHERE (`id` = 'ec4e299e-106b-1few-8497-5cc5d4d378cb');
UPDATE `page_layout_assignments` SET `object_record_type_id` = '441d51b0-75a3-11e6-a00a-5cc5d4b51432' WHERE (`id` = 'ec4e299e-de80-1350-8497-5cc5d4d378cb');
UPDATE `page_layout_assignments` SET `object_record_type_id` = '441d51b0-75a3-11e6-a00a-5cc5d4b51432' WHERE (`id` = 'ec4e299e-de81-1350-8497-5cc5d4d378cb');
UPDATE `page_layout_assignments` SET `object_record_type_id` = '441d51b0-75a3-11e6-a00a-5cc5d4b51432' WHERE (`id` = 'ec4e299e-de82-1350-8497-5cc5d4d378cb');
UPDATE `page_layout_assignments` SET `object_record_type_id` = '441d51b0-75a3-11e6-a00a-5cc5d4b51432' WHERE (`id` = 'ec4e299e-de83-1350-8497-5cc5d4d378cb');
UPDATE `page_layout_assignments` SET `object_record_type_id` = '441d51b0-75a3-11e6-a00a-5cc5d4b51432' WHERE (`id` = 'ec4e299e-de84-1350-8497-5cc5d4d378cb');
UPDATE `page_layout_assignments` SET `object_record_type_id` = '441d51b0-75a3-11e6-a00a-5cc5d4b51432' WHERE (`id` = 'ec4e299e-de85-1350-8497-5cc5d4d378cb');
UPDATE `page_layout_assignments` SET `object_record_type_id` = '441d51b0-75a3-11e6-a00a-5cc5d4b51432' WHERE (`id` = 'ec4e299e-de86-1350-8497-5cc5d4d378cb');
UPDATE `page_layout_assignments` SET `object_record_type_id` = '441d51b0-75a3-11e6-a00a-5cc5d4b51432' WHERE (`id` = 'ec4e299e-de87-1350-8497-5cc5d4d378cb');
UPDATE `page_layout_assignments` SET `object_record_type_id` = '441d51b0-75a3-11e6-a00a-5cc5d4b51432' WHERE (`id` = 'ec4e299e-de88-1350-8497-5cc5d4d378cb');
UPDATE `page_layout_assignments` SET `object_record_type_id` = '441d51b0-75a3-11e6-a00a-5cc5d4b51432' WHERE (`id` = 'ec4e299e-de89-1350-8497-5cc5d4d378cb');
UPDATE `page_layout_assignments` SET `object_record_type_id` = '441d51b0-75a3-11e6-a00a-5cc5d4b51432' WHERE (`id` = 'ecf7fe30-106b-gerf-9daa-5cc5d4d378cb');
UPDATE `page_layout_assignments` SET `object_record_type_id` = '441d51b0-75a3-11e6-a00a-5cc5d4b51432' WHERE (`id` = 'edcc6530-106b-gerf-bf31-5cc5d4d378cb');
UPDATE `page_layout_assignments` SET `object_record_type_id` = '441d51b0-75a3-11e6-a00a-5cc5d4b51432' WHERE (`id` = 'ee3e00bc-9d8c-44a0-820e-830334821c69');
UPDATE `page_layout_assignments` SET `object_record_type_id` = '441d51b0-75a3-11e6-a00a-5cc5d4b51432' WHERE (`id` = 'ee65bf00-106b-11e7-93e5-5cc5d4d378cb');
UPDATE `page_layout_assignments` SET `object_record_type_id` = '441d51b0-75a3-11e6-a00a-5cc5d4b51432' WHERE (`id` = 'ee65bf00-106b-fwed-93e5-5cc5d4d378cb');

-- 指导拜访
UPDATE `page_layouts` SET `label` = '协访报告详情' WHERE (`id` = '77c9a17e-4619-4a91-b789-128c73c53142');
UPDATE `page_layouts` SET `label` = '协访报告详情' WHERE (`id` = '45123900-75a3-h54a-9475-5cc5d4b571d2');
UPDATE `page_layouts` SET `label` = '协访报告详情' WHERE (`id` = '45123900-75a3-11e6-9475-5cc5d4b571d2');
UPDATE `page_layouts` SET `label` = '协访报告详情' WHERE (`id` = '450a70cf-75a3-34td-ab75-5cc5d4b571d2');
UPDATE `page_layouts` SET `label` = '协访报告详情' WHERE (`id` = '450a70cf-75a3-11e6-ab75-5cc5d4b571d3');
UPDATE `page_layouts` SET `label` = '协访报告详情' WHERE (`id` = '450a70cf-75a3-11e6-ab75-5cc5d4b571d2');
UPDATE `page_layouts` SET `label` = '协访报告详情' WHERE (`id` = '4502818f-75a3-kyug-890f-5cc5d4b571d2');
UPDATE `page_layouts` SET `label` = '协访报告详情' WHERE (`id` = '4502818f-75a3-11e6-890f-5cc5d4b571d2');
UPDATE `page_layouts` SET `label` = '协访报告详情' WHERE (`id` = '44fab961-75a3-greg-8716-5cc5d4b571d2');
UPDATE `page_layouts` SET `label` = '协访报告详情' WHERE (`id` = '44fab961-75a3-11e6-8716-5cc5d4b571d2');
UPDATE `page_layouts` SET `label` = '协访报告详情' WHERE (`id` = '1d9f4016-8624-11e7-b8a4-34f39ab71988');
UPDATE `page_layouts` SET `label` = '协访报告详情' WHERE (`id` = '1d9f4015-8624-11e7-8bfc-34f39ab71988');
UPDATE `page_layouts` SET `label` = '协访报告详情' WHERE (`id` = '1d9f4014-8624-11e7-acc1-34f39ab71988');
UPDATE `page_layouts` SET `label` = '协访报告详情' WHERE (`id` = '1d9f4013-8624-11e7-9157-34f39ab71988');
UPDATE `page_layouts` SET `label` = '协访报告详情' WHERE (`id` = '1d9f4012-8624-11e7-a9af-34f39ab71988');
UPDATE `page_layouts` SET `label` = '协访报告详情' WHERE (`id` = '1d9f4011-8624-11e7-90b0-34f39ab71988');
UPDATE `page_layouts` SET `label` = '协访报告详情' WHERE (`id` = '1d9f4010-8624-11e7-a7b2-34f39ab71988');
UPDATE `page_layouts` SET `label` = '协访报告详情' WHERE (`id` = '1d9f400f-8624-11e7-bfcc-34f39ab71988');
UPDATE `page_layouts` SET `name` = 'coaching_common_draft_s_synergy', `label` = '协访报告详情' WHERE (`id` = '5b0d5c24-08fb-4101-bc0b-93a49e182f10');
INSERT INTO `page_layouts` (`id`, `page_id`, `name`, `label`, `source`, `screen_size`, `deleted`, `created_by`, `created_on`, `modified_by`, `modified_on`) VALUES ('5b0d5c24-08fb-4101-bc0b-93a49e182f21', '446bbfcf-75a3-11e6-b7a0-5cc5d4b571d2', 'coaching_common_draft_s_guide', '协访报告详情', 'custom', 'small', '0', '1', '2020-03-05 07:47:48', '1', '2020-08-21 09:05:56');

-- 指导拜访-未完成page_layout字段
INSERT INTO `page_layout_fields` (`id`, `page_layout_id`, `type`, `label`, `order`, `colspan`, `is_mandatory`, `is_readonly`, `display_mode`, `deleted`, `created_by`, `created_on`, `modified_by`, `modified_on`, `is_with_stars_mask`) VALUES ('c45ff92f-de80-40e2-8796-ce935e393ec2', '5b0d5c24-08fb-4101-bc0b-93a49e182f21', 'section', '基本信息', '0', '12', '0', '1', 'both', '0', '1', '2020-03-05 07:47:48', '1', '2020-03-05 07:47:48', '0');
INSERT INTO `page_layout_fields` (`id`, `page_layout_id`, `type`, `object_field_id`, `label`, `order`, `colspan`, `is_mandatory`, `is_readonly`, `display_mode`, `deleted`, `created_by`, `created_on`, `modified_by`, `modified_on`, `is_with_stars_mask`) VALUES ('f642345c-de81-4fdf-a71e-fbabdae3a50b', '5b0d5c24-08fb-4101-bc0b-93a49e182f21', 'field', '3d7b5230-75a3-11e6-851c-5cc5d4b571d2', '协访状态', '1', '6', '1', '1', 'both', '0', '1', '2020-03-05 07:47:48', '1', '2020-08-21 02:33:55', '0');
INSERT INTO `page_layout_fields` (`id`, `page_layout_id`, `type`, `object_field_id`, `label`, `order`, `colspan`, `is_mandatory`, `is_readonly`, `display_mode`, `deleted`, `created_by`, `created_on`, `modified_by`, `modified_on`, `is_with_stars_mask`) VALUES ('242f23e2-de82-4e3c-a1e6-9e70a324b0c1', '5b0d5c24-08fb-4101-bc0b-93a49e182f21', 'field', '3d8d2c80-75a3-11e6-8c30-5cc5d4b571d2', '协访日期', '2', '6', '1', '1', 'both', '0', '1', '2020-03-05 07:47:48', '1', '2020-08-21 02:33:56', '0');
INSERT INTO `page_layout_fields` (`id`, `page_layout_id`, `type`, `object_field_id`, `label`, `order`, `colspan`, `is_mandatory`, `is_readonly`, `display_mode`, `deleted`, `created_by`, `created_on`, `modified_by`, `modified_on`, `is_with_stars_mask`, `disable_click`) VALUES ('0351f746-de83-4e57-80fa-d3feed3f5095', '5b0d5c24-08fb-4101-bc0b-93a49e182f21', 'field', '3da03f4f-75a3-11e6-87d8-5cc5d4b571d2', '拜访人', '3', '6', '0', '1', 'both', '0', '1', '2020-03-05 07:47:48', '1', '2020-08-21 02:33:56', '0', '1');
INSERT INTO `page_layout_fields` (`id`, `page_layout_id`, `type`, `object_field_id`, `label`, `order`, `colspan`, `is_mandatory`, `is_readonly`, `display_mode`, `deleted`, `created_by`, `created_on`, `modified_by`, `modified_on`, `is_with_stars_mask`) VALUES ('1e67a431-de84-4ec9-97bb-cf850ed8f506', '5b0d5c24-08fb-4101-bc0b-93a49e182f21', 'field', '3da96711-75a3-11e6-b4a4-5cc5d4b571d2', '拜访医生', '5', '6', '1', '1', 'both', '0', '1', '2020-03-05 07:47:48', '1', '2020-04-09 07:38:14', '0');
INSERT INTO `page_layout_fields` (`id`, `page_layout_id`, `type`, `label`, `order`, `colspan`, `is_mandatory`, `is_readonly`, `display_mode`, `deleted`, `created_by`, `created_on`, `modified_by`, `modified_on`, `is_with_stars_mask`) VALUES ('c45ff92f-de85-40e2-8796-ce935e391033', '5b0d5c24-08fb-4101-bc0b-93a49e182f21', 'section', '总体表现', '10', '12', '0', '1', 'both', '0', '1', '2020-03-05 07:47:48', '1', '2020-03-05 07:47:48', '0');
INSERT INTO `page_layout_fields` (`id`, `page_layout_id`, `type`, `object_field_id`, `label`, `order`, `colspan`, `is_mandatory`, `is_readonly`, `display_mode`, `deleted`, `created_by`, `created_on`, `modified_by`, `modified_on`, `is_with_stars_mask`) VALUES ('emi0732a-2b44-de86-b6c8-02f90e0f46f0', '5b0d5c24-08fb-4101-bc0b-93a49e182f21', 'field', '3de0f1cf-75a3-11e6-bb2e-5cc5d4b571d2', '访前准备', '16', '6', '1', '0', 'both', '0', '1', '2018-11-13 11:23:48', '1', '2020-07-31 00:14:07', '0');
INSERT INTO `page_layout_fields` (`id`, `page_layout_id`, `type`, `object_field_id`, `label`, `order`, `colspan`, `is_mandatory`, `is_readonly`, `display_mode`, `deleted`, `created_by`, `created_on`, `modified_by`, `modified_on`, `is_with_stars_mask`) VALUES ('emi1732a-2b44-de87-b6c8-02f90e0f46f0', '5b0d5c24-08fb-4101-bc0b-93a49e182f21', 'field', '3e06a240-75a3-11e6-9a75-5cc5d4b571d2', '探询需求', '25', '6', '1', '0', 'both', '0', '1', '2018-11-13 11:23:48', '1', '2020-07-31 00:14:26', '0');
INSERT INTO `page_layout_fields` (`id`, `page_layout_id`, `type`, `object_field_id`, `label`, `order`, `colspan`, `is_mandatory`, `is_readonly`, `display_mode`, `deleted`, `created_by`, `created_on`, `modified_by`, `modified_on`, `is_with_stars_mask`) VALUES ('emi9732a-2b44-de88-b6c8-02f90e0f46f0', '5b0d5c24-08fb-4101-bc0b-93a49e182f21', 'field', '3e215630-75a3-11e6-a0d2-5cc5d4b571d2', '呈现利益', '28', '6', '1', '0', 'both', '0', '1', '2018-11-13 11:23:48', '1', '2020-08-21 02:42:49', '0');
INSERT INTO `page_layout_fields` (`id`, `page_layout_id`, `type`, `object_field_id`, `label`, `order`, `colspan`, `is_mandatory`, `is_readonly`, `display_mode`, `deleted`, `created_by`, `created_on`, `modified_by`, `modified_on`, `is_with_stars_mask`) VALUES ('emi449c2-2b44-de89-b6c8-02f90e0f46f0', '5b0d5c24-08fb-4101-bc0b-93a49e182f21', 'field', '3e341ade-75a3-11e6-9b38-5cc5d4b571d2', '异议处理', '30', '6', '1', '0', 'both', '0', '1', '2018-11-13 11:23:48', '1', '2020-08-21 02:41:17', '0');
INSERT INTO `page_layout_fields` (`id`, `page_layout_id`, `type`, `object_field_id`, `label`, `order`, `colspan`, `is_mandatory`, `is_readonly`, `display_mode`, `deleted`, `created_by`, `created_on`, `modified_by`, `modified_on`, `is_with_stars_mask`) VALUES ('emi840cb-2b44-de90-b6c8-02f90e0f46f0', '5b0d5c24-08fb-4101-bc0b-93a49e182f21', 'field', '3e7eb870-75a3-11e6-b6fc-5cc5d4b571d2', '有效缔结', '40', '6', '1', '0', 'both', '0', '1', '2018-11-13 11:23:48', '1', '2020-08-21 02:41:17', '0');
INSERT INTO `page_layout_fields` (`id`, `page_layout_id`, `type`, `label`, `order`, `colspan`, `is_mandatory`, `is_readonly`, `display_mode`, `deleted`, `created_by`, `created_on`, `modified_by`, `modified_on`, `is_with_stars_mask`) VALUES ('21b646d9-de91-488c-aefe-2c68f6a21de4', '5b0d5c24-08fb-4101-bc0b-93a49e182f21', 'section', '总结', '60', '12', '0', '0', 'both', '0', '1', '2020-03-05 07:47:48', '1', '2020-05-30 01:37:05', '0');
INSERT INTO `page_layout_fields` (`id`, `page_layout_id`, `type`, `object_field_id`, `label`, `order`, `colspan`, `is_mandatory`, `is_readonly`, `display_mode`, `deleted`, `created_by`, `created_on`, `modified_by`, `modified_on`, `is_with_stars_mask`) VALUES ('88bb48b1-de92-44b7-a242-78868a5a9434', '5b0d5c24-08fb-4101-bc0b-93a49e182f21', 'field', '42a3d111-75a3-11e6-959e-5cc5d4b571d2', '总结与跟进方案', '65', '6', '0', '0', 'both', '0', '1', '2020-03-05 07:47:48', '1', '2020-05-30 01:37:05', '0');
UPDATE `page_layout_fields` SET `deleted` = '1' WHERE (`id` = 'c45ff92f-de85-40e2-8796-ce935e391033');
UPDATE `page_layout_fields` SET `deleted` = '1' WHERE (`id` = 'emi0732a-2b44-de86-b6c8-02f90e0f46f0');
UPDATE `page_layout_fields` SET `deleted` = '1' WHERE (`id` = 'emi1732a-2b44-de87-b6c8-02f90e0f46f0');
UPDATE `page_layout_fields` SET `deleted` = '1' WHERE (`id` = 'emi9732a-2b44-de88-b6c8-02f90e0f46f0');
UPDATE `page_layout_fields` SET `deleted` = '1' WHERE (`id` = 'emi449c2-2b44-de89-b6c8-02f90e0f46f0');
UPDATE `page_layout_fields` SET `deleted` = '1' WHERE (`id` = 'emi840cb-2b44-de90-b6c8-02f90e0f46f0');

-- 指导拜访-已完成page_layout字段
INSERT INTO `page_layouts` (`id`, `page_id`, `name`, `label`, `source`, `screen_size`, `deleted`, `created_by`, `created_on`, `modified_by`, `modified_on`) VALUES ('450a70cf-75a3-11e6-ab75-5cc5d4b571e3', '446bbfcf-75a3-11e6-b7a0-5cc5d4b571d2', 'coaching_common_approved_s', '协访报告详情', 'custom', 'small', '0', '1', '2018-08-02 10:33:29', '1', '2020-08-21 09:06:59');
INSERT INTO `page_layout_fields` (`id`, `page_layout_id`, `type`, `label`, `order`, `colspan`, `is_mandatory`, `is_readonly`, `display_mode`, `deleted`, `created_by`, `created_on`, `modified_by`, `modified_on`, `is_with_stars_mask`) VALUES ('978dd56f-de80-44fa-b34f-5452801a70eb', '450a70cf-75a3-11e6-ab75-5cc5d4b571e3', 'section', '基本信息', '0', '12', '0', '1', 'both', '0', '1', '2018-11-13 09:51:26', '1', '2018-11-13 09:51:26', '0');
INSERT INTO `page_layout_fields` (`id`, `page_layout_id`, `type`, `object_field_id`, `label`, `order`, `colspan`, `is_mandatory`, `is_readonly`, `display_mode`, `deleted`, `created_by`, `created_on`, `modified_by`, `modified_on`, `is_with_stars_mask`) VALUES ('4c57b6ad-de81-45f1-8e59-c61527c19a55', '450a70cf-75a3-11e6-ab75-5cc5d4b571e3', 'field', '3d7b5230-75a3-11e6-851c-5cc5d4b571d2', '协访状态', '1', '6', '1', '1', 'both', '0', '1', '2018-11-13 09:48:56', '1', '2020-08-21 05:48:06', '0');
INSERT INTO `page_layout_fields` (`id`, `page_layout_id`, `type`, `object_field_id`, `label`, `order`, `colspan`, `is_mandatory`, `is_readonly`, `display_mode`, `deleted`, `created_by`, `created_on`, `modified_by`, `modified_on`, `is_with_stars_mask`) VALUES ('1ef35401-de82-4b76-b372-587ebdc8ca18', '450a70cf-75a3-11e6-ab75-5cc5d4b571e3', 'field', '3d8d2c80-75a3-11e6-8c30-5cc5d4b571d2', '协访日期', '2', '6', '1', '1', 'both', '0', '1', '2019-04-25 03:48:37', '1', '2020-08-21 05:48:06', '0');
INSERT INTO `page_layout_fields` (`id`, `page_layout_id`, `type`, `object_field_id`, `label`, `order`, `colspan`, `is_mandatory`, `is_readonly`, `display_mode`, `deleted`, `created_by`, `created_on`, `modified_by`, `modified_on`, `is_with_stars_mask`, `disable_click`) VALUES ('586b5ed8-de83-4bf4-8bac-f82cd9707d07', '450a70cf-75a3-11e6-ab75-5cc5d4b571e3', 'field', '3da03f4f-75a3-11e6-87d8-5cc5d4b571d2', '拜访人', '3', '6', '0', '1', 'both', '0', '1', '2019-06-24 11:08:55', '1', '2019-06-24 11:08:55', '0', '1');
INSERT INTO `page_layout_fields` (`id`, `page_layout_id`, `type`, `object_field_id`, `label`, `order`, `colspan`, `is_mandatory`, `is_readonly`, `display_mode`, `deleted`, `created_by`, `created_on`, `modified_by`, `modified_on`, `is_with_stars_mask`) VALUES ('614f6696-de84-4109-a3df-1fef90530b22', '450a70cf-75a3-11e6-ab75-5cc5d4b571e3', 'field', '3da96711-75a3-11e6-b4a4-5cc5d4b571d2', '拜访医生', '4', '6', '1', '1', 'both', '0', '1', '2018-11-13 08:34:01', '1', '2018-11-13 08:34:01', '0');
INSERT INTO `page_layout_fields` (`id`, `page_layout_id`, `type`, `label`, `order`, `colspan`, `is_mandatory`, `is_readonly`, `display_mode`, `deleted`, `created_by`, `created_on`, `modified_by`, `modified_on`, `is_with_stars_mask`) VALUES ('3484194b-de85-4724-8654-b915ccdc0fb9', '450a70cf-75a3-11e6-ab75-5cc5d4b571e3', 'section', '总体表现', '6', '12', '0', '1', 'both', '0', '1', '2018-11-13 10:12:24', '1', '2018-11-13 10:12:24', '0');
INSERT INTO `page_layout_fields` (`id`, `page_layout_id`, `type`, `object_field_id`, `label`, `order`, `colspan`, `is_mandatory`, `is_readonly`, `display_mode`, `deleted`, `created_by`, `created_on`, `modified_by`, `modified_on`, `is_with_stars_mask`) VALUES ('ac01732a-de86-61e8-b6c8-02f90e0f46f0', '450a70cf-75a3-11e6-ab75-5cc5d4b571e3', 'field', '3de0f1cf-75a3-11e6-bb2e-5cc5d4b571d2', '访前准备', '16', '6', '1', '0', 'both', '0', '1', '2018-11-13 11:23:48', '1', '2020-07-31 00:14:07', '0');
INSERT INTO `page_layout_fields` (`id`, `page_layout_id`, `type`, `object_field_id`, `label`, `order`, `colspan`, `is_mandatory`, `is_readonly`, `display_mode`, `deleted`, `created_by`, `created_on`, `modified_by`, `modified_on`, `is_with_stars_mask`) VALUES ('ac02732a-de87-61e8-b6c8-02f90e0f46f0', '450a70cf-75a3-11e6-ab75-5cc5d4b571e3', 'field', '3e06a240-75a3-11e6-9a75-5cc5d4b571d2', '探询需求', '25', '6', '1', '0', 'both', '0', '1', '2018-11-13 11:23:48', '1', '2020-07-31 00:14:26', '0');
INSERT INTO `page_layout_fields` (`id`, `page_layout_id`, `type`, `object_field_id`, `label`, `order`, `colspan`, `is_mandatory`, `is_readonly`, `display_mode`, `deleted`, `created_by`, `created_on`, `modified_by`, `modified_on`, `is_with_stars_mask`) VALUES ('ac03732a-de88-61e8-b6c8-02f90e0f46f0', '450a70cf-75a3-11e6-ab75-5cc5d4b571e3', 'field', '3e215630-75a3-11e6-a0d2-5cc5d4b571d2', '呈现利益', '28', '6', '1', '0', 'both', '0', '1', '2018-11-13 11:23:48', '1', '2020-08-21 02:42:49', '0');
INSERT INTO `page_layout_fields` (`id`, `page_layout_id`, `type`, `object_field_id`, `label`, `order`, `colspan`, `is_mandatory`, `is_readonly`, `display_mode`, `deleted`, `created_by`, `created_on`, `modified_by`, `modified_on`, `is_with_stars_mask`) VALUES ('ac0449c2-de89-61e8-b6c8-02f90e0f46f0', '450a70cf-75a3-11e6-ab75-5cc5d4b571e3', 'field', '3e341ade-75a3-11e6-9b38-5cc5d4b571d2', '异议处理', '30', '6', '1', '0', 'both', '0', '1', '2018-11-13 11:23:48', '1', '2020-08-21 02:41:17', '0');
INSERT INTO `page_layout_fields` (`id`, `page_layout_id`, `type`, `object_field_id`, `label`, `order`, `colspan`, `is_mandatory`, `is_readonly`, `display_mode`, `deleted`, `created_by`, `created_on`, `modified_by`, `modified_on`, `is_with_stars_mask`) VALUES ('ac0540cb-de90-61e8-b6c8-02f90e0f46f0', '450a70cf-75a3-11e6-ab75-5cc5d4b571e3', 'field', '3e7eb870-75a3-11e6-b6fc-5cc5d4b571d2', '有效缔结', '40', '6', '1', '0', 'both', '0', '1', '2018-11-13 11:23:48', '1', '2020-08-21 02:41:17', '0');
INSERT INTO `page_layout_fields` (`id`, `page_layout_id`, `type`, `label`, `order`, `colspan`, `is_mandatory`, `is_readonly`, `display_mode`, `deleted`, `created_by`, `created_on`, `modified_by`, `modified_on`, `is_with_stars_mask`) VALUES ('efdf261f-de91-418e-a181-303d6dae2196', '450a70cf-75a3-11e6-ab75-5cc5d4b571e3', 'section', '总结', '60', '12', '0', '0', 'both', '0', '1', '2018-11-13 11:11:25', '1', '2020-08-21 05:48:06', '0');
INSERT INTO `page_layout_fields` (`id`, `page_layout_id`, `type`, `object_field_id`, `label`, `order`, `colspan`, `is_mandatory`, `is_readonly`, `display_mode`, `deleted`, `created_by`, `created_on`, `modified_by`, `modified_on`, `is_with_stars_mask`) VALUES ('d368c940-de92-4109-b8de-bfb10301df3e', '450a70cf-75a3-11e6-ab75-5cc5d4b571e3', 'field', '42a3d111-75a3-11e6-959e-5cc5d4b571d2', '总结与跟进方案', '65', '6', '0', '0', 'both', '0', '1', '2018-11-17 06:18:21', '1', '2020-08-21 05:48:06', '0');
UPDATE `page_layout_fields` SET `deleted` = '1' WHERE (`id` = '3484194b-de85-4724-8654-b915ccdc0fb9');
UPDATE `page_layout_fields` SET `deleted` = '1' WHERE (`id` = 'ac01732a-de86-61e8-b6c8-02f90e0f46f0');
UPDATE `page_layout_fields` SET `deleted` = '1' WHERE (`id` = 'ac02732a-de87-61e8-b6c8-02f90e0f46f0');
UPDATE `page_layout_fields` SET `deleted` = '1' WHERE (`id` = 'ac03732a-de88-61e8-b6c8-02f90e0f46f0');
UPDATE `page_layout_fields` SET `deleted` = '1' WHERE (`id` = 'ac0449c2-de89-61e8-b6c8-02f90e0f46f0');
UPDATE `page_layout_fields` SET `deleted` = '1' WHERE (`id` = 'ac0540cb-de90-61e8-b6c8-02f90e0f46f0');


-- 指导拜访-已完成-代表page_layout字段
INSERT INTO `page_layouts` (`id`, `page_id`, `name`, `label`, `source`, `screen_size`, `deleted`, `created_by`, `created_on`, `modified_by`, `modified_on`) VALUES ('450a70cf-75a3-11e6-ab75-5cc5d4b571f5', '446bbfcf-75a3-11e6-b7a0-5cc5d4b571d2', 'coaching_common_approved_s_sales', '协访报告详情', 'custom', 'small', '0', '1', '2018-04-23 15:25:50', '1', '2020-08-21 09:06:59');
INSERT INTO `page_layout_fields` (`id`, `page_layout_id`, `type`, `label`, `order`, `colspan`, `is_mandatory`, `is_readonly`, `display_mode`, `deleted`, `created_by`, `created_on`, `modified_by`, `modified_on`, `is_with_stars_mask`) VALUES ('422703fa-de80-4878-9a23-e72fcc143171', '450a70cf-75a3-11e6-ab75-5cc5d4b571f5', 'section', '基本信息', '0', '12', '0', '1', 'both', '0', '1', '2018-11-13 09:51:26', '1', '2018-11-13 09:51:26', '0');
INSERT INTO `page_layout_fields` (`id`, `page_layout_id`, `type`, `object_field_id`, `label`, `order`, `colspan`, `is_mandatory`, `is_readonly`, `display_mode`, `deleted`, `created_by`, `created_on`, `modified_by`, `modified_on`, `is_with_stars_mask`) VALUES ('98c01367-de81-418e-8047-f7243f605e1c', '450a70cf-75a3-11e6-ab75-5cc5d4b571f5', 'field', '3d7b5230-75a3-11e6-851c-5cc5d4b571d2', '协访状态', '1', '6', '1', '1', 'both', '0', '1', '2018-11-13 09:48:56', '1', '2020-08-21 05:54:48', '0');
INSERT INTO `page_layout_fields` (`id`, `page_layout_id`, `type`, `object_field_id`, `label`, `order`, `colspan`, `is_mandatory`, `is_readonly`, `display_mode`, `deleted`, `created_by`, `created_on`, `modified_by`, `modified_on`, `is_with_stars_mask`) VALUES ('353d8648-de82-4743-b63c-e50f7eec3e7a', '450a70cf-75a3-11e6-ab75-5cc5d4b571f5', 'field', '3d8d2c80-75a3-11e6-8c30-5cc5d4b571d2', '协访日期', '2', '6', '1', '1', 'both', '0', '1', '2019-04-25 03:48:37', '1', '2020-08-21 05:54:48', '0');
INSERT INTO `page_layout_fields` (`id`, `page_layout_id`, `type`, `object_field_id`, `label`, `order`, `colspan`, `is_mandatory`, `is_readonly`, `display_mode`, `deleted`, `created_by`, `created_on`, `modified_by`, `modified_on`, `is_with_stars_mask`, `disable_click`) VALUES ('73f52783-de83-402b-bdd4-d7bd81a92529', '450a70cf-75a3-11e6-ab75-5cc5d4b571f5', 'field', '3da03f4f-75a3-11e6-87d8-5cc5d4b571d2', '拜访人', '3', '6', '0', '1', 'both', '0', '1', '2019-06-24 11:08:55', '1', '2019-06-24 11:08:55', '0', '1');
INSERT INTO `page_layout_fields` (`id`, `page_layout_id`, `type`, `object_field_id`, `label`, `order`, `colspan`, `is_mandatory`, `is_readonly`, `display_mode`, `deleted`, `created_by`, `created_on`, `modified_by`, `modified_on`, `is_with_stars_mask`) VALUES ('c2045d29-de85-486e-9884-ca857716cad6', '450a70cf-75a3-11e6-ab75-5cc5d4b571f5', 'field', '3da96711-75a3-11e6-b4a4-5cc5d4b571d2', '拜访医生', '4', '6', '1', '1', 'both', '0', '1', '2018-11-13 08:34:01', '1', '2018-11-13 08:34:01', '0');
INSERT INTO `page_layout_fields` (`id`, `page_layout_id`, `type`, `label`, `order`, `colspan`, `is_mandatory`, `is_readonly`, `display_mode`, `deleted`, `created_by`, `created_on`, `modified_by`, `modified_on`, `is_with_stars_mask`) VALUES ('5b91cee5-de86-463b-afe5-c6412e99495c', '450a70cf-75a3-11e6-ab75-5cc5d4b571f5', 'section', '总体表现', '6', '12', '0', '1', 'both', '0', '1', '2018-11-13 10:12:24', '1', '2018-11-13 10:12:24', '0');
INSERT INTO `page_layout_fields` (`id`, `page_layout_id`, `type`, `object_field_id`, `label`, `order`, `colspan`, `is_mandatory`, `is_readonly`, `display_mode`, `deleted`, `created_by`, `created_on`, `modified_by`, `modified_on`, `is_with_stars_mask`) VALUES ('ac11732a-de87-61e8-b6c8-02f90e0f46f0', '450a70cf-75a3-11e6-ab75-5cc5d4b571f5', 'field', '3de0f1cf-75a3-11e6-bb2e-5cc5d4b571d2', '访前准备', '16', '6', '1', '0', 'both', '0', '1', '2018-11-13 11:23:48', '1', '2020-07-31 00:14:07', '0');
INSERT INTO `page_layout_fields` (`id`, `page_layout_id`, `type`, `object_field_id`, `label`, `order`, `colspan`, `is_mandatory`, `is_readonly`, `display_mode`, `deleted`, `created_by`, `created_on`, `modified_by`, `modified_on`, `is_with_stars_mask`) VALUES ('ac12732a-de88-61e8-b6c8-02f90e0f46f0', '450a70cf-75a3-11e6-ab75-5cc5d4b571f5', 'field', '3e06a240-75a3-11e6-9a75-5cc5d4b571d2', '探询需求', '25', '6', '1', '0', 'both', '0', '1', '2018-11-13 11:23:48', '1', '2020-07-31 00:14:26', '0');
INSERT INTO `page_layout_fields` (`id`, `page_layout_id`, `type`, `object_field_id`, `label`, `order`, `colspan`, `is_mandatory`, `is_readonly`, `display_mode`, `deleted`, `created_by`, `created_on`, `modified_by`, `modified_on`, `is_with_stars_mask`) VALUES ('ac13732a-de89-61e8-b6c8-02f90e0f46f0', '450a70cf-75a3-11e6-ab75-5cc5d4b571f5', 'field', '3e215630-75a3-11e6-a0d2-5cc5d4b571d2', '呈现利益', '28', '6', '1', '0', 'both', '0', '1', '2018-11-13 11:23:48', '1', '2020-08-21 02:42:49', '0');
INSERT INTO `page_layout_fields` (`id`, `page_layout_id`, `type`, `object_field_id`, `label`, `order`, `colspan`, `is_mandatory`, `is_readonly`, `display_mode`, `deleted`, `created_by`, `created_on`, `modified_by`, `modified_on`, `is_with_stars_mask`) VALUES ('ac1449c2-de90-61e8-b6c8-02f90e0f46f0', '450a70cf-75a3-11e6-ab75-5cc5d4b571f5', 'field', '3e341ade-75a3-11e6-9b38-5cc5d4b571d2', '异议处理', '30', '6', '1', '0', 'both', '0', '1', '2018-11-13 11:23:48', '1', '2020-08-21 02:41:17', '0');
INSERT INTO `page_layout_fields` (`id`, `page_layout_id`, `type`, `object_field_id`, `label`, `order`, `colspan`, `is_mandatory`, `is_readonly`, `display_mode`, `deleted`, `created_by`, `created_on`, `modified_by`, `modified_on`, `is_with_stars_mask`) VALUES ('ac1540cb-de91-61e8-b6c8-02f90e0f46f0', '450a70cf-75a3-11e6-ab75-5cc5d4b571f5', 'field', '3e7eb870-75a3-11e6-b6fc-5cc5d4b571d2', '有效缔结', '40', '6', '1', '0', 'both', '0', '1', '2018-11-13 11:23:48', '1', '2020-08-21 02:41:17', '0');
INSERT INTO `page_layout_fields` (`id`, `page_layout_id`, `type`, `label`, `order`, `colspan`, `is_mandatory`, `is_readonly`, `display_mode`, `deleted`, `created_by`, `created_on`, `modified_by`, `modified_on`, `is_with_stars_mask`) VALUES ('f43507f5-de92-4b59-b6b2-9e2e3282288b', '450a70cf-75a3-11e6-ab75-5cc5d4b571f5', 'section', '总结', '60', '12', '0', '0', 'both', '0', '1', '2018-11-13 11:11:25', '1', '2020-08-21 05:54:48', '0');
INSERT INTO `page_layout_fields` (`id`, `page_layout_id`, `type`, `object_field_id`, `label`, `order`, `colspan`, `is_mandatory`, `is_readonly`, `display_mode`, `deleted`, `created_by`, `created_on`, `modified_by`, `modified_on`, `is_with_stars_mask`) VALUES ('6de409a8-de93-4e61-b1d8-8a39e9ab0597', '450a70cf-75a3-11e6-ab75-5cc5d4b571f5', 'field', '42a3d111-75a3-11e6-959e-5cc5d4b571d2', '总结与跟进方案', '65', '6', '0', '0', 'both', '0', '1', '2018-11-17 06:18:21', '1', '2020-08-21 05:54:48', '0');
UPDATE `page_layout_fields` SET `deleted` = '1' WHERE (`id` = '5b91cee5-de86-463b-afe5-c6412e99495c');
UPDATE `page_layout_fields` SET `deleted` = '1' WHERE (`id` = 'ac11732a-de87-61e8-b6c8-02f90e0f46f0');
UPDATE `page_layout_fields` SET `deleted` = '1' WHERE (`id` = 'ac12732a-de88-61e8-b6c8-02f90e0f46f0');
UPDATE `page_layout_fields` SET `deleted` = '1' WHERE (`id` = 'ac13732a-de89-61e8-b6c8-02f90e0f46f0');
UPDATE `page_layout_fields` SET `deleted` = '1' WHERE (`id` = 'ac1449c2-de90-61e8-b6c8-02f90e0f46f0');
UPDATE `page_layout_fields` SET `deleted` = '1' WHERE (`id` = 'ac1540cb-de91-61e8-b6c8-02f90e0f46f0');

-- 指导拜访page_layout授权
INSERT INTO `page_layout_assignments` (`id`, `role_id`, `object_record_type_id`, `object_state_id`, `page_layout_id`, `deleted`, `created_by`, `created_on`, `modified_by`, `modified_on`) VALUES ('8037fc4e-40f9-4759-83d0-de819e21eac9', '53de6f5e-1da3-11e6-b011-5cc5d4b57134', '441d51b0-75a3-11e6-a00a-5cc5d4b51411', '443d5cd1-75a3-11e6-a19f-5cc5d4b571d2', '5b0d5c24-08fb-4101-bc0b-93a49e182f21', '0', '1', '2020-07-02 06:35:50', '1', '2020-08-21 08:49:05');
INSERT INTO `page_layout_assignments` (`id`, `role_id`, `object_record_type_id`, `object_state_id`, `page_layout_id`, `deleted`, `created_by`, `created_on`, `modified_by`, `modified_on`) VALUES ('9c393a91-2272-49a4-996d-de8221338830', '5a013aaa-b5c5-11ea-aab5-0215c63fce1a', '441d51b0-75a3-11e6-a00a-5cc5d4b51411', '443d5cd1-75a3-11e6-a19f-5cc5d4b571d2', '5b0d5c24-08fb-4101-bc0b-93a49e182f21', '0', '1', '2020-03-05 07:47:49', '1', '2020-08-21 08:49:05');
INSERT INTO `page_layout_assignments` (`id`, `role_id`, `object_record_type_id`, `object_state_id`, `page_layout_id`, `deleted`, `created_by`, `created_on`, `modified_by`, `modified_on`) VALUES ('9c393a91-de80-49a4-996d-de8321338830', 'b74845ad-b5fe-11ea-aab5-0215c63fce1a', '441d51b0-75a3-11e6-a00a-5cc5d4b51411', '443d5cd1-75a3-11e6-a19f-5cc5d4b571d2', '5b0d5c24-08fb-4101-bc0b-93a49e182f21', '0', '1', '2020-03-05 07:47:49', '1', '2020-08-21 08:49:05');
INSERT INTO `page_layout_assignments` (`id`, `role_id`, `object_record_type_id`, `object_state_id`, `page_layout_id`, `deleted`, `created_by`, `created_on`, `modified_by`, `modified_on`) VALUES ('9c393a91-de81-49a4-996d-de8421338830', '53de9671-1da3-11e6-93fb-5cc5d4b57136', '441d51b0-75a3-11e6-a00a-5cc5d4b51411', '443d5cd1-75a3-11e6-a19f-5cc5d4b571d2', '5b0d5c24-08fb-4101-bc0b-93a49e182f21', '0', '1', '2020-03-05 07:47:49', '1', '2020-08-21 08:49:05');
INSERT INTO `page_layout_assignments` (`id`, `role_id`, `object_record_type_id`, `object_state_id`, `page_layout_id`, `deleted`, `created_by`, `created_on`, `modified_by`, `modified_on`) VALUES ('9c393a91-de82-49a4-996d-de8521338830', '20228999-b5ff-11ea-aab5-0215c63fce1a', '441d51b0-75a3-11e6-a00a-5cc5d4b51411', '443d5cd1-75a3-11e6-a19f-5cc5d4b571d2', '5b0d5c24-08fb-4101-bc0b-93a49e182f21', '0', '1', '2020-03-05 07:47:49', '1', '2020-08-21 08:49:05');
INSERT INTO `page_layout_assignments` (`id`, `role_id`, `object_record_type_id`, `object_state_id`, `page_layout_id`, `deleted`, `created_by`, `created_on`, `modified_by`, `modified_on`) VALUES ('9c393a91-de83-49a4-996d-de8621338830', 'a99fcd69-b5ff-11ea-aab5-0215c63fce1a', '441d51b0-75a3-11e6-a00a-5cc5d4b51411', '443d5cd1-75a3-11e6-a19f-5cc5d4b571d2', '5b0d5c24-08fb-4101-bc0b-93a49e182f21', '0', '1', '2020-03-05 07:47:49', '1', '2020-08-21 08:49:05');
INSERT INTO `page_layout_assignments` (`id`, `role_id`, `object_record_type_id`, `object_state_id`, `page_layout_id`, `deleted`, `created_by`, `created_on`, `modified_by`, `modified_on`) VALUES ('9c393a91-de84-49a4-996d-de8721338830', 'b72453fc-efdb-11e9-b9aa-0298a739deb2', '441d51b0-75a3-11e6-a00a-5cc5d4b51411', '443d5cd1-75a3-11e6-a19f-5cc5d4b571d2', '5b0d5c24-08fb-4101-bc0b-93a49e182f21', '0', '1', '2020-03-05 07:47:49', '1', '2020-08-21 08:49:05');
INSERT INTO `page_layout_assignments` (`id`, `role_id`, `object_record_type_id`, `object_state_id`, `page_layout_id`, `deleted`, `created_by`, `created_on`, `modified_by`, `modified_on`) VALUES ('9c393a91-de85-49a4-996d-de8821338830', 'b72453fc-efdb-11e9-b9aa-0298a739dec0', '441d51b0-75a3-11e6-a00a-5cc5d4b51411', '443d5cd1-75a3-11e6-a19f-5cc5d4b571d2', '5b0d5c24-08fb-4101-bc0b-93a49e182f21', '0', '1', '2020-03-05 07:47:49', '1', '2020-08-21 08:49:05');
INSERT INTO `page_layout_assignments` (`id`, `role_id`, `object_record_type_id`, `object_state_id`, `page_layout_id`, `deleted`, `created_by`, `created_on`, `modified_by`, `modified_on`) VALUES ('9c393a91-de86-49a4-996d-de8921338830', '53de9674-1da3-11e6-ac97-5cc5d4b57137', '441d51b0-75a3-11e6-a00a-5cc5d4b51411', '443d5cd1-75a3-11e6-a19f-5cc5d4b571d2', '5b0d5c24-08fb-4101-bc0b-93a49e182f21', '0', '1', '2020-03-05 07:47:49', '1', '2020-08-21 08:49:05');
INSERT INTO `page_layout_assignments` (`id`, `role_id`, `object_record_type_id`, `object_state_id`, `page_layout_id`, `deleted`, `created_by`, `created_on`, `modified_by`, `modified_on`) VALUES ('9c393a91-de87-49a4-996d-de9021338830', '72e462a0-b600-11ea-aab5-0215c63fce1a', '441d51b0-75a3-11e6-a00a-5cc5d4b51411', '443d5cd1-75a3-11e6-a19f-5cc5d4b571d2', '5b0d5c24-08fb-4101-bc0b-93a49e182f21', '0', '1', '2020-03-05 07:47:49', '1', '2020-08-21 08:49:05');
INSERT INTO `page_layout_assignments` (`id`, `role_id`, `object_record_type_id`, `object_state_id`, `page_layout_id`, `deleted`, `created_by`, `created_on`, `modified_by`, `modified_on`) VALUES ('9c393a91-de88-49a4-996d-de9121338830', 'bfb15d2f-b600-11ea-aab5-0215c63fce1a', '441d51b0-75a3-11e6-a00a-5cc5d4b51411', '443d5cd1-75a3-11e6-a19f-5cc5d4b571d2', '5b0d5c24-08fb-4101-bc0b-93a49e182f21', '0', '1', '2020-03-05 07:47:49', '1', '2020-08-21 08:49:05');
INSERT INTO `page_layout_assignments` (`id`, `role_id`, `object_record_type_id`, `object_state_id`, `page_layout_id`, `deleted`, `created_by`, `created_on`, `modified_by`, `modified_on`) VALUES ('9c393a91-de89-49a4-996d-de9221338830', '02ebda16-b601-11ea-aab5-0215c63fce1a', '441d51b0-75a3-11e6-a00a-5cc5d4b51411', '443d5cd1-75a3-11e6-a19f-5cc5d4b571d2', '5b0d5c24-08fb-4101-bc0b-93a49e182f21', '0', '1', '2020-03-05 07:47:49', '1', '2020-08-21 08:49:05');
INSERT INTO `page_layout_assignments` (`id`, `role_id`, `object_record_type_id`, `object_state_id`, `page_layout_id`, `deleted`, `created_by`, `created_on`, `modified_by`, `modified_on`) VALUES ('e18c1a14-a599-4f9a-de80-7555f6a5e25f', '53de6f5e-1da3-11e6-b011-5cc5d4b57134', '441d51b0-75a3-11e6-a00a-5cc5d4b51411', '444dd78f-75a3-11e6-a76f-5cc5d4b571d2', '450a70cf-75a3-11e6-ab75-5cc5d4b571e3', '0', '1', '2020-07-02 06:35:50', '1', '2020-08-21 08:49:06');
INSERT INTO `page_layout_assignments` (`id`, `role_id`, `object_record_type_id`, `object_state_id`, `page_layout_id`, `deleted`, `created_by`, `created_on`, `modified_by`, `modified_on`) VALUES ('e18c1a14-de80-4f9a-de81-7555f6a5e25f', '5a013aaa-b5c5-11ea-aab5-0215c63fce1a', '441d51b0-75a3-11e6-a00a-5cc5d4b51411', '444dd78f-75a3-11e6-a76f-5cc5d4b571d2', '450a70cf-75a3-11e6-ab75-5cc5d4b571e3', '0', '1', '2020-07-02 06:35:50', '1', '2020-08-21 08:49:06');
INSERT INTO `page_layout_assignments` (`id`, `role_id`, `object_record_type_id`, `object_state_id`, `page_layout_id`, `deleted`, `created_by`, `created_on`, `modified_by`, `modified_on`) VALUES ('e18c1a14-de81-4f9a-de82-7555f6a5e25f', 'b74845ad-b5fe-11ea-aab5-0215c63fce1a', '441d51b0-75a3-11e6-a00a-5cc5d4b51411', '444dd78f-75a3-11e6-a76f-5cc5d4b571d2', '450a70cf-75a3-11e6-ab75-5cc5d4b571e3', '0', '1', '2020-07-02 06:35:50', '1', '2020-08-21 08:49:06');
INSERT INTO `page_layout_assignments` (`id`, `role_id`, `object_record_type_id`, `object_state_id`, `page_layout_id`, `deleted`, `created_by`, `created_on`, `modified_by`, `modified_on`) VALUES ('e18c1a14-de82-4f9a-de83-7555f6a5e25f', '53de9671-1da3-11e6-93fb-5cc5d4b57136', '441d51b0-75a3-11e6-a00a-5cc5d4b51411', '444dd78f-75a3-11e6-a76f-5cc5d4b571d2', '450a70cf-75a3-11e6-ab75-5cc5d4b571e3', '0', '1', '2020-07-02 06:35:50', '1', '2020-08-21 08:49:06');
INSERT INTO `page_layout_assignments` (`id`, `role_id`, `object_record_type_id`, `object_state_id`, `page_layout_id`, `deleted`, `created_by`, `created_on`, `modified_by`, `modified_on`) VALUES ('e18c1a14-de83-4f9a-de84-7555f6a5e25f', '20228999-b5ff-11ea-aab5-0215c63fce1a', '441d51b0-75a3-11e6-a00a-5cc5d4b51411', '444dd78f-75a3-11e6-a76f-5cc5d4b571d2', '450a70cf-75a3-11e6-ab75-5cc5d4b571e3', '0', '1', '2020-07-02 06:35:50', '1', '2020-08-21 08:49:06');
INSERT INTO `page_layout_assignments` (`id`, `role_id`, `object_record_type_id`, `object_state_id`, `page_layout_id`, `deleted`, `created_by`, `created_on`, `modified_by`, `modified_on`) VALUES ('e18c1a14-de84-4f9a-de85-7555f6a5e25f', 'a99fcd69-b5ff-11ea-aab5-0215c63fce1a', '441d51b0-75a3-11e6-a00a-5cc5d4b51411', '444dd78f-75a3-11e6-a76f-5cc5d4b571d2', '450a70cf-75a3-11e6-ab75-5cc5d4b571e3', '0', '1', '2020-07-02 06:35:50', '1', '2020-08-21 08:49:06');
INSERT INTO `page_layout_assignments` (`id`, `role_id`, `object_record_type_id`, `object_state_id`, `page_layout_id`, `deleted`, `created_by`, `created_on`, `modified_by`, `modified_on`) VALUES ('e18c1a14-de85-4f9a-de86-7555f6a5e25f', 'b72453fc-efdb-11e9-b9aa-0298a739deb2', '441d51b0-75a3-11e6-a00a-5cc5d4b51411', '444dd78f-75a3-11e6-a76f-5cc5d4b571d2', '450a70cf-75a3-11e6-ab75-5cc5d4b571e3', '0', '1', '2020-07-02 06:35:50', '1', '2020-08-21 08:49:06');
INSERT INTO `page_layout_assignments` (`id`, `role_id`, `object_record_type_id`, `object_state_id`, `page_layout_id`, `deleted`, `created_by`, `created_on`, `modified_by`, `modified_on`) VALUES ('e18c1a14-de86-4f9a-de87-7555f6a5e25f', 'b72453fc-efdb-11e9-b9aa-0298a739dec0', '441d51b0-75a3-11e6-a00a-5cc5d4b51411', '444dd78f-75a3-11e6-a76f-5cc5d4b571d2', '450a70cf-75a3-11e6-ab75-5cc5d4b571e3', '0', '1', '2020-07-02 06:35:50', '1', '2020-08-21 08:49:06');
INSERT INTO `page_layout_assignments` (`id`, `role_id`, `object_record_type_id`, `object_state_id`, `page_layout_id`, `deleted`, `created_by`, `created_on`, `modified_by`, `modified_on`) VALUES ('e18c1a14-de87-4f9a-de88-7555f6a5e25f', '53de9674-1da3-11e6-ac97-5cc5d4b57137', '441d51b0-75a3-11e6-a00a-5cc5d4b51411', '444dd78f-75a3-11e6-a76f-5cc5d4b571d2', '450a70cf-75a3-11e6-ab75-5cc5d4b571e3', '0', '1', '2020-07-02 06:35:50', '1', '2020-08-21 08:49:06');
INSERT INTO `page_layout_assignments` (`id`, `role_id`, `object_record_type_id`, `object_state_id`, `page_layout_id`, `deleted`, `created_by`, `created_on`, `modified_by`, `modified_on`) VALUES ('e18c1a14-de88-4f9a-de89-7555f6a5e25f', '72e462a0-b600-11ea-aab5-0215c63fce1a', '441d51b0-75a3-11e6-a00a-5cc5d4b51411', '444dd78f-75a3-11e6-a76f-5cc5d4b571d2', '450a70cf-75a3-11e6-ab75-5cc5d4b571e3', '0', '1', '2020-07-02 06:35:50', '1', '2020-08-21 08:49:06');
INSERT INTO `page_layout_assignments` (`id`, `role_id`, `object_record_type_id`, `object_state_id`, `page_layout_id`, `deleted`, `created_by`, `created_on`, `modified_by`, `modified_on`) VALUES ('e18c1a14-de89-4f9a-de90-7555f6a5e25f', 'bfb15d2f-b600-11ea-aab5-0215c63fce1a', '441d51b0-75a3-11e6-a00a-5cc5d4b51411', '444dd78f-75a3-11e6-a76f-5cc5d4b571d2', '450a70cf-75a3-11e6-ab75-5cc5d4b571e3', '0', '1', '2020-07-02 06:35:50', '1', '2020-08-21 08:49:07');
INSERT INTO `page_layout_assignments` (`id`, `role_id`, `object_record_type_id`, `object_state_id`, `page_layout_id`, `deleted`, `created_by`, `created_on`, `modified_by`, `modified_on`) VALUES ('e18c1a14-de90-4f9a-de91-7555f6a5e25f', '02ebda16-b601-11ea-aab5-0215c63fce1a', '441d51b0-75a3-11e6-a00a-5cc5d4b51411', '444dd78f-75a3-11e6-a76f-5cc5d4b571d2', '450a70cf-75a3-11e6-ab75-5cc5d4b571e3', '0', '1', '2020-07-02 06:35:50', '1', '2020-08-21 08:49:07');
INSERT INTO `page_layout_assignments` (`id`, `role_id`, `object_record_type_id`, `object_state_id`, `page_layout_id`, `deleted`, `created_by`, `created_on`, `modified_by`, `modified_on`) VALUES ('ec4e299e-106b-1350-8497-de80d4d378cb', '5a013aaa-b5c5-11ea-aab5-0215c63fce1a', '441d51b0-75a3-11e6-a00a-5cc5d4b51411', '4445e851-75a3-11e6-a77d-5cc5d4b571d2', '450a70cf-75a3-11e6-ab75-5cc5d4b571e3', '0', '1', '2017-04-06 12:22:15', '1', '2020-08-21 08:49:07');
INSERT INTO `page_layout_assignments` (`id`, `role_id`, `object_record_type_id`, `object_state_id`, `page_layout_id`, `deleted`, `created_by`, `created_on`, `modified_by`, `modified_on`) VALUES ('ec4e299e-de80-1350-8497-de81d4d378cb', 'b74845ad-b5fe-11ea-aab5-0215c63fce1a', '441d51b0-75a3-11e6-a00a-5cc5d4b51411', '4445e851-75a3-11e6-a77d-5cc5d4b571d2', '450a70cf-75a3-11e6-ab75-5cc5d4b571e3', '0', '1', '2017-04-06 12:22:15', '1', '2020-08-21 08:49:07');
INSERT INTO `page_layout_assignments` (`id`, `role_id`, `object_record_type_id`, `object_state_id`, `page_layout_id`, `deleted`, `created_by`, `created_on`, `modified_by`, `modified_on`) VALUES ('ec4e299e-de81-1350-8497-de82d4d378cb', '53de9671-1da3-11e6-93fb-5cc5d4b57136', '441d51b0-75a3-11e6-a00a-5cc5d4b51411', '4445e851-75a3-11e6-a77d-5cc5d4b571d2', '450a70cf-75a3-11e6-ab75-5cc5d4b571e3', '0', '1', '2017-04-06 12:22:15', '1', '2020-08-21 08:49:07');
INSERT INTO `page_layout_assignments` (`id`, `role_id`, `object_record_type_id`, `object_state_id`, `page_layout_id`, `deleted`, `created_by`, `created_on`, `modified_by`, `modified_on`) VALUES ('ec4e299e-de82-1350-8497-de83d4d378cb', '20228999-b5ff-11ea-aab5-0215c63fce1a', '441d51b0-75a3-11e6-a00a-5cc5d4b51411', '4445e851-75a3-11e6-a77d-5cc5d4b571d2', '450a70cf-75a3-11e6-ab75-5cc5d4b571e3', '0', '1', '2017-04-06 12:22:15', '1', '2020-08-21 08:49:07');
INSERT INTO `page_layout_assignments` (`id`, `role_id`, `object_record_type_id`, `object_state_id`, `page_layout_id`, `deleted`, `created_by`, `created_on`, `modified_by`, `modified_on`) VALUES ('ec4e299e-de83-1350-8497-de84d4d378cb', 'a99fcd69-b5ff-11ea-aab5-0215c63fce1a', '441d51b0-75a3-11e6-a00a-5cc5d4b51411', '4445e851-75a3-11e6-a77d-5cc5d4b571d2', '450a70cf-75a3-11e6-ab75-5cc5d4b571e3', '0', '1', '2017-04-06 12:22:15', '1', '2020-08-21 08:49:07');
INSERT INTO `page_layout_assignments` (`id`, `role_id`, `object_record_type_id`, `object_state_id`, `page_layout_id`, `deleted`, `created_by`, `created_on`, `modified_by`, `modified_on`) VALUES ('ec4e299e-de84-1350-8497-de85d4d378cb', 'b72453fc-efdb-11e9-b9aa-0298a739deb2', '441d51b0-75a3-11e6-a00a-5cc5d4b51411', '4445e851-75a3-11e6-a77d-5cc5d4b571d2', '450a70cf-75a3-11e6-ab75-5cc5d4b571e3', '0', '1', '2017-04-06 12:22:15', '1', '2020-08-21 08:49:07');
INSERT INTO `page_layout_assignments` (`id`, `role_id`, `object_record_type_id`, `object_state_id`, `page_layout_id`, `deleted`, `created_by`, `created_on`, `modified_by`, `modified_on`) VALUES ('ec4e299e-de85-1350-8497-de86d4d378cb', 'b72453fc-efdb-11e9-b9aa-0298a739dec0', '441d51b0-75a3-11e6-a00a-5cc5d4b51411', '4445e851-75a3-11e6-a77d-5cc5d4b571d2', '450a70cf-75a3-11e6-ab75-5cc5d4b571e3', '0', '1', '2017-04-06 12:22:15', '1', '2020-08-21 08:49:07');
INSERT INTO `page_layout_assignments` (`id`, `role_id`, `object_record_type_id`, `object_state_id`, `page_layout_id`, `deleted`, `created_by`, `created_on`, `modified_by`, `modified_on`) VALUES ('ec4e299e-de86-1350-8497-de87d4d378cb', '53de9674-1da3-11e6-ac97-5cc5d4b57137', '441d51b0-75a3-11e6-a00a-5cc5d4b51411', '4445e851-75a3-11e6-a77d-5cc5d4b571d2', '450a70cf-75a3-11e6-ab75-5cc5d4b571e3', '0', '1', '2017-04-06 12:22:15', '1', '2020-08-21 08:49:07');
INSERT INTO `page_layout_assignments` (`id`, `role_id`, `object_record_type_id`, `object_state_id`, `page_layout_id`, `deleted`, `created_by`, `created_on`, `modified_by`, `modified_on`) VALUES ('ec4e299e-de87-1350-8497-de88d4d378cb', '72e462a0-b600-11ea-aab5-0215c63fce1a', '441d51b0-75a3-11e6-a00a-5cc5d4b51411', '4445e851-75a3-11e6-a77d-5cc5d4b571d2', '450a70cf-75a3-11e6-ab75-5cc5d4b571e3', '0', '1', '2017-04-06 12:22:15', '1', '2020-08-21 08:49:07');
INSERT INTO `page_layout_assignments` (`id`, `role_id`, `object_record_type_id`, `object_state_id`, `page_layout_id`, `deleted`, `created_by`, `created_on`, `modified_by`, `modified_on`) VALUES ('ec4e299e-de88-1350-8497-de89d4d378cb', 'bfb15d2f-b600-11ea-aab5-0215c63fce1a', '441d51b0-75a3-11e6-a00a-5cc5d4b51411', '4445e851-75a3-11e6-a77d-5cc5d4b571d2', '450a70cf-75a3-11e6-ab75-5cc5d4b571e3', '0', '1', '2017-04-06 12:22:15', '1', '2020-08-21 08:49:07');
INSERT INTO `page_layout_assignments` (`id`, `role_id`, `object_record_type_id`, `object_state_id`, `page_layout_id`, `deleted`, `created_by`, `created_on`, `modified_by`, `modified_on`) VALUES ('ec4e299e-de89-1350-8497-de90d4d378cb', '02ebda16-b601-11ea-aab5-0215c63fce1a', '441d51b0-75a3-11e6-a00a-5cc5d4b51411', '4445e851-75a3-11e6-a77d-5cc5d4b571d2', '450a70cf-75a3-11e6-ab75-5cc5d4b571e3', '0', '1', '2017-04-06 12:22:15', '1', '2020-08-21 08:49:07');
INSERT INTO `page_layout_assignments` (`id`, `role_id`, `object_record_type_id`, `object_state_id`, `page_layout_id`, `deleted`, `created_by`, `created_on`, `modified_by`, `modified_on`) VALUES ('f37dcc50-a2e4-4944-b691-de917cc065be', '53de9671-1da3-11e6-93fb-5cc5d4b57136', '3a07b58f-5bed-11e7-8275-34f39ab71988', '444dd78f-75a3-11e6-a76f-5cc5d4b571d2', '450a70cf-75a3-11e6-ab75-5cc5d4b571e3', '0', '1', '2020-07-02 06:35:52', '1', '2020-07-02 06:35:52');
INSERT INTO `page_layout_assignments` (`id`, `role_id`, `object_record_type_id`, `object_state_id`, `page_layout_id`, `deleted`, `created_by`, `created_on`, `modified_by`, `modified_on`) VALUES ('26c6c392-d3f9-4296-b5bf-f96f4bec1729', '53de6f5e-1da3-11e6-b011-5cc5d4b57134', '441d51b0-75a3-11e6-a00a-5cc5d4b51411', '4445e851-75a3-11e6-a77d-5cc5d4b571d2', '450a70cf-75a3-11e6-ab75-5cc5d4b571f5', '0', '1', '2020-07-02 06:35:50', '1', '2020-08-21 08:49:05');

-- 指导拜访page_layout按钮
INSERT INTO `page_layout_actions` (`id`, `page_layout_id`, `object_action_id`, `display_mode`, `order`, `deleted`, `created_by`, `created_on`, `modified_by`, `modified_on`, `is_need_pre_check`, `pre_check_label`) VALUES ('01811877-a1e8-4919-9f8c-44516de84eb9', '5b0d5c24-08fb-4101-bc0b-93a49e182f21', '49564b4f-75a3-11e6-9e9d-5cc5d4b571d2', 'view', '3', '0', '1', '2020-03-05 07:47:48', '1', '2020-03-05 07:47:48', '0', '0');
INSERT INTO `page_layout_actions` (`id`, `page_layout_id`, `object_action_id`, `display_mode`, `order`, `deleted`, `created_by`, `created_on`, `modified_by`, `modified_on`, `is_need_pre_check`, `pre_check_label`) VALUES ('49961117-75a3-11e6-b3a6-5cc5dde851d2', '5b0d5c24-08fb-4101-bc0b-93a49e182f21', 'c7d8cf1e-78b4-11e6-97cc-5cc5d4b51115', 'edit', '3', '0', '1', '2017-01-01 00:00:00', '1', '2020-08-21 03:34:53', '0', '0');
INSERT INTO `page_layout_actions` (`id`, `page_layout_id`, `object_action_id`, `display_mode`, `order`, `deleted`, `created_by`, `created_on`, `modified_by`, `modified_on`, `is_need_pre_check`, `pre_check_label`) VALUES ('9229f9f5-fb13-4dd4-bcc5-5e1d5de86fb8', '5b0d5c24-08fb-4101-bc0b-93a49e182f21', '1e5a6913-e7e0-11e8-b6c8-02f90e0f46f0', 'view', '1', '0', '1', '2020-03-05 07:47:48', '1', '2020-03-05 07:47:48', '0', '0');
INSERT INTO `page_layout_actions` (`id`, `page_layout_id`, `object_action_id`, `display_mode`, `order`, `deleted`, `created_by`, `created_on`, `modified_by`, `modified_on`, `is_need_pre_check`, `pre_check_label`) VALUES ('a87203b5-8e3c-49d3-8a9c-b59f4de87bab', '5b0d5c24-08fb-4101-bc0b-93a49e182f21', '494d4aa1-75a3-11e6-96a9-5cc5d4b571d2', 'edit', '2', '0', '1', '2020-03-05 07:47:48', '1', '2020-03-05 07:47:48', '0', '0');
INSERT INTO `page_layout_actions` (`id`, `page_layout_id`, `object_action_id`, `display_mode`, `order`, `deleted`, `created_by`, `created_on`, `modified_by`, `modified_on`, `is_need_pre_check`, `pre_check_label`) VALUES ('f43e8fa7-5e54-4516-abd0-c98abde88ea1', '5b0d5c24-08fb-4101-bc0b-93a49e182f21', '495eafc0-75a3-11e6-8225-5cc5d4b571d2', 'view', '4', '0', '1', '2020-03-05 07:47:48', '1', '2020-03-05 07:47:48', '0', '0');
INSERT INTO `page_layout_actions` (`id`, `page_layout_id`, `object_action_id`, `display_mode`, `order`, `deleted`, `created_by`, `created_on`, `modified_by`, `modified_on`, `is_need_pre_check`, `pre_check_label`) VALUES ('hxn58d70-75a3-11e6-a1a9-5cc5d4b571d2', '450a70cf-75a3-11e6-ab75-5cc5d4b571f5', '19657580-e7e0-11e8-b6c8-02f90e0f46f0', 'view', '5', '0', '1', '2017-01-01 00:00:00', '1', '2017-01-01 00:00:00', '0', '0');

-- page_list字段
UPDATE `page_list_fields` SET `label` = '拜访人', `order` = '3', `is_default` = '1' WHERE (`id` = '4913eb1e-75a3-11e6-9dbe-5cc5d4b571d2');
UPDATE `page_list_fields` SET `label` = '协访状态', `order` = '1' WHERE (`id` = '48fe1930-75a3-11e6-9eb1-5cc5d4b571d2');
UPDATE `page_list_fields` SET `label` = '协访日期', `order` = '2' WHERE (`id` = '4908c78f-75a3-11e6-9e54-5cc5d4b571d2');
UPDATE `page_list_fields` SET `deleted` = '1' WHERE (`id` = '48f0f9d1-75a3-11e6-b5f9-5cc5d4b571d2');
INSERT INTO `page_list_fields` (`id`, `page_list_id`, `object_field_id`, `label`, `order`, `width`, `allow_filter`, `allow_sort`, `is_default`, `deleted`, `created_by`, `created_on`, `modified_by`, `modified_on`, `disable_click`) VALUES ('4913eb1e-75a3-11e6-9dbe-5cc5d4b51746', '48cf8f1e-75a3-11e6-b0d3-5cc5d4b571d2', '3da96711-75a3-11e6-b4a4-5cc5d4b571d2', '拜访医生', '4', '120', '1', '1', '0', '0', '1', '2019-06-24 11:23:44', '1', '2020-08-21 09:46:47', '1');

UPDATE `object_states` SET `deleted` = '1' WHERE (`id` = '44563c00-75a3-11e6-825e-5cc5d4b571d2');
UPDATE `page_lists` SET `sort_field` = '3d8d2c80-75a3-11e6-8c30-5cc5d4b571d2', `is_desc` = '1' WHERE (`id` = '48cf8f1e-75a3-11e6-b0d3-5cc5d4b571d2');

-- -----------------------------------------------------电脑端 Start-----------------------------------------------------------
-- 协同拜访page_layout字段
UPDATE `page_layout_fields` SET `label` = '协防人', `order` = '1' WHERE (`id` = '31f4cdf4-cc03-4843-b44d-c7f7f0d8e284');
UPDATE `page_layout_fields` SET `order` = '2' WHERE (`id` = '23f1da84-1893-4066-a53e-304448923c86');
UPDATE `page_layout_fields` SET `order` = '3' WHERE (`id` = 'd6e9853f-9108-403c-95fc-3c274b4f7f8e');
UPDATE `page_layout_fields` SET `label` = '被协访人', `order` = '4' WHERE (`id` = 'd451eeaa-fd15-4356-a639-f1b63b975e6e');
UPDATE `page_layout_fields` SET `label` = '被协访人岗位', `order` = '5' WHERE (`id` = 'fd1d70fd-7f95-456d-810d-7b8a68faf789');
UPDATE `page_layout_fields` SET `order` = '6' WHERE (`id` = '37613bb6-1581-4203-b77a-59160ab8dfd9');
UPDATE `page_layout_fields` SET `order` = '7' WHERE (`id` = 'fb2e7b91-bf26-4e5e-aef8-173caae0b018');
UPDATE `page_layout_fields` SET `order` = '8' WHERE (`id` = '407ae5b1-07b1-424d-a784-03faaffe52dc');
UPDATE `page_layout_fields` SET `order` = '9' WHERE (`id` = '26314ecf-17d7-4238-9a89-1ef4e90d49d3');
UPDATE `page_layout_fields` SET `label` = '协访状态', `order` = '10' WHERE (`id` = '6ef30049-1070-40de-a329-dac2f2115308');
UPDATE `page_layout_fields` SET `label` = '协访日期', `order` = '11' WHERE (`id` = 'a7cc8f0f-0aaa-47d6-bbee-c16c2880896b');
UPDATE `page_layout_fields` SET `order` = '12' WHERE (`id` = 'a9793069-e0d1-45db-8fc0-d60bdb1e5428');
UPDATE `page_layout_fields` SET `deleted` = '1' WHERE (`id` = 'd0cf209e-2717-4dfc-9fcb-446acc99c2ea');
UPDATE `page_layout_fields` SET `deleted` = '1' WHERE (`id` = '1737aa97-56d4-4667-b859-e7c2a7946dac');
UPDATE `page_layout_fields` SET `deleted` = '1' WHERE (`id` = '693cfb6e-2fe0-408b-847d-852a967f1c05');
UPDATE `page_layout_fields` SET `deleted` = '1' WHERE (`id` = 'ee2d4528-8be0-4f4a-8a3c-f43eea3e14fa');
UPDATE `page_layout_fields` SET `deleted` = '1' WHERE (`id` = 'd3d0dc87-732c-47ae-891e-458afe7eaf6a');
INSERT INTO `page_layout_fields` (`id`, `page_layout_id`, `type`, `object_field_id`, `label`, `order`, `colspan`, `is_mandatory`, `is_readonly`, `display_mode`, `deleted`, `created_by`, `created_on`, `modified_by`, `modified_on`, `is_header`, `is_highlight`) VALUES ('e9cc8ccc-7485-4750-b7bd-54885dbe1758', '77c9a17e-4619-4a91-b789-128c73c53142', 'field', '3e06a240-75a3-11e6-9a75-5cc5d4b571d2', '探询需求', '18', '6', '0', '1', 'both', '0', '1', '2020-07-12 16:24:28', '1', '2020-07-12 16:24:28', '0', '0');
UPDATE `page_layout_fields` SET `order` = '17' WHERE (`id` = '0e85dd07-236a-4b61-b8db-9fe9ce1822c8');
UPDATE `page_layout_fields` SET `object_field_id` = '3e215630-75a3-11e6-a0d2-5cc5d4b571d2', `label` = '呈现利益' WHERE (`id` = 'e9cc8ccc-7485-4750-b7bd-54885dbee0be');
UPDATE `page_layout_fields` SET `object_field_id` = '3e341ade-75a3-11e6-9b38-5cc5d4b571d2', `label` = '异议处理' WHERE (`id` = '6ea20ac7-5283-44a3-bf36-4977e8ce5c53');
UPDATE `page_layout_fields` SET `object_field_id` = '3e7eb870-75a3-11e6-b6fc-5cc5d4b571d2', `label` = '有效缔结' WHERE (`id` = '615ea94a-433e-4841-a90b-f21e03a2530a');

-- 协同拜访page_list字段
UPDATE `page_list_fields` SET `label` = '协访人' WHERE (`id` = '446fc422-bfdd-4a20-97f0-4c9c2d34ae62');
UPDATE `page_list_fields` SET `label` = '被协访人' WHERE (`id` = 'a00d366d-d14c-4929-9e4b-9a6ac76e8aa1');
UPDATE `page_list_fields` SET `label` = '被协访人岗位' WHERE (`id` = 'fda57326-0773-46a3-b21b-69f71c96ffff');
UPDATE `page_list_fields` SET `label` = '协访状态' WHERE (`id` = '1ad92a32-a0f7-4760-b2b3-1f98f3c2c959');
UPDATE `page_list_fields` SET `label` = '协访日期' WHERE (`id` = 'bfc2d8c2-a671-425a-8e20-9f81f7c7806f');
UPDATE `page_list_fields` SET `deleted` = '1' WHERE (`id` = '2fa30772-544a-4c90-a729-51ef6c380c6c');
UPDATE `page_list_fields` SET `deleted` = '1' WHERE (`id` = 'aae75e26-cc66-4fbf-acb8-09ed57a7dbb4');
UPDATE `page_list_fields` SET `deleted` = '1' WHERE (`id` = '73157f30-de69-4a39-9d83-9fb37e41f421');
UPDATE `page_list_fields` SET `deleted` = '1' WHERE (`id` = '433dde96-f9de-4f8d-b99d-fc5d8a25e51e');
UPDATE `page_list_fields` SET `object_field_id` = '3de0f1cf-75a3-11e6-bb2e-5cc5d4b571d2', `label` = '访前准备' WHERE (`id` = 'bbd66f26-bad2-4d28-92d1-9eb3650ba061');
UPDATE `page_list_fields` SET `object_field_id` = '3e06a240-75a3-11e6-9a75-5cc5d4b571d2', `label` = '探询需求' WHERE (`id` = '58878c2b-5b21-4db8-a337-cded620f8e0d');
UPDATE `page_list_fields` SET `object_field_id` = '3e215630-75a3-11e6-a0d2-5cc5d4b571d2', `label` = '呈现利益' WHERE (`id` = '9482a049-5744-41a4-a280-a00d8002f283');
UPDATE `page_list_fields` SET `object_field_id` = '3e341ade-75a3-11e6-9b38-5cc5d4b571d2', `label` = '异议处理' WHERE (`id` = '38054e92-daf1-43a3-a8fa-0f2aaf51b678');
UPDATE `page_list_fields` SET `object_field_id` = '3e7eb870-75a3-11e6-b6fc-5cc5d4b571d2', `label` = '有效缔结' WHERE (`id` = 'ac684e38-30ca-4e1a-8b59-fa4709603701');

INSERT INTO `page_lists` (`id`, `page_id`, `name`, `query_type`, `source`, `label`, `screen_size`, `sort_field`, `is_desc`, `deleted`, `created_by`, `created_on`, `modified_by`, `modified_on`, `detail_disabled`, `configurations`, `primary_filter`, `primary_filter_configurations`) VALUES ('48cf8f1e-75a3-1808-b0d3-5cc5d4b571d2', '44749970-75a3-11e6-8bca-5cc5d4b571d2', 'coaching', 'rls', 'custom', '指导拜访', 'large', '3d8d2c80-75a3-11e6-8c30-5cc5d4b571d2', '1', '0', '1', '2018-08-02 10:33:29', '1', '2020-07-12 05:50:17', '0', '{}', 'position', '{\"advanced_position_filter\":false}');
UPDATE `page_lists` SET `label` = '协同拜访' WHERE (`id` = '48cf8f1e-75a3-vwfv-b0d3-5cc5d4b571d2');

-- 指导拜访page_list授权
INSERT INTO `page_list_assignments` (`id`, `role_id`, `page_list_id`, `deleted`, `created_by`, `created_on`, `modified_by`, `modified_on`, `is_default`) VALUES ('590071ef-56cf-4a17-8113-8894de84df07', '53de9674-1da3-11e6-ac97-5cc5d4b57137', '48cf8f1e-75a3-1808-b0d3-5cc5d4b571d2', '0', '1', '2019-08-20 06:06:56', '1', '2019-08-20 06:06:56', '1');
INSERT INTO `page_list_assignments` (`id`, `role_id`, `page_list_id`, `deleted`, `created_by`, `created_on`, `modified_by`, `modified_on`, `is_default`) VALUES ('b187a2cb-c08b-4bc2-8a71-d1cfde8580df', '53de9674-1da3-11e6-ac97-5cc5d4b57138', '48cf8f1e-75a3-1808-b0d3-5cc5d4b571d2', '0', '1', '2019-08-20 06:06:56', '1', '2019-08-20 06:06:56', '1');
INSERT INTO `page_list_assignments` (`id`, `role_id`, `page_list_id`, `deleted`, `created_by`, `created_on`, `modified_by`, `modified_on`, `is_default`) VALUES ('b33fd666-7e67-4457-bed8-6f71de86f5d4', '02ebda16-b601-11ea-aab5-0215c63fce1a', '48cf8f1e-75a3-1808-b0d3-5cc5d4b571d2', '0', '1', '2019-08-20 06:06:56', '1', '2019-08-20 06:06:56', '1');
INSERT INTO `page_list_assignments` (`id`, `role_id`, `page_list_id`, `deleted`, `created_by`, `created_on`, `modified_by`, `modified_on`, `is_default`) VALUES ('c990c79c-2d9c-44a9-9a34-df87de8710d6', 'bfb15d2f-b600-11ea-aab5-0215c63fce1a', '48cf8f1e-75a3-1808-b0d3-5cc5d4b571d2', '0', '1', '2019-08-20 06:06:56', '1', '2019-08-20 06:06:56', '1');
INSERT INTO `page_list_assignments` (`id`, `role_id`, `page_list_id`, `deleted`, `created_by`, `created_on`, `modified_by`, `modified_on`, `is_default`) VALUES ('e1bb9591-b39c-4444-8edb-810fde88a992', '72e462a0-b600-11ea-aab5-0215c63fce1a', '48cf8f1e-75a3-1808-b0d3-5cc5d4b571d2', '0', '1', '2019-08-20 06:06:56', '1', '2019-08-20 06:06:56', '1');

-- 指导拜访page_list字段
INSERT INTO `page_list_fields` (`id`, `page_list_id`, `object_field_id`, `label`, `order`, `width`, `allow_filter`, `allow_sort`, `is_default`, `deleted`, `created_by`, `created_on`, `modified_by`, `modified_on`, `disable_click`) VALUES ('446fc422-bfdd-4a20-97f0-4c9c2d34de80', '48cf8f1e-75a3-1808-b0d3-5cc5d4b571d2', '3ecd9bc0-75a3-11e6-818f-5cc5d4b571d2', '协访人', '1', '120', '1', '1', '1', '0', '1', '2020-07-12 05:33:11', '1', '2020-08-21 10:02:05', '1');
INSERT INTO `page_list_fields` (`id`, `page_list_id`, `object_field_id`, `label`, `order`, `width`, `allow_filter`, `allow_sort`, `is_default`, `deleted`, `created_by`, `created_on`, `modified_by`, `modified_on`) VALUES ('e9c38c6c-e14f-4d94-ba9f-fb5bde812274', '48cf8f1e-75a3-1808-b0d3-5cc5d4b571d2', '1caab0d8-b3d6-4750-8ebe-e6dbb7bd987d', '岗位名称', '2', '120', '1', '1', '1', '0', '1', '2020-07-12 05:33:11', '1', '2020-07-12 05:36:08');
INSERT INTO `page_list_fields` (`id`, `page_list_id`, `object_field_id`, `label`, `order`, `width`, `allow_filter`, `allow_sort`, `is_default`, `deleted`, `created_by`, `created_on`, `modified_by`, `modified_on`) VALUES ('e1f0d9b2-f345-4861-aeec-83f6de82d0e3', '48cf8f1e-75a3-1808-b0d3-5cc5d4b571d2', 'eccb2426-8654-11e7-b556-186590dcd3c9', '岗位编码', '3', '120', '1', '1', '1', '0', '1', '2020-07-12 05:33:11', '1', '2020-07-12 05:36:08');
INSERT INTO `page_list_fields` (`id`, `page_list_id`, `object_field_id`, `label`, `order`, `width`, `allow_filter`, `allow_sort`, `is_default`, `deleted`, `created_by`, `created_on`, `modified_by`, `modified_on`) VALUES ('a00d366d-d14c-4929-9e4b-9a6ade838aa1', '48cf8f1e-75a3-1808-b0d3-5cc5d4b571d2', '3da03f4f-75a3-11e6-87d8-5cc5d4b571d2', '被协访人', '4', '120', '1', '1', '1', '0', '1', '2020-07-12 05:33:11', '1', '2020-08-21 10:02:06');
INSERT INTO `page_list_fields` (`id`, `page_list_id`, `object_field_id`, `label`, `order`, `width`, `allow_filter`, `allow_sort`, `is_default`, `deleted`, `created_by`, `created_on`, `modified_by`, `modified_on`) VALUES ('fda57326-0773-46a3-b21b-69f7de84ffff', '48cf8f1e-75a3-1808-b0d3-5cc5d4b571d2', '09bd9c31-9758-41d2-bf4f-7026d03e2640', '被协访人岗位', '5', '120', '1', '1', '1', '0', '1', '2020-07-12 05:33:11', '1', '2020-08-21 10:02:06');
INSERT INTO `page_list_fields` (`id`, `page_list_id`, `object_field_id`, `label`, `order`, `width`, `allow_filter`, `allow_sort`, `is_default`, `deleted`, `created_by`, `created_on`, `modified_by`, `modified_on`) VALUES ('1252867e-d896-4828-97b6-f2dbde85bc33', '48cf8f1e-75a3-1808-b0d3-5cc5d4b571d2', '5049e063-b95c-465e-9e54-e914651dab2a', '上级经理', '6', '120', '1', '1', '1', '0', '1', '2020-07-12 05:33:11', '1', '2020-07-12 05:36:08');
INSERT INTO `page_list_fields` (`id`, `page_list_id`, `object_field_id`, `label`, `order`, `width`, `allow_filter`, `allow_sort`, `is_default`, `deleted`, `created_by`, `created_on`, `modified_by`, `modified_on`) VALUES ('382ddfba-0fd8-4d2f-85c5-1edede8665e6', '48cf8f1e-75a3-1808-b0d3-5cc5d4b571d2', '8348fdf3-cfe5-454b-9f18-1fe67651bc1b', '上级岗位', '7', '120', '1', '1', '1', '0', '1', '2020-07-12 05:33:11', '1', '2020-07-12 05:36:08');
INSERT INTO `page_list_fields` (`id`, `page_list_id`, `object_field_id`, `label`, `order`, `width`, `allow_filter`, `allow_sort`, `is_default`, `deleted`, `created_by`, `created_on`, `modified_by`, `modified_on`) VALUES ('5726a493-232c-41ee-8393-44cade87a4fb', '48cf8f1e-75a3-1808-b0d3-5cc5d4b571d2', '56fc7231-27f0-46d0-8b84-5860410a03c0', '所在地区', '8', '120', '1', '1', '1', '0', '1', '2020-07-12 05:33:11', '1', '2020-07-12 05:36:08');
INSERT INTO `page_list_fields` (`id`, `page_list_id`, `object_field_id`, `label`, `order`, `width`, `allow_filter`, `allow_sort`, `is_default`, `deleted`, `created_by`, `created_on`, `modified_by`, `modified_on`) VALUES ('2cb54999-8c3a-496f-ab17-1d8fde883046', '48cf8f1e-75a3-1808-b0d3-5cc5d4b571d2', '456a488c-3080-44e9-9ce7-072e2f3e8a70', '所在大区', '9', '120', '1', '1', '1', '0', '1', '2020-07-12 05:33:11', '1', '2020-07-12 05:36:08');
INSERT INTO `page_list_fields` (`id`, `page_list_id`, `object_field_id`, `label`, `order`, `width`, `allow_filter`, `allow_sort`, `is_default`, `deleted`, `created_by`, `created_on`, `modified_by`, `modified_on`) VALUES ('1ad92a32-a0f7-4760-b2b3-1f98de89c959', '48cf8f1e-75a3-1808-b0d3-5cc5d4b571d2', '3d7b5230-75a3-11e6-851c-5cc5d4b571d2', '协访状态', '10', '120', '1', '1', '1', '0', '1', '2020-07-12 05:33:11', '1', '2020-08-21 10:02:06');
INSERT INTO `page_list_fields` (`id`, `page_list_id`, `object_field_id`, `label`, `order`, `width`, `allow_filter`, `allow_sort`, `is_default`, `deleted`, `created_by`, `created_on`, `modified_by`, `modified_on`) VALUES ('bfc2d8c2-a671-425a-8e20-9f81de90806f', '48cf8f1e-75a3-1808-b0d3-5cc5d4b571d2', '3d8d2c80-75a3-11e6-8c30-5cc5d4b571d2', '协访日期', '11', '120', '1', '1', '1', '0', '1', '2020-07-12 05:33:11', '1', '2020-08-21 10:02:06');
INSERT INTO `page_list_fields` (`id`, `page_list_id`, `object_field_id`, `label`, `order`, `width`, `allow_filter`, `allow_sort`, `is_default`, `deleted`, `created_by`, `created_on`, `modified_by`, `modified_on`) VALUES ('debc8ff0-8cb3-48c1-8dbe-d341de91c218', '48cf8f1e-75a3-1808-b0d3-5cc5d4b571d2', '3da96711-75a3-11e6-b4a4-5cc5d4b571d2', '拜访医生', '12', '120', '1', '1', '1', '0', '1', '2020-07-12 05:33:11', '1', '2020-07-12 05:36:09');
INSERT INTO `page_list_fields` (`id`, `page_list_id`, `object_field_id`, `label`, `order`, `width`, `allow_filter`, `allow_sort`, `is_default`, `deleted`, `created_by`, `created_on`, `modified_by`, `modified_on`) VALUES ('3ad2cce1-5204-4f91-84a5-b576de92ab54', '48cf8f1e-75a3-1808-b0d3-5cc5d4b571d2', '42a3d111-75a3-11e6-959e-5cc5d4b571d2', '总结与跟进方案', '22', '120', '1', '1', '1', '0', '1', '2020-07-12 05:33:12', '1', '2020-07-12 05:36:09');
UPDATE `page_list_fields` SET `deleted` = '1' WHERE (`id` = '3ad2cce1-5204-4f91-84a5-b576de92ab54');
UPDATE `page_list_fields` SET `deleted` = '1' WHERE (`id` = 'debc8ff0-8cb3-48c1-8dbe-d341de91c218');
UPDATE `page_list_fields` SET `deleted` = '1' WHERE (`id` = 'bfc2d8c2-a671-425a-8e20-9f81de90806f');
UPDATE `page_list_fields` SET `deleted` = '1' WHERE (`id` = '2cb54999-8c3a-496f-ab17-1d8fde883046');

-- 指导拜访page_layout
INSERT INTO `page_layouts` (`id`, `page_id`, `name`, `label`, `source`, `screen_size`, `deleted`, `created_by`, `created_on`, `modified_by`, `modified_on`) VALUES ('77c9a17e-4619-4a91-b789-128c73c51817', '446bbfcf-75a3-11e6-b7a0-5cc5d4b571d2', 'coaching_common_l', '协访报告详情', 'custom', 'large', '0', '1', '2018-04-23 15:25:50', '1', '2020-08-21 09:06:59');
INSERT INTO `page_layout_fields` (`id`, `page_layout_id`, `type`, `object_field_id`, `label`, `order`, `colspan`, `is_mandatory`, `is_readonly`, `display_mode`, `deleted`, `created_by`, `created_on`, `modified_by`, `modified_on`, `is_header`, `is_with_stars_mask`, `is_highlight`, `disable_click`) VALUES ('31f4cdf4-cc03-4843-af80-c7f7f0d8e284', '77c9a17e-4619-4a91-b789-128c73c51817', 'field', '3ecd9bc0-75a3-11e6-818f-5cc5d4b571d2', '协防人', '1', '6', '0', '1', 'both', '0', '1', '2019-06-24 11:08:55', '1', '2020-08-21 09:57:24', '0', '0', '0', '1');
INSERT INTO `page_layout_fields` (`id`, `page_layout_id`, `type`, `object_field_id`, `label`, `order`, `colspan`, `is_mandatory`, `is_readonly`, `display_mode`, `configurations`, `deleted`, `created_by`, `created_on`, `modified_by`, `modified_on`, `is_header`, `is_with_stars_mask`, `is_highlight`, `disable_click`) VALUES ('23f1da84-1893-af81-a53e-304448923c86', '77c9a17e-4619-4a91-b789-128c73c51817', 'field', '1caab0d8-b3d6-4750-8ebe-e6dbb7bd987d', '岗位名称', '2', '6', '0', '1', 'both', '{\"refer_field\": {\"path\": \"position.name\", \"type\": \"text\"}}', '0', '1', '2019-06-24 11:08:55', '1', '2020-08-21 09:57:24', '0', '0', '0', '1');
INSERT INTO `page_layout_fields` (`id`, `page_layout_id`, `type`, `object_field_id`, `label`, `order`, `colspan`, `is_mandatory`, `is_readonly`, `display_mode`, `deleted`, `created_by`, `created_on`, `modified_by`, `modified_on`, `is_header`, `is_with_stars_mask`, `is_highlight`) VALUES ('d6e9853f-af82-403c-95fc-3c274b4f7f8e', '77c9a17e-4619-4a91-b789-128c73c51817', 'field', 'eccb2426-8654-11e7-b556-186590dcd3c9', '岗位编码', '3', '6', '0', '1', 'both', '0', '1', '2018-11-13 08:34:01', '1', '2020-08-21 09:57:24', '0', '0', '0');
INSERT INTO `page_layout_fields` (`id`, `page_layout_id`, `type`, `object_field_id`, `label`, `order`, `colspan`, `is_mandatory`, `is_readonly`, `display_mode`, `deleted`, `created_by`, `created_on`, `modified_by`, `modified_on`, `is_header`, `is_with_stars_mask`, `is_highlight`) VALUES ('d451eeaa-af83-4356-a639-f1b63b975e6e', '77c9a17e-4619-4a91-b789-128c73c51817', 'field', '3da03f4f-75a3-11e6-87d8-5cc5d4b571d2', '被协访人', '4', '6', '0', '1', 'both', '0', '1', '2018-11-13 08:34:01', '1', '2020-08-21 09:57:24', '0', '0', '0');
INSERT INTO `page_layout_fields` (`id`, `page_layout_id`, `type`, `object_field_id`, `label`, `order`, `colspan`, `is_mandatory`, `is_readonly`, `display_mode`, `deleted`, `created_by`, `created_on`, `modified_by`, `modified_on`, `is_header`, `is_with_stars_mask`, `is_highlight`) VALUES ('fd1d70fd-af84-456d-810d-7b8a68faf789', '77c9a17e-4619-4a91-b789-128c73c51817', 'field', '09bd9c31-9758-41d2-bf4f-7026d03e2640', '被协访人岗位', '5', '6', '0', '1', 'both', '0', '1', '2018-11-13 08:34:01', '1', '2020-08-21 09:57:24', '0', '0', '0');
INSERT INTO `page_layout_fields` (`id`, `page_layout_id`, `type`, `object_field_id`, `label`, `order`, `colspan`, `is_mandatory`, `is_readonly`, `display_mode`, `configurations`, `deleted`, `created_by`, `created_on`, `modified_by`, `modified_on`, `is_header`, `is_with_stars_mask`, `is_highlight`) VALUES ('37613bb6-1581-af85-b77a-59160ab8dfd9', '77c9a17e-4619-4a91-b789-128c73c51817', 'field', '5049e063-b95c-465e-9e54-e914651dab2a', '上级经理', '6', '6', '0', '1', 'both', '{\"refer_field\": {\"path\": \"position.parent.userpositions.user.orionusers.name\", \"type\": \"text\"}}', '0', '1', '2018-11-13 08:34:01', '1', '2020-08-21 09:57:24', '0', '0', '0');
INSERT INTO `page_layout_fields` (`id`, `page_layout_id`, `type`, `object_field_id`, `label`, `order`, `colspan`, `is_mandatory`, `is_readonly`, `display_mode`, `configurations`, `deleted`, `created_by`, `created_on`, `modified_by`, `modified_on`, `is_header`, `is_with_stars_mask`, `is_highlight`) VALUES ('fb2e7b91-bf26-af86-aef8-173caae0b018', '77c9a17e-4619-4a91-b789-128c73c51817', 'field', '8348fdf3-cfe5-454b-9f18-1fe67651bc1b', '上级岗位', '7', '6', '0', '1', 'both', '{\"refer_field\": {\"path\": \"position.parent.name\", \"type\": \"text\"}}', '0', '1', '2018-11-13 08:34:01', '1', '2020-08-21 09:57:24', '0', '0', '0');
INSERT INTO `page_layout_fields` (`id`, `page_layout_id`, `type`, `object_field_id`, `label`, `order`, `colspan`, `is_mandatory`, `is_readonly`, `display_mode`, `configurations`, `deleted`, `created_by`, `created_on`, `modified_by`, `modified_on`, `is_header`, `is_with_stars_mask`, `is_highlight`) VALUES ('407ae5b1-07b1-af87-a784-03faaffe52dc', '77c9a17e-4619-4a91-b789-128c73c51817', 'field', '56fc7231-27f0-46d0-8b84-5860410a03c0', '所在地区', '8', '6', '0', '1', 'both', '{\"refer_field\": {\"path\": \"position.text_6\", \"type\": \"text\"}}', '0', '1', '2018-11-13 08:34:01', '1', '2020-08-21 09:57:24', '0', '0', '0');
INSERT INTO `page_layout_fields` (`id`, `page_layout_id`, `type`, `object_field_id`, `label`, `order`, `colspan`, `is_mandatory`, `is_readonly`, `display_mode`, `configurations`, `deleted`, `created_by`, `created_on`, `modified_by`, `modified_on`, `is_header`, `is_with_stars_mask`, `is_highlight`) VALUES ('26314ecf-17d7-af88-9a89-1ef4e90d49d3', '77c9a17e-4619-4a91-b789-128c73c51817', 'field', '456a488c-3080-44e9-9ce7-072e2f3e8a70', '所在大区', '9', '6', '0', '1', 'both', '{\"refer_field\": {\"path\": \"position.text_5\", \"type\": \"text\"}}', '1', '1', '2018-11-13 08:34:01', '1', '2020-08-21 09:57:24', '0', '0', '0');
INSERT INTO `page_layout_fields` (`id`, `page_layout_id`, `type`, `object_field_id`, `label`, `order`, `colspan`, `is_mandatory`, `is_readonly`, `display_mode`, `deleted`, `created_by`, `created_on`, `modified_by`, `modified_on`, `is_header`, `is_with_stars_mask`, `is_highlight`) VALUES ('6ef30049-1070-af89-a329-dac2f2115308', '77c9a17e-4619-4a91-b789-128c73c51817', 'field', '3d7b5230-75a3-11e6-851c-5cc5d4b571d2', '协访状态', '10', '6', '0', '1', 'both', '0', '1', '2018-11-13 08:34:01', '1', '2020-08-21 09:57:24', '0', '0', '0');
INSERT INTO `page_layout_fields` (`id`, `page_layout_id`, `type`, `object_field_id`, `label`, `order`, `colspan`, `is_mandatory`, `is_readonly`, `display_mode`, `deleted`, `created_by`, `created_on`, `modified_by`, `modified_on`, `is_header`, `is_with_stars_mask`, `is_highlight`) VALUES ('a7cc8f0f-0aaa-af8a-bbee-c16c2880896b', '77c9a17e-4619-4a91-b789-128c73c51817', 'field', '3d8d2c80-75a3-11e6-8c30-5cc5d4b571d2', '协访日期', '11', '6', '0', '1', 'both', '1', '1', '2018-11-13 08:34:01', '1', '2020-08-21 09:57:24', '0', '0', '0');
INSERT INTO `page_layout_fields` (`id`, `page_layout_id`, `type`, `object_field_id`, `label`, `order`, `colspan`, `is_mandatory`, `is_readonly`, `display_mode`, `deleted`, `created_by`, `created_on`, `modified_by`, `modified_on`, `is_header`, `is_with_stars_mask`, `is_highlight`) VALUES ('a9793069-e0d1-af8b-8fc0-d60bdb1e5428', '77c9a17e-4619-4a91-b789-128c73c51817', 'field', '3da96711-75a3-11e6-b4a4-5cc5d4b571d2', '拜访医生', '12', '6', '0', '1', 'both', '1', '1', '2018-11-13 08:34:01', '1', '2020-08-21 09:57:24', '0', '0', '0');
INSERT INTO `page_layout_fields` (`id`, `page_layout_id`, `type`, `object_field_id`, `label`, `order`, `colspan`, `is_mandatory`, `is_readonly`, `display_mode`, `deleted`, `created_by`, `created_on`, `modified_by`, `modified_on`, `is_header`, `is_highlight`) VALUES ('a35491bc-15ad-428a-af8c-4bdf39cf72a7', '77c9a17e-4619-4a91-b789-128c73c51817', 'field', '42a3d111-75a3-11e6-959e-5cc5d4b571d2', '总结与跟进方案', '22', '6', '0', '1', 'both', '1', '1', '2020-07-12 16:24:28', '1', '2020-07-12 16:24:28', '0', '0');

-- page_layout授权
INSERT INTO `page_layout_assignments` (`id`, `role_id`, `object_record_type_id`, `object_state_id`, `page_layout_id`, `deleted`, `created_by`, `created_on`, `modified_by`, `modified_on`, `tips`) VALUES ('04eaaae0-e6bb-4ce2-ab4d-fc0c35271823', 'bfb15d2f-b600-11ea-aab5-0215c63fce1a', '441d51b0-75a3-11e6-a00a-5cc5d4b51432', '443d5cd1-75a3-11e6-a19f-5cc5d4b571d2', '77c9a17e-4619-4a91-b789-128c73c53142', '0', '1', '2019-03-14 11:53:26', '1', '2020-08-21 08:49:05', '');
INSERT INTO `page_layout_assignments` (`id`, `role_id`, `object_record_type_id`, `object_state_id`, `page_layout_id`, `deleted`, `created_by`, `created_on`, `modified_by`, `modified_on`, `tips`) VALUES ('bb669e2a-eadc-4929-be99-1f1fd5c51824', 'bfb15d2f-b600-11ea-aab5-0215c63fce1a', '441d51b0-75a3-11e6-a00a-5cc5d4b51432', '4445e851-75a3-11e6-a77d-5cc5d4b571d2', '77c9a17e-4619-4a91-b789-128c73c53142', '0', '1', '2019-03-14 11:53:26', '1', '2020-08-21 08:49:05', '');
INSERT INTO `page_layout_assignments` (`id`, `role_id`, `object_record_type_id`, `object_state_id`, `page_layout_id`, `deleted`, `created_by`, `created_on`, `modified_by`, `modified_on`, `tips`) VALUES ('ee3e00bc-9d8c-44a0-820e-830334821825', 'bfb15d2f-b600-11ea-aab5-0215c63fce1a', '441d51b0-75a3-11e6-a00a-5cc5d4b51432', '444dd78f-75a3-11e6-a76f-5cc5d4b571d2', '77c9a17e-4619-4a91-b789-128c73c53142', '0', '1', '2019-03-14 11:53:26', '1', '2020-08-21 08:49:07', '');
INSERT INTO `page_layout_assignments` (`id`, `role_id`, `object_record_type_id`, `object_state_id`, `page_layout_id`, `deleted`, `created_by`, `created_on`, `modified_by`, `modified_on`, `tips`) VALUES ('04eaaae0-e6bb-4ce2-ab4d-fc0c35271826', '02ebda16-b601-11ea-aab5-0215c63fce1a', '441d51b0-75a3-11e6-a00a-5cc5d4b51432', '443d5cd1-75a3-11e6-a19f-5cc5d4b571d2', '77c9a17e-4619-4a91-b789-128c73c53142', '0', '1', '2019-03-14 11:53:26', '1', '2020-08-21 08:49:05', '');
INSERT INTO `page_layout_assignments` (`id`, `role_id`, `object_record_type_id`, `object_state_id`, `page_layout_id`, `deleted`, `created_by`, `created_on`, `modified_by`, `modified_on`, `tips`) VALUES ('bb669e2a-eadc-4929-be99-1f1fd5c51827', '02ebda16-b601-11ea-aab5-0215c63fce1a', '441d51b0-75a3-11e6-a00a-5cc5d4b51432', '4445e851-75a3-11e6-a77d-5cc5d4b571d2', '77c9a17e-4619-4a91-b789-128c73c53142', '0', '1', '2019-03-14 11:53:26', '1', '2020-08-21 08:49:05', '');
INSERT INTO `page_layout_assignments` (`id`, `role_id`, `object_record_type_id`, `object_state_id`, `page_layout_id`, `deleted`, `created_by`, `created_on`, `modified_by`, `modified_on`, `tips`) VALUES ('ee3e00bc-9d8c-44a0-820e-830334821828', '02ebda16-b601-11ea-aab5-0215c63fce1a', '441d51b0-75a3-11e6-a00a-5cc5d4b51432', '444dd78f-75a3-11e6-a76f-5cc5d4b571d2', '77c9a17e-4619-4a91-b789-128c73c53142', '0', '1', '2019-03-14 11:53:26', '1', '2020-08-21 08:49:07', '');
INSERT INTO `page_layout_assignments` (`id`, `role_id`, `object_record_type_id`, `object_state_id`, `page_layout_id`, `deleted`, `created_by`, `created_on`, `modified_by`, `modified_on`, `tips`) VALUES ('04eaaae0-e6bb-4ce2-ab4d-fc0cde811826', '02ebda16-b601-11ea-aab5-0215c63fce1a', '441d51b0-75a3-11e6-a00a-5cc5d4b51411', '443d5cd1-75a3-11e6-a19f-5cc5d4b571d2', '77c9a17e-4619-4a91-b789-128c73c53142', '0', '1', '2019-03-14 11:53:26', '1', '2020-08-21 08:49:05', '');
INSERT INTO `page_layout_assignments` (`id`, `role_id`, `object_record_type_id`, `object_state_id`, `page_layout_id`, `deleted`, `created_by`, `created_on`, `modified_by`, `modified_on`, `tips`) VALUES ('bb669e2a-eadc-4929-be99-1f1fde821827', '02ebda16-b601-11ea-aab5-0215c63fce1a', '441d51b0-75a3-11e6-a00a-5cc5d4b51411', '4445e851-75a3-11e6-a77d-5cc5d4b571d2', '77c9a17e-4619-4a91-b789-128c73c53142', '0', '1', '2019-03-14 11:53:26', '1', '2020-08-21 08:49:05', '');
INSERT INTO `page_layout_assignments` (`id`, `role_id`, `object_record_type_id`, `object_state_id`, `page_layout_id`, `deleted`, `created_by`, `created_on`, `modified_by`, `modified_on`, `tips`) VALUES ('ee3e00bc-9d8c-44a0-820e-8303de831828', '02ebda16-b601-11ea-aab5-0215c63fce1a', '441d51b0-75a3-11e6-a00a-5cc5d4b51411', '444dd78f-75a3-11e6-a76f-5cc5d4b571d2', '77c9a17e-4619-4a91-b789-128c73c53142', '0', '1', '2019-03-14 11:53:26', '1', '2020-08-21 08:49:07', '');
INSERT INTO `page_layout_assignments` (`id`, `role_id`, `object_record_type_id`, `object_state_id`, `page_layout_id`, `deleted`, `created_by`, `created_on`, `modified_by`, `modified_on`, `tips`) VALUES ('04eaaae0-e6bb-4ce2-ab4d-fc0cde847ed8', '53de9674-1da3-11e6-ac97-5cc5d4b57137', '441d51b0-75a3-11e6-a00a-5cc5d4b51411', '443d5cd1-75a3-11e6-a19f-5cc5d4b571d2', '77c9a17e-4619-4a91-b789-128c73c53142', '0', '1', '2019-03-14 11:53:26', '1', '2020-08-21 08:49:05', '');
INSERT INTO `page_layout_assignments` (`id`, `role_id`, `object_record_type_id`, `object_state_id`, `page_layout_id`, `deleted`, `created_by`, `created_on`, `modified_by`, `modified_on`, `tips`) VALUES ('bb669e2a-eadc-4929-be99-1f1fde8558aa', '53de9674-1da3-11e6-ac97-5cc5d4b57137', '441d51b0-75a3-11e6-a00a-5cc5d4b51411', '4445e851-75a3-11e6-a77d-5cc5d4b571d2', '77c9a17e-4619-4a91-b789-128c73c53142', '0', '1', '2019-03-14 11:53:26', '1', '2020-08-21 08:49:05', '');
INSERT INTO `page_layout_assignments` (`id`, `role_id`, `object_record_type_id`, `object_state_id`, `page_layout_id`, `deleted`, `created_by`, `created_on`, `modified_by`, `modified_on`, `tips`) VALUES ('ee3e00bc-9d8c-44a0-820e-8303de861c69', '53de9674-1da3-11e6-ac97-5cc5d4b57137', '441d51b0-75a3-11e6-a00a-5cc5d4b51411', '444dd78f-75a3-11e6-a76f-5cc5d4b571d2', '77c9a17e-4619-4a91-b789-128c73c53142', '0', '1', '2019-03-14 11:53:26', '1', '2020-08-21 08:49:07', '');
INSERT INTO `page_layout_assignments` (`id`, `role_id`, `object_record_type_id`, `object_state_id`, `page_layout_id`, `deleted`, `created_by`, `created_on`, `modified_by`, `modified_on`, `tips`) VALUES ('04eaaae0-e6bb-4ce2-ab4d-fc0cde871823', 'bfb15d2f-b600-11ea-aab5-0215c63fce1a', '441d51b0-75a3-11e6-a00a-5cc5d4b51411', '443d5cd1-75a3-11e6-a19f-5cc5d4b571d2', '77c9a17e-4619-4a91-b789-128c73c53142', '0', '1', '2019-03-14 11:53:26', '1', '2020-08-21 08:49:05', '');
INSERT INTO `page_layout_assignments` (`id`, `role_id`, `object_record_type_id`, `object_state_id`, `page_layout_id`, `deleted`, `created_by`, `created_on`, `modified_by`, `modified_on`, `tips`) VALUES ('bb669e2a-eadc-4929-be99-1f1fde881824', 'bfb15d2f-b600-11ea-aab5-0215c63fce1a', '441d51b0-75a3-11e6-a00a-5cc5d4b51411', '4445e851-75a3-11e6-a77d-5cc5d4b571d2', '77c9a17e-4619-4a91-b789-128c73c53142', '0', '1', '2019-03-14 11:53:26', '1', '2020-08-21 08:49:05', '');
INSERT INTO `page_layout_assignments` (`id`, `role_id`, `object_record_type_id`, `object_state_id`, `page_layout_id`, `deleted`, `created_by`, `created_on`, `modified_by`, `modified_on`, `tips`) VALUES ('ee3e00bc-9d8c-44a0-820e-8303de891825', 'bfb15d2f-b600-11ea-aab5-0215c63fce1a', '441d51b0-75a3-11e6-a00a-5cc5d4b51411', '444dd78f-75a3-11e6-a76f-5cc5d4b571d2', '77c9a17e-4619-4a91-b789-128c73c53142', '0', '1', '2019-03-14 11:53:26', '1', '2020-08-21 08:49:07', '');

-- page_list过滤
UPDATE `page_lists` SET `formula` = '1' WHERE (`id` = '48cf8f1e-75a3-vwfv-b0d3-5cc5d4b571d2');
UPDATE `page_lists` SET `formula` = '1' WHERE (`id` = '48cf8f1e-75a3-1808-b0d3-5cc5d4b571d2');
INSERT INTO `page_list_conditions` (`id`, `page_list_id`, `object_field_id`, `operator`, `value`, `formula_number`, `deleted`, `created_by`, `created_on`, `modified_by`, `modified_on`) VALUES ('cf339440-cf65-11e7-9144-c85b76d41832', '48cf8f1e-75a3-vwfv-b0d3-5cc5d4b571d2', '3d60290f-75a3-11e6-94b0-5cc5d4b571d2', 'eq', '441d51b0-75a3-11e6-a00a-5cc5d4b51432', '1', '0', '1', '2018-04-12 10:04:26', '1', '2018-04-12 10:04:26');
INSERT INTO `page_list_conditions` (`id`, `page_list_id`, `object_field_id`, `operator`, `value`, `formula_number`, `deleted`, `created_by`, `created_on`, `modified_by`, `modified_on`) VALUES ('cf339440-cf65-11e7-9144-c85b76d41834', '48cf8f1e-75a3-1808-b0d3-5cc5d4b571d2', '3d60290f-75a3-11e6-94b0-5cc5d4b571d2', 'eq', '441d51b0-75a3-11e6-a00a-5cc5d4b51411', '1', '0', '1', '2018-04-12 10:04:26', '1', '2018-04-12 10:04:26');
