-- 更新settings
UPDATE `custom_settings` SET  `value` = '{\r\n  \"enable_weekly_plan\": true,\r\n  \"enable_differential_display\": true,\r\n  \"call_state_to_be_compared\": [],\r\n  \"tot_state_to_be_compared\": [],\r\n  \"tot_type_mapping\": {\r\n    \"tot_type_id\": \"weekly_plan__tot_id\"\r\n  },\r\n  \"enable_call_finish_action\": true,\r\n  \"enable_coaching_finish_action\": true,\r\n  \"calendar_timeline\": {\r\n    \"every_day_range_time\": {\r\n      \"am\": [\r\n        \"08:00:00\",\r\n        \"12:00:00\"\r\n      ],\r\n      \"pm\": [\r\n        \"12:00:00\",\r\n        \"18:00:00\"\r\n      ]\r\n    },\r\n    \"unknown_max_minutes\": 30,\r\n    \"objects\": {\r\n      \"time_off_territory\": {\r\n        \"__default__\": {\r\n          \"values\": {\r\n            \"am\": [\r\n              \"forenoon\"\r\n            ],\r\n            \"pm\": [\r\n              \"afternoon\"\r\n            ]\r\n          },\r\n          \"column_names\": [\r\n            \"date\",\r\n            \"ampm\"\r\n          ],\r\n          \"type\": \"ampm\"\r\n        }\r\n      },\r\n      \"coaching\": {\r\n        \"__default__\": {\r\n          \"column_names\": [\r\n            \"coaching_date\"\r\n          ],\r\n          \"type\": \"date\"\r\n        }\r\n      },\r\n      \"call\": {\r\n        \"__default__\": {\r\n          \"column_names\": [\r\n            \"call_date\"\r\n          ],\r\n          \"type\": \"date\"\r\n        }\r\n      },\r\n      \"event\": {\r\n        \"__default__\": {\r\n          \"column_names\": [\r\n            \"event_start_time\",\r\n            \"event_end_time\"\r\n          ],\r\n          \"type\": \"range\"\r\n        }\r\n      },\r\n      \"weekly_plan\": {\r\n        \"__default__\": {\r\n          \"values\": {\r\n            \"am\": [\r\n              \"am\"\r\n            ],\r\n            \"pm\": [\r\n              \"pm\"\r\n            ]\r\n          },\r\n          \"column_names\": [\r\n            \"date\",\r\n            \"ampm\"\r\n          ],\r\n          \"type\": \"ampm\"\r\n        },\r\n        \"weekly_plan_coaching_plans\": {\r\n          \"column_names\": [\r\n            \"start_time\",\r\n            \"end_time\"\r\n          ],\r\n          \"type\": \"range\"\r\n        },\r\n        \"weekly_plan_call_plans\": {\r\n          \"column_names\": [\r\n            \"start_time\",\r\n            \"end_time\"\r\n          ],\r\n          \"type\": \"range\"\r\n        }\r\n      }\r\n    }\r\n  }\r\n}' WHERE `key` = 'calendar_display_mode_setting';

INSERT INTO `page_layouts` (`deleted`, `created_by`, `created_on`, `modified_by`, `modified_on`, `id`, `name`, `page_id`, `label`, `source`, `screen_size`, `report_id`, `highlight_enabled`) VALUES (0, 1, '2020-09-29 09:06:35.290066', 1, '2020-09-29 09:06:35.290170', '61085cf7-4048-460e-b59c-38c53785e79a', 'call_plans', 'e007f890-f2d1-43d5-b25e-76f198d40a28', '拜访计划', 'custom', 'both', NULL, 0);
INSERT INTO `page_layout_fields` (`deleted`, `created_by`, `created_on`, `modified_by`, `modified_on`, `id`, `page_layout_id`, `type`, `object_field_id`, `label`, `order`, `colspan`, `is_mandatory`, `is_readonly`, `display_mode`, `configurations`, `is_header`, `is_hidden`, `is_with_stars_mask`, `is_highlight`, `if_affect_others`, `disable_click`, `note_field`, `hint_text`, `report_id`, `allow_dynamic_label`) VALUES (0, 1, '2020-09-29 09:06:35.351943', 1, '2020-09-29 09:06:35.352048', 'b60afcc4-191b-4f45-b656-52640c4f1465', '61085cf7-4048-460e-b59c-38c53785e79a', 'field', '47a9fd8b-7731-4446-b2ad-d6b8812488c3', '计划类型', 0, 6, 0, 1, 'both', NULL, 0, NULL, NULL, 0, NULL, NULL, NULL, NULL, NULL, NULL);
INSERT INTO `page_layout_fields` (`deleted`, `created_by`, `created_on`, `modified_by`, `modified_on`, `id`, `page_layout_id`, `type`, `object_field_id`, `label`, `order`, `colspan`, `is_mandatory`, `is_readonly`, `display_mode`, `configurations`, `is_header`, `is_hidden`, `is_with_stars_mask`, `is_highlight`, `if_affect_others`, `disable_click`, `note_field`, `hint_text`, `report_id`, `allow_dynamic_label`) VALUES (0, 1, '2020-09-29 09:06:35.423550', 1, '2020-09-29 09:06:35.423600', '436471d0-d7d3-4f84-a1d7-18e6ea584693', '61085cf7-4048-460e-b59c-38c53785e79a', 'field', '741e10c4-41f9-4ee8-a897-e172a8e25c9a', '拜访日期', 1, 6, 1, 0, 'both', NULL, 0, NULL, NULL, 0, NULL, NULL, NULL, NULL, NULL, NULL);
INSERT INTO `page_layout_fields` (`deleted`, `created_by`, `created_on`, `modified_by`, `modified_on`, `id`, `page_layout_id`, `type`, `object_field_id`, `label`, `order`, `colspan`, `is_mandatory`, `is_readonly`, `display_mode`, `configurations`, `is_header`, `is_hidden`, `is_with_stars_mask`, `is_highlight`, `if_affect_others`, `disable_click`, `note_field`, `hint_text`, `report_id`, `allow_dynamic_label`) VALUES (0, 1, '2020-09-29 09:06:35.510349', 1, '2020-09-29 09:06:35.510449', 'aba8d9e9-37f7-4e92-b968-4c149911310f', '61085cf7-4048-460e-b59c-38c53785e79a', 'field', '39b987fb-9d1b-472e-81af-a2ab4fd6f869', '拜访时间', 2, 6, 1, 0, 'both', NULL, 0, NULL, NULL, 0, NULL, NULL, NULL, NULL, NULL, NULL);
INSERT INTO `page_layout_fields` (`deleted`, `created_by`, `created_on`, `modified_by`, `modified_on`, `id`, `page_layout_id`, `type`, `object_field_id`, `label`, `order`, `colspan`, `is_mandatory`, `is_readonly`, `display_mode`, `configurations`, `is_header`, `is_hidden`, `is_with_stars_mask`, `is_highlight`, `if_affect_others`, `disable_click`, `note_field`, `hint_text`, `report_id`, `allow_dynamic_label`) VALUES (0, 1, '2020-09-29 09:06:35.567849', 1, '2020-09-29 09:06:35.567948', '69d50b29-e4c5-447f-a8c8-fcdb7af954b1', '61085cf7-4048-460e-b59c-38c53785e79a', 'field', 'd8701d66-4592-4e94-9064-04e07f465299', '拜访医院', 3, 6, 1, 0, 'both', NULL, 0, NULL, NULL, 0, NULL, NULL, NULL, NULL, NULL, NULL);
INSERT INTO `page_layout_fields` (`deleted`, `created_by`, `created_on`, `modified_by`, `modified_on`, `id`, `page_layout_id`, `type`, `object_field_id`, `label`, `order`, `colspan`, `is_mandatory`, `is_readonly`, `display_mode`, `configurations`, `is_header`, `is_hidden`, `is_with_stars_mask`, `is_highlight`, `if_affect_others`, `disable_click`, `note_field`, `hint_text`, `report_id`, `allow_dynamic_label`) VALUES (0, 1, '2020-09-29 09:06:35.623168', 1, '2020-09-29 09:06:35.623211', '52a7bbeb-1c85-40f0-b658-d9464c1de71d', '61085cf7-4048-460e-b59c-38c53785e79a', 'field', 'efda411f-aebb-4e0f-a860-1fdd189dadc3', '拜访医生', 4, 6, 1, 0, 'both', NULL, 0, NULL, NULL, 0, NULL, NULL, NULL, NULL, NULL, NULL);

INSERT INTO `page_layout_actions` (`deleted`, `created_by`, `created_on`, `modified_by`, `modified_on`, `id`, `label`, `configurations`, `page_layout_id`, `object_action_id`, `is_need_pre_check`, `pre_check_label`, `display_mode`, `style`, `order`) VALUES (0, 1, '2020-09-29 09:06:35.799089', 1, '2020-09-29 09:06:35.799193', 'd680e237-79a6-4058-92c4-ae77db5cd9d3', NULL, NULL, '61085cf7-4048-460e-b59c-38c53785e79a', 'b0f12252-8890-47ea-9aba-d606f21640b7', 0, NULL, 'edit', NULL, 1);
INSERT INTO `page_layout_actions` (`deleted`, `created_by`, `created_on`, `modified_by`, `modified_on`, `id`, `label`, `configurations`, `page_layout_id`, `object_action_id`, `is_need_pre_check`, `pre_check_label`, `display_mode`, `style`, `order`) VALUES (0, 1, '2020-09-29 09:06:35.832061', 1, '2020-09-29 09:06:35.832163', '6b170b5d-f528-40d8-bb8d-bdaaabaa22b6', NULL, NULL, '61085cf7-4048-460e-b59c-38c53785e79a', '04e55532-d04c-11e7-b704-c85b76d4d416', 0, NULL, 'view', NULL, 2);
INSERT INTO `page_layout_actions` (`deleted`, `created_by`, `created_on`, `modified_by`, `modified_on`, `id`, `label`, `configurations`, `page_layout_id`, `object_action_id`, `is_need_pre_check`, `pre_check_label`, `display_mode`, `style`, `order`) VALUES (0, 1, '2020-09-29 09:06:35.865169', 1, '2020-09-29 09:06:35.865236', '1e1cab19-4260-4c79-9b9f-86e5aac4ac4e', NULL, NULL, '61085cf7-4048-460e-b59c-38c53785e79a', '1ca23224-3af2-49fe-9b66-642e665981d2', 0, NULL, 'view', NULL, 3);
INSERT INTO `page_layout_actions` (`deleted`, `created_by`, `created_on`, `modified_by`, `modified_on`, `id`, `label`, `configurations`, `page_layout_id`, `object_action_id`, `is_need_pre_check`, `pre_check_label`, `display_mode`, `style`, `order`) VALUES (0, 1, '2020-09-29 09:06:35.895796', 1, '2020-09-29 09:06:35.895900', '57698522-2e6e-4224-9b72-8d5d0c776bc3', NULL, NULL, '61085cf7-4048-460e-b59c-38c53785e79a', '4ac15c6d-02f4-11eb-bc49-0215c63fce1a', 0, NULL, 'view', NULL, 4);
-- assign 代表和主管
INSERT INTO `page_layout_assignments` (`deleted`, `created_by`, `created_on`, `modified_by`, `modified_on`, `id`, `role_id`, `object_record_type_id`, `object_state_id`, `page_layout_id`, `is_locked_by_state`, `allow_enter_mini_layout`, `mini_layout_section`, `tips`) VALUES (0, 1, '2020-09-29 09:06:35.976634', 1, '2020-09-29 09:06:35.976757', 'a102165d-15cb-416c-b79f-9969d99e6b0e', '53de6f5e-1da3-11e6-b011-5cc5d4b57134', '1860f152-e352-4d5c-947c-a28c27bb1b94', NULL, '61085cf7-4048-460e-b59c-38c53785e79a', NULL, NULL, NULL, 'null');
INSERT INTO `page_layout_assignments` (`deleted`, `created_by`, `created_on`, `modified_by`, `modified_on`, `id`, `role_id`, `object_record_type_id`, `object_state_id`, `page_layout_id`, `is_locked_by_state`, `allow_enter_mini_layout`, `mini_layout_section`, `tips`) VALUES (0, 1, '2020-09-29 09:06:35.976634', 1, '2020-09-29 09:06:35.976757', 'a108743d-15cb-416c-b79f-9969d99e6b0e', 'b74845ad-b5fe-11ea-aab5-0215c63fce1a', '1860f152-e352-4d5c-947c-a28c27bb1b94', NULL, '61085cf7-4048-460e-b59c-38c53785e79a', NULL, NULL, NULL, 'null');

INSERT INTO `role_to_object_record_types` (`deleted`, `created_by`, `created_on`, `modified_by`, `modified_on`, `id`, `role_id`, `object_record_type_id`, `is_default`) VALUES (0, 1, '2020-09-29 09:06:36.013413', 1, '2020-09-29 09:06:36.013517', 'a5719c15-50fc-4bfc-b8c7-01eb065aad99', '53de6f5e-1da3-11e6-b011-5cc5d4b57134', '1860f152-e352-4d5c-947c-a28c27bb1b94', 0);
INSERT INTO `role_to_object_record_types` (`deleted`, `created_by`, `created_on`, `modified_by`, `modified_on`, `id`, `role_id`, `object_record_type_id`, `is_default`) VALUES (0, 1, '2020-09-29 09:06:36.013413', 1, '2020-09-29 09:06:36.013517', 'a5719c15-50fc-4bfc-b8c7-01eb065aad88', 'b74845ad-b5fe-11ea-aab5-0215c63fce1a', '1860f152-e352-4d5c-947c-a28c27bb1b94', 0);

UPDATE custom_settings SET value='[{"fields": [{"type": "date", "name": "call_date"}], "object_name": "call"}, {"fields": [{"type": "date", "name": "coaching_date"}], "object_name": "coaching"}, {"fields": [{"type": "datetime", "name": "event_start_time","time_tag":"start"}, {"type": "datetime", "name": "event_end_time","time_tag":"end"}], "object_name": "event"},{"fields": [{"type": "datetime", "name": "start_time","time_tag":"start"},{"type": "datetime", "name": "end_time","time_tag":"end"}], "object_name": "weekly_plan"},{"fields": [{"type": "date", "name": "date"}], "object_name": "time_off_territory"}]'
WHERE `key`='calendar_create_data_config';

INSERT INTO `page_layout_fields` (`deleted`, `created_by`, `created_on`, `modified_by`, `modified_on`, `id`, `page_layout_id`, `type`, `object_field_id`, `label`, `order`, `colspan`, `is_mandatory`, `is_readonly`, `display_mode`, `configurations`, `is_header`, `is_hidden`, `is_with_stars_mask`, `is_highlight`, `if_affect_others`, `disable_click`, `note_field`, `hint_text`, `report_id`, `allow_dynamic_label`) VALUES (0, 1, '2020-09-29 09:06:35.423550', 1, '2020-09-29 09:06:35.423600', '436471d0-d7d3-4f84-a1d7-18e6ea584567', '61085cf7-4048-460e-b59c-38c53785e79a', 'field', '4b3a89b3-6ca4-4493-9d37-eee5d7b208e3', '开始时间', 1, 6, 1, 0, 'both', NULL, 0, NULL, NULL, 0, NULL, NULL, NULL, NULL, NULL, NULL);
INSERT INTO `page_layout_fields` (`deleted`, `created_by`, `created_on`, `modified_by`, `modified_on`, `id`, `page_layout_id`, `type`, `object_field_id`, `label`, `order`, `colspan`, `is_mandatory`, `is_readonly`, `display_mode`, `configurations`, `is_header`, `is_hidden`, `is_with_stars_mask`, `is_highlight`, `if_affect_others`, `disable_click`, `note_field`, `hint_text`, `report_id`, `allow_dynamic_label`) VALUES (0, 1, '2020-09-29 09:06:35.510349', 1, '2020-09-29 09:06:35.510449', 'aba8d9e9-37f7-4e92-b968-4c149341210f', '61085cf7-4048-460e-b59c-38c53785e79a', 'field', 'b5cd64ff-9807-4b46-bac8-dc5dc152b610', '结束时间', 2, 6, 1, 0, 'both', NULL, 0, NULL, NULL, 0, NULL, NULL, NULL, NULL, NULL, NULL);

UPDATE `object_fields` SET `lookup_filter_id` = '7eaeacc0-74b8-11e6-a5af-5cc5d4b571d2' WHERE `object_fields`.`id` = 'efda411f-aebb-4e0f-a860-1fdd189dadc3';
UPDATE `object_fields` SET `lookup_object_id` = '9529d4c0-20a8-11e6-995f-5cc5d4d378cb', `lookup_filter_id` = 'e6e031f0-3ea4-11e6-9d1c-5cc5d4b571d2' WHERE `object_fields`.`id` = 'd8701d66-4592-4e94-9064-04e07f465299';

UPDATE `page_layout_fields` SET`deleted` = 1 WHERE `id` = '69d50b29-e4c5-447f-a8c8-fcdb7af954b1';


-- 协访计划
INSERT INTO `role_to_object_record_types` (`id`, `role_id`, `object_record_type_id`, `is_default`, `deleted`, `created_by`, `created_on`, `modified_by`, `modified_on`)
VALUES
	('3d0ed227-482a-4900-9352-c98bb6a09ab5', '5a013aaa-b5c5-11ea-aab5-0215c63fce1a', '5d8eg1db-cb61-4f3e-b761-51fe15eadf2b', 0, 0, 1, now(), 1, now());
INSERT INTO `role_to_object_record_types` (`id`, `role_id`, `object_record_type_id`, `is_default`, `deleted`, `created_by`, `created_on`, `modified_by`, `modified_on`)
VALUES
	('3d0ed227-482a-6789-9352-c98bb6a09ab5', 'b74845ad-b5fe-11ea-aab5-0215c63fce1a', '5d8eg1db-cb61-4f3e-b761-51fe15eadf2b', 0, 0, 1, now(), 1, now());

INSERT INTO `page_layouts` (`id`, `page_id`, `name`, `label`, `source`, `screen_size`, `deleted`, `created_by`, `created_on`, `modified_by`, `modified_on`, `highlight_enabled`, `report_id`)
VALUES
	('1151g253-0252-4fdc-b7cf-718002d37fc0', 'e007f890-f2d1-43d5-b25e-76f198d40a28', 'coaching_weekly_plan_layout', '协访计划', 'custom', 'small', 0, 1, now(), 1, now(), 0, NULL);

INSERT INTO `page_layout_fields` (`id`, `page_layout_id`, `type`, `object_field_id`, `label`, `order`, `colspan`, `is_mandatory`, `is_readonly`, `display_mode`, `configurations`, `deleted`, `created_by`, `created_on`, `modified_by`, `modified_on`, `is_header`, `is_with_stars_mask`, `is_hidden`, `is_highlight`, `if_affect_others`, `disable_click`, `note_field`, `hint_text`, `report_id`, `allow_dynamic_label`)
VALUES
	('356cfe5d-g2ec-4a48-aae0-2f633a70a736', '1151g253-0252-4fdc-b7cf-718002d37fc0', 'field', '47a9fd8b-7731-4446-b2ad-d6b8812488c3', '类型', 0, 6, 1, 0, 'both', NULL, 0, 1, now(), 1, now(), 0, NULL, NULL, 0, NULL, NULL, NULL, NULL, NULL, NULL),
	('467cfe5d-g2ec-4a48-aae0-2f633a70a736', '1151g253-0252-4fdc-b7cf-718002d37fc0', 'field', '4b3a89b3-6ca4-4493-9d37-eee5d7b208e3', '开始时间', 1, 6, 1, 0, 'both', NULL, 0, 1, now(), 1, now(), 0, NULL, NULL, 0, NULL, NULL, NULL, NULL, NULL, NULL),
	('567cfe5d-h3fd-4a48-aae0-2f633a70a736', '1151g253-0252-4fdc-b7cf-718002d37fc0', 'field', 'b5cd64ff-9807-4b46-bac8-dc5dc152b610', '结束时间', 2, 6, 1, 0, 'both', NULL, 0, 1, now(), 1, now(), 0, NULL, NULL, 0, NULL, NULL, NULL, NULL, NULL, NULL),
	('078dfe6d-h3fd-4a48-aae0-2f633a70a736', '1151g253-0252-4fdc-b7cf-718002d37fc0', 'field', 'efda411f-aebb-4e0f-a860-1fdd189dadc3', '协访医生', 4, 6, 1, 0, 'both', NULL, 0, 1, now(), 1, now(), 0, NULL, NULL, 0, NULL, NULL, NULL, NULL, NULL, NULL);

INSERT INTO `page_layout_assignments` (`id`, `role_id`, `object_record_type_id`, `object_state_id`, `page_layout_id`, `deleted`, `created_by`, `created_on`, `modified_by`, `modified_on`, `is_locked_by_state`, `allow_enter_mini_layout`, `mini_layout_section`, `tips`)
VALUES
	('11115812-0948-4828-9091-5a8c320d600e', '5a013aaa-b5c5-11ea-aab5-0215c63fce1a', '5d8eg1db-cb61-4f3e-b761-51fe15eadf2b', null, '1151g253-0252-4fdc-b7cf-718002d37fc0', 0, 1, now(), 1, now(), NULL, NULL, NULL, 'null');
INSERT INTO `page_layout_assignments` (`id`, `role_id`, `object_record_type_id`, `object_state_id`, `page_layout_id`, `deleted`, `created_by`, `created_on`, `modified_by`, `modified_on`, `is_locked_by_state`, `allow_enter_mini_layout`, `mini_layout_section`, `tips`)
VALUES
	('11115812-0948-4828-1020-5a8c320d600e', 'b74845ad-b5fe-11ea-aab5-0215c63fce1a', '5d8eg1db-cb61-4f3e-b761-51fe15eadf2b', null, '1151g253-0252-4fdc-b7cf-718002d37fc0', 0, 1, now(), 1, now(), NULL, NULL, NULL, 'null');



INSERT INTO `page_layout_actions` (`id`, `page_layout_id`, `object_action_id`, `display_mode`, `order`, `deleted`, `created_by`, `created_on`, `modified_by`, `modified_on`, `style`, `is_need_pre_check`, `pre_check_label`, `configurations`, `label`)
VALUES
	('11110a5e-5f95-33e6-9c6d-5cc5d4d378cb', '1151g253-0252-4fdc-b7cf-718002d37fc0', '04e55532-d04c-11e7-b704-c85b76d4d416', 'view', 1, 0, 1, now(), 1, now(), NULL, 0, NULL, NULL, NULL),
	('12110a5e-5f95-44f7-9c6d-5cc5d4d378cb', '1151g253-0252-4fdc-b7cf-718002d37fc0', '1ca23224-3af2-49fe-9b66-642e665981d2', 'view', 2, 0, 1, now(), 1, now(), NULL, 0, NULL, NULL, NULL),
    ('34560a5e-5f95-44f7-9c6d-5cc5d4d378cb', '1151g253-0252-4fdc-b7cf-718002d37fc0', '6cc23264-3af2-49fe-9b66-642e665981d2', 'view', 3, 0, 1, now(), 1, now(), NULL, 0, NULL, NULL, NULL);

INSERT INTO `page_layout_fields` (`id`, `page_layout_id`, `type`, `object_field_id`, `label`, `order`, `colspan`, `is_mandatory`, `is_readonly`, `display_mode`, `configurations`, `deleted`, `created_by`, `created_on`, `modified_by`, `modified_on`, `is_header`, `is_with_stars_mask`, `is_hidden`, `is_highlight`, `if_affect_others`, `disable_click`, `note_field`, `hint_text`, `report_id`, `allow_dynamic_label`)
VALUES
	('356cfg2d-g2ec-4a48-aae0-2f633a70a736', '1151g253-0252-4fdc-b7cf-718002d37fc0', 'field', '4eb13f4f-75a3-11e6-87d8-5cc5d4b571d2', '销售代表', 6, 6, 1, 0, 'both', NULL, 0, 1, now(), 1, now(), 0, NULL, NULL, 0, NULL, NULL, NULL, NULL, NULL, NULL);

UPDATE `page_layout_fields` SET `deleted` = 1 WHERE `id` = '356cfe5d-g2ec-4a48-aae0-2f633a70a736';
