-- 53de6f5e-1da3-11e6-b011-5cc5d4b57134 代表
-- 53de9670-1da3-11e6-961c-5cc5d4b57135 经理
-- 53de9671-1da3-11e6-93fb-5cc5d4b57136 大区经理

-- 53de9674-1da3-11e6-ac97-5cc5d4b57137  sfe经理

-- 2ac60000-5ef0-11e6-a036-5cc5d4d378cb 我的活动   2b0552f0-5ef0-11e6-876c-5cc5d4d378cb 活动管理  c19e8bc0-a49e-11e6-8785-5cc5d4d378cb 活动管理

INSERT INTO `menus_assignments` (`id`, `role_id`, `menu_id`, `order`, `deleted`, `created_by`, `created_on`, `modified_by`, `modified_on`) VALUES ('bec0e48a-e35c-11e9-b9aa-0298a739dec0', '53de6f5e-1da3-11e6-b011-5cc5d4b57134', '2ac60000-5ef0-11e6-a036-5cc5d4d378cb', '10', '0', '1', '2019-09-30 11:17:36', '1', '2019-09-30 11:17:36');
INSERT INTO `menus_assignments` (`id`, `role_id`, `menu_id`, `order`, `deleted`, `created_by`, `created_on`, `modified_by`, `modified_on`) VALUES ('d5c6b9a1-e35c-11e9-b9aa-0298a739dec0', '53de9670-1da3-11e6-961c-5cc5d4b57135', '2b0552f0-5ef0-11e6-876c-5cc5d4d378cb', '10', '0', '1', '2019-09-30 11:17:36', '1', '2019-09-30 11:17:36');
INSERT INTO `menus_assignments` (`id`, `role_id`, `menu_id`, `order`, `deleted`, `created_by`, `created_on`, `modified_by`, `modified_on`) VALUES ('ea4c2208-e35c-11e9-b9aa-0298a739dec0', '53de9671-1da3-11e6-93fb-5cc5d4b57136', '2b0552f0-5ef0-11e6-876c-5cc5d4d378cb', '10', '0', '1', '2019-09-30 11:17:36', '1', '2019-09-30 11:17:36');
INSERT INTO `menus_assignments` (`id`, `role_id`, `menu_id`, `order`, `deleted`, `created_by`, `created_on`, `modified_by`, `modified_on`) VALUES ('fc5de7c1-e35c-11e9-b9aa-0298a739dec0', '53de9674-1da3-11e6-ac97-5cc5d4b57137', 'c19e8bc0-a49e-11e6-8785-5cc5d4d378cb', '10', '0', '1', '2019-09-30 11:17:36', '1', '2019-09-30 11:17:36');

-- 我的活动 1013a81e-5f68-11e6-aa03-5cc5d4d378cb  活动管理 220bc1b0-a627-11e6-8523-5cc5d4d378cb

INSERT INTO `page_list_assignments` (`id`, `role_id`, `page_list_id`, `deleted`, `created_by`, `created_on`, `modified_by`, `modified_on`, `is_default`) VALUES ('a430b293-e35d-11e9-b9aa-0298a739dec0', '53de6f5e-1da3-11e6-b011-5cc5d4b57134', '1013a81e-5f68-11e6-aa03-5cc5d4d378cb', '0', '1', '2019-09-30 06:06:56', '1', '2019-09-30 06:06:56', '1');
INSERT INTO `page_list_assignments` (`id`, `role_id`, `page_list_id`, `deleted`, `created_by`, `created_on`, `modified_by`, `modified_on`, `is_default`) VALUES ('b99fd073-e35d-11e9-b9aa-0298a739dec0', '53de9670-1da3-11e6-961c-5cc5d4b57135', '1013a81e-5f68-11e6-aa03-5cc5d4d378cb', '0', '1', '2019-09-30 06:06:56', '1', '2019-09-30 06:06:56', '1');
INSERT INTO `page_list_assignments` (`id`, `role_id`, `page_list_id`, `deleted`, `created_by`, `created_on`, `modified_by`, `modified_on`, `is_default`) VALUES ('cd67a748-e35d-11e9-b9aa-0298a739dec0', '53de9671-1da3-11e6-93fb-5cc5d4b57136', '1013a81e-5f68-11e6-aa03-5cc5d4d378cb', '0', '1', '2019-09-30 06:06:56', '1', '2019-09-30 06:06:56', '1');
INSERT INTO `page_list_assignments` (`id`, `role_id`, `page_list_id`, `deleted`, `created_by`, `created_on`, `modified_by`, `modified_on`, `is_default`) VALUES ('ee341ef1-e35d-11e9-b9aa-0298a739dec0', '53de9674-1da3-11e6-ac97-5cc5d4b57137', '220bc1b0-a627-11e6-8523-5cc5d4d378cb', '0', '1', '2019-09-30 06:06:56', '1', '2019-09-30 06:06:56', '1');

INSERT INTO `page_list_fields` (`id`, `page_list_id`, `object_field_id`, `label`, `order`, `width`, `allow_filter`, `allow_sort`, `is_default`, `deleted`, `created_by`, `created_on`, `modified_by`, `modified_on`) VALUES ('a21d0bfc-e996-11e9-b9aa-0298a739dec0', '1013a81e-5f68-11e6-aa03-5cc5d4d378cb', 'eee173de-a59d-11e6-b11b-5cc5d4d378cb', '活动编码', '0', '120', '1', '1', '1', '0', '1', '2019-10-08 05:18:35', '1', '2019-10-08 05:18:35');
INSERT INTO `page_list_fields` (`id`, `page_list_id`, `object_field_id`, `label`, `order`, `width`, `allow_filter`, `allow_sort`, `is_default`, `deleted`, `created_by`, `created_on`, `modified_by`, `modified_on`) VALUES ('c7676ee6-e996-11e9-b9aa-0298a739dec0', '1013a81e-5f68-11e6-aa03-5cc5d4d378cb', 'a7b7e5e1-5ed9-11e6-933b-5cc5d4d378cb', '活动类型', '2', '120', '1', '1', '1', '0', '1', '2019-10-08 05:18:35', '1', '2019-10-08 05:18:35');
UPDATE `page_list_fields` SET `object_field_id`='5ee062c7-481a-4fc4-8c89-3f7036e28825', `order`='1' WHERE `id`='1d1ddee1-682e-11e6-b078-5cc5d4d378cb';
INSERT INTO `page_list_fields` (`id`, `page_list_id`, `object_field_id`, `label`, `order`, `width`, `allow_filter`, `allow_sort`, `is_default`, `deleted`, `created_by`, `created_on`, `modified_by`, `modified_on`) VALUES ('e17c836c-e996-11e9-b9aa-0298a739dec0', '1013a81e-5f68-11e6-aa03-5cc5d4d378cb', 'ab34d7a1-5ed9-11e6-aa69-5cc5d4d378cb', '活动主题', '3', '120', '1', '1', '1', '0', '1', '2019-10-08 05:18:35', '1', '2019-10-08 05:18:35');
UPDATE `page_list_fields` SET `is_default`='0', `deleted`='1' WHERE `id`='0f4da391-5f69-11e6-b177-5cc5d4d378cb';
UPDATE `page_list_fields` SET `is_default`='1' WHERE `id`='0e44bf0f-5f69-11e6-9913-5cc5d4d378cb';
UPDATE `page_list_fields` SET `deleted`='1' WHERE `id`='0eeb865e-5f69-11e6-fegx-5cc5d4d378cb';

INSERT INTO `role_to_object_permissions` (`id`, `role_id`, `object_id`, `allow_read`, `allow_create`, `allow_update`, `allow_delete`, `deleted`, `created_by`, `created_on`, `modified_by`, `modified_on`, `allow_import`, `allow_export`, `allow_read_all`, `allow_update_all`) VALUES ('6c0aef57-e35e-11e9-b9aa-0298a739dec0', '53de6f5e-1da3-11e6-b011-5cc5d4b57134', '3f49c30f-5d59-11e6-a130-5cc5d4d378cb', '1', '1', '1', '1', '0', '1', '2019-09-30 11:22:02', '1', '2019-09-30 11:22:02', '0', '0', '0', '0');
INSERT INTO `role_to_object_permissions` (`id`, `role_id`, `object_id`, `allow_read`, `allow_create`, `allow_update`, `allow_delete`, `deleted`, `created_by`, `created_on`, `modified_by`, `modified_on`, `allow_import`, `allow_export`, `allow_read_all`, `allow_update_all`) VALUES ('89bc8a6d-e35e-11e9-b9aa-0298a739dec0', '53de9670-1da3-11e6-961c-5cc5d4b57135', '3f49c30f-5d59-11e6-a130-5cc5d4d378cb', '1', '1', '1', '1', '0', '1', '2019-09-30 11:22:02', '1', '2019-09-30 11:22:02', '0', '0', '0', '0');
INSERT INTO `role_to_object_permissions` (`id`, `role_id`, `object_id`, `allow_read`, `allow_create`, `allow_update`, `allow_delete`, `deleted`, `created_by`, `created_on`, `modified_by`, `modified_on`, `allow_import`, `allow_export`, `allow_read_all`, `allow_update_all`) VALUES ('9b9f2b11-e35e-11e9-b9aa-0298a739dec0', '53de9671-1da3-11e6-93fb-5cc5d4b57136', '3f49c30f-5d59-11e6-a130-5cc5d4d378cb', '1', '1', '1', '1', '0', '1', '2019-09-30 11:22:02', '1', '2019-09-30 11:22:02', '0', '0', '0', '0');
INSERT INTO `role_to_object_permissions` (`id`, `role_id`, `object_id`, `allow_read`, `allow_create`, `allow_update`, `allow_delete`, `deleted`, `created_by`, `created_on`, `modified_by`, `modified_on`, `allow_import`, `allow_export`, `allow_read_all`, `allow_update_all`) VALUES ('bc1e3ea4-e35e-11e9-b9aa-0298a739dec0', '53de9674-1da3-11e6-ac97-5cc5d4b57137', '3f49c30f-5d59-11e6-a130-5cc5d4d378cb', '1', '0', '0', '0', '0', '1', '2019-09-30 11:22:02', '1', '2019-09-30 11:22:02', '0', '1', '1', '0');

INSERT INTO `object_record_types` (`id`, `object_id`, `name`, `label`, `source`, `display_order`, `deleted`, `created_by`, `created_on`, `modified_by`, `modified_on`) VALUES ('05320400-e35f-11e9-b9aa-0298a739dec0', '3f49c30f-5d59-11e6-a130-5cc5d4d378cb', 'cs_department', '科室会', 'custom', '1', '0', '1', '2018-09-30 10:33:29', '1', '2018-09-30 10:33:29');
INSERT INTO `object_record_types` (`id`, `object_id`, `name`, `label`, `source`, `display_order`, `deleted`, `created_by`, `created_on`, `modified_by`, `modified_on`) VALUES ('21f2482f-e35f-11e9-b9aa-0298a739dec0', '3f49c30f-5d59-11e6-a130-5cc5d4d378cb', 'cs_department__report', '科室会(报告)', 'custom', '1', '0', '1', '2018-09-30 10:33:29', '1', '2018-09-30 10:33:29');
-- 科室会/报告 05320400-e35f-11e9-b9aa-0298a739dec0  21f2482f-e35f-11e9-b9aa-0298a739dec0

INSERT INTO `role_to_object_record_types` (`id`, `role_id`, `object_record_type_id`, `is_default`, `deleted`, `created_by`, `created_on`, `modified_by`, `modified_on`) VALUES ('63b783d0-e35f-11e9-b9aa-0298a739dec0', '53de6f5e-1da3-11e6-b011-5cc5d4b57134', '05320400-e35f-11e9-b9aa-0298a739dec0', '0', '0', '1', '2019-09-30 20:22:52', '1', '2019-09-30 20:22:52');
INSERT INTO `role_to_object_record_types` (`id`, `role_id`, `object_record_type_id`, `is_default`, `deleted`, `created_by`, `created_on`, `modified_by`, `modified_on`) VALUES ('7b7b260c-e35f-11e9-b9aa-0298a739dec0', '53de9670-1da3-11e6-961c-5cc5d4b57135', '05320400-e35f-11e9-b9aa-0298a739dec0', '0', '0', '1', '2019-09-30 20:22:52', '1', '2019-09-30 20:22:52');
INSERT INTO `role_to_object_record_types` (`id`, `role_id`, `object_record_type_id`, `is_default`, `deleted`, `created_by`, `created_on`, `modified_by`, `modified_on`) VALUES ('8ac9fafb-e35f-11e9-b9aa-0298a739dec0', '53de9671-1da3-11e6-93fb-5cc5d4b57136', '05320400-e35f-11e9-b9aa-0298a739dec0', '0', '0', '1', '2019-09-30 20:22:52', '1', '2019-09-30 20:22:52');


INSERT INTO `object_states` (`id`, `object_id`, `name`, `source`, `label`, `color`, `is_locked`, `is_default`, `display_order`, `deleted`, `created_by`, `created_on`, `modified_by`, `modified_on`) VALUES ('2cd331a1-e360-11e9-b9aa-0298a739dec0', '3f49c30f-5d59-11e6-a130-5cc5d4d378cb', 'cancelled', 'custom', '取消', '#f89728', '1', '0', '6', '0', '1', '2019-09-30 10:33:29', '1', '2019-09-30 10:33:29');
INSERT INTO `object_states` (`id`, `object_id`, `name`, `source`, `label`, `color`, `is_locked`, `is_default`, `display_order`, `deleted`, `created_by`, `created_on`, `modified_by`, `modified_on`) VALUES ('577ca18d-e360-11e9-b9aa-0298a739dec0', '3f49c30f-5d59-11e6-a130-5cc5d4d378cb', 'write_off', 'custom', '核销', '#f89728', '1', '0', '6', '0', '1', '2019-09-30 10:33:29', '1', '2019-09-30 10:33:29');

-- 草稿 审批中 审批拒绝 审批通过 取消 完成 核销 
-- ba579c2e-5eee-11e6-80bf-5cc5d4d378cb ba956880-5eee-11e6-8728-5cc5d4d378cb bb21a2f0-5eee-11e6-9c65-5cc5d4d378cb badc3580-5eee-11e6-a6b2-5cc5d4d378cb
-- 2cd331a1-e360-11e9-b9aa-0298a739dec0 bb603291-5eee-11e6-b868-5cc5d4d378cb 577ca18d-e360-11e9-b9aa-0298a739dec0

-- text_1 b021fb30-5ed9-11e6-876b-5cc5d4d378cb 活动城市   afd317de-5ed9-11e6-bb03-5cc5d4d378cb
-- text_2  计划参会人数 b0b20630-5ed9-11e6-a51f-5cc5d4d378cb  b06545c0-5ed9-11e6-a88a-5cc5d4d378cb
-- text_3  参会人数 b13f03f0-5ed9-11e6-89d7-5cc5d4d378cb  b0f773a1-5ed9-11e6-9f33-5cc5d4d378cb
-- text_4 总预算 b1cdaf5e-5ed9-11e6-b59a-5cc5d4d378cb  b17703e1-5ed9-11e6-8a5f-5cc5d4d378cb
-- text_5  总费用 b26cd58f-5ed9-11e6-a0ae-5cc5d4d378cb  b21518a1-5ed9-11e6-9ca0-5cc5d4d378cb
-- text_6 预算报销差异率 b303be5e-5ed9-11e6-ac63-5cc5d4d378cb  b2b1a6c0-5ed9-11e6-8825-5cc5d4d378cb
-- text_7 参会率 b39269cf-5ed9-11e6-80c4-5cc5d4d378cb  b33f67cf-5ed9-11e6-b20f-5cc5d4d378cb
UPDATE `object_database_columns` SET `used`='1' WHERE `id`='afd317de-5ed9-11e6-bb03-5cc5d4d378cb';
UPDATE `object_database_columns` SET `used`='1' WHERE `id`='b06545c0-5ed9-11e6-a88a-5cc5d4d378cb';
UPDATE `object_database_columns` SET `used`='1' WHERE `id`='b0f773a1-5ed9-11e6-9f33-5cc5d4d378cb';
UPDATE `object_database_columns` SET `used`='1' WHERE `id`='b17703e1-5ed9-11e6-8a5f-5cc5d4d378cb';
UPDATE `object_database_columns` SET `used`='1' WHERE `id`='b21518a1-5ed9-11e6-9ca0-5cc5d4d378cb';
UPDATE `object_database_columns` SET `used`='1' WHERE `id`='b2b1a6c0-5ed9-11e6-8825-5cc5d4d378cb';
UPDATE `object_database_columns` SET `used`='1' WHERE `id`='b33f67cf-5ed9-11e6-b20f-5cc5d4d378cb';

INSERT INTO `object_fields` (`id`, `object_id`, `name`, `label`, `source`, `type`, `target_display_mode`, `target_screen_size`, `deleted`, `created_by`, `created_on`, `modified_by`, `modified_on`, `configurations`, `import_order`, `is_key`, `mandatory`, `allow_filter`, `allow_sort`) VALUES ('8f3b8f73-e368-11e9-b9aa-0298a739dec0', '3f49c30f-5d59-11e6-a130-5cc5d4d378cb', 'position_area', '创建人所属辖区', 'custom', 'refer', 'all', 'both', '0', '1', '2019-09-30 10:47:27', '1', '2019-09-30 10:47:27', '{\"refer_field\": {\"path\": \"position.text_2\", \"type\": \"text\"}}', '0', '0', '0', '1', '1');
-- 8f3b8f73-e368-11e9-b9aa-0298a739dec0  所属区域

UPDATE `custom_settings` SET `value`='true' WHERE `id`='25';

-- layouts
INSERT INTO `page_layouts` (`id`, `page_id`, `name`, `label`, `source`, `screen_size`, `deleted`, `created_by`, `created_on`, `modified_by`, `modified_on`) VALUES 
('59abbc7a-d3b5-e040-bdbe-c7f1ec2a1302','e0df15cf-5eef-11e6-8264-5cc5d4d378cb', 'cs_department_save_s', '科室会详情', 'custom', 'small',  '0', '1', NOW(), '1', NOW()),
('02fd7d46-80a3-3346-8511-9b6bb7f53103','e0df15cf-5eef-11e6-8264-5cc5d4d378cb', 'cs_department_sent_s', '科室会详情', 'custom', 'small',  '0', '1', NOW(), '1', NOW()),
('670861aa-8111-384b-be60-23421b86cc72','e0df15cf-5eef-11e6-8264-5cc5d4d378cb', 'cs_department_rejected_s', '科室会详情', 'custom', 'small',  '0', '1', NOW(), '1', NOW()),
('168d87ae-33a0-3047-b724-2ca9cafe9870','e0df15cf-5eef-11e6-8264-5cc5d4d378cb', 'cs_department_approved_s', '科室会详情', 'custom', 'small',  '0', '1', NOW(), '1', NOW()),
('59a2bedf-4d64-b64d-9f95-7c9e02f2e278','e0df15cf-5eef-11e6-8264-5cc5d4d378cb', 'cs_department_cancelled_s', '科室会详情', 'custom', 'small',  '0', '1', NOW(), '1', NOW()),
('0e5217f2-790d-a34a-b4ff-40ee55e2d1b1','e0df15cf-5eef-11e6-8264-5cc5d4d378cb', 'cs_department_finished_s', '科室会详情', 'custom', 'small',  '0', '1', NOW(), '1', NOW()),
('bdd0d031-1d29-4248-891d-8b741a510b81','e0df15cf-5eef-11e6-8264-5cc5d4d378cb', 'cs_department_report_save_s', '科室会详情', 'custom', 'small',  '0', '1', NOW(), '1', NOW()),
('249a20aa-c1b1-594b-bc13-25fe71c99014','e0df15cf-5eef-11e6-8264-5cc5d4d378cb', 'cs_department_report_sent_s', '科室会详情', 'custom', 'small',  '0', '1', NOW(), '1', NOW()),
('3c017e19-a38a-e245-954d-b8af4ce7f645','e0df15cf-5eef-11e6-8264-5cc5d4d378cb', 'cs_department_report_rejected_s', '科室会详情', 'custom', 'small',  '0', '1', NOW(), '1', NOW()),
('3574b979-bd64-ca40-bd02-51e211726d66','e0df15cf-5eef-11e6-8264-5cc5d4d378cb', 'cs_department_report_approved_s', '科室会详情', 'custom', 'small',  '0', '1', NOW(), '1', NOW()),
('1501cfd8-55f0-334c-a7a1-5e5155539e63','e0df15cf-5eef-11e6-8264-5cc5d4d378cb', 'cs_department_report_writeoff_s', '科室会详情', 'custom', 'small',  '0', '1', NOW(), '1', NOW()),
('4c0d85c7-7196-9e4d-9ae6-220386a59bbd','e0df15cf-5eef-11e6-8264-5cc5d4d378cb', 'cs_department_save_l', '科室会详情', 'custom', 'large',  '0', '1', NOW(), '1', NOW()),
('8b8234ee-593b-a048-94c5-c85eb8cb749c','e0df15cf-5eef-11e6-8264-5cc5d4d378cb', 'cs_department_sent_l', '科室会详情', 'custom', 'large',  '0', '1', NOW(), '1', NOW()),
('0ffa8405-1796-5d4e-ac33-a23f8e7e69d8','e0df15cf-5eef-11e6-8264-5cc5d4d378cb', 'cs_department_rejected_l', '科室会详情', 'custom', 'large',  '0', '1', NOW(), '1', NOW()),
('f377ce62-64a5-5c43-b1b0-0493e04c19d5','e0df15cf-5eef-11e6-8264-5cc5d4d378cb', 'cs_department_approved_l', '科室会详情', 'custom', 'large',  '0', '1', NOW(), '1', NOW()),
('a735c219-2d68-2e46-b913-31ef38dd68f5','e0df15cf-5eef-11e6-8264-5cc5d4d378cb', 'cs_department_cancelled_l', '科室会详情', 'custom', 'large',  '0', '1', NOW(), '1', NOW()),
('c6ad68cd-c3cf-a641-8c9b-33a0a6d65ae4','e0df15cf-5eef-11e6-8264-5cc5d4d378cb', 'cs_department_finished_l', '科室会详情', 'custom', 'large',  '0', '1', NOW(), '1', NOW()),
('049ef085-70a3-284b-84df-1b85ce5796e5','e0df15cf-5eef-11e6-8264-5cc5d4d378cb', 'cs_department_report_save_l', '科室会详情', 'custom', 'large',  '0', '1', NOW(), '1', NOW()),
('d4193b23-f42a-d34f-ab0c-b3a348291fc9','e0df15cf-5eef-11e6-8264-5cc5d4d378cb', 'cs_department_report_sent_l', '科室会详情', 'custom', 'large',  '0', '1', NOW(), '1', NOW()),
('ed489d8d-ece7-6b48-9158-4a353f257d92','e0df15cf-5eef-11e6-8264-5cc5d4d378cb', 'cs_department_report_rejected_l', '科室会详情', 'custom', 'large',  '0', '1', NOW(), '1', NOW()),
('8fe3594e-89f6-f144-b5fa-68b2599e55cd','e0df15cf-5eef-11e6-8264-5cc5d4d378cb', 'cs_department_report_approved_l', '科室会详情', 'custom', 'large',  '0', '1', NOW(), '1', NOW()),
('f2515e50-0056-d24b-847a-2cbb847eb6bb','e0df15cf-5eef-11e6-8264-5cc5d4d378cb', 'cs_department_report_writeoff_l', '科室会详情', 'custom', 'large',  '0', '1', NOW(), '1', NOW());


-- layout_fields
INSERT INTO `page_layout_fields` (`id`, `page_layout_id`, `type`, `object_field_id`, `label`, `order`, `colspan`, `is_mandatory`, `is_readonly`, `display_mode`, `deleted`, `created_by`, `created_on`, `modified_by`, `modified_on`, `is_with_stars_mask`) VALUES 
('2057763a-471c-634a-a434-08bb84e04a70','59abbc7a-d3b5-e040-bdbe-c7f1ec2a1302', 'field', 'eee173de-a59d-11e6-b11b-5cc5d4d378cb', '活动编码', '0', '6', '0', '1', 'both', '0',  '1', NOW(), '1', NOW(), '0'),
('03864c38-2d78-aa4f-8170-e2fa03169e37','59abbc7a-d3b5-e040-bdbe-c7f1ec2a1302', 'field', 'a84e8091-5ed9-11e6-a879-5cc5d4d378cb', '活动状态', '1', '6', '0', '1', 'both', '0',  '1', NOW(), '1', NOW(), '0'),
('aa6d4bdc-b3b1-b440-a50d-ffd8879db729','59abbc7a-d3b5-e040-bdbe-c7f1ec2a1302', 'field', 'a714c811-5ed9-11e6-b12b-5cc5d4d378cb', '活动名称', '2', '6', '1', '0', 'both', '0',  '1', NOW(), '1', NOW(), '0'),
('bb0385ab-04a4-2e4e-a16d-3b515ea63698','59abbc7a-d3b5-e040-bdbe-c7f1ec2a1302', 'field', 'a7b7e5e1-5ed9-11e6-933b-5cc5d4d378cb', '活动类型', '3', '6', '0', '1', 'both', '0',  '1', NOW(), '1', NOW(), '0'),
('6088d1df-9062-424e-aab8-8a3e5cfa432f','59abbc7a-d3b5-e040-bdbe-c7f1ec2a1302', 'field', 'ab34d7a1-5ed9-11e6-aa69-5cc5d4d378cb', '活动主题', '4', '6', '1', '0', 'both', '0',  '1', NOW(), '1', NOW(), '0'),
('63554e52-9ce3-cf49-8bf2-694b153af178','59abbc7a-d3b5-e040-bdbe-c7f1ec2a1302', 'field', 'aa05cd80-5ed9-11e6-9861-5cc5d4d378cb', '开始时间', '5', '6', '1', '0', 'both', '0',  '1', NOW(), '1', NOW(), '0'),
('c2a8d4f5-b1b7-934d-a7a0-82c5ecbb6c64','59abbc7a-d3b5-e040-bdbe-c7f1ec2a1302', 'field', 'aa95634f-5ed9-11e6-a265-5cc5d4d378cb', '结束时间', '6', '6', '1', '0', 'both', '0',  '1', NOW(), '1', NOW(), '0'),
('5f2ac3e2-680c-2040-aacb-b0f1ff386acb','59abbc7a-d3b5-e040-bdbe-c7f1ec2a1302', 'field', 'ad992d70-5ed9-11e6-9986-5cc5d4d378cb', '医院', '7', '6', '1', '0', 'both', '0',  '1', NOW(), '1', NOW(), '0'),
('0196bf0d-cded-e846-9d92-065a93a54dea','59abbc7a-d3b5-e040-bdbe-c7f1ec2a1302', 'field', '4c4c5ec2-9225-4a92-b574-08af14ed4835', '活动科室', '8', '6', '1', '0', 'both', '0',  '1', NOW(), '1', NOW(), '0'),
('d1dd5bb2-3041-4240-8130-2c2b58fe1dd1','59abbc7a-d3b5-e040-bdbe-c7f1ec2a1302', 'field', 'b021fb30-5ed9-11e6-876b-5cc5d4d378cb', '活动城市', '9', '6', '1', '0', 'both', '0',  '1', NOW(), '1', NOW(), '0'),
('49ab1d6e-909e-6e48-83bd-da09ab0173e1','59abbc7a-d3b5-e040-bdbe-c7f1ec2a1302', 'field', 'a8e59070-5ed9-11e6-9c89-5cc5d4d378cb', '活动地点', '10', '6', '0', '0', 'both', '0',  '1', NOW(), '1', NOW(), '0'),
('775f4507-df38-c748-b0a4-8e59c8886ad0','59abbc7a-d3b5-e040-bdbe-c7f1ec2a1302', 'field', 'a848e630-6b59-11e6-9673-5cc5d4d378cb', '活动产品', '11', '6', '1', '0', 'both', '0',  '1', NOW(), '1', NOW(), '0'),
('ca352a8e-6f69-c348-b86d-4b5b19116f98','59abbc7a-d3b5-e040-bdbe-c7f1ec2a1302', 'field', 'eee173de-a59d-dsac-b11b-5cc5d4d378cb', '活动讲者', '12', '6', '1', '0', 'both', '0',  '1', NOW(), '1', NOW(), '0'),
('4d62113e-3a1b-7b4d-ae72-ab2b0927ef96','59abbc7a-d3b5-e040-bdbe-c7f1ec2a1302', 'field', 'b0b20630-5ed9-11e6-a51f-5cc5d4d378cb', '计划参会人数', '13', '6', '1', '0', 'both', '0',  '1', NOW(), '1', NOW(), '0'),
('d717d707-d787-3449-890c-8d8395366f41','59abbc7a-d3b5-e040-bdbe-c7f1ec2a1302', 'field', 'b13f03f0-5ed9-11e6-89d7-5cc5d4d378cb', '参会人数', '14', '6', '0', '1', 'both', '0',  '1', NOW(), '1', NOW(), '0'),
('6f253e1c-65d1-e14a-bb7c-7b83d5a0943c','59abbc7a-d3b5-e040-bdbe-c7f1ec2a1302', 'field', '42bf888f-639e-11e6-94ed-5cc5d4d378cb', '协办人', '15', '6', '0', '0', 'both', '0',  '1', NOW(), '1', NOW(), '0'),
('59d6b78e-86bc-4b4a-adf5-d2e64d50e8e8','59abbc7a-d3b5-e040-bdbe-c7f1ec2a1302', 'field', 'b1cdaf5e-5ed9-11e6-b59a-5cc5d4d378cb', '总预算', '16', '6', '1', '0', 'both', '0',  '1', NOW(), '1', NOW(), '0'),
('26c3b931-aded-c84e-985a-2388df50aa24','59abbc7a-d3b5-e040-bdbe-c7f1ec2a1302', 'field', 'b26cd58f-5ed9-11e6-a0ae-5cc5d4d378cb', '总费用', '17', '6', '0', '1', 'both', '0',  '1', NOW(), '1', NOW(), '0'),
('888cee22-a650-5743-bb05-32afa3b3c863','59abbc7a-d3b5-e040-bdbe-c7f1ec2a1302', 'field', 'b303be5e-5ed9-11e6-ac63-5cc5d4d378cb', '预算报销差异率', '18', '6', '0', '1', 'both', '0',  '1', NOW(), '1', NOW(), '0'),
('ac05781d-14ab-6140-a730-340c3ef4237e','59abbc7a-d3b5-e040-bdbe-c7f1ec2a1302', 'field', '3c79980b-ee5c-49da-8c40-38c025ba5e22', 'GPS签到和签到时间记录', '19', '6', '0', '0', 'both', '0',  '1', NOW(), '1', NOW(), '0'),
('45e1879c-7c7d-674f-beca-fc03435a83a9','59abbc7a-d3b5-e040-bdbe-c7f1ec2a1302', 'field', '23bb2247-0e18-11e7-bb8f-e4b318c6b596', '创建人', '20', '6', '0', '1', 'both', '0',  '1', NOW(), '1', NOW(), '0'),
('3d9d8b72-a98d-e14e-bf39-60211aa7e50e','59abbc7a-d3b5-e040-bdbe-c7f1ec2a1302', 'field', '23bb2245-0e18-11e7-8254-e4b318c6b596', '创建时间', '21', '6', '0', '1', 'both', '0',  '1', NOW(), '1', NOW(), '0'),
('375403e3-e1f7-a34b-81a5-96649dd5faac','59abbc7a-d3b5-e040-bdbe-c7f1ec2a1302', 'field', '23bb705e-0e18-11e7-b67e-e4b318c6b596', '修改人', '22', '6', '0', '1', 'both', '0',  '1', NOW(), '1', NOW(), '0'),
('1ef50243-e13c-c549-8c23-f152b9608e3a','59abbc7a-d3b5-e040-bdbe-c7f1ec2a1302', 'field', '23bb2246-0e18-11e7-8147-e4b318c6b596', '最后修改时间', '23', '6', '0', '1', 'both', '0',  '1', NOW(), '1', NOW(), '0'),
('5e8e88cf-b4f2-914e-aeab-1782b23e30d2','59abbc7a-d3b5-e040-bdbe-c7f1ec2a1302', 'field', '8f3b8f73-e368-11e9-b9aa-0298a739dec0', '创建人所属辖区', '24', '6', '0', '1', 'view', '0',  '1', NOW(), '1', NOW(), '0'),
('54b64a70-3203-604c-a4ff-0c21d289e285','59abbc7a-d3b5-e040-bdbe-c7f1ec2a1302', 'field', 'b39269cf-5ed9-11e6-80c4-5cc5d4d378cb', '参会率', '25', '6', '0', '1', 'view', '0',  '1', NOW(), '1', NOW(), '0');

INSERT INTO `page_layout_fields` (`id`, `page_layout_id`, `type`, `object_field_id`, `label`, `order`, `colspan`, `is_mandatory`, `is_readonly`, `display_mode`, `deleted`, `created_by`, `created_on`, `modified_by`, `modified_on`, `is_with_stars_mask`) VALUES 
('75261279-dd25-e343-9919-498fa56be6a7','02fd7d46-80a3-3346-8511-9b6bb7f53103', 'field', 'eee173de-a59d-11e6-b11b-5cc5d4d378cb', '活动编码', '0', '6', '0', '1', 'both', '0',  '1', NOW(), '1', NOW(), '0'),
('f84ae90f-c2ba-d847-98f1-9a2136d5a3fd','02fd7d46-80a3-3346-8511-9b6bb7f53103', 'field', 'a84e8091-5ed9-11e6-a879-5cc5d4d378cb', '活动状态', '1', '6', '0', '1', 'both', '0',  '1', NOW(), '1', NOW(), '0'),
('ee145b7f-343e-1b42-98b6-e855aadedfa6','02fd7d46-80a3-3346-8511-9b6bb7f53103', 'field', 'a714c811-5ed9-11e6-b12b-5cc5d4d378cb', '活动名称', '2', '6', '1', '0', 'both', '0',  '1', NOW(), '1', NOW(), '0'),
('0ae0d3d7-1dc6-9945-ba19-ffc8b8083e53','02fd7d46-80a3-3346-8511-9b6bb7f53103', 'field', 'a7b7e5e1-5ed9-11e6-933b-5cc5d4d378cb', '活动类型', '3', '6', '0', '1', 'both', '0',  '1', NOW(), '1', NOW(), '0'),
('4d2d6033-0ffb-bd41-9659-a5adb00b0e45','02fd7d46-80a3-3346-8511-9b6bb7f53103', 'field', 'ab34d7a1-5ed9-11e6-aa69-5cc5d4d378cb', '活动主题', '4', '6', '1', '0', 'both', '0',  '1', NOW(), '1', NOW(), '0'),
('3552759b-8ddd-1544-a73a-402c77723ce1','02fd7d46-80a3-3346-8511-9b6bb7f53103', 'field', 'aa05cd80-5ed9-11e6-9861-5cc5d4d378cb', '开始时间', '5', '6', '1', '0', 'both', '0',  '1', NOW(), '1', NOW(), '0'),
('3b89b53b-0417-4e46-9d1b-c74fd9e38a5b','02fd7d46-80a3-3346-8511-9b6bb7f53103', 'field', 'aa95634f-5ed9-11e6-a265-5cc5d4d378cb', '结束时间', '6', '6', '1', '0', 'both', '0',  '1', NOW(), '1', NOW(), '0'),
('9f25c54b-6670-f649-9d8a-178db51ea1ca','02fd7d46-80a3-3346-8511-9b6bb7f53103', 'field', 'ad992d70-5ed9-11e6-9986-5cc5d4d378cb', '医院', '7', '6', '1', '0', 'both', '0',  '1', NOW(), '1', NOW(), '0'),
('cfda2c8e-ce86-7e46-b333-60726492a09e','02fd7d46-80a3-3346-8511-9b6bb7f53103', 'field', '4c4c5ec2-9225-4a92-b574-08af14ed4835', '活动科室', '8', '6', '1', '0', 'both', '0',  '1', NOW(), '1', NOW(), '0'),
('cba52fe6-bc55-f348-8ec5-a1ef429903e6','02fd7d46-80a3-3346-8511-9b6bb7f53103', 'field', 'b021fb30-5ed9-11e6-876b-5cc5d4d378cb', '活动城市', '9', '6', '1', '0', 'both', '0',  '1', NOW(), '1', NOW(), '0'),
('80108186-e4cb-6b4e-a92e-04abfc6eb9a7','02fd7d46-80a3-3346-8511-9b6bb7f53103', 'field', 'a8e59070-5ed9-11e6-9c89-5cc5d4d378cb', '活动地点', '10', '6', '0', '0', 'both', '0',  '1', NOW(), '1', NOW(), '0'),
('3551a436-fbb2-0348-acf4-e1176e0ce218','02fd7d46-80a3-3346-8511-9b6bb7f53103', 'field', 'a848e630-6b59-11e6-9673-5cc5d4d378cb', '活动产品', '11', '6', '1', '0', 'both', '0',  '1', NOW(), '1', NOW(), '0'),
('2c420884-8e43-7e41-9978-f72784b37020','02fd7d46-80a3-3346-8511-9b6bb7f53103', 'field', 'eee173de-a59d-dsac-b11b-5cc5d4d378cb', '活动讲者', '12', '6', '1', '0', 'both', '0',  '1', NOW(), '1', NOW(), '0'),
('50dae517-1de3-d84f-a302-6f9d011bcb6b','02fd7d46-80a3-3346-8511-9b6bb7f53103', 'field', 'b0b20630-5ed9-11e6-a51f-5cc5d4d378cb', '计划参会人数', '13', '6', '1', '0', 'both', '0',  '1', NOW(), '1', NOW(), '0'),
('e49b25dd-9a8b-114b-b916-cdb46010dcfe','02fd7d46-80a3-3346-8511-9b6bb7f53103', 'field', 'b13f03f0-5ed9-11e6-89d7-5cc5d4d378cb', '参会人数', '14', '6', '0', '1', 'both', '0',  '1', NOW(), '1', NOW(), '0'),
('28b3989c-418d-3440-9742-3650721e2b25','02fd7d46-80a3-3346-8511-9b6bb7f53103', 'field', '42bf888f-639e-11e6-94ed-5cc5d4d378cb', '协办人', '15', '6', '0', '0', 'both', '0',  '1', NOW(), '1', NOW(), '0'),
('88745d61-6152-774c-81c0-2466a774bde5','02fd7d46-80a3-3346-8511-9b6bb7f53103', 'field', 'b1cdaf5e-5ed9-11e6-b59a-5cc5d4d378cb', '总预算', '16', '6', '1', '0', 'both', '0',  '1', NOW(), '1', NOW(), '0'),
('04ed12db-91d3-b24c-8714-cb345f89c95a','02fd7d46-80a3-3346-8511-9b6bb7f53103', 'field', 'b26cd58f-5ed9-11e6-a0ae-5cc5d4d378cb', '总费用', '17', '6', '0', '1', 'both', '0',  '1', NOW(), '1', NOW(), '0'),
('4f86de05-6d99-8c48-969c-25f31ba06f10','02fd7d46-80a3-3346-8511-9b6bb7f53103', 'field', 'b303be5e-5ed9-11e6-ac63-5cc5d4d378cb', '预算报销差异率', '18', '6', '0', '1', 'both', '0',  '1', NOW(), '1', NOW(), '0'),
('f8928cf7-6b07-c64b-910b-69a8db98bb75','02fd7d46-80a3-3346-8511-9b6bb7f53103', 'field', '3c79980b-ee5c-49da-8c40-38c025ba5e22', 'GPS签到和签到时间记录', '19', '6', '0', '0', 'both', '0',  '1', NOW(), '1', NOW(), '0'),
('e5d765a8-a0b3-8a40-8de2-cb520c43beac','02fd7d46-80a3-3346-8511-9b6bb7f53103', 'field', '23bb2247-0e18-11e7-bb8f-e4b318c6b596', '创建人', '20', '6', '0', '1', 'both', '0',  '1', NOW(), '1', NOW(), '0'),
('fe37fa6c-6a8c-f449-8b7b-25da8a2dca9c','02fd7d46-80a3-3346-8511-9b6bb7f53103', 'field', '23bb2245-0e18-11e7-8254-e4b318c6b596', '创建时间', '21', '6', '0', '1', 'both', '0',  '1', NOW(), '1', NOW(), '0'),
('6f94054f-f02f-7846-8775-046b8954a233','02fd7d46-80a3-3346-8511-9b6bb7f53103', 'field', '23bb705e-0e18-11e7-b67e-e4b318c6b596', '修改人', '22', '6', '0', '1', 'both', '0',  '1', NOW(), '1', NOW(), '0'),
('1237f7de-4fde-fe4c-be2c-3fba79f85237','02fd7d46-80a3-3346-8511-9b6bb7f53103', 'field', '23bb2246-0e18-11e7-8147-e4b318c6b596', '最后修改时间', '23', '6', '0', '1', 'both', '0',  '1', NOW(), '1', NOW(), '0'),
('c205868b-13ad-b748-8614-f5a90a37dea2','02fd7d46-80a3-3346-8511-9b6bb7f53103', 'field', '8f3b8f73-e368-11e9-b9aa-0298a739dec0', '创建人所属辖区', '24', '6', '0', '1', 'view', '0',  '1', NOW(), '1', NOW(), '0'),
('28d3977c-9277-4a44-ae2c-22e76a435919','02fd7d46-80a3-3346-8511-9b6bb7f53103', 'field', 'b39269cf-5ed9-11e6-80c4-5cc5d4d378cb', '参会率', '25', '6', '0', '1', 'view', '0',  '1', NOW(), '1', NOW(), '0');

INSERT INTO `page_layout_fields` (`id`, `page_layout_id`, `type`, `object_field_id`, `label`, `order`, `colspan`, `is_mandatory`, `is_readonly`, `display_mode`, `deleted`, `created_by`, `created_on`, `modified_by`, `modified_on`, `is_with_stars_mask`) VALUES 
('54dfd261-ab10-a840-968f-58d53dfa77c8','670861aa-8111-384b-be60-23421b86cc72', 'field', 'eee173de-a59d-11e6-b11b-5cc5d4d378cb', '活动编码', '0', '6', '0', '1', 'both', '0',  '1', NOW(), '1', NOW(), '0'),
('75566746-1d79-0447-b7be-d8cf715f4e5c','670861aa-8111-384b-be60-23421b86cc72', 'field', 'a84e8091-5ed9-11e6-a879-5cc5d4d378cb', '活动状态', '1', '6', '0', '1', 'both', '0',  '1', NOW(), '1', NOW(), '0'),
('fa90bea2-9ab0-be41-b1b0-c8fa78f3b339','670861aa-8111-384b-be60-23421b86cc72', 'field', 'a714c811-5ed9-11e6-b12b-5cc5d4d378cb', '活动名称', '2', '6', '1', '0', 'both', '0',  '1', NOW(), '1', NOW(), '0'),
('4705ee06-5035-014e-aba9-2a1a102a9be8','670861aa-8111-384b-be60-23421b86cc72', 'field', 'a7b7e5e1-5ed9-11e6-933b-5cc5d4d378cb', '活动类型', '3', '6', '0', '1', 'both', '0',  '1', NOW(), '1', NOW(), '0'),
('040b8529-e453-5c4d-9192-b1c023e503eb','670861aa-8111-384b-be60-23421b86cc72', 'field', 'ab34d7a1-5ed9-11e6-aa69-5cc5d4d378cb', '活动主题', '4', '6', '1', '0', 'both', '0',  '1', NOW(), '1', NOW(), '0'),
('8a531346-f43e-0940-b0a9-1e4d6753b3ab','670861aa-8111-384b-be60-23421b86cc72', 'field', 'aa05cd80-5ed9-11e6-9861-5cc5d4d378cb', '开始时间', '5', '6', '1', '0', 'both', '0',  '1', NOW(), '1', NOW(), '0'),
('9d762d4e-200d-e94c-95a1-12c3bd575124','670861aa-8111-384b-be60-23421b86cc72', 'field', 'aa95634f-5ed9-11e6-a265-5cc5d4d378cb', '结束时间', '6', '6', '1', '0', 'both', '0',  '1', NOW(), '1', NOW(), '0'),
('aa87f4d2-603f-4248-9862-17f0b83f04e8','670861aa-8111-384b-be60-23421b86cc72', 'field', 'ad992d70-5ed9-11e6-9986-5cc5d4d378cb', '医院', '7', '6', '1', '0', 'both', '0',  '1', NOW(), '1', NOW(), '0'),
('0f983b9e-66ad-2044-8b1c-b8c1a1b9c9af','670861aa-8111-384b-be60-23421b86cc72', 'field', '4c4c5ec2-9225-4a92-b574-08af14ed4835', '活动科室', '8', '6', '1', '0', 'both', '0',  '1', NOW(), '1', NOW(), '0'),
('f9b2fadc-851d-da49-a4bf-6d1c4ed3fe0f','670861aa-8111-384b-be60-23421b86cc72', 'field', 'b021fb30-5ed9-11e6-876b-5cc5d4d378cb', '活动城市', '9', '6', '1', '0', 'both', '0',  '1', NOW(), '1', NOW(), '0'),
('3312e04b-35ab-704a-859d-85b0e7e938d1','670861aa-8111-384b-be60-23421b86cc72', 'field', 'a8e59070-5ed9-11e6-9c89-5cc5d4d378cb', '活动地点', '10', '6', '0', '0', 'both', '0',  '1', NOW(), '1', NOW(), '0'),
('be5780fb-9b29-df4c-999f-cc0c998c7cb8','670861aa-8111-384b-be60-23421b86cc72', 'field', 'a848e630-6b59-11e6-9673-5cc5d4d378cb', '活动产品', '11', '6', '1', '0', 'both', '0',  '1', NOW(), '1', NOW(), '0'),
('9219903f-1345-014f-9d57-92ba6ab569e0','670861aa-8111-384b-be60-23421b86cc72', 'field', 'eee173de-a59d-dsac-b11b-5cc5d4d378cb', '活动讲者', '12', '6', '1', '0', 'both', '0',  '1', NOW(), '1', NOW(), '0'),
('3586cbbb-cd4f-0e4c-9da6-a34d59943950','670861aa-8111-384b-be60-23421b86cc72', 'field', 'b0b20630-5ed9-11e6-a51f-5cc5d4d378cb', '计划参会人数', '13', '6', '1', '0', 'both', '0',  '1', NOW(), '1', NOW(), '0'),
('8f4a1de1-67ed-5f48-8dac-7a8000f8dede','670861aa-8111-384b-be60-23421b86cc72', 'field', 'b13f03f0-5ed9-11e6-89d7-5cc5d4d378cb', '参会人数', '14', '6', '0', '1', 'both', '0',  '1', NOW(), '1', NOW(), '0'),
('8970cd23-3eda-2440-ad9f-29c0d448984f','670861aa-8111-384b-be60-23421b86cc72', 'field', '42bf888f-639e-11e6-94ed-5cc5d4d378cb', '协办人', '15', '6', '0', '0', 'both', '0',  '1', NOW(), '1', NOW(), '0'),
('41f7c624-54dd-8247-a45b-320c94813326','670861aa-8111-384b-be60-23421b86cc72', 'field', 'b1cdaf5e-5ed9-11e6-b59a-5cc5d4d378cb', '总预算', '16', '6', '1', '0', 'both', '0',  '1', NOW(), '1', NOW(), '0'),
('4ef47d10-8143-a34b-a6ef-2ec367a3f302','670861aa-8111-384b-be60-23421b86cc72', 'field', 'b26cd58f-5ed9-11e6-a0ae-5cc5d4d378cb', '总费用', '17', '6', '0', '1', 'both', '0',  '1', NOW(), '1', NOW(), '0'),
('70bfe30e-a731-9e49-a7ca-983a1ab1d55b','670861aa-8111-384b-be60-23421b86cc72', 'field', 'b303be5e-5ed9-11e6-ac63-5cc5d4d378cb', '预算报销差异率', '18', '6', '0', '1', 'both', '0',  '1', NOW(), '1', NOW(), '0'),
('2490d65a-5418-6544-83ca-4197bd7d73d6','670861aa-8111-384b-be60-23421b86cc72', 'field', '3c79980b-ee5c-49da-8c40-38c025ba5e22', 'GPS签到和签到时间记录', '19', '6', '0', '0', 'both', '0',  '1', NOW(), '1', NOW(), '0'),
('af113019-cb4a-df4c-8f58-9ac19bfe34fb','670861aa-8111-384b-be60-23421b86cc72', 'field', '23bb2247-0e18-11e7-bb8f-e4b318c6b596', '创建人', '20', '6', '0', '1', 'both', '0',  '1', NOW(), '1', NOW(), '0'),
('b32b0d47-ea61-ec4f-a072-6284a6206743','670861aa-8111-384b-be60-23421b86cc72', 'field', '23bb2245-0e18-11e7-8254-e4b318c6b596', '创建时间', '21', '6', '0', '1', 'both', '0',  '1', NOW(), '1', NOW(), '0'),
('84734079-2266-184b-98a5-ff22dc119ee8','670861aa-8111-384b-be60-23421b86cc72', 'field', '23bb705e-0e18-11e7-b67e-e4b318c6b596', '修改人', '22', '6', '0', '1', 'both', '0',  '1', NOW(), '1', NOW(), '0'),
('1f715334-4d62-374a-9936-5ca5671a9ca3','670861aa-8111-384b-be60-23421b86cc72', 'field', '23bb2246-0e18-11e7-8147-e4b318c6b596', '最后修改时间', '23', '6', '0', '1', 'both', '0',  '1', NOW(), '1', NOW(), '0'),
('82772aec-4154-db49-afb3-0a79bfa0c060','670861aa-8111-384b-be60-23421b86cc72', 'field', '8f3b8f73-e368-11e9-b9aa-0298a739dec0', '创建人所属辖区', '24', '6', '0', '1', 'view', '0',  '1', NOW(), '1', NOW(), '0'),
('1198df63-0fda-d248-9e19-b4b6fc070765','670861aa-8111-384b-be60-23421b86cc72', 'field', 'b39269cf-5ed9-11e6-80c4-5cc5d4d378cb', '参会率', '25', '6', '0', '1', 'view', '0',  '1', NOW(), '1', NOW(), '0');

INSERT INTO `page_layout_fields` (`id`, `page_layout_id`, `type`, `object_field_id`, `label`, `order`, `colspan`, `is_mandatory`, `is_readonly`, `display_mode`, `deleted`, `created_by`, `created_on`, `modified_by`, `modified_on`, `is_with_stars_mask`) VALUES 
('207bd2ce-219b-6c44-a1c4-0c78a9bfd549','168d87ae-33a0-3047-b724-2ca9cafe9870', 'field', 'eee173de-a59d-11e6-b11b-5cc5d4d378cb', '活动编码', '0', '6', '0', '1', 'both', '0',  '1', NOW(), '1', NOW(), '0'),
('9720d6b0-6d91-6a48-a6bf-99e1e89e3970','168d87ae-33a0-3047-b724-2ca9cafe9870', 'field', 'a84e8091-5ed9-11e6-a879-5cc5d4d378cb', '活动状态', '1', '6', '0', '1', 'both', '0',  '1', NOW(), '1', NOW(), '0'),
('cc96489a-e55f-d949-8eea-0e0e5166729e','168d87ae-33a0-3047-b724-2ca9cafe9870', 'field', 'a714c811-5ed9-11e6-b12b-5cc5d4d378cb', '活动名称', '2', '6', '1', '0', 'both', '0',  '1', NOW(), '1', NOW(), '0'),
('4c22b3d6-883b-3d43-babe-3eea59911175','168d87ae-33a0-3047-b724-2ca9cafe9870', 'field', 'a7b7e5e1-5ed9-11e6-933b-5cc5d4d378cb', '活动类型', '3', '6', '0', '1', 'both', '0',  '1', NOW(), '1', NOW(), '0'),
('41cdf014-8611-ed4a-8f65-5737fc0f0b6c','168d87ae-33a0-3047-b724-2ca9cafe9870', 'field', 'ab34d7a1-5ed9-11e6-aa69-5cc5d4d378cb', '活动主题', '4', '6', '1', '0', 'both', '0',  '1', NOW(), '1', NOW(), '0'),
('a416e82d-d543-974d-a233-59dd68c2f12a','168d87ae-33a0-3047-b724-2ca9cafe9870', 'field', 'aa05cd80-5ed9-11e6-9861-5cc5d4d378cb', '开始时间', '5', '6', '1', '0', 'both', '0',  '1', NOW(), '1', NOW(), '0'),
('5a4102c7-b1f9-8245-8279-1ee233272dc1','168d87ae-33a0-3047-b724-2ca9cafe9870', 'field', 'aa95634f-5ed9-11e6-a265-5cc5d4d378cb', '结束时间', '6', '6', '1', '0', 'both', '0',  '1', NOW(), '1', NOW(), '0'),
('9dff3199-dc24-2140-be2e-274a0d0486da','168d87ae-33a0-3047-b724-2ca9cafe9870', 'field', 'ad992d70-5ed9-11e6-9986-5cc5d4d378cb', '医院', '7', '6', '1', '0', 'both', '0',  '1', NOW(), '1', NOW(), '0'),
('cf66462f-68a4-834a-a558-d7143ff9ae34','168d87ae-33a0-3047-b724-2ca9cafe9870', 'field', '4c4c5ec2-9225-4a92-b574-08af14ed4835', '活动科室', '8', '6', '1', '0', 'both', '0',  '1', NOW(), '1', NOW(), '0'),
('0b3b1325-c396-0542-8c95-70f5c6f050b2','168d87ae-33a0-3047-b724-2ca9cafe9870', 'field', 'b021fb30-5ed9-11e6-876b-5cc5d4d378cb', '活动城市', '9', '6', '1', '0', 'both', '0',  '1', NOW(), '1', NOW(), '0'),
('0e7a301b-1527-a045-a642-62fbba943efc','168d87ae-33a0-3047-b724-2ca9cafe9870', 'field', 'a8e59070-5ed9-11e6-9c89-5cc5d4d378cb', '活动地点', '10', '6', '0', '0', 'both', '0',  '1', NOW(), '1', NOW(), '0'),
('1226b650-03b9-0e44-9985-da415ff781b7','168d87ae-33a0-3047-b724-2ca9cafe9870', 'field', 'a848e630-6b59-11e6-9673-5cc5d4d378cb', '活动产品', '11', '6', '1', '0', 'both', '0',  '1', NOW(), '1', NOW(), '0'),
('08ddfb9b-775f-3040-a62b-1c7cd47ce0f3','168d87ae-33a0-3047-b724-2ca9cafe9870', 'field', 'eee173de-a59d-dsac-b11b-5cc5d4d378cb', '活动讲者', '12', '6', '1', '0', 'both', '0',  '1', NOW(), '1', NOW(), '0'),
('03af60ba-197a-ca46-b365-fae69cb65b14','168d87ae-33a0-3047-b724-2ca9cafe9870', 'field', 'b0b20630-5ed9-11e6-a51f-5cc5d4d378cb', '计划参会人数', '13', '6', '1', '0', 'both', '0',  '1', NOW(), '1', NOW(), '0'),
('bedee427-159b-bc44-9a55-2ee0b357da05','168d87ae-33a0-3047-b724-2ca9cafe9870', 'field', 'b13f03f0-5ed9-11e6-89d7-5cc5d4d378cb', '参会人数', '14', '6', '0', '1', 'both', '0',  '1', NOW(), '1', NOW(), '0'),
('b05827f6-6750-6044-bf4f-ac58db66c748','168d87ae-33a0-3047-b724-2ca9cafe9870', 'field', '42bf888f-639e-11e6-94ed-5cc5d4d378cb', '协办人', '15', '6', '0', '0', 'both', '0',  '1', NOW(), '1', NOW(), '0'),
('f4acb647-34dd-554d-b37a-9beca7b8564f','168d87ae-33a0-3047-b724-2ca9cafe9870', 'field', 'b1cdaf5e-5ed9-11e6-b59a-5cc5d4d378cb', '总预算', '16', '6', '1', '0', 'both', '0',  '1', NOW(), '1', NOW(), '0'),
('6251b006-18e1-3241-a636-2df70315880c','168d87ae-33a0-3047-b724-2ca9cafe9870', 'field', 'b26cd58f-5ed9-11e6-a0ae-5cc5d4d378cb', '总费用', '17', '6', '0', '1', 'both', '0',  '1', NOW(), '1', NOW(), '0'),
('bb0bb210-0e88-aa41-83db-ef912152e278','168d87ae-33a0-3047-b724-2ca9cafe9870', 'field', 'b303be5e-5ed9-11e6-ac63-5cc5d4d378cb', '预算报销差异率', '18', '6', '0', '1', 'both', '0',  '1', NOW(), '1', NOW(), '0'),
('c81e6dbd-0dea-8d49-9dab-c15042a7dbc7','168d87ae-33a0-3047-b724-2ca9cafe9870', 'field', '3c79980b-ee5c-49da-8c40-38c025ba5e22', 'GPS签到和签到时间记录', '19', '6', '0', '0', 'both', '0',  '1', NOW(), '1', NOW(), '0'),
('98a0e454-4a21-a84d-8d19-873220d21a14','168d87ae-33a0-3047-b724-2ca9cafe9870', 'field', '23bb2247-0e18-11e7-bb8f-e4b318c6b596', '创建人', '20', '6', '0', '1', 'both', '0',  '1', NOW(), '1', NOW(), '0'),
('13ccb9c9-f456-f94b-a0e3-11ce2cb43f4c','168d87ae-33a0-3047-b724-2ca9cafe9870', 'field', '23bb2245-0e18-11e7-8254-e4b318c6b596', '创建时间', '21', '6', '0', '1', 'both', '0',  '1', NOW(), '1', NOW(), '0'),
('2f0ce452-7188-1041-8b5e-5292345be4c3','168d87ae-33a0-3047-b724-2ca9cafe9870', 'field', '23bb705e-0e18-11e7-b67e-e4b318c6b596', '修改人', '22', '6', '0', '1', 'both', '0',  '1', NOW(), '1', NOW(), '0'),
('ee8758d2-fefa-dc43-a058-9a331bab2a3e','168d87ae-33a0-3047-b724-2ca9cafe9870', 'field', '23bb2246-0e18-11e7-8147-e4b318c6b596', '最后修改时间', '23', '6', '0', '1', 'both', '0',  '1', NOW(), '1', NOW(), '0'),
('fc54f0c4-c3f8-6e4c-b1ec-51937ec3ce08','168d87ae-33a0-3047-b724-2ca9cafe9870', 'field', '8f3b8f73-e368-11e9-b9aa-0298a739dec0', '创建人所属辖区', '24', '6', '0', '1', 'view', '0',  '1', NOW(), '1', NOW(), '0'),
('f91d9187-e6c4-1b40-943b-7b598a305332','168d87ae-33a0-3047-b724-2ca9cafe9870', 'field', 'b39269cf-5ed9-11e6-80c4-5cc5d4d378cb', '参会率', '25', '6', '0', '1', 'view', '0',  '1', NOW(), '1', NOW(), '0');

INSERT INTO `page_layout_fields` (`id`, `page_layout_id`, `type`, `object_field_id`, `label`, `order`, `colspan`, `is_mandatory`, `is_readonly`, `display_mode`, `deleted`, `created_by`, `created_on`, `modified_by`, `modified_on`, `is_with_stars_mask`) VALUES 
('78df3d68-d252-fc4a-bd77-368d1102720e','59a2bedf-4d64-b64d-9f95-7c9e02f2e278', 'field', 'eee173de-a59d-11e6-b11b-5cc5d4d378cb', '活动编码', '0', '6', '0', '1', 'both', '0',  '1', NOW(), '1', NOW(), '0'),
('ea99d5e4-faa5-5b44-822b-dbeca1d224df','59a2bedf-4d64-b64d-9f95-7c9e02f2e278', 'field', 'a84e8091-5ed9-11e6-a879-5cc5d4d378cb', '活动状态', '1', '6', '0', '1', 'both', '0',  '1', NOW(), '1', NOW(), '0'),
('b2848fdf-b88b-e04f-a740-014153db2c9c','59a2bedf-4d64-b64d-9f95-7c9e02f2e278', 'field', 'a714c811-5ed9-11e6-b12b-5cc5d4d378cb', '活动名称', '2', '6', '1', '0', 'both', '0',  '1', NOW(), '1', NOW(), '0'),
('2734979c-d77c-4f46-a585-49ddba39e313','59a2bedf-4d64-b64d-9f95-7c9e02f2e278', 'field', 'a7b7e5e1-5ed9-11e6-933b-5cc5d4d378cb', '活动类型', '3', '6', '0', '1', 'both', '0',  '1', NOW(), '1', NOW(), '0'),
('2a991277-9791-be49-9059-d0b1c62435cf','59a2bedf-4d64-b64d-9f95-7c9e02f2e278', 'field', 'ab34d7a1-5ed9-11e6-aa69-5cc5d4d378cb', '活动主题', '4', '6', '1', '0', 'both', '0',  '1', NOW(), '1', NOW(), '0'),
('dfc850b5-dd90-4d40-9a4d-c7e42f8f2ae7','59a2bedf-4d64-b64d-9f95-7c9e02f2e278', 'field', 'aa05cd80-5ed9-11e6-9861-5cc5d4d378cb', '开始时间', '5', '6', '1', '0', 'both', '0',  '1', NOW(), '1', NOW(), '0'),
('47b6e5dc-9513-0344-b5f0-649f58cf12c1','59a2bedf-4d64-b64d-9f95-7c9e02f2e278', 'field', 'aa95634f-5ed9-11e6-a265-5cc5d4d378cb', '结束时间', '6', '6', '1', '0', 'both', '0',  '1', NOW(), '1', NOW(), '0'),
('0e156723-41a8-fd49-aef6-49b9070e2751','59a2bedf-4d64-b64d-9f95-7c9e02f2e278', 'field', 'ad992d70-5ed9-11e6-9986-5cc5d4d378cb', '医院', '7', '6', '1', '0', 'both', '0',  '1', NOW(), '1', NOW(), '0'),
('b0674523-dfab-e947-bbb0-5974d9bd40ca','59a2bedf-4d64-b64d-9f95-7c9e02f2e278', 'field', '4c4c5ec2-9225-4a92-b574-08af14ed4835', '活动科室', '8', '6', '1', '0', 'both', '0',  '1', NOW(), '1', NOW(), '0'),
('8cab7b36-65cb-5846-acaf-8539a9aa2248','59a2bedf-4d64-b64d-9f95-7c9e02f2e278', 'field', 'b021fb30-5ed9-11e6-876b-5cc5d4d378cb', '活动城市', '9', '6', '1', '0', 'both', '0',  '1', NOW(), '1', NOW(), '0'),
('7b02b0bb-b4a5-604c-89d1-c24b959d265a','59a2bedf-4d64-b64d-9f95-7c9e02f2e278', 'field', 'a8e59070-5ed9-11e6-9c89-5cc5d4d378cb', '活动地点', '10', '6', '0', '0', 'both', '0',  '1', NOW(), '1', NOW(), '0'),
('e54f0cad-0e86-784f-a26d-cd5eeb29f772','59a2bedf-4d64-b64d-9f95-7c9e02f2e278', 'field', 'a848e630-6b59-11e6-9673-5cc5d4d378cb', '活动产品', '11', '6', '1', '0', 'both', '0',  '1', NOW(), '1', NOW(), '0'),
('87e68170-c74b-a240-b714-068d07eb2357','59a2bedf-4d64-b64d-9f95-7c9e02f2e278', 'field', 'eee173de-a59d-dsac-b11b-5cc5d4d378cb', '活动讲者', '12', '6', '1', '0', 'both', '0',  '1', NOW(), '1', NOW(), '0'),
('10bf9164-946d-b944-8af6-d781c5dc82c7','59a2bedf-4d64-b64d-9f95-7c9e02f2e278', 'field', 'b0b20630-5ed9-11e6-a51f-5cc5d4d378cb', '计划参会人数', '13', '6', '1', '0', 'both', '0',  '1', NOW(), '1', NOW(), '0'),
('995b1b66-7a86-254b-b552-4e7a74907334','59a2bedf-4d64-b64d-9f95-7c9e02f2e278', 'field', 'b13f03f0-5ed9-11e6-89d7-5cc5d4d378cb', '参会人数', '14', '6', '0', '1', 'both', '0',  '1', NOW(), '1', NOW(), '0'),
('ba362d0a-ea1f-074d-966b-0e35ff6936d0','59a2bedf-4d64-b64d-9f95-7c9e02f2e278', 'field', '42bf888f-639e-11e6-94ed-5cc5d4d378cb', '协办人', '15', '6', '0', '0', 'both', '0',  '1', NOW(), '1', NOW(), '0'),
('fbe788bd-7466-4744-a07a-01166501e6e0','59a2bedf-4d64-b64d-9f95-7c9e02f2e278', 'field', 'b1cdaf5e-5ed9-11e6-b59a-5cc5d4d378cb', '总预算', '16', '6', '1', '0', 'both', '0',  '1', NOW(), '1', NOW(), '0'),
('77af84de-245d-8442-9273-192e93c56673','59a2bedf-4d64-b64d-9f95-7c9e02f2e278', 'field', 'b26cd58f-5ed9-11e6-a0ae-5cc5d4d378cb', '总费用', '17', '6', '0', '1', 'both', '0',  '1', NOW(), '1', NOW(), '0'),
('653d76f3-c3a2-c649-9d14-018a34f705b6','59a2bedf-4d64-b64d-9f95-7c9e02f2e278', 'field', 'b303be5e-5ed9-11e6-ac63-5cc5d4d378cb', '预算报销差异率', '18', '6', '0', '1', 'both', '0',  '1', NOW(), '1', NOW(), '0'),
('b1722f3b-a6e3-6f4b-b5f3-dfe5871eb7ae','59a2bedf-4d64-b64d-9f95-7c9e02f2e278', 'field', '3c79980b-ee5c-49da-8c40-38c025ba5e22', 'GPS签到和签到时间记录', '19', '6', '0', '0', 'both', '0',  '1', NOW(), '1', NOW(), '0'),
('97a9b743-66b3-cb45-a0e2-c65dac3ed9ae','59a2bedf-4d64-b64d-9f95-7c9e02f2e278', 'field', '23bb2247-0e18-11e7-bb8f-e4b318c6b596', '创建人', '20', '6', '0', '1', 'both', '0',  '1', NOW(), '1', NOW(), '0'),
('6db467f6-8d0b-bb48-ad7b-df53b9423ce6','59a2bedf-4d64-b64d-9f95-7c9e02f2e278', 'field', '23bb2245-0e18-11e7-8254-e4b318c6b596', '创建时间', '21', '6', '0', '1', 'both', '0',  '1', NOW(), '1', NOW(), '0'),
('cdf87a65-0e6a-3c45-93d4-4324397854e3','59a2bedf-4d64-b64d-9f95-7c9e02f2e278', 'field', '23bb705e-0e18-11e7-b67e-e4b318c6b596', '修改人', '22', '6', '0', '1', 'both', '0',  '1', NOW(), '1', NOW(), '0'),
('da184987-3187-5a4c-95eb-453c42310239','59a2bedf-4d64-b64d-9f95-7c9e02f2e278', 'field', '23bb2246-0e18-11e7-8147-e4b318c6b596', '最后修改时间', '23', '6', '0', '1', 'both', '0',  '1', NOW(), '1', NOW(), '0'),
('a407a236-4355-0b4c-bad1-219019fd79d7','59a2bedf-4d64-b64d-9f95-7c9e02f2e278', 'field', '8f3b8f73-e368-11e9-b9aa-0298a739dec0', '创建人所属辖区', '24', '6', '0', '1', 'view', '0',  '1', NOW(), '1', NOW(), '0'),
('479a5c43-f3f8-6442-aee7-a92bc0676e32','59a2bedf-4d64-b64d-9f95-7c9e02f2e278', 'field', 'b39269cf-5ed9-11e6-80c4-5cc5d4d378cb', '参会率', '25', '6', '0', '1', 'view', '0',  '1', NOW(), '1', NOW(), '0');

INSERT INTO `page_layout_fields` (`id`, `page_layout_id`, `type`, `object_field_id`, `label`, `order`, `colspan`, `is_mandatory`, `is_readonly`, `display_mode`, `deleted`, `created_by`, `created_on`, `modified_by`, `modified_on`, `is_with_stars_mask`) VALUES 
('01683875-3885-e541-8bc9-5c8916518102','0e5217f2-790d-a34a-b4ff-40ee55e2d1b1', 'field', 'eee173de-a59d-11e6-b11b-5cc5d4d378cb', '活动编码', '0', '6', '0', '1', 'both', '0',  '1', NOW(), '1', NOW(), '0'),
('ce0ca088-d0d8-6c4a-847d-e0dc9e296b5c','0e5217f2-790d-a34a-b4ff-40ee55e2d1b1', 'field', 'a84e8091-5ed9-11e6-a879-5cc5d4d378cb', '活动状态', '1', '6', '0', '1', 'both', '0',  '1', NOW(), '1', NOW(), '0'),
('0190183a-efe0-7649-963c-af81e27e163d','0e5217f2-790d-a34a-b4ff-40ee55e2d1b1', 'field', 'a714c811-5ed9-11e6-b12b-5cc5d4d378cb', '活动名称', '2', '6', '1', '0', 'both', '0',  '1', NOW(), '1', NOW(), '0'),
('191f1ae3-0832-a549-aa4b-fbbdc28353b8','0e5217f2-790d-a34a-b4ff-40ee55e2d1b1', 'field', 'a7b7e5e1-5ed9-11e6-933b-5cc5d4d378cb', '活动类型', '3', '6', '0', '1', 'both', '0',  '1', NOW(), '1', NOW(), '0'),
('544456b8-f2ec-9e4a-827b-a05d4b4c64af','0e5217f2-790d-a34a-b4ff-40ee55e2d1b1', 'field', 'ab34d7a1-5ed9-11e6-aa69-5cc5d4d378cb', '活动主题', '4', '6', '1', '0', 'both', '0',  '1', NOW(), '1', NOW(), '0'),
('4aeb90b4-ba86-7a4c-9cbe-5ddf7af79734','0e5217f2-790d-a34a-b4ff-40ee55e2d1b1', 'field', 'aa05cd80-5ed9-11e6-9861-5cc5d4d378cb', '开始时间', '5', '6', '1', '0', 'both', '0',  '1', NOW(), '1', NOW(), '0'),
('d199ac6a-01b6-ce40-8ba9-b981fe8313a6','0e5217f2-790d-a34a-b4ff-40ee55e2d1b1', 'field', 'aa95634f-5ed9-11e6-a265-5cc5d4d378cb', '结束时间', '6', '6', '1', '0', 'both', '0',  '1', NOW(), '1', NOW(), '0'),
('22f30d89-86fc-1747-acc9-1c389ed7b083','0e5217f2-790d-a34a-b4ff-40ee55e2d1b1', 'field', 'ad992d70-5ed9-11e6-9986-5cc5d4d378cb', '医院', '7', '6', '1', '0', 'both', '0',  '1', NOW(), '1', NOW(), '0'),
('9be18453-39e9-7147-b170-399b0deb678d','0e5217f2-790d-a34a-b4ff-40ee55e2d1b1', 'field', '4c4c5ec2-9225-4a92-b574-08af14ed4835', '活动科室', '8', '6', '1', '0', 'both', '0',  '1', NOW(), '1', NOW(), '0'),
('e8c37aac-fef6-024f-b7f8-5e7ed378dd70','0e5217f2-790d-a34a-b4ff-40ee55e2d1b1', 'field', 'b021fb30-5ed9-11e6-876b-5cc5d4d378cb', '活动城市', '9', '6', '1', '0', 'both', '0',  '1', NOW(), '1', NOW(), '0'),
('30145d3b-0f52-164d-84c8-17b2fbf67381','0e5217f2-790d-a34a-b4ff-40ee55e2d1b1', 'field', 'a8e59070-5ed9-11e6-9c89-5cc5d4d378cb', '活动地点', '10', '6', '0', '0', 'both', '0',  '1', NOW(), '1', NOW(), '0'),
('49a1937c-64e2-da43-8824-34d74985f2e0','0e5217f2-790d-a34a-b4ff-40ee55e2d1b1', 'field', 'a848e630-6b59-11e6-9673-5cc5d4d378cb', '活动产品', '11', '6', '1', '0', 'both', '0',  '1', NOW(), '1', NOW(), '0'),
('57d1496d-ed5f-d54a-b8c1-7ef658a5fc0d','0e5217f2-790d-a34a-b4ff-40ee55e2d1b1', 'field', 'eee173de-a59d-dsac-b11b-5cc5d4d378cb', '活动讲者', '12', '6', '1', '0', 'both', '0',  '1', NOW(), '1', NOW(), '0'),
('dfc24404-872f-4549-976d-5ced61ece7ce','0e5217f2-790d-a34a-b4ff-40ee55e2d1b1', 'field', 'b0b20630-5ed9-11e6-a51f-5cc5d4d378cb', '计划参会人数', '13', '6', '1', '0', 'both', '0',  '1', NOW(), '1', NOW(), '0'),
('6b6b12fb-a6e4-e64b-9b04-b70d136bb6e9','0e5217f2-790d-a34a-b4ff-40ee55e2d1b1', 'field', 'b13f03f0-5ed9-11e6-89d7-5cc5d4d378cb', '参会人数', '14', '6', '0', '1', 'both', '0',  '1', NOW(), '1', NOW(), '0'),
('d7115824-fd1b-7a45-8d09-9a49b44ad258','0e5217f2-790d-a34a-b4ff-40ee55e2d1b1', 'field', '42bf888f-639e-11e6-94ed-5cc5d4d378cb', '协办人', '15', '6', '0', '0', 'both', '0',  '1', NOW(), '1', NOW(), '0'),
('80bd9fa3-26d5-c144-9ad2-5526a82ecdff','0e5217f2-790d-a34a-b4ff-40ee55e2d1b1', 'field', 'b1cdaf5e-5ed9-11e6-b59a-5cc5d4d378cb', '总预算', '16', '6', '1', '0', 'both', '0',  '1', NOW(), '1', NOW(), '0'),
('cb9c8f22-edc4-214d-908a-8fabe32b23ff','0e5217f2-790d-a34a-b4ff-40ee55e2d1b1', 'field', 'b26cd58f-5ed9-11e6-a0ae-5cc5d4d378cb', '总费用', '17', '6', '0', '1', 'both', '0',  '1', NOW(), '1', NOW(), '0'),
('ea11dcbb-2ebc-2649-8a08-1b591469baee','0e5217f2-790d-a34a-b4ff-40ee55e2d1b1', 'field', 'b303be5e-5ed9-11e6-ac63-5cc5d4d378cb', '预算报销差异率', '18', '6', '0', '1', 'both', '0',  '1', NOW(), '1', NOW(), '0'),
('61a4e1fa-9360-5c4b-9236-df690198d6d4','0e5217f2-790d-a34a-b4ff-40ee55e2d1b1', 'field', '3c79980b-ee5c-49da-8c40-38c025ba5e22', 'GPS签到和签到时间记录', '19', '6', '0', '0', 'both', '0',  '1', NOW(), '1', NOW(), '0'),
('c402e98f-d72b-624e-b599-71bafb8ac9e1','0e5217f2-790d-a34a-b4ff-40ee55e2d1b1', 'field', '23bb2247-0e18-11e7-bb8f-e4b318c6b596', '创建人', '20', '6', '0', '1', 'both', '0',  '1', NOW(), '1', NOW(), '0'),
('0ca60e92-2751-9f41-9b25-df6e5a31ac59','0e5217f2-790d-a34a-b4ff-40ee55e2d1b1', 'field', '23bb2245-0e18-11e7-8254-e4b318c6b596', '创建时间', '21', '6', '0', '1', 'both', '0',  '1', NOW(), '1', NOW(), '0'),
('c1455e48-1eb4-f142-9fce-d20da3f63af3','0e5217f2-790d-a34a-b4ff-40ee55e2d1b1', 'field', '23bb705e-0e18-11e7-b67e-e4b318c6b596', '修改人', '22', '6', '0', '1', 'both', '0',  '1', NOW(), '1', NOW(), '0'),
('ada6ffbc-a8a5-6c40-a1e1-aa958ace9953','0e5217f2-790d-a34a-b4ff-40ee55e2d1b1', 'field', '23bb2246-0e18-11e7-8147-e4b318c6b596', '最后修改时间', '23', '6', '0', '1', 'both', '0',  '1', NOW(), '1', NOW(), '0'),
('55fffbd9-b036-2643-99b6-b35218b7340a','0e5217f2-790d-a34a-b4ff-40ee55e2d1b1', 'field', '8f3b8f73-e368-11e9-b9aa-0298a739dec0', '创建人所属辖区', '24', '6', '0', '1', 'view', '0',  '1', NOW(), '1', NOW(), '0'),
('2f0ed81b-20a0-cc4f-8f97-bd4aec49dc18','0e5217f2-790d-a34a-b4ff-40ee55e2d1b1', 'field', 'b39269cf-5ed9-11e6-80c4-5cc5d4d378cb', '参会率', '25', '6', '0', '1', 'view', '0',  '1', NOW(), '1', NOW(), '0');

INSERT INTO `page_layout_fields` (`id`, `page_layout_id`, `type`, `object_field_id`, `label`, `order`, `colspan`, `is_mandatory`, `is_readonly`, `display_mode`, `deleted`, `created_by`, `created_on`, `modified_by`, `modified_on`, `is_with_stars_mask`) VALUES 
('a29bcaa0-2722-4846-8735-225bfc744069','bdd0d031-1d29-4248-891d-8b741a510b81', 'field', 'eee173de-a59d-11e6-b11b-5cc5d4d378cb', '活动编码', '0', '6', '0', '1', 'both', '0',  '1', NOW(), '1', NOW(), '0'),
('4b8e3c9f-f7a2-1241-aa2c-c676adcae2eb','bdd0d031-1d29-4248-891d-8b741a510b81', 'field', 'a84e8091-5ed9-11e6-a879-5cc5d4d378cb', '活动状态', '1', '6', '0', '1', 'both', '0',  '1', NOW(), '1', NOW(), '0'),
('8332683e-31e3-9d4d-aa43-64f55dae03ad','bdd0d031-1d29-4248-891d-8b741a510b81', 'field', 'a714c811-5ed9-11e6-b12b-5cc5d4d378cb', '活动名称', '2', '6', '1', '0', 'both', '0',  '1', NOW(), '1', NOW(), '0'),
('4ab3f4fb-3930-0a49-8541-2bae8c2ec79c','bdd0d031-1d29-4248-891d-8b741a510b81', 'field', 'a7b7e5e1-5ed9-11e6-933b-5cc5d4d378cb', '活动类型', '3', '6', '0', '1', 'both', '0',  '1', NOW(), '1', NOW(), '0'),
('bc3d6b8c-597f-6c4b-a2e6-db4e262026ff','bdd0d031-1d29-4248-891d-8b741a510b81', 'field', 'ab34d7a1-5ed9-11e6-aa69-5cc5d4d378cb', '活动主题', '4', '6', '1', '0', 'both', '0',  '1', NOW(), '1', NOW(), '0'),
('f4dce3ac-ad91-ee4a-8c66-32641a05052b','bdd0d031-1d29-4248-891d-8b741a510b81', 'field', 'aa05cd80-5ed9-11e6-9861-5cc5d4d378cb', '开始时间', '5', '6', '1', '0', 'both', '0',  '1', NOW(), '1', NOW(), '0'),
('cc16fd02-7af6-5a42-b2fb-363983d46182','bdd0d031-1d29-4248-891d-8b741a510b81', 'field', 'aa95634f-5ed9-11e6-a265-5cc5d4d378cb', '结束时间', '6', '6', '1', '0', 'both', '0',  '1', NOW(), '1', NOW(), '0'),
('5777ed76-9f1a-1546-8167-1135a3e82ba0','bdd0d031-1d29-4248-891d-8b741a510b81', 'field', 'ad992d70-5ed9-11e6-9986-5cc5d4d378cb', '医院', '7', '6', '1', '0', 'both', '0',  '1', NOW(), '1', NOW(), '0'),
('ae7a59ae-1a8c-9c48-83cb-f425011f2416','bdd0d031-1d29-4248-891d-8b741a510b81', 'field', '4c4c5ec2-9225-4a92-b574-08af14ed4835', '活动科室', '8', '6', '1', '0', 'both', '0',  '1', NOW(), '1', NOW(), '0'),
('fd5f073e-be63-fb41-8ea8-e16c73d8e1d1','bdd0d031-1d29-4248-891d-8b741a510b81', 'field', 'b021fb30-5ed9-11e6-876b-5cc5d4d378cb', '活动城市', '9', '6', '1', '0', 'both', '0',  '1', NOW(), '1', NOW(), '0'),
('45f3e5cd-a93f-c349-9efb-895f8493097b','bdd0d031-1d29-4248-891d-8b741a510b81', 'field', 'a8e59070-5ed9-11e6-9c89-5cc5d4d378cb', '活动地点', '10', '6', '0', '0', 'both', '0',  '1', NOW(), '1', NOW(), '0'),
('f6b84edc-9418-d445-9599-bc8f6c195436','bdd0d031-1d29-4248-891d-8b741a510b81', 'field', 'a848e630-6b59-11e6-9673-5cc5d4d378cb', '活动产品', '11', '6', '1', '0', 'both', '0',  '1', NOW(), '1', NOW(), '0'),
('235edf08-6430-7942-82ad-829051a56d35','bdd0d031-1d29-4248-891d-8b741a510b81', 'field', 'eee173de-a59d-dsac-b11b-5cc5d4d378cb', '活动讲者', '12', '6', '1', '0', 'both', '0',  '1', NOW(), '1', NOW(), '0'),
('8596d3c9-9504-5a4a-a3b6-4b60809545bd','bdd0d031-1d29-4248-891d-8b741a510b81', 'field', 'b0b20630-5ed9-11e6-a51f-5cc5d4d378cb', '计划参会人数', '13', '6', '1', '0', 'both', '0',  '1', NOW(), '1', NOW(), '0'),
('bf2d19cf-7144-b54d-b07d-b319c2c041a4','bdd0d031-1d29-4248-891d-8b741a510b81', 'field', 'b13f03f0-5ed9-11e6-89d7-5cc5d4d378cb', '参会人数', '14', '6', '0', '1', 'both', '0',  '1', NOW(), '1', NOW(), '0'),
('fe2e1f78-3d40-1146-9e92-49689917aac3','bdd0d031-1d29-4248-891d-8b741a510b81', 'field', '42bf888f-639e-11e6-94ed-5cc5d4d378cb', '协办人', '15', '6', '0', '0', 'both', '0',  '1', NOW(), '1', NOW(), '0'),
('510139ad-a409-f746-aa3b-cb7368cae30d','bdd0d031-1d29-4248-891d-8b741a510b81', 'field', 'b1cdaf5e-5ed9-11e6-b59a-5cc5d4d378cb', '总预算', '16', '6', '1', '0', 'both', '0',  '1', NOW(), '1', NOW(), '0'),
('b9402595-968e-ff4c-828a-bb8644be4f14','bdd0d031-1d29-4248-891d-8b741a510b81', 'field', 'b26cd58f-5ed9-11e6-a0ae-5cc5d4d378cb', '总费用', '17', '6', '0', '1', 'both', '0',  '1', NOW(), '1', NOW(), '0'),
('f7e62070-1fcd-3747-847f-a8fd86a4a5c8','bdd0d031-1d29-4248-891d-8b741a510b81', 'field', 'b303be5e-5ed9-11e6-ac63-5cc5d4d378cb', '预算报销差异率', '18', '6', '0', '1', 'both', '0',  '1', NOW(), '1', NOW(), '0'),
('cf24b1e2-2ec3-704c-a403-02b6525f7739','bdd0d031-1d29-4248-891d-8b741a510b81', 'field', '3c79980b-ee5c-49da-8c40-38c025ba5e22', 'GPS签到和签到时间记录', '19', '6', '0', '0', 'both', '0',  '1', NOW(), '1', NOW(), '0'),
('94a52913-3712-3c44-9b70-ed30e6a60614','bdd0d031-1d29-4248-891d-8b741a510b81', 'field', '23bb2247-0e18-11e7-bb8f-e4b318c6b596', '创建人', '20', '6', '0', '1', 'both', '0',  '1', NOW(), '1', NOW(), '0'),
('34d77324-fd16-5141-a6b6-214260375160','bdd0d031-1d29-4248-891d-8b741a510b81', 'field', '23bb2245-0e18-11e7-8254-e4b318c6b596', '创建时间', '21', '6', '0', '1', 'both', '0',  '1', NOW(), '1', NOW(), '0'),
('5e32c731-7a24-1a4f-80c6-ddac54cedab9','bdd0d031-1d29-4248-891d-8b741a510b81', 'field', '23bb705e-0e18-11e7-b67e-e4b318c6b596', '修改人', '22', '6', '0', '1', 'both', '0',  '1', NOW(), '1', NOW(), '0'),
('89a8e025-8e20-aa41-a29e-61604b8f1ee3','bdd0d031-1d29-4248-891d-8b741a510b81', 'field', '23bb2246-0e18-11e7-8147-e4b318c6b596', '最后修改时间', '23', '6', '0', '1', 'both', '0',  '1', NOW(), '1', NOW(), '0'),
('2e1efa6d-ced3-7d4c-86b6-aa8b91a749d7','bdd0d031-1d29-4248-891d-8b741a510b81', 'field', '8f3b8f73-e368-11e9-b9aa-0298a739dec0', '创建人所属辖区', '24', '6', '0', '1', 'view', '0',  '1', NOW(), '1', NOW(), '0'),
('a7e60cce-f836-6e43-bac6-ad2dd6c8c10d','bdd0d031-1d29-4248-891d-8b741a510b81', 'field', 'b39269cf-5ed9-11e6-80c4-5cc5d4d378cb', '参会率', '25', '6', '0', '1', 'view', '0',  '1', NOW(), '1', NOW(), '0');

INSERT INTO `page_layout_fields` (`id`, `page_layout_id`, `type`, `object_field_id`, `label`, `order`, `colspan`, `is_mandatory`, `is_readonly`, `display_mode`, `deleted`, `created_by`, `created_on`, `modified_by`, `modified_on`, `is_with_stars_mask`) VALUES 
('a4baf7c5-882d-8a4a-bc70-086dd0165e5a','249a20aa-c1b1-594b-bc13-25fe71c99014', 'field', 'eee173de-a59d-11e6-b11b-5cc5d4d378cb', '活动编码', '0', '6', '0', '1', 'both', '0',  '1', NOW(), '1', NOW(), '0'),
('3320ab8f-03ec-fa43-81f9-6a0e9df02647','249a20aa-c1b1-594b-bc13-25fe71c99014', 'field', 'a84e8091-5ed9-11e6-a879-5cc5d4d378cb', '活动状态', '1', '6', '0', '1', 'both', '0',  '1', NOW(), '1', NOW(), '0'),
('9906d5c3-8114-9b4d-9e5d-758c48081ed9','249a20aa-c1b1-594b-bc13-25fe71c99014', 'field', 'a714c811-5ed9-11e6-b12b-5cc5d4d378cb', '活动名称', '2', '6', '1', '0', 'both', '0',  '1', NOW(), '1', NOW(), '0'),
('f26684d5-db5b-8d4b-9959-600486726082','249a20aa-c1b1-594b-bc13-25fe71c99014', 'field', 'a7b7e5e1-5ed9-11e6-933b-5cc5d4d378cb', '活动类型', '3', '6', '0', '1', 'both', '0',  '1', NOW(), '1', NOW(), '0'),
('15b7d19a-e363-114a-af95-1f438bebeb64','249a20aa-c1b1-594b-bc13-25fe71c99014', 'field', 'ab34d7a1-5ed9-11e6-aa69-5cc5d4d378cb', '活动主题', '4', '6', '1', '0', 'both', '0',  '1', NOW(), '1', NOW(), '0'),
('04c716d2-a37d-c742-927e-858afa1f6d75','249a20aa-c1b1-594b-bc13-25fe71c99014', 'field', 'aa05cd80-5ed9-11e6-9861-5cc5d4d378cb', '开始时间', '5', '6', '1', '0', 'both', '0',  '1', NOW(), '1', NOW(), '0'),
('6af556ab-9f7b-7f44-ab50-478f9e7a04b1','249a20aa-c1b1-594b-bc13-25fe71c99014', 'field', 'aa95634f-5ed9-11e6-a265-5cc5d4d378cb', '结束时间', '6', '6', '1', '0', 'both', '0',  '1', NOW(), '1', NOW(), '0'),
('77e403a2-a6a5-f245-9f09-26bb7c51572a','249a20aa-c1b1-594b-bc13-25fe71c99014', 'field', 'ad992d70-5ed9-11e6-9986-5cc5d4d378cb', '医院', '7', '6', '1', '0', 'both', '0',  '1', NOW(), '1', NOW(), '0'),
('67693864-76da-2f4c-bef0-0c119672b22c','249a20aa-c1b1-594b-bc13-25fe71c99014', 'field', '4c4c5ec2-9225-4a92-b574-08af14ed4835', '活动科室', '8', '6', '1', '0', 'both', '0',  '1', NOW(), '1', NOW(), '0'),
('dc247bb3-a73b-4848-9dae-17a95239f515','249a20aa-c1b1-594b-bc13-25fe71c99014', 'field', 'b021fb30-5ed9-11e6-876b-5cc5d4d378cb', '活动城市', '9', '6', '1', '0', 'both', '0',  '1', NOW(), '1', NOW(), '0'),
('feb07393-1103-2c44-aeec-a60ea8c3a74d','249a20aa-c1b1-594b-bc13-25fe71c99014', 'field', 'a8e59070-5ed9-11e6-9c89-5cc5d4d378cb', '活动地点', '10', '6', '0', '0', 'both', '0',  '1', NOW(), '1', NOW(), '0'),
('5123ff3e-be5c-db41-a20f-21974cdb45f9','249a20aa-c1b1-594b-bc13-25fe71c99014', 'field', 'a848e630-6b59-11e6-9673-5cc5d4d378cb', '活动产品', '11', '6', '1', '0', 'both', '0',  '1', NOW(), '1', NOW(), '0'),
('b69d6aa3-eee9-fe49-b0fd-ae18254ca4cc','249a20aa-c1b1-594b-bc13-25fe71c99014', 'field', 'eee173de-a59d-dsac-b11b-5cc5d4d378cb', '活动讲者', '12', '6', '1', '0', 'both', '0',  '1', NOW(), '1', NOW(), '0'),
('feec180e-e0c5-9c48-b78d-c759c73159e5','249a20aa-c1b1-594b-bc13-25fe71c99014', 'field', 'b0b20630-5ed9-11e6-a51f-5cc5d4d378cb', '计划参会人数', '13', '6', '1', '0', 'both', '0',  '1', NOW(), '1', NOW(), '0'),
('83d26894-5217-7942-b784-0febf737affa','249a20aa-c1b1-594b-bc13-25fe71c99014', 'field', 'b13f03f0-5ed9-11e6-89d7-5cc5d4d378cb', '参会人数', '14', '6', '0', '1', 'both', '0',  '1', NOW(), '1', NOW(), '0'),
('41973454-4db5-ee44-8770-1ea0605883b7','249a20aa-c1b1-594b-bc13-25fe71c99014', 'field', '42bf888f-639e-11e6-94ed-5cc5d4d378cb', '协办人', '15', '6', '0', '0', 'both', '0',  '1', NOW(), '1', NOW(), '0'),
('32056a06-baee-0740-a6c3-238c65247095','249a20aa-c1b1-594b-bc13-25fe71c99014', 'field', 'b1cdaf5e-5ed9-11e6-b59a-5cc5d4d378cb', '总预算', '16', '6', '1', '0', 'both', '0',  '1', NOW(), '1', NOW(), '0'),
('8ff16d36-de26-b440-80f5-f5b344c615e6','249a20aa-c1b1-594b-bc13-25fe71c99014', 'field', 'b26cd58f-5ed9-11e6-a0ae-5cc5d4d378cb', '总费用', '17', '6', '0', '1', 'both', '0',  '1', NOW(), '1', NOW(), '0'),
('f83bdb7f-320c-d14c-aa11-176f3cb55f00','249a20aa-c1b1-594b-bc13-25fe71c99014', 'field', 'b303be5e-5ed9-11e6-ac63-5cc5d4d378cb', '预算报销差异率', '18', '6', '0', '1', 'both', '0',  '1', NOW(), '1', NOW(), '0'),
('e55ce3e7-0ef1-ec4b-ab86-48840f3f2af2','249a20aa-c1b1-594b-bc13-25fe71c99014', 'field', '3c79980b-ee5c-49da-8c40-38c025ba5e22', 'GPS签到和签到时间记录', '19', '6', '0', '0', 'both', '0',  '1', NOW(), '1', NOW(), '0'),
('872c8c95-9a72-0a44-9c63-deb2451fb75d','249a20aa-c1b1-594b-bc13-25fe71c99014', 'field', '23bb2247-0e18-11e7-bb8f-e4b318c6b596', '创建人', '20', '6', '0', '1', 'both', '0',  '1', NOW(), '1', NOW(), '0'),
('62d052a5-2d70-ed41-988c-f254dc0ddb58','249a20aa-c1b1-594b-bc13-25fe71c99014', 'field', '23bb2245-0e18-11e7-8254-e4b318c6b596', '创建时间', '21', '6', '0', '1', 'both', '0',  '1', NOW(), '1', NOW(), '0'),
('3548d47c-050f-8b43-a5d5-f92ea5ed9be6','249a20aa-c1b1-594b-bc13-25fe71c99014', 'field', '23bb705e-0e18-11e7-b67e-e4b318c6b596', '修改人', '22', '6', '0', '1', 'both', '0',  '1', NOW(), '1', NOW(), '0'),
('8a13a983-c9dc-f143-9985-06908f14b0a9','249a20aa-c1b1-594b-bc13-25fe71c99014', 'field', '23bb2246-0e18-11e7-8147-e4b318c6b596', '最后修改时间', '23', '6', '0', '1', 'both', '0',  '1', NOW(), '1', NOW(), '0'),
('b29cbd54-850d-ae4e-8eda-8a4249b7974f','249a20aa-c1b1-594b-bc13-25fe71c99014', 'field', '8f3b8f73-e368-11e9-b9aa-0298a739dec0', '创建人所属辖区', '24', '6', '0', '1', 'view', '0',  '1', NOW(), '1', NOW(), '0'),
('754f7d03-ebf3-0844-9444-374ca0b8be35','249a20aa-c1b1-594b-bc13-25fe71c99014', 'field', 'b39269cf-5ed9-11e6-80c4-5cc5d4d378cb', '参会率', '25', '6', '0', '1', 'view', '0',  '1', NOW(), '1', NOW(), '0');

INSERT INTO `page_layout_fields` (`id`, `page_layout_id`, `type`, `object_field_id`, `label`, `order`, `colspan`, `is_mandatory`, `is_readonly`, `display_mode`, `deleted`, `created_by`, `created_on`, `modified_by`, `modified_on`, `is_with_stars_mask`) VALUES 
('7a56621b-1a82-9d4d-9a6c-7ad37ac24a72','3c017e19-a38a-e245-954d-b8af4ce7f645', 'field', 'eee173de-a59d-11e6-b11b-5cc5d4d378cb', '活动编码', '0', '6', '0', '1', 'both', '0',  '1', NOW(), '1', NOW(), '0'),
('ce201b94-da2e-5140-9f8a-16fb548ac04c','3c017e19-a38a-e245-954d-b8af4ce7f645', 'field', 'a84e8091-5ed9-11e6-a879-5cc5d4d378cb', '活动状态', '1', '6', '0', '1', 'both', '0',  '1', NOW(), '1', NOW(), '0'),
('61672fe0-25e7-4849-9698-b0a5b7de0713','3c017e19-a38a-e245-954d-b8af4ce7f645', 'field', 'a714c811-5ed9-11e6-b12b-5cc5d4d378cb', '活动名称', '2', '6', '1', '0', 'both', '0',  '1', NOW(), '1', NOW(), '0'),
('58564bf3-c09b-f34e-a866-27059cad3ddd','3c017e19-a38a-e245-954d-b8af4ce7f645', 'field', 'a7b7e5e1-5ed9-11e6-933b-5cc5d4d378cb', '活动类型', '3', '6', '0', '1', 'both', '0',  '1', NOW(), '1', NOW(), '0'),
('cfe7e3ed-5fda-6143-ba50-ad9c568349db','3c017e19-a38a-e245-954d-b8af4ce7f645', 'field', 'ab34d7a1-5ed9-11e6-aa69-5cc5d4d378cb', '活动主题', '4', '6', '1', '0', 'both', '0',  '1', NOW(), '1', NOW(), '0'),
('7ad81163-f99b-004e-98c7-1b8ab570f576','3c017e19-a38a-e245-954d-b8af4ce7f645', 'field', 'aa05cd80-5ed9-11e6-9861-5cc5d4d378cb', '开始时间', '5', '6', '1', '0', 'both', '0',  '1', NOW(), '1', NOW(), '0'),
('90af8cb8-d515-344d-a7fa-11010374e596','3c017e19-a38a-e245-954d-b8af4ce7f645', 'field', 'aa95634f-5ed9-11e6-a265-5cc5d4d378cb', '结束时间', '6', '6', '1', '0', 'both', '0',  '1', NOW(), '1', NOW(), '0'),
('b7671a38-9ceb-3c40-8d7f-d3bdaddc5ba5','3c017e19-a38a-e245-954d-b8af4ce7f645', 'field', 'ad992d70-5ed9-11e6-9986-5cc5d4d378cb', '医院', '7', '6', '1', '0', 'both', '0',  '1', NOW(), '1', NOW(), '0'),
('35067fa2-3bed-9342-8ce9-16fd84c4211b','3c017e19-a38a-e245-954d-b8af4ce7f645', 'field', '4c4c5ec2-9225-4a92-b574-08af14ed4835', '活动科室', '8', '6', '1', '0', 'both', '0',  '1', NOW(), '1', NOW(), '0'),
('b8c0e451-dcb2-d84c-bcd0-4578bd8fc2f2','3c017e19-a38a-e245-954d-b8af4ce7f645', 'field', 'b021fb30-5ed9-11e6-876b-5cc5d4d378cb', '活动城市', '9', '6', '1', '0', 'both', '0',  '1', NOW(), '1', NOW(), '0'),
('6004190a-3eb3-8443-a15b-a2847feb98af','3c017e19-a38a-e245-954d-b8af4ce7f645', 'field', 'a8e59070-5ed9-11e6-9c89-5cc5d4d378cb', '活动地点', '10', '6', '0', '0', 'both', '0',  '1', NOW(), '1', NOW(), '0'),
('2a4e1cfe-77fa-244a-951c-e8a3b7256cc0','3c017e19-a38a-e245-954d-b8af4ce7f645', 'field', 'a848e630-6b59-11e6-9673-5cc5d4d378cb', '活动产品', '11', '6', '1', '0', 'both', '0',  '1', NOW(), '1', NOW(), '0'),
('586746a8-26b3-dc40-adcc-5eef2cbde9a3','3c017e19-a38a-e245-954d-b8af4ce7f645', 'field', 'eee173de-a59d-dsac-b11b-5cc5d4d378cb', '活动讲者', '12', '6', '1', '0', 'both', '0',  '1', NOW(), '1', NOW(), '0'),
('844d3755-faea-1446-a70c-286c4bee1104','3c017e19-a38a-e245-954d-b8af4ce7f645', 'field', 'b0b20630-5ed9-11e6-a51f-5cc5d4d378cb', '计划参会人数', '13', '6', '1', '0', 'both', '0',  '1', NOW(), '1', NOW(), '0'),
('96ce6767-d892-864d-a90d-df07fe3858ff','3c017e19-a38a-e245-954d-b8af4ce7f645', 'field', 'b13f03f0-5ed9-11e6-89d7-5cc5d4d378cb', '参会人数', '14', '6', '0', '1', 'both', '0',  '1', NOW(), '1', NOW(), '0'),
('8899c220-0778-d743-94c5-6bb98549de8c','3c017e19-a38a-e245-954d-b8af4ce7f645', 'field', '42bf888f-639e-11e6-94ed-5cc5d4d378cb', '协办人', '15', '6', '0', '0', 'both', '0',  '1', NOW(), '1', NOW(), '0'),
('321d7317-5f46-044c-82a9-b0e16cfcd6bc','3c017e19-a38a-e245-954d-b8af4ce7f645', 'field', 'b1cdaf5e-5ed9-11e6-b59a-5cc5d4d378cb', '总预算', '16', '6', '1', '0', 'both', '0',  '1', NOW(), '1', NOW(), '0'),
('4367d6b9-32e7-9e4b-80f5-11b5741ca38d','3c017e19-a38a-e245-954d-b8af4ce7f645', 'field', 'b26cd58f-5ed9-11e6-a0ae-5cc5d4d378cb', '总费用', '17', '6', '0', '1', 'both', '0',  '1', NOW(), '1', NOW(), '0'),
('a950f412-7d70-d543-afb5-20a999db1927','3c017e19-a38a-e245-954d-b8af4ce7f645', 'field', 'b303be5e-5ed9-11e6-ac63-5cc5d4d378cb', '预算报销差异率', '18', '6', '0', '1', 'both', '0',  '1', NOW(), '1', NOW(), '0'),
('c2c1512c-388f-084f-b8bd-1dda25a647e3','3c017e19-a38a-e245-954d-b8af4ce7f645', 'field', '3c79980b-ee5c-49da-8c40-38c025ba5e22', 'GPS签到和签到时间记录', '19', '6', '0', '0', 'both', '0',  '1', NOW(), '1', NOW(), '0'),
('7ba7e4ce-9e27-b644-9de3-68313bad7a8e','3c017e19-a38a-e245-954d-b8af4ce7f645', 'field', '23bb2247-0e18-11e7-bb8f-e4b318c6b596', '创建人', '20', '6', '0', '1', 'both', '0',  '1', NOW(), '1', NOW(), '0'),
('e3612a1c-dc72-f148-a6a9-a00be938fbf7','3c017e19-a38a-e245-954d-b8af4ce7f645', 'field', '23bb2245-0e18-11e7-8254-e4b318c6b596', '创建时间', '21', '6', '0', '1', 'both', '0',  '1', NOW(), '1', NOW(), '0'),
('f1b4f374-2a1c-674e-bc1e-34c40e9e1502','3c017e19-a38a-e245-954d-b8af4ce7f645', 'field', '23bb705e-0e18-11e7-b67e-e4b318c6b596', '修改人', '22', '6', '0', '1', 'both', '0',  '1', NOW(), '1', NOW(), '0'),
('496179c4-ea99-1849-8b97-8ba5018b2fc2','3c017e19-a38a-e245-954d-b8af4ce7f645', 'field', '23bb2246-0e18-11e7-8147-e4b318c6b596', '最后修改时间', '23', '6', '0', '1', 'both', '0',  '1', NOW(), '1', NOW(), '0'),
('aa0e04d6-3652-1843-a316-0865e5a15b23','3c017e19-a38a-e245-954d-b8af4ce7f645', 'field', '8f3b8f73-e368-11e9-b9aa-0298a739dec0', '创建人所属辖区', '24', '6', '0', '1', 'view', '0',  '1', NOW(), '1', NOW(), '0'),
('a34ca918-a9ca-0f4f-8bf4-54f6009dfa5a','3c017e19-a38a-e245-954d-b8af4ce7f645', 'field', 'b39269cf-5ed9-11e6-80c4-5cc5d4d378cb', '参会率', '25', '6', '0', '1', 'view', '0',  '1', NOW(), '1', NOW(), '0');

INSERT INTO `page_layout_fields` (`id`, `page_layout_id`, `type`, `object_field_id`, `label`, `order`, `colspan`, `is_mandatory`, `is_readonly`, `display_mode`, `deleted`, `created_by`, `created_on`, `modified_by`, `modified_on`, `is_with_stars_mask`) VALUES 
('90f6e2dd-82af-a441-b09c-1895ccd5d6f9','3574b979-bd64-ca40-bd02-51e211726d66', 'field', 'eee173de-a59d-11e6-b11b-5cc5d4d378cb', '活动编码', '0', '6', '0', '1', 'both', '0',  '1', NOW(), '1', NOW(), '0'),
('5fa0f0dd-b99f-de43-abcf-64ce8faea256','3574b979-bd64-ca40-bd02-51e211726d66', 'field', 'a84e8091-5ed9-11e6-a879-5cc5d4d378cb', '活动状态', '1', '6', '0', '1', 'both', '0',  '1', NOW(), '1', NOW(), '0'),
('1368fa51-cc2e-f049-bc2e-483cc59300af','3574b979-bd64-ca40-bd02-51e211726d66', 'field', 'a714c811-5ed9-11e6-b12b-5cc5d4d378cb', '活动名称', '2', '6', '1', '0', 'both', '0',  '1', NOW(), '1', NOW(), '0'),
('05d81c03-6a85-3440-a5f2-c4cff1482151','3574b979-bd64-ca40-bd02-51e211726d66', 'field', 'a7b7e5e1-5ed9-11e6-933b-5cc5d4d378cb', '活动类型', '3', '6', '0', '1', 'both', '0',  '1', NOW(), '1', NOW(), '0'),
('ce2df783-2d87-284f-bd97-06d1ec7cf1e8','3574b979-bd64-ca40-bd02-51e211726d66', 'field', 'ab34d7a1-5ed9-11e6-aa69-5cc5d4d378cb', '活动主题', '4', '6', '1', '0', 'both', '0',  '1', NOW(), '1', NOW(), '0'),
('5817815f-37b2-6246-aa94-9b74919cfc3a','3574b979-bd64-ca40-bd02-51e211726d66', 'field', 'aa05cd80-5ed9-11e6-9861-5cc5d4d378cb', '开始时间', '5', '6', '1', '0', 'both', '0',  '1', NOW(), '1', NOW(), '0'),
('5be96d4f-60b7-6743-80c3-3bee6b37d2bb','3574b979-bd64-ca40-bd02-51e211726d66', 'field', 'aa95634f-5ed9-11e6-a265-5cc5d4d378cb', '结束时间', '6', '6', '1', '0', 'both', '0',  '1', NOW(), '1', NOW(), '0'),
('473bf6c7-d0c4-3244-90bc-2249f5452205','3574b979-bd64-ca40-bd02-51e211726d66', 'field', 'ad992d70-5ed9-11e6-9986-5cc5d4d378cb', '医院', '7', '6', '1', '0', 'both', '0',  '1', NOW(), '1', NOW(), '0'),
('330e84c8-888f-444e-80b2-37f7771f93b6','3574b979-bd64-ca40-bd02-51e211726d66', 'field', '4c4c5ec2-9225-4a92-b574-08af14ed4835', '活动科室', '8', '6', '1', '0', 'both', '0',  '1', NOW(), '1', NOW(), '0'),
('31c84694-22de-9047-81e6-47bac417b52f','3574b979-bd64-ca40-bd02-51e211726d66', 'field', 'b021fb30-5ed9-11e6-876b-5cc5d4d378cb', '活动城市', '9', '6', '1', '0', 'both', '0',  '1', NOW(), '1', NOW(), '0'),
('d34b54cd-9359-7e47-8893-ed1e26a6b4bc','3574b979-bd64-ca40-bd02-51e211726d66', 'field', 'a8e59070-5ed9-11e6-9c89-5cc5d4d378cb', '活动地点', '10', '6', '0', '0', 'both', '0',  '1', NOW(), '1', NOW(), '0'),
('b3a0bca9-8cf5-f946-8675-71f3d76c3a8d','3574b979-bd64-ca40-bd02-51e211726d66', 'field', 'a848e630-6b59-11e6-9673-5cc5d4d378cb', '活动产品', '11', '6', '1', '0', 'both', '0',  '1', NOW(), '1', NOW(), '0'),
('addef1a3-5cf1-b244-93d5-ba9469ad3747','3574b979-bd64-ca40-bd02-51e211726d66', 'field', 'eee173de-a59d-dsac-b11b-5cc5d4d378cb', '活动讲者', '12', '6', '1', '0', 'both', '0',  '1', NOW(), '1', NOW(), '0'),
('c50da682-81df-ac46-957f-40fb35dabc3d','3574b979-bd64-ca40-bd02-51e211726d66', 'field', 'b0b20630-5ed9-11e6-a51f-5cc5d4d378cb', '计划参会人数', '13', '6', '1', '0', 'both', '0',  '1', NOW(), '1', NOW(), '0'),
('6eb341fa-c977-3447-80d2-9e56c467f43d','3574b979-bd64-ca40-bd02-51e211726d66', 'field', 'b13f03f0-5ed9-11e6-89d7-5cc5d4d378cb', '参会人数', '14', '6', '0', '1', 'both', '0',  '1', NOW(), '1', NOW(), '0'),
('23234571-2ffc-9341-8165-b957557b3c5b','3574b979-bd64-ca40-bd02-51e211726d66', 'field', '42bf888f-639e-11e6-94ed-5cc5d4d378cb', '协办人', '15', '6', '0', '0', 'both', '0',  '1', NOW(), '1', NOW(), '0'),
('9d6ec4b9-49df-2143-b20c-99676aef17a3','3574b979-bd64-ca40-bd02-51e211726d66', 'field', 'b1cdaf5e-5ed9-11e6-b59a-5cc5d4d378cb', '总预算', '16', '6', '1', '0', 'both', '0',  '1', NOW(), '1', NOW(), '0'),
('6403d4b4-345e-7347-b649-4942f0de2c96','3574b979-bd64-ca40-bd02-51e211726d66', 'field', 'b26cd58f-5ed9-11e6-a0ae-5cc5d4d378cb', '总费用', '17', '6', '0', '1', 'both', '0',  '1', NOW(), '1', NOW(), '0'),
('8eb15a24-b420-144a-845e-d494cd8722c9','3574b979-bd64-ca40-bd02-51e211726d66', 'field', 'b303be5e-5ed9-11e6-ac63-5cc5d4d378cb', '预算报销差异率', '18', '6', '0', '1', 'both', '0',  '1', NOW(), '1', NOW(), '0'),
('36fa2583-72ba-ae40-919e-4827d2d59df2','3574b979-bd64-ca40-bd02-51e211726d66', 'field', '3c79980b-ee5c-49da-8c40-38c025ba5e22', 'GPS签到和签到时间记录', '19', '6', '0', '0', 'both', '0',  '1', NOW(), '1', NOW(), '0'),
('dbf4bb0f-26a8-0242-9525-af5227199c47','3574b979-bd64-ca40-bd02-51e211726d66', 'field', '23bb2247-0e18-11e7-bb8f-e4b318c6b596', '创建人', '20', '6', '0', '1', 'both', '0',  '1', NOW(), '1', NOW(), '0'),
('aa789958-74a0-8441-95d6-44a4f77a1b54','3574b979-bd64-ca40-bd02-51e211726d66', 'field', '23bb2245-0e18-11e7-8254-e4b318c6b596', '创建时间', '21', '6', '0', '1', 'both', '0',  '1', NOW(), '1', NOW(), '0'),
('d45d79cb-e381-a64e-830d-2c237c4ac81f','3574b979-bd64-ca40-bd02-51e211726d66', 'field', '23bb705e-0e18-11e7-b67e-e4b318c6b596', '修改人', '22', '6', '0', '1', 'both', '0',  '1', NOW(), '1', NOW(), '0'),
('4ab9a8d7-9458-7d44-b787-84abcd829d5b','3574b979-bd64-ca40-bd02-51e211726d66', 'field', '23bb2246-0e18-11e7-8147-e4b318c6b596', '最后修改时间', '23', '6', '0', '1', 'both', '0',  '1', NOW(), '1', NOW(), '0'),
('c36de631-3f67-0046-a0ee-96350da6a29b','3574b979-bd64-ca40-bd02-51e211726d66', 'field', '8f3b8f73-e368-11e9-b9aa-0298a739dec0', '创建人所属辖区', '24', '6', '0', '1', 'view', '0',  '1', NOW(), '1', NOW(), '0'),
('4dc09673-f379-c549-b455-99f303972e33','3574b979-bd64-ca40-bd02-51e211726d66', 'field', 'b39269cf-5ed9-11e6-80c4-5cc5d4d378cb', '参会率', '25', '6', '0', '1', 'view', '0',  '1', NOW(), '1', NOW(), '0');

INSERT INTO `page_layout_fields` (`id`, `page_layout_id`, `type`, `object_field_id`, `label`, `order`, `colspan`, `is_mandatory`, `is_readonly`, `display_mode`, `deleted`, `created_by`, `created_on`, `modified_by`, `modified_on`, `is_with_stars_mask`) VALUES 
('5804aae0-988f-aa4a-96dd-4e405cfd1f77','1501cfd8-55f0-334c-a7a1-5e5155539e63', 'field', 'eee173de-a59d-11e6-b11b-5cc5d4d378cb', '活动编码', '0', '6', '0', '1', 'both', '0',  '1', NOW(), '1', NOW(), '0'),
('a2251474-5ea6-f547-92d5-bece3aa0d604','1501cfd8-55f0-334c-a7a1-5e5155539e63', 'field', 'a84e8091-5ed9-11e6-a879-5cc5d4d378cb', '活动状态', '1', '6', '0', '1', 'both', '0',  '1', NOW(), '1', NOW(), '0'),
('1991d299-0ef2-cf4e-8d50-d91bf8917a3a','1501cfd8-55f0-334c-a7a1-5e5155539e63', 'field', 'a714c811-5ed9-11e6-b12b-5cc5d4d378cb', '活动名称', '2', '6', '1', '0', 'both', '0',  '1', NOW(), '1', NOW(), '0'),
('34f3082d-2c67-f242-b6a4-7c59ebb870df','1501cfd8-55f0-334c-a7a1-5e5155539e63', 'field', 'a7b7e5e1-5ed9-11e6-933b-5cc5d4d378cb', '活动类型', '3', '6', '0', '1', 'both', '0',  '1', NOW(), '1', NOW(), '0'),
('b2d07352-4a81-334c-a2d3-d2f3fdc2122e','1501cfd8-55f0-334c-a7a1-5e5155539e63', 'field', 'ab34d7a1-5ed9-11e6-aa69-5cc5d4d378cb', '活动主题', '4', '6', '1', '0', 'both', '0',  '1', NOW(), '1', NOW(), '0'),
('193bed3d-60f8-3d44-98f4-2468486412fd','1501cfd8-55f0-334c-a7a1-5e5155539e63', 'field', 'aa05cd80-5ed9-11e6-9861-5cc5d4d378cb', '开始时间', '5', '6', '1', '0', 'both', '0',  '1', NOW(), '1', NOW(), '0'),
('1703c502-ae34-5e41-b95a-aaa2c178ece1','1501cfd8-55f0-334c-a7a1-5e5155539e63', 'field', 'aa95634f-5ed9-11e6-a265-5cc5d4d378cb', '结束时间', '6', '6', '1', '0', 'both', '0',  '1', NOW(), '1', NOW(), '0'),
('3d81dd50-d16f-e74a-87bb-2d828f7bbb10','1501cfd8-55f0-334c-a7a1-5e5155539e63', 'field', 'ad992d70-5ed9-11e6-9986-5cc5d4d378cb', '医院', '7', '6', '1', '0', 'both', '0',  '1', NOW(), '1', NOW(), '0'),
('177c7fc6-523c-2746-b51a-4e8909f9bb19','1501cfd8-55f0-334c-a7a1-5e5155539e63', 'field', '4c4c5ec2-9225-4a92-b574-08af14ed4835', '活动科室', '8', '6', '1', '0', 'both', '0',  '1', NOW(), '1', NOW(), '0'),
('cb890ab0-9818-054e-b39f-effa4217a5db','1501cfd8-55f0-334c-a7a1-5e5155539e63', 'field', 'b021fb30-5ed9-11e6-876b-5cc5d4d378cb', '活动城市', '9', '6', '1', '0', 'both', '0',  '1', NOW(), '1', NOW(), '0'),
('6551947d-9025-a24d-97e5-56a1d9a5f4f6','1501cfd8-55f0-334c-a7a1-5e5155539e63', 'field', 'a8e59070-5ed9-11e6-9c89-5cc5d4d378cb', '活动地点', '10', '6', '0', '0', 'both', '0',  '1', NOW(), '1', NOW(), '0'),
('bb631f99-b228-8c4c-9df4-f1787b2aed00','1501cfd8-55f0-334c-a7a1-5e5155539e63', 'field', 'a848e630-6b59-11e6-9673-5cc5d4d378cb', '活动产品', '11', '6', '1', '0', 'both', '0',  '1', NOW(), '1', NOW(), '0'),
('c306ffd3-a830-df4a-8ab8-260a97c2267b','1501cfd8-55f0-334c-a7a1-5e5155539e63', 'field', 'eee173de-a59d-dsac-b11b-5cc5d4d378cb', '活动讲者', '12', '6', '1', '0', 'both', '0',  '1', NOW(), '1', NOW(), '0'),
('07f0c7b4-9c26-ff49-8dd7-a70ca1bc054e','1501cfd8-55f0-334c-a7a1-5e5155539e63', 'field', 'b0b20630-5ed9-11e6-a51f-5cc5d4d378cb', '计划参会人数', '13', '6', '1', '0', 'both', '0',  '1', NOW(), '1', NOW(), '0'),
('0efae147-3931-8a43-95f5-ffcfb6af07cb','1501cfd8-55f0-334c-a7a1-5e5155539e63', 'field', 'b13f03f0-5ed9-11e6-89d7-5cc5d4d378cb', '参会人数', '14', '6', '0', '1', 'both', '0',  '1', NOW(), '1', NOW(), '0'),
('5f8c6d80-2d7b-4448-ace6-d2b13c1e8818','1501cfd8-55f0-334c-a7a1-5e5155539e63', 'field', '42bf888f-639e-11e6-94ed-5cc5d4d378cb', '协办人', '15', '6', '0', '0', 'both', '0',  '1', NOW(), '1', NOW(), '0'),
('be6d8072-50d4-8b46-a804-d51abd129212','1501cfd8-55f0-334c-a7a1-5e5155539e63', 'field', 'b1cdaf5e-5ed9-11e6-b59a-5cc5d4d378cb', '总预算', '16', '6', '1', '0', 'both', '0',  '1', NOW(), '1', NOW(), '0'),
('a57dc47a-1de9-5845-85a5-9167d35d08ef','1501cfd8-55f0-334c-a7a1-5e5155539e63', 'field', 'b26cd58f-5ed9-11e6-a0ae-5cc5d4d378cb', '总费用', '17', '6', '0', '1', 'both', '0',  '1', NOW(), '1', NOW(), '0'),
('65d0f384-3493-1c4d-b19c-7c2578ceac9a','1501cfd8-55f0-334c-a7a1-5e5155539e63', 'field', 'b303be5e-5ed9-11e6-ac63-5cc5d4d378cb', '预算报销差异率', '18', '6', '0', '1', 'both', '0',  '1', NOW(), '1', NOW(), '0'),
('7d051494-ff8e-e546-adb9-d5c66b6c8e7e','1501cfd8-55f0-334c-a7a1-5e5155539e63', 'field', '3c79980b-ee5c-49da-8c40-38c025ba5e22', 'GPS签到和签到时间记录', '19', '6', '0', '0', 'both', '0',  '1', NOW(), '1', NOW(), '0'),
('3fd51a04-2627-a045-bae7-e4de6925587f','1501cfd8-55f0-334c-a7a1-5e5155539e63', 'field', '23bb2247-0e18-11e7-bb8f-e4b318c6b596', '创建人', '20', '6', '0', '1', 'both', '0',  '1', NOW(), '1', NOW(), '0'),
('441bd4f1-cc12-c44f-bfac-6b308d5be510','1501cfd8-55f0-334c-a7a1-5e5155539e63', 'field', '23bb2245-0e18-11e7-8254-e4b318c6b596', '创建时间', '21', '6', '0', '1', 'both', '0',  '1', NOW(), '1', NOW(), '0'),
('d9d410b0-007e-1d4c-bfc4-02a3f1cbf147','1501cfd8-55f0-334c-a7a1-5e5155539e63', 'field', '23bb705e-0e18-11e7-b67e-e4b318c6b596', '修改人', '22', '6', '0', '1', 'both', '0',  '1', NOW(), '1', NOW(), '0'),
('b921ad4b-6d9b-b742-a96f-ac347c2ff32b','1501cfd8-55f0-334c-a7a1-5e5155539e63', 'field', '23bb2246-0e18-11e7-8147-e4b318c6b596', '最后修改时间', '23', '6', '0', '1', 'both', '0',  '1', NOW(), '1', NOW(), '0'),
('6c4aa1fe-5dab-dd45-98a8-23ba6e9c6f94','1501cfd8-55f0-334c-a7a1-5e5155539e63', 'field', '8f3b8f73-e368-11e9-b9aa-0298a739dec0', '创建人所属辖区', '24', '6', '0', '1', 'view', '0',  '1', NOW(), '1', NOW(), '0'),
('9b16e9e6-a918-8f4c-bc47-7f216a1dc94f','1501cfd8-55f0-334c-a7a1-5e5155539e63', 'field', 'b39269cf-5ed9-11e6-80c4-5cc5d4d378cb', '参会率', '25', '6', '0', '1', 'view', '0',  '1', NOW(), '1', NOW(), '0');

INSERT INTO `page_layout_fields` (`id`, `page_layout_id`, `type`, `object_field_id`, `label`, `order`, `colspan`, `is_mandatory`, `is_readonly`, `display_mode`, `deleted`, `created_by`, `created_on`, `modified_by`, `modified_on`, `is_with_stars_mask`) VALUES 
('bb64b875-7ce1-5743-a68b-b25482f5ac44','4c0d85c7-7196-9e4d-9ae6-220386a59bbd', 'field', 'eee173de-a59d-11e6-b11b-5cc5d4d378cb', '活动编码', '0', '6', '0', '1', 'both', '0',  '1', NOW(), '1', NOW(), '0'),
('b74c7d4e-ab60-ff4f-aa9e-05177cf54dd9','4c0d85c7-7196-9e4d-9ae6-220386a59bbd', 'field', 'a84e8091-5ed9-11e6-a879-5cc5d4d378cb', '活动状态', '1', '6', '0', '1', 'both', '0',  '1', NOW(), '1', NOW(), '0'),
('05820986-6943-4f40-bce3-fa2e73783d0c','4c0d85c7-7196-9e4d-9ae6-220386a59bbd', 'field', 'a714c811-5ed9-11e6-b12b-5cc5d4d378cb', '活动名称', '2', '6', '1', '0', 'both', '0',  '1', NOW(), '1', NOW(), '0'),
('304fecdb-06ca-f348-a727-1465238ccef3','4c0d85c7-7196-9e4d-9ae6-220386a59bbd', 'field', 'a7b7e5e1-5ed9-11e6-933b-5cc5d4d378cb', '活动类型', '3', '6', '0', '1', 'both', '0',  '1', NOW(), '1', NOW(), '0'),
('5a7a7447-bca5-bc45-bea4-26c66cbe8f59','4c0d85c7-7196-9e4d-9ae6-220386a59bbd', 'field', 'ab34d7a1-5ed9-11e6-aa69-5cc5d4d378cb', '活动主题', '4', '6', '1', '0', 'both', '0',  '1', NOW(), '1', NOW(), '0'),
('35b70fa1-7d66-7343-af64-b60db41342eb','4c0d85c7-7196-9e4d-9ae6-220386a59bbd', 'field', 'aa05cd80-5ed9-11e6-9861-5cc5d4d378cb', '开始时间', '5', '6', '1', '0', 'both', '0',  '1', NOW(), '1', NOW(), '0'),
('393db193-571a-d947-b0f1-601e28cf229f','4c0d85c7-7196-9e4d-9ae6-220386a59bbd', 'field', 'aa95634f-5ed9-11e6-a265-5cc5d4d378cb', '结束时间', '6', '6', '1', '0', 'both', '0',  '1', NOW(), '1', NOW(), '0'),
('184ee30f-0916-5142-982d-a61694a1f5ac','4c0d85c7-7196-9e4d-9ae6-220386a59bbd', 'field', 'ad992d70-5ed9-11e6-9986-5cc5d4d378cb', '医院', '7', '6', '1', '0', 'both', '0',  '1', NOW(), '1', NOW(), '0'),
('160eb44c-9f0c-7543-851f-38b43299e5c2','4c0d85c7-7196-9e4d-9ae6-220386a59bbd', 'field', '4c4c5ec2-9225-4a92-b574-08af14ed4835', '活动科室', '8', '6', '1', '0', 'both', '0',  '1', NOW(), '1', NOW(), '0'),
('cbecd7c0-934f-fd43-a19f-cc81617cf549','4c0d85c7-7196-9e4d-9ae6-220386a59bbd', 'field', 'b021fb30-5ed9-11e6-876b-5cc5d4d378cb', '活动城市', '9', '6', '1', '0', 'both', '0',  '1', NOW(), '1', NOW(), '0'),
('5ab298be-1f9a-b64b-8159-181bfd9645b2','4c0d85c7-7196-9e4d-9ae6-220386a59bbd', 'field', 'a8e59070-5ed9-11e6-9c89-5cc5d4d378cb', '活动地点', '10', '6', '0', '0', 'both', '0',  '1', NOW(), '1', NOW(), '0'),
('1a61bbce-b369-bd4d-a9a8-4ad322d51451','4c0d85c7-7196-9e4d-9ae6-220386a59bbd', 'field', 'a848e630-6b59-11e6-9673-5cc5d4d378cb', '活动产品', '11', '6', '1', '0', 'both', '0',  '1', NOW(), '1', NOW(), '0'),
('06e22d51-f669-3f4c-b580-75c4747a3ce2','4c0d85c7-7196-9e4d-9ae6-220386a59bbd', 'field', 'eee173de-a59d-dsac-b11b-5cc5d4d378cb', '活动讲者', '12', '6', '1', '0', 'both', '0',  '1', NOW(), '1', NOW(), '0'),
('3f0b241c-4455-314e-ae06-a24691107661','4c0d85c7-7196-9e4d-9ae6-220386a59bbd', 'field', 'b0b20630-5ed9-11e6-a51f-5cc5d4d378cb', '计划参会人数', '13', '6', '1', '0', 'both', '0',  '1', NOW(), '1', NOW(), '0'),
('d4946aeb-354a-044c-91ff-0a8d213939fd','4c0d85c7-7196-9e4d-9ae6-220386a59bbd', 'field', 'b13f03f0-5ed9-11e6-89d7-5cc5d4d378cb', '参会人数', '14', '6', '0', '1', 'both', '0',  '1', NOW(), '1', NOW(), '0'),
('3c31edd5-6667-094d-9f9a-839449020515','4c0d85c7-7196-9e4d-9ae6-220386a59bbd', 'field', '42bf888f-639e-11e6-94ed-5cc5d4d378cb', '协办人', '15', '6', '0', '0', 'both', '0',  '1', NOW(), '1', NOW(), '0'),
('d547eee3-951e-6547-90d2-004dac0589cb','4c0d85c7-7196-9e4d-9ae6-220386a59bbd', 'field', 'b1cdaf5e-5ed9-11e6-b59a-5cc5d4d378cb', '总预算', '16', '6', '1', '0', 'both', '0',  '1', NOW(), '1', NOW(), '0'),
('7bab0946-8eda-be4d-9853-3970ea2c4d1a','4c0d85c7-7196-9e4d-9ae6-220386a59bbd', 'field', 'b26cd58f-5ed9-11e6-a0ae-5cc5d4d378cb', '总费用', '17', '6', '0', '1', 'both', '0',  '1', NOW(), '1', NOW(), '0'),
('d9e6099f-4da8-9a4e-9e2b-536dbf4e6f12','4c0d85c7-7196-9e4d-9ae6-220386a59bbd', 'field', 'b303be5e-5ed9-11e6-ac63-5cc5d4d378cb', '预算报销差异率', '18', '6', '0', '1', 'both', '0',  '1', NOW(), '1', NOW(), '0'),
('55c06313-20d4-394d-9348-32ab006d3ad3','4c0d85c7-7196-9e4d-9ae6-220386a59bbd', 'field', '3c79980b-ee5c-49da-8c40-38c025ba5e22', 'GPS签到和签到时间记录', '19', '6', '0', '0', 'both', '0',  '1', NOW(), '1', NOW(), '0'),
('31b823dd-a77b-2642-93af-904518e90c30','4c0d85c7-7196-9e4d-9ae6-220386a59bbd', 'field', '23bb2247-0e18-11e7-bb8f-e4b318c6b596', '创建人', '20', '6', '0', '1', 'both', '0',  '1', NOW(), '1', NOW(), '0'),
('5c30d220-aae3-a34c-bd2f-f5bdfa08ff70','4c0d85c7-7196-9e4d-9ae6-220386a59bbd', 'field', '23bb2245-0e18-11e7-8254-e4b318c6b596', '创建时间', '21', '6', '0', '1', 'both', '0',  '1', NOW(), '1', NOW(), '0'),
('99393e81-5cd7-9a4c-a0f2-a96096fe5659','4c0d85c7-7196-9e4d-9ae6-220386a59bbd', 'field', '23bb705e-0e18-11e7-b67e-e4b318c6b596', '修改人', '22', '6', '0', '1', 'both', '0',  '1', NOW(), '1', NOW(), '0'),
('d37e04ba-0e62-4a49-a18a-8323fe97adb8','4c0d85c7-7196-9e4d-9ae6-220386a59bbd', 'field', '23bb2246-0e18-11e7-8147-e4b318c6b596', '最后修改时间', '23', '6', '0', '1', 'both', '0',  '1', NOW(), '1', NOW(), '0'),
('abc48431-5912-ed4e-9bcf-894f054cd395','4c0d85c7-7196-9e4d-9ae6-220386a59bbd', 'field', '8f3b8f73-e368-11e9-b9aa-0298a739dec0', '创建人所属辖区', '24', '6', '0', '1', 'view', '0',  '1', NOW(), '1', NOW(), '0'),
('cb4d6fe1-e87c-0747-a14c-4569607a79ee','4c0d85c7-7196-9e4d-9ae6-220386a59bbd', 'field', 'b39269cf-5ed9-11e6-80c4-5cc5d4d378cb', '参会率', '25', '6', '0', '1', 'view', '0',  '1', NOW(), '1', NOW(), '0');

INSERT INTO `page_layout_fields` (`id`, `page_layout_id`, `type`, `object_field_id`, `label`, `order`, `colspan`, `is_mandatory`, `is_readonly`, `display_mode`, `deleted`, `created_by`, `created_on`, `modified_by`, `modified_on`, `is_with_stars_mask`) VALUES 
('815fa5d7-dfb8-8f47-8c38-6c3147e9d3f4','8b8234ee-593b-a048-94c5-c85eb8cb749c', 'field', 'eee173de-a59d-11e6-b11b-5cc5d4d378cb', '活动编码', '0', '6', '0', '1', 'both', '0',  '1', NOW(), '1', NOW(), '0'),
('05071ef9-247e-a64e-ad91-c9117022d2eb','8b8234ee-593b-a048-94c5-c85eb8cb749c', 'field', 'a84e8091-5ed9-11e6-a879-5cc5d4d378cb', '活动状态', '1', '6', '0', '1', 'both', '0',  '1', NOW(), '1', NOW(), '0'),
('0bf9d3e3-524e-084d-a923-86ed82c62657','8b8234ee-593b-a048-94c5-c85eb8cb749c', 'field', 'a714c811-5ed9-11e6-b12b-5cc5d4d378cb', '活动名称', '2', '6', '1', '0', 'both', '0',  '1', NOW(), '1', NOW(), '0'),
('f26eeb29-542e-4d4f-a970-89edceb9a725','8b8234ee-593b-a048-94c5-c85eb8cb749c', 'field', 'a7b7e5e1-5ed9-11e6-933b-5cc5d4d378cb', '活动类型', '3', '6', '0', '1', 'both', '0',  '1', NOW(), '1', NOW(), '0'),
('e7a10b8e-85fb-fd43-aff0-fce1e660d00a','8b8234ee-593b-a048-94c5-c85eb8cb749c', 'field', 'ab34d7a1-5ed9-11e6-aa69-5cc5d4d378cb', '活动主题', '4', '6', '1', '0', 'both', '0',  '1', NOW(), '1', NOW(), '0'),
('37575baa-b4e1-3644-896c-9182c96a6803','8b8234ee-593b-a048-94c5-c85eb8cb749c', 'field', 'aa05cd80-5ed9-11e6-9861-5cc5d4d378cb', '开始时间', '5', '6', '1', '0', 'both', '0',  '1', NOW(), '1', NOW(), '0'),
('90ed575f-e3aa-be4c-8718-6bf08622fb14','8b8234ee-593b-a048-94c5-c85eb8cb749c', 'field', 'aa95634f-5ed9-11e6-a265-5cc5d4d378cb', '结束时间', '6', '6', '1', '0', 'both', '0',  '1', NOW(), '1', NOW(), '0'),
('7fb75c18-0091-7e45-b5bb-d54d5f72926e','8b8234ee-593b-a048-94c5-c85eb8cb749c', 'field', 'ad992d70-5ed9-11e6-9986-5cc5d4d378cb', '医院', '7', '6', '1', '0', 'both', '0',  '1', NOW(), '1', NOW(), '0'),
('2fee22e2-b731-0540-acb7-a88caa98581d','8b8234ee-593b-a048-94c5-c85eb8cb749c', 'field', '4c4c5ec2-9225-4a92-b574-08af14ed4835', '活动科室', '8', '6', '1', '0', 'both', '0',  '1', NOW(), '1', NOW(), '0'),
('4a9834e9-c5f5-ce4c-ba62-8e79a80ce992','8b8234ee-593b-a048-94c5-c85eb8cb749c', 'field', 'b021fb30-5ed9-11e6-876b-5cc5d4d378cb', '活动城市', '9', '6', '1', '0', 'both', '0',  '1', NOW(), '1', NOW(), '0'),
('1c8828c0-0dc5-9f4c-b726-19634111b451','8b8234ee-593b-a048-94c5-c85eb8cb749c', 'field', 'a8e59070-5ed9-11e6-9c89-5cc5d4d378cb', '活动地点', '10', '6', '0', '0', 'both', '0',  '1', NOW(), '1', NOW(), '0'),
('6f738d59-989e-aa46-a91c-885d4712323f','8b8234ee-593b-a048-94c5-c85eb8cb749c', 'field', 'a848e630-6b59-11e6-9673-5cc5d4d378cb', '活动产品', '11', '6', '1', '0', 'both', '0',  '1', NOW(), '1', NOW(), '0'),
('216d76d0-4d58-1646-ae8b-f92261147cfa','8b8234ee-593b-a048-94c5-c85eb8cb749c', 'field', 'eee173de-a59d-dsac-b11b-5cc5d4d378cb', '活动讲者', '12', '6', '1', '0', 'both', '0',  '1', NOW(), '1', NOW(), '0'),
('c0eec6bb-b1a9-704f-8081-296bc82023cf','8b8234ee-593b-a048-94c5-c85eb8cb749c', 'field', 'b0b20630-5ed9-11e6-a51f-5cc5d4d378cb', '计划参会人数', '13', '6', '1', '0', 'both', '0',  '1', NOW(), '1', NOW(), '0'),
('1e317ae0-3713-8149-af17-314279615c9f','8b8234ee-593b-a048-94c5-c85eb8cb749c', 'field', 'b13f03f0-5ed9-11e6-89d7-5cc5d4d378cb', '参会人数', '14', '6', '0', '1', 'both', '0',  '1', NOW(), '1', NOW(), '0'),
('7a921a9c-d228-b940-ba10-2198842bc03c','8b8234ee-593b-a048-94c5-c85eb8cb749c', 'field', '42bf888f-639e-11e6-94ed-5cc5d4d378cb', '协办人', '15', '6', '0', '0', 'both', '0',  '1', NOW(), '1', NOW(), '0'),
('ffdb7907-55af-2540-80c0-e037ce9abd96','8b8234ee-593b-a048-94c5-c85eb8cb749c', 'field', 'b1cdaf5e-5ed9-11e6-b59a-5cc5d4d378cb', '总预算', '16', '6', '1', '0', 'both', '0',  '1', NOW(), '1', NOW(), '0'),
('6d5986bd-9fe5-1442-bc8f-3344858cfb35','8b8234ee-593b-a048-94c5-c85eb8cb749c', 'field', 'b26cd58f-5ed9-11e6-a0ae-5cc5d4d378cb', '总费用', '17', '6', '0', '1', 'both', '0',  '1', NOW(), '1', NOW(), '0'),
('553e3a9f-8191-6f45-b047-73d6fac09868','8b8234ee-593b-a048-94c5-c85eb8cb749c', 'field', 'b303be5e-5ed9-11e6-ac63-5cc5d4d378cb', '预算报销差异率', '18', '6', '0', '1', 'both', '0',  '1', NOW(), '1', NOW(), '0'),
('1487b499-9652-1940-951b-940f69698099','8b8234ee-593b-a048-94c5-c85eb8cb749c', 'field', '3c79980b-ee5c-49da-8c40-38c025ba5e22', 'GPS签到和签到时间记录', '19', '6', '0', '0', 'both', '0',  '1', NOW(), '1', NOW(), '0'),
('85da0dc5-27ed-9142-abad-8f36e6306e7a','8b8234ee-593b-a048-94c5-c85eb8cb749c', 'field', '23bb2247-0e18-11e7-bb8f-e4b318c6b596', '创建人', '20', '6', '0', '1', 'both', '0',  '1', NOW(), '1', NOW(), '0'),
('dafc0665-8e7b-0945-b9bb-cb4cd2949971','8b8234ee-593b-a048-94c5-c85eb8cb749c', 'field', '23bb2245-0e18-11e7-8254-e4b318c6b596', '创建时间', '21', '6', '0', '1', 'both', '0',  '1', NOW(), '1', NOW(), '0'),
('7fa64e7b-814b-9d48-af0c-645af23e16fc','8b8234ee-593b-a048-94c5-c85eb8cb749c', 'field', '23bb705e-0e18-11e7-b67e-e4b318c6b596', '修改人', '22', '6', '0', '1', 'both', '0',  '1', NOW(), '1', NOW(), '0'),
('5d442e9a-50e8-1744-bdbe-616e6c799ce8','8b8234ee-593b-a048-94c5-c85eb8cb749c', 'field', '23bb2246-0e18-11e7-8147-e4b318c6b596', '最后修改时间', '23', '6', '0', '1', 'both', '0',  '1', NOW(), '1', NOW(), '0'),
('6dba23a0-9feb-6344-b0cc-bca2227c0866','8b8234ee-593b-a048-94c5-c85eb8cb749c', 'field', '8f3b8f73-e368-11e9-b9aa-0298a739dec0', '创建人所属辖区', '24', '6', '0', '1', 'view', '0',  '1', NOW(), '1', NOW(), '0'),
('030285af-f6e0-5c43-8b2e-5dd13beb7733','8b8234ee-593b-a048-94c5-c85eb8cb749c', 'field', 'b39269cf-5ed9-11e6-80c4-5cc5d4d378cb', '参会率', '25', '6', '0', '1', 'view', '0',  '1', NOW(), '1', NOW(), '0');

INSERT INTO `page_layout_fields` (`id`, `page_layout_id`, `type`, `object_field_id`, `label`, `order`, `colspan`, `is_mandatory`, `is_readonly`, `display_mode`, `deleted`, `created_by`, `created_on`, `modified_by`, `modified_on`, `is_with_stars_mask`) VALUES 
('2cc68d83-fb91-8449-9ceb-a08244fdca31','0ffa8405-1796-5d4e-ac33-a23f8e7e69d8', 'field', 'eee173de-a59d-11e6-b11b-5cc5d4d378cb', '活动编码', '0', '6', '0', '1', 'both', '0',  '1', NOW(), '1', NOW(), '0'),
('d8d2b3d7-a860-8740-8f88-30af9b2da2f7','0ffa8405-1796-5d4e-ac33-a23f8e7e69d8', 'field', 'a84e8091-5ed9-11e6-a879-5cc5d4d378cb', '活动状态', '1', '6', '0', '1', 'both', '0',  '1', NOW(), '1', NOW(), '0'),
('46ec4312-8cb4-c74d-96f4-7f983e75969e','0ffa8405-1796-5d4e-ac33-a23f8e7e69d8', 'field', 'a714c811-5ed9-11e6-b12b-5cc5d4d378cb', '活动名称', '2', '6', '1', '0', 'both', '0',  '1', NOW(), '1', NOW(), '0'),
('8952f7fb-7e2c-944b-9580-641d90717476','0ffa8405-1796-5d4e-ac33-a23f8e7e69d8', 'field', 'a7b7e5e1-5ed9-11e6-933b-5cc5d4d378cb', '活动类型', '3', '6', '0', '1', 'both', '0',  '1', NOW(), '1', NOW(), '0'),
('2d964740-56f1-7d4e-b31c-04a8a0fc65f4','0ffa8405-1796-5d4e-ac33-a23f8e7e69d8', 'field', 'ab34d7a1-5ed9-11e6-aa69-5cc5d4d378cb', '活动主题', '4', '6', '1', '0', 'both', '0',  '1', NOW(), '1', NOW(), '0'),
('e6b1876c-e283-1b43-a0ae-6757145f1641','0ffa8405-1796-5d4e-ac33-a23f8e7e69d8', 'field', 'aa05cd80-5ed9-11e6-9861-5cc5d4d378cb', '开始时间', '5', '6', '1', '0', 'both', '0',  '1', NOW(), '1', NOW(), '0'),
('79eb5971-9317-034c-8714-2765f12e787f','0ffa8405-1796-5d4e-ac33-a23f8e7e69d8', 'field', 'aa95634f-5ed9-11e6-a265-5cc5d4d378cb', '结束时间', '6', '6', '1', '0', 'both', '0',  '1', NOW(), '1', NOW(), '0'),
('2587ec1b-7542-7a43-857b-f21f3b992112','0ffa8405-1796-5d4e-ac33-a23f8e7e69d8', 'field', 'ad992d70-5ed9-11e6-9986-5cc5d4d378cb', '医院', '7', '6', '1', '0', 'both', '0',  '1', NOW(), '1', NOW(), '0'),
('9e8dcb6e-51b8-954b-9a6a-f72c08b85115','0ffa8405-1796-5d4e-ac33-a23f8e7e69d8', 'field', '4c4c5ec2-9225-4a92-b574-08af14ed4835', '活动科室', '8', '6', '1', '0', 'both', '0',  '1', NOW(), '1', NOW(), '0'),
('ca60c876-2b36-a440-bef5-6758f7b6d062','0ffa8405-1796-5d4e-ac33-a23f8e7e69d8', 'field', 'b021fb30-5ed9-11e6-876b-5cc5d4d378cb', '活动城市', '9', '6', '1', '0', 'both', '0',  '1', NOW(), '1', NOW(), '0'),
('de44c4d9-942c-134c-989e-a3d4759a3524','0ffa8405-1796-5d4e-ac33-a23f8e7e69d8', 'field', 'a8e59070-5ed9-11e6-9c89-5cc5d4d378cb', '活动地点', '10', '6', '0', '0', 'both', '0',  '1', NOW(), '1', NOW(), '0'),
('6e52516c-e079-784a-909e-aafca4eff7af','0ffa8405-1796-5d4e-ac33-a23f8e7e69d8', 'field', 'a848e630-6b59-11e6-9673-5cc5d4d378cb', '活动产品', '11', '6', '1', '0', 'both', '0',  '1', NOW(), '1', NOW(), '0'),
('18441fd4-be48-a246-b3d2-e603806a030c','0ffa8405-1796-5d4e-ac33-a23f8e7e69d8', 'field', 'eee173de-a59d-dsac-b11b-5cc5d4d378cb', '活动讲者', '12', '6', '1', '0', 'both', '0',  '1', NOW(), '1', NOW(), '0'),
('5f0a488b-4122-f049-8ad9-e7038240db14','0ffa8405-1796-5d4e-ac33-a23f8e7e69d8', 'field', 'b0b20630-5ed9-11e6-a51f-5cc5d4d378cb', '计划参会人数', '13', '6', '1', '0', 'both', '0',  '1', NOW(), '1', NOW(), '0'),
('0be8f87e-38c5-0e4e-88bc-907603f42669','0ffa8405-1796-5d4e-ac33-a23f8e7e69d8', 'field', 'b13f03f0-5ed9-11e6-89d7-5cc5d4d378cb', '参会人数', '14', '6', '0', '1', 'both', '0',  '1', NOW(), '1', NOW(), '0'),
('da31643d-55fa-be4b-af30-ec00de9fcde5','0ffa8405-1796-5d4e-ac33-a23f8e7e69d8', 'field', '42bf888f-639e-11e6-94ed-5cc5d4d378cb', '协办人', '15', '6', '0', '0', 'both', '0',  '1', NOW(), '1', NOW(), '0'),
('a3121c94-4d55-1841-947d-779f38e7ff56','0ffa8405-1796-5d4e-ac33-a23f8e7e69d8', 'field', 'b1cdaf5e-5ed9-11e6-b59a-5cc5d4d378cb', '总预算', '16', '6', '1', '0', 'both', '0',  '1', NOW(), '1', NOW(), '0'),
('e6462d4e-8472-ef43-85fb-2bfc59952a46','0ffa8405-1796-5d4e-ac33-a23f8e7e69d8', 'field', 'b26cd58f-5ed9-11e6-a0ae-5cc5d4d378cb', '总费用', '17', '6', '0', '1', 'both', '0',  '1', NOW(), '1', NOW(), '0'),
('852f6104-833f-9b49-9cb2-484cd65dbb67','0ffa8405-1796-5d4e-ac33-a23f8e7e69d8', 'field', 'b303be5e-5ed9-11e6-ac63-5cc5d4d378cb', '预算报销差异率', '18', '6', '0', '1', 'both', '0',  '1', NOW(), '1', NOW(), '0'),
('157d786b-9c9d-bc45-b6ee-b25f775dfae4','0ffa8405-1796-5d4e-ac33-a23f8e7e69d8', 'field', '3c79980b-ee5c-49da-8c40-38c025ba5e22', 'GPS签到和签到时间记录', '19', '6', '0', '0', 'both', '0',  '1', NOW(), '1', NOW(), '0'),
('d25d2869-887e-bb4c-a7cd-32d325534e81','0ffa8405-1796-5d4e-ac33-a23f8e7e69d8', 'field', '23bb2247-0e18-11e7-bb8f-e4b318c6b596', '创建人', '20', '6', '0', '1', 'both', '0',  '1', NOW(), '1', NOW(), '0'),
('babb009a-22ab-b640-9a21-950ec770849b','0ffa8405-1796-5d4e-ac33-a23f8e7e69d8', 'field', '23bb2245-0e18-11e7-8254-e4b318c6b596', '创建时间', '21', '6', '0', '1', 'both', '0',  '1', NOW(), '1', NOW(), '0'),
('80a331e1-94b1-7d41-b619-abdb41364d27','0ffa8405-1796-5d4e-ac33-a23f8e7e69d8', 'field', '23bb705e-0e18-11e7-b67e-e4b318c6b596', '修改人', '22', '6', '0', '1', 'both', '0',  '1', NOW(), '1', NOW(), '0'),
('7fc44506-2c4a-de4c-95bd-8a72edeeab92','0ffa8405-1796-5d4e-ac33-a23f8e7e69d8', 'field', '23bb2246-0e18-11e7-8147-e4b318c6b596', '最后修改时间', '23', '6', '0', '1', 'both', '0',  '1', NOW(), '1', NOW(), '0'),
('6b056192-a7ac-024d-86f2-0fbb7cd5fe71','0ffa8405-1796-5d4e-ac33-a23f8e7e69d8', 'field', '8f3b8f73-e368-11e9-b9aa-0298a739dec0', '创建人所属辖区', '24', '6', '0', '1', 'view', '0',  '1', NOW(), '1', NOW(), '0'),
('81d161e6-39c6-0c4a-a1cf-5a977c487a14','0ffa8405-1796-5d4e-ac33-a23f8e7e69d8', 'field', 'b39269cf-5ed9-11e6-80c4-5cc5d4d378cb', '参会率', '25', '6', '0', '1', 'view', '0',  '1', NOW(), '1', NOW(), '0');

INSERT INTO `page_layout_fields` (`id`, `page_layout_id`, `type`, `object_field_id`, `label`, `order`, `colspan`, `is_mandatory`, `is_readonly`, `display_mode`, `deleted`, `created_by`, `created_on`, `modified_by`, `modified_on`, `is_with_stars_mask`) VALUES 
('4abc62ab-cd37-014f-8fe4-f84b4e0712cb','f377ce62-64a5-5c43-b1b0-0493e04c19d5', 'field', 'eee173de-a59d-11e6-b11b-5cc5d4d378cb', '活动编码', '0', '6', '0', '1', 'both', '0',  '1', NOW(), '1', NOW(), '0'),
('81b28b2e-7624-604c-a90f-0178d4583b36','f377ce62-64a5-5c43-b1b0-0493e04c19d5', 'field', 'a84e8091-5ed9-11e6-a879-5cc5d4d378cb', '活动状态', '1', '6', '0', '1', 'both', '0',  '1', NOW(), '1', NOW(), '0'),
('26eaa4ce-1bfa-0f4c-825a-1632a56a4798','f377ce62-64a5-5c43-b1b0-0493e04c19d5', 'field', 'a714c811-5ed9-11e6-b12b-5cc5d4d378cb', '活动名称', '2', '6', '1', '0', 'both', '0',  '1', NOW(), '1', NOW(), '0'),
('193fb409-cadd-4c4b-844b-e4aba997a58d','f377ce62-64a5-5c43-b1b0-0493e04c19d5', 'field', 'a7b7e5e1-5ed9-11e6-933b-5cc5d4d378cb', '活动类型', '3', '6', '0', '1', 'both', '0',  '1', NOW(), '1', NOW(), '0'),
('57c2d0a6-49f0-354e-8495-addcafe9f366','f377ce62-64a5-5c43-b1b0-0493e04c19d5', 'field', 'ab34d7a1-5ed9-11e6-aa69-5cc5d4d378cb', '活动主题', '4', '6', '1', '0', 'both', '0',  '1', NOW(), '1', NOW(), '0'),
('4ffdcd27-0a24-f341-8f45-12b888b0822a','f377ce62-64a5-5c43-b1b0-0493e04c19d5', 'field', 'aa05cd80-5ed9-11e6-9861-5cc5d4d378cb', '开始时间', '5', '6', '1', '0', 'both', '0',  '1', NOW(), '1', NOW(), '0'),
('0c4362e0-0e30-eb43-a969-812b2a183150','f377ce62-64a5-5c43-b1b0-0493e04c19d5', 'field', 'aa95634f-5ed9-11e6-a265-5cc5d4d378cb', '结束时间', '6', '6', '1', '0', 'both', '0',  '1', NOW(), '1', NOW(), '0'),
('5c60b647-7904-9f47-b44f-f7f3f1ff2e16','f377ce62-64a5-5c43-b1b0-0493e04c19d5', 'field', 'ad992d70-5ed9-11e6-9986-5cc5d4d378cb', '医院', '7', '6', '1', '0', 'both', '0',  '1', NOW(), '1', NOW(), '0'),
('572d85e6-5b92-9341-bd64-fbd061d74c57','f377ce62-64a5-5c43-b1b0-0493e04c19d5', 'field', '4c4c5ec2-9225-4a92-b574-08af14ed4835', '活动科室', '8', '6', '1', '0', 'both', '0',  '1', NOW(), '1', NOW(), '0'),
('146eed8e-6d56-b845-a556-12dfe3e8f48e','f377ce62-64a5-5c43-b1b0-0493e04c19d5', 'field', 'b021fb30-5ed9-11e6-876b-5cc5d4d378cb', '活动城市', '9', '6', '1', '0', 'both', '0',  '1', NOW(), '1', NOW(), '0'),
('de8aa0ff-b5ad-cb44-8ae9-66efc36a96c7','f377ce62-64a5-5c43-b1b0-0493e04c19d5', 'field', 'a8e59070-5ed9-11e6-9c89-5cc5d4d378cb', '活动地点', '10', '6', '0', '0', 'both', '0',  '1', NOW(), '1', NOW(), '0'),
('10ed281e-a527-6941-9651-715a08cdb96d','f377ce62-64a5-5c43-b1b0-0493e04c19d5', 'field', 'a848e630-6b59-11e6-9673-5cc5d4d378cb', '活动产品', '11', '6', '1', '0', 'both', '0',  '1', NOW(), '1', NOW(), '0'),
('603d6fff-9730-3a4e-a123-55316cacef3e','f377ce62-64a5-5c43-b1b0-0493e04c19d5', 'field', 'eee173de-a59d-dsac-b11b-5cc5d4d378cb', '活动讲者', '12', '6', '1', '0', 'both', '0',  '1', NOW(), '1', NOW(), '0'),
('091be7d0-188d-224f-8b02-576ede611761','f377ce62-64a5-5c43-b1b0-0493e04c19d5', 'field', 'b0b20630-5ed9-11e6-a51f-5cc5d4d378cb', '计划参会人数', '13', '6', '1', '0', 'both', '0',  '1', NOW(), '1', NOW(), '0'),
('b3342dca-77c9-ed45-aab9-9980f467290c','f377ce62-64a5-5c43-b1b0-0493e04c19d5', 'field', 'b13f03f0-5ed9-11e6-89d7-5cc5d4d378cb', '参会人数', '14', '6', '0', '1', 'both', '0',  '1', NOW(), '1', NOW(), '0'),
('f4d3a5b2-0ded-fe46-a772-743f94a07468','f377ce62-64a5-5c43-b1b0-0493e04c19d5', 'field', '42bf888f-639e-11e6-94ed-5cc5d4d378cb', '协办人', '15', '6', '0', '0', 'both', '0',  '1', NOW(), '1', NOW(), '0'),
('4881c803-5ece-fe48-af75-72ffc4436ebe','f377ce62-64a5-5c43-b1b0-0493e04c19d5', 'field', 'b1cdaf5e-5ed9-11e6-b59a-5cc5d4d378cb', '总预算', '16', '6', '1', '0', 'both', '0',  '1', NOW(), '1', NOW(), '0'),
('0ef342ba-c7a1-b444-9f00-8fe8ee93f25b','f377ce62-64a5-5c43-b1b0-0493e04c19d5', 'field', 'b26cd58f-5ed9-11e6-a0ae-5cc5d4d378cb', '总费用', '17', '6', '0', '1', 'both', '0',  '1', NOW(), '1', NOW(), '0'),
('18b2bf6b-049f-dc43-b78b-7f897acd5543','f377ce62-64a5-5c43-b1b0-0493e04c19d5', 'field', 'b303be5e-5ed9-11e6-ac63-5cc5d4d378cb', '预算报销差异率', '18', '6', '0', '1', 'both', '0',  '1', NOW(), '1', NOW(), '0'),
('56fd5bd0-d0ba-3e4f-bbd4-f6d207f83dc4','f377ce62-64a5-5c43-b1b0-0493e04c19d5', 'field', '3c79980b-ee5c-49da-8c40-38c025ba5e22', 'GPS签到和签到时间记录', '19', '6', '0', '0', 'both', '0',  '1', NOW(), '1', NOW(), '0'),
('bab1204e-56e8-a740-b456-f7e73a32ff98','f377ce62-64a5-5c43-b1b0-0493e04c19d5', 'field', '23bb2247-0e18-11e7-bb8f-e4b318c6b596', '创建人', '20', '6', '0', '1', 'both', '0',  '1', NOW(), '1', NOW(), '0'),
('0a652409-fef4-1a40-b3a4-69f3cea77cc4','f377ce62-64a5-5c43-b1b0-0493e04c19d5', 'field', '23bb2245-0e18-11e7-8254-e4b318c6b596', '创建时间', '21', '6', '0', '1', 'both', '0',  '1', NOW(), '1', NOW(), '0'),
('68f9989e-4010-9248-af23-6f1f118fcc32','f377ce62-64a5-5c43-b1b0-0493e04c19d5', 'field', '23bb705e-0e18-11e7-b67e-e4b318c6b596', '修改人', '22', '6', '0', '1', 'both', '0',  '1', NOW(), '1', NOW(), '0'),
('d6772462-bcf2-1140-a73b-2bc50f44e8cd','f377ce62-64a5-5c43-b1b0-0493e04c19d5', 'field', '23bb2246-0e18-11e7-8147-e4b318c6b596', '最后修改时间', '23', '6', '0', '1', 'both', '0',  '1', NOW(), '1', NOW(), '0'),
('2ab534b3-1fe8-b248-8085-1e56f5f3c755','f377ce62-64a5-5c43-b1b0-0493e04c19d5', 'field', '8f3b8f73-e368-11e9-b9aa-0298a739dec0', '创建人所属辖区', '24', '6', '0', '1', 'view', '0',  '1', NOW(), '1', NOW(), '0'),
('e909594e-7e8a-e445-bd64-22314d84fe09','f377ce62-64a5-5c43-b1b0-0493e04c19d5', 'field', 'b39269cf-5ed9-11e6-80c4-5cc5d4d378cb', '参会率', '25', '6', '0', '1', 'view', '0',  '1', NOW(), '1', NOW(), '0');

INSERT INTO `page_layout_fields` (`id`, `page_layout_id`, `type`, `object_field_id`, `label`, `order`, `colspan`, `is_mandatory`, `is_readonly`, `display_mode`, `deleted`, `created_by`, `created_on`, `modified_by`, `modified_on`, `is_with_stars_mask`) VALUES 
('1898edd4-4f73-954c-87eb-90545aeb3e3c','a735c219-2d68-2e46-b913-31ef38dd68f5', 'field', 'eee173de-a59d-11e6-b11b-5cc5d4d378cb', '活动编码', '0', '6', '0', '1', 'both', '0',  '1', NOW(), '1', NOW(), '0'),
('2f2488af-5e8b-a24e-b8a1-b4c7b25cc2ff','a735c219-2d68-2e46-b913-31ef38dd68f5', 'field', 'a84e8091-5ed9-11e6-a879-5cc5d4d378cb', '活动状态', '1', '6', '0', '1', 'both', '0',  '1', NOW(), '1', NOW(), '0'),
('07918767-7873-e84f-8248-c59c0ea4b3ff','a735c219-2d68-2e46-b913-31ef38dd68f5', 'field', 'a714c811-5ed9-11e6-b12b-5cc5d4d378cb', '活动名称', '2', '6', '1', '0', 'both', '0',  '1', NOW(), '1', NOW(), '0'),
('8b4b5989-ae4a-7442-8184-410c41221937','a735c219-2d68-2e46-b913-31ef38dd68f5', 'field', 'a7b7e5e1-5ed9-11e6-933b-5cc5d4d378cb', '活动类型', '3', '6', '0', '1', 'both', '0',  '1', NOW(), '1', NOW(), '0'),
('84ea821a-74d3-374a-8689-7959018e6cef','a735c219-2d68-2e46-b913-31ef38dd68f5', 'field', 'ab34d7a1-5ed9-11e6-aa69-5cc5d4d378cb', '活动主题', '4', '6', '1', '0', 'both', '0',  '1', NOW(), '1', NOW(), '0'),
('024be9c2-3099-3d48-9aaf-fda9dcd90e08','a735c219-2d68-2e46-b913-31ef38dd68f5', 'field', 'aa05cd80-5ed9-11e6-9861-5cc5d4d378cb', '开始时间', '5', '6', '1', '0', 'both', '0',  '1', NOW(), '1', NOW(), '0'),
('45e7ed56-fd58-b143-88c6-5bcf7ec5f537','a735c219-2d68-2e46-b913-31ef38dd68f5', 'field', 'aa95634f-5ed9-11e6-a265-5cc5d4d378cb', '结束时间', '6', '6', '1', '0', 'both', '0',  '1', NOW(), '1', NOW(), '0'),
('291d77cb-2208-9545-af30-5bdf06d74f11','a735c219-2d68-2e46-b913-31ef38dd68f5', 'field', 'ad992d70-5ed9-11e6-9986-5cc5d4d378cb', '医院', '7', '6', '1', '0', 'both', '0',  '1', NOW(), '1', NOW(), '0'),
('eb3475e1-9d1e-1249-aec6-b6e0b1661f89','a735c219-2d68-2e46-b913-31ef38dd68f5', 'field', '4c4c5ec2-9225-4a92-b574-08af14ed4835', '活动科室', '8', '6', '1', '0', 'both', '0',  '1', NOW(), '1', NOW(), '0'),
('251417b8-c1eb-164c-96c0-91ea54a12c38','a735c219-2d68-2e46-b913-31ef38dd68f5', 'field', 'b021fb30-5ed9-11e6-876b-5cc5d4d378cb', '活动城市', '9', '6', '1', '0', 'both', '0',  '1', NOW(), '1', NOW(), '0'),
('e7b1eb31-728f-034b-b6a5-76f3567ca18b','a735c219-2d68-2e46-b913-31ef38dd68f5', 'field', 'a8e59070-5ed9-11e6-9c89-5cc5d4d378cb', '活动地点', '10', '6', '0', '0', 'both', '0',  '1', NOW(), '1', NOW(), '0'),
('511d4946-8436-1041-9524-7de9184e0a25','a735c219-2d68-2e46-b913-31ef38dd68f5', 'field', 'a848e630-6b59-11e6-9673-5cc5d4d378cb', '活动产品', '11', '6', '1', '0', 'both', '0',  '1', NOW(), '1', NOW(), '0'),
('71913e23-039d-a74e-a901-fec8ff328e2a','a735c219-2d68-2e46-b913-31ef38dd68f5', 'field', 'eee173de-a59d-dsac-b11b-5cc5d4d378cb', '活动讲者', '12', '6', '1', '0', 'both', '0',  '1', NOW(), '1', NOW(), '0'),
('71a2bbc6-dbf8-f24c-9908-af68075a42db','a735c219-2d68-2e46-b913-31ef38dd68f5', 'field', 'b0b20630-5ed9-11e6-a51f-5cc5d4d378cb', '计划参会人数', '13', '6', '1', '0', 'both', '0',  '1', NOW(), '1', NOW(), '0'),
('cd00bdd1-a4a8-d346-96d0-f73a2ed9e2a3','a735c219-2d68-2e46-b913-31ef38dd68f5', 'field', 'b13f03f0-5ed9-11e6-89d7-5cc5d4d378cb', '参会人数', '14', '6', '0', '1', 'both', '0',  '1', NOW(), '1', NOW(), '0'),
('3aad4657-700d-8843-bb0e-7f5b698a741f','a735c219-2d68-2e46-b913-31ef38dd68f5', 'field', '42bf888f-639e-11e6-94ed-5cc5d4d378cb', '协办人', '15', '6', '0', '0', 'both', '0',  '1', NOW(), '1', NOW(), '0'),
('68205f91-6083-d241-819c-1d2d13eec8c9','a735c219-2d68-2e46-b913-31ef38dd68f5', 'field', 'b1cdaf5e-5ed9-11e6-b59a-5cc5d4d378cb', '总预算', '16', '6', '1', '0', 'both', '0',  '1', NOW(), '1', NOW(), '0'),
('79135b8c-bead-014e-be6b-02da1fa6f38d','a735c219-2d68-2e46-b913-31ef38dd68f5', 'field', 'b26cd58f-5ed9-11e6-a0ae-5cc5d4d378cb', '总费用', '17', '6', '0', '1', 'both', '0',  '1', NOW(), '1', NOW(), '0'),
('9bed1b50-c949-4844-b490-19262b76a71d','a735c219-2d68-2e46-b913-31ef38dd68f5', 'field', 'b303be5e-5ed9-11e6-ac63-5cc5d4d378cb', '预算报销差异率', '18', '6', '0', '1', 'both', '0',  '1', NOW(), '1', NOW(), '0'),
('8695109f-2911-204b-b6d2-bcc2a477da14','a735c219-2d68-2e46-b913-31ef38dd68f5', 'field', '3c79980b-ee5c-49da-8c40-38c025ba5e22', 'GPS签到和签到时间记录', '19', '6', '0', '0', 'both', '0',  '1', NOW(), '1', NOW(), '0'),
('758fe2e9-629c-3342-bd3f-74ead04ba7ab','a735c219-2d68-2e46-b913-31ef38dd68f5', 'field', '23bb2247-0e18-11e7-bb8f-e4b318c6b596', '创建人', '20', '6', '0', '1', 'both', '0',  '1', NOW(), '1', NOW(), '0'),
('9578c2aa-6c43-e346-8d21-e47a445f8caa','a735c219-2d68-2e46-b913-31ef38dd68f5', 'field', '23bb2245-0e18-11e7-8254-e4b318c6b596', '创建时间', '21', '6', '0', '1', 'both', '0',  '1', NOW(), '1', NOW(), '0'),
('0f59d29b-10d4-5844-9d72-eba251216cd4','a735c219-2d68-2e46-b913-31ef38dd68f5', 'field', '23bb705e-0e18-11e7-b67e-e4b318c6b596', '修改人', '22', '6', '0', '1', 'both', '0',  '1', NOW(), '1', NOW(), '0'),
('5d533bf7-bdb7-5946-be37-ff8e4a85f0bc','a735c219-2d68-2e46-b913-31ef38dd68f5', 'field', '23bb2246-0e18-11e7-8147-e4b318c6b596', '最后修改时间', '23', '6', '0', '1', 'both', '0',  '1', NOW(), '1', NOW(), '0'),
('3eef0b4b-0a92-ad49-b0b8-959e507bcffd','a735c219-2d68-2e46-b913-31ef38dd68f5', 'field', '8f3b8f73-e368-11e9-b9aa-0298a739dec0', '创建人所属辖区', '24', '6', '0', '1', 'view', '0',  '1', NOW(), '1', NOW(), '0'),
('99e845f4-9182-6a48-8f1c-10ed3036b2e0','a735c219-2d68-2e46-b913-31ef38dd68f5', 'field', 'b39269cf-5ed9-11e6-80c4-5cc5d4d378cb', '参会率', '25', '6', '0', '1', 'view', '0',  '1', NOW(), '1', NOW(), '0');

INSERT INTO `page_layout_fields` (`id`, `page_layout_id`, `type`, `object_field_id`, `label`, `order`, `colspan`, `is_mandatory`, `is_readonly`, `display_mode`, `deleted`, `created_by`, `created_on`, `modified_by`, `modified_on`, `is_with_stars_mask`) VALUES 
('cf7c9da9-ab31-d542-81c3-88a045866a5c','c6ad68cd-c3cf-a641-8c9b-33a0a6d65ae4', 'field', 'eee173de-a59d-11e6-b11b-5cc5d4d378cb', '活动编码', '0', '6', '0', '1', 'both', '0',  '1', NOW(), '1', NOW(), '0'),
('2dc28b8f-39f7-2246-bdec-1a7bee6f2a30','c6ad68cd-c3cf-a641-8c9b-33a0a6d65ae4', 'field', 'a84e8091-5ed9-11e6-a879-5cc5d4d378cb', '活动状态', '1', '6', '0', '1', 'both', '0',  '1', NOW(), '1', NOW(), '0'),
('0b320b7a-80b4-ff46-bce7-7ddb1ceaab04','c6ad68cd-c3cf-a641-8c9b-33a0a6d65ae4', 'field', 'a714c811-5ed9-11e6-b12b-5cc5d4d378cb', '活动名称', '2', '6', '1', '0', 'both', '0',  '1', NOW(), '1', NOW(), '0'),
('fdcfa0a2-90f2-564e-8423-40ae2ab646f0','c6ad68cd-c3cf-a641-8c9b-33a0a6d65ae4', 'field', 'a7b7e5e1-5ed9-11e6-933b-5cc5d4d378cb', '活动类型', '3', '6', '0', '1', 'both', '0',  '1', NOW(), '1', NOW(), '0'),
('f4cbce75-51c9-ee42-8739-123dd4383ba2','c6ad68cd-c3cf-a641-8c9b-33a0a6d65ae4', 'field', 'ab34d7a1-5ed9-11e6-aa69-5cc5d4d378cb', '活动主题', '4', '6', '1', '0', 'both', '0',  '1', NOW(), '1', NOW(), '0'),
('02509120-93ec-a544-82ec-d58d6f5d91f9','c6ad68cd-c3cf-a641-8c9b-33a0a6d65ae4', 'field', 'aa05cd80-5ed9-11e6-9861-5cc5d4d378cb', '开始时间', '5', '6', '1', '0', 'both', '0',  '1', NOW(), '1', NOW(), '0'),
('9ce65aa8-55ed-fc4b-b714-6bb927fc90ca','c6ad68cd-c3cf-a641-8c9b-33a0a6d65ae4', 'field', 'aa95634f-5ed9-11e6-a265-5cc5d4d378cb', '结束时间', '6', '6', '1', '0', 'both', '0',  '1', NOW(), '1', NOW(), '0'),
('94640b45-47d0-2b48-8c64-fe3733d7b825','c6ad68cd-c3cf-a641-8c9b-33a0a6d65ae4', 'field', 'ad992d70-5ed9-11e6-9986-5cc5d4d378cb', '医院', '7', '6', '1', '0', 'both', '0',  '1', NOW(), '1', NOW(), '0'),
('2c25dec6-bfa5-7c4a-8c64-1b260fab6ddf','c6ad68cd-c3cf-a641-8c9b-33a0a6d65ae4', 'field', '4c4c5ec2-9225-4a92-b574-08af14ed4835', '活动科室', '8', '6', '1', '0', 'both', '0',  '1', NOW(), '1', NOW(), '0'),
('1f27b454-3c4a-7a4e-85d3-0d5e3f6f203e','c6ad68cd-c3cf-a641-8c9b-33a0a6d65ae4', 'field', 'b021fb30-5ed9-11e6-876b-5cc5d4d378cb', '活动城市', '9', '6', '1', '0', 'both', '0',  '1', NOW(), '1', NOW(), '0'),
('ea472bc7-ad72-0e4f-bca7-5540717e0c45','c6ad68cd-c3cf-a641-8c9b-33a0a6d65ae4', 'field', 'a8e59070-5ed9-11e6-9c89-5cc5d4d378cb', '活动地点', '10', '6', '0', '0', 'both', '0',  '1', NOW(), '1', NOW(), '0'),
('b7f84446-f36e-d640-acae-cbf4278e98bc','c6ad68cd-c3cf-a641-8c9b-33a0a6d65ae4', 'field', 'a848e630-6b59-11e6-9673-5cc5d4d378cb', '活动产品', '11', '6', '1', '0', 'both', '0',  '1', NOW(), '1', NOW(), '0'),
('68b843f7-ba9d-5644-8427-27073810d42f','c6ad68cd-c3cf-a641-8c9b-33a0a6d65ae4', 'field', 'eee173de-a59d-dsac-b11b-5cc5d4d378cb', '活动讲者', '12', '6', '1', '0', 'both', '0',  '1', NOW(), '1', NOW(), '0'),
('b25aaf8f-7c09-284a-8cc3-c243fe8df030','c6ad68cd-c3cf-a641-8c9b-33a0a6d65ae4', 'field', 'b0b20630-5ed9-11e6-a51f-5cc5d4d378cb', '计划参会人数', '13', '6', '1', '0', 'both', '0',  '1', NOW(), '1', NOW(), '0'),
('47477e32-95c2-2848-8d19-738a6a896bfd','c6ad68cd-c3cf-a641-8c9b-33a0a6d65ae4', 'field', 'b13f03f0-5ed9-11e6-89d7-5cc5d4d378cb', '参会人数', '14', '6', '0', '1', 'both', '0',  '1', NOW(), '1', NOW(), '0'),
('f8bc2d05-d179-9c4c-b978-f18287c509fc','c6ad68cd-c3cf-a641-8c9b-33a0a6d65ae4', 'field', '42bf888f-639e-11e6-94ed-5cc5d4d378cb', '协办人', '15', '6', '0', '0', 'both', '0',  '1', NOW(), '1', NOW(), '0'),
('93655622-4527-ba4b-992a-af740dbca4de','c6ad68cd-c3cf-a641-8c9b-33a0a6d65ae4', 'field', 'b1cdaf5e-5ed9-11e6-b59a-5cc5d4d378cb', '总预算', '16', '6', '1', '0', 'both', '0',  '1', NOW(), '1', NOW(), '0'),
('3e471641-9561-7b42-b28f-6f3c163d449d','c6ad68cd-c3cf-a641-8c9b-33a0a6d65ae4', 'field', 'b26cd58f-5ed9-11e6-a0ae-5cc5d4d378cb', '总费用', '17', '6', '0', '1', 'both', '0',  '1', NOW(), '1', NOW(), '0'),
('79a21b18-9970-1f4a-828a-d5b86b2594a8','c6ad68cd-c3cf-a641-8c9b-33a0a6d65ae4', 'field', 'b303be5e-5ed9-11e6-ac63-5cc5d4d378cb', '预算报销差异率', '18', '6', '0', '1', 'both', '0',  '1', NOW(), '1', NOW(), '0'),
('c8d3da15-62f7-de44-aacc-b81e00b07663','c6ad68cd-c3cf-a641-8c9b-33a0a6d65ae4', 'field', '3c79980b-ee5c-49da-8c40-38c025ba5e22', 'GPS签到和签到时间记录', '19', '6', '0', '0', 'both', '0',  '1', NOW(), '1', NOW(), '0'),
('4cafbb53-bfc2-0243-972d-2fcd6ee2d326','c6ad68cd-c3cf-a641-8c9b-33a0a6d65ae4', 'field', '23bb2247-0e18-11e7-bb8f-e4b318c6b596', '创建人', '20', '6', '0', '1', 'both', '0',  '1', NOW(), '1', NOW(), '0'),
('05d9e813-e8c1-7b40-aa92-f455cf8171c2','c6ad68cd-c3cf-a641-8c9b-33a0a6d65ae4', 'field', '23bb2245-0e18-11e7-8254-e4b318c6b596', '创建时间', '21', '6', '0', '1', 'both', '0',  '1', NOW(), '1', NOW(), '0'),
('abbc2548-8212-124a-bc67-3e2e1d46ee6d','c6ad68cd-c3cf-a641-8c9b-33a0a6d65ae4', 'field', '23bb705e-0e18-11e7-b67e-e4b318c6b596', '修改人', '22', '6', '0', '1', 'both', '0',  '1', NOW(), '1', NOW(), '0'),
('c9acabed-b333-b446-ae9a-a4c5d2e9d300','c6ad68cd-c3cf-a641-8c9b-33a0a6d65ae4', 'field', '23bb2246-0e18-11e7-8147-e4b318c6b596', '最后修改时间', '23', '6', '0', '1', 'both', '0',  '1', NOW(), '1', NOW(), '0'),
('47008ebd-2530-ce44-a3d1-d51e9b87489b','c6ad68cd-c3cf-a641-8c9b-33a0a6d65ae4', 'field', '8f3b8f73-e368-11e9-b9aa-0298a739dec0', '创建人所属辖区', '24', '6', '0', '1', 'view', '0',  '1', NOW(), '1', NOW(), '0'),
('c50cc884-debe-2b40-8911-e2f2ff1adf91','c6ad68cd-c3cf-a641-8c9b-33a0a6d65ae4', 'field', 'b39269cf-5ed9-11e6-80c4-5cc5d4d378cb', '参会率', '25', '6', '0', '1', 'view', '0',  '1', NOW(), '1', NOW(), '0');

INSERT INTO `page_layout_fields` (`id`, `page_layout_id`, `type`, `object_field_id`, `label`, `order`, `colspan`, `is_mandatory`, `is_readonly`, `display_mode`, `deleted`, `created_by`, `created_on`, `modified_by`, `modified_on`, `is_with_stars_mask`) VALUES 
('5eac8d01-9841-fd42-bb6b-937fb5478acb','049ef085-70a3-284b-84df-1b85ce5796e5', 'field', 'eee173de-a59d-11e6-b11b-5cc5d4d378cb', '活动编码', '0', '6', '0', '1', 'both', '0',  '1', NOW(), '1', NOW(), '0'),
('1355daae-73da-c242-9a8f-3eb7e4955959','049ef085-70a3-284b-84df-1b85ce5796e5', 'field', 'a84e8091-5ed9-11e6-a879-5cc5d4d378cb', '活动状态', '1', '6', '0', '1', 'both', '0',  '1', NOW(), '1', NOW(), '0'),
('66d2c116-13c1-c949-baca-22c7977b0985','049ef085-70a3-284b-84df-1b85ce5796e5', 'field', 'a714c811-5ed9-11e6-b12b-5cc5d4d378cb', '活动名称', '2', '6', '1', '0', 'both', '0',  '1', NOW(), '1', NOW(), '0'),
('753ade6d-54d4-dd4f-9885-7952a80d125f','049ef085-70a3-284b-84df-1b85ce5796e5', 'field', 'a7b7e5e1-5ed9-11e6-933b-5cc5d4d378cb', '活动类型', '3', '6', '0', '1', 'both', '0',  '1', NOW(), '1', NOW(), '0'),
('54ac3fa1-6603-6c47-ac70-00da218fef5e','049ef085-70a3-284b-84df-1b85ce5796e5', 'field', 'ab34d7a1-5ed9-11e6-aa69-5cc5d4d378cb', '活动主题', '4', '6', '1', '0', 'both', '0',  '1', NOW(), '1', NOW(), '0'),
('4968e2fc-df8c-594b-9dc9-1ab266c67f70','049ef085-70a3-284b-84df-1b85ce5796e5', 'field', 'aa05cd80-5ed9-11e6-9861-5cc5d4d378cb', '开始时间', '5', '6', '1', '0', 'both', '0',  '1', NOW(), '1', NOW(), '0'),
('164ed904-2592-ea49-8830-f794df0d575e','049ef085-70a3-284b-84df-1b85ce5796e5', 'field', 'aa95634f-5ed9-11e6-a265-5cc5d4d378cb', '结束时间', '6', '6', '1', '0', 'both', '0',  '1', NOW(), '1', NOW(), '0'),
('83b3b94a-5fcc-b745-96e9-80d109d27d57','049ef085-70a3-284b-84df-1b85ce5796e5', 'field', 'ad992d70-5ed9-11e6-9986-5cc5d4d378cb', '医院', '7', '6', '1', '0', 'both', '0',  '1', NOW(), '1', NOW(), '0'),
('6e5fe70b-85a7-cc40-adca-60ce9633f4f0','049ef085-70a3-284b-84df-1b85ce5796e5', 'field', '4c4c5ec2-9225-4a92-b574-08af14ed4835', '活动科室', '8', '6', '1', '0', 'both', '0',  '1', NOW(), '1', NOW(), '0'),
('e152b4bb-f7d5-154b-9b26-77308a8c8bcc','049ef085-70a3-284b-84df-1b85ce5796e5', 'field', 'b021fb30-5ed9-11e6-876b-5cc5d4d378cb', '活动城市', '9', '6', '1', '0', 'both', '0',  '1', NOW(), '1', NOW(), '0'),
('e286e1ea-712e-954e-ac89-88a118cd753d','049ef085-70a3-284b-84df-1b85ce5796e5', 'field', 'a8e59070-5ed9-11e6-9c89-5cc5d4d378cb', '活动地点', '10', '6', '0', '0', 'both', '0',  '1', NOW(), '1', NOW(), '0'),
('4c28262b-ae20-6641-9f89-7d81b862372e','049ef085-70a3-284b-84df-1b85ce5796e5', 'field', 'a848e630-6b59-11e6-9673-5cc5d4d378cb', '活动产品', '11', '6', '1', '0', 'both', '0',  '1', NOW(), '1', NOW(), '0'),
('34b94b5f-3adb-e445-b89c-68bb0f8901df','049ef085-70a3-284b-84df-1b85ce5796e5', 'field', 'eee173de-a59d-dsac-b11b-5cc5d4d378cb', '活动讲者', '12', '6', '1', '0', 'both', '0',  '1', NOW(), '1', NOW(), '0'),
('4a457698-38b7-9b44-b4ed-bc8a27e7eae5','049ef085-70a3-284b-84df-1b85ce5796e5', 'field', 'b0b20630-5ed9-11e6-a51f-5cc5d4d378cb', '计划参会人数', '13', '6', '1', '0', 'both', '0',  '1', NOW(), '1', NOW(), '0'),
('9e88e4c3-9a80-8c45-a30b-3b264c6919bf','049ef085-70a3-284b-84df-1b85ce5796e5', 'field', 'b13f03f0-5ed9-11e6-89d7-5cc5d4d378cb', '参会人数', '14', '6', '0', '1', 'both', '0',  '1', NOW(), '1', NOW(), '0'),
('4aaa790e-2655-a34b-8367-28c555e7df82','049ef085-70a3-284b-84df-1b85ce5796e5', 'field', '42bf888f-639e-11e6-94ed-5cc5d4d378cb', '协办人', '15', '6', '0', '0', 'both', '0',  '1', NOW(), '1', NOW(), '0'),
('aaddaac6-6991-2e42-8ac1-ad4a80fab4bb','049ef085-70a3-284b-84df-1b85ce5796e5', 'field', 'b1cdaf5e-5ed9-11e6-b59a-5cc5d4d378cb', '总预算', '16', '6', '1', '0', 'both', '0',  '1', NOW(), '1', NOW(), '0'),
('bc10e460-e6bb-7444-aaa7-5207551f70ba','049ef085-70a3-284b-84df-1b85ce5796e5', 'field', 'b26cd58f-5ed9-11e6-a0ae-5cc5d4d378cb', '总费用', '17', '6', '0', '1', 'both', '0',  '1', NOW(), '1', NOW(), '0'),
('f0235a45-264f-b24c-89bf-3dbd139f2a7b','049ef085-70a3-284b-84df-1b85ce5796e5', 'field', 'b303be5e-5ed9-11e6-ac63-5cc5d4d378cb', '预算报销差异率', '18', '6', '0', '1', 'both', '0',  '1', NOW(), '1', NOW(), '0'),
('0331a0e6-7956-5340-8425-73894bc19f4b','049ef085-70a3-284b-84df-1b85ce5796e5', 'field', '3c79980b-ee5c-49da-8c40-38c025ba5e22', 'GPS签到和签到时间记录', '19', '6', '0', '0', 'both', '0',  '1', NOW(), '1', NOW(), '0'),
('63416864-576e-e946-aa41-bd3be2cea681','049ef085-70a3-284b-84df-1b85ce5796e5', 'field', '23bb2247-0e18-11e7-bb8f-e4b318c6b596', '创建人', '20', '6', '0', '1', 'both', '0',  '1', NOW(), '1', NOW(), '0'),
('e6e38304-8568-4a48-b7a0-1018411e782c','049ef085-70a3-284b-84df-1b85ce5796e5', 'field', '23bb2245-0e18-11e7-8254-e4b318c6b596', '创建时间', '21', '6', '0', '1', 'both', '0',  '1', NOW(), '1', NOW(), '0'),
('aa7bb26e-76fc-764c-b117-4875ba078b37','049ef085-70a3-284b-84df-1b85ce5796e5', 'field', '23bb705e-0e18-11e7-b67e-e4b318c6b596', '修改人', '22', '6', '0', '1', 'both', '0',  '1', NOW(), '1', NOW(), '0'),
('52eb8500-702d-3747-909e-faca4cc4dcd7','049ef085-70a3-284b-84df-1b85ce5796e5', 'field', '23bb2246-0e18-11e7-8147-e4b318c6b596', '最后修改时间', '23', '6', '0', '1', 'both', '0',  '1', NOW(), '1', NOW(), '0'),
('1475a052-2819-df4c-b1a1-aeb3a3de8b88','049ef085-70a3-284b-84df-1b85ce5796e5', 'field', '8f3b8f73-e368-11e9-b9aa-0298a739dec0', '创建人所属辖区', '24', '6', '0', '1', 'view', '0',  '1', NOW(), '1', NOW(), '0'),
('d8b1b74f-abe0-9e43-aaa0-cae9175e1613','049ef085-70a3-284b-84df-1b85ce5796e5', 'field', 'b39269cf-5ed9-11e6-80c4-5cc5d4d378cb', '参会率', '25', '6', '0', '1', 'view', '0',  '1', NOW(), '1', NOW(), '0');

INSERT INTO `page_layout_fields` (`id`, `page_layout_id`, `type`, `object_field_id`, `label`, `order`, `colspan`, `is_mandatory`, `is_readonly`, `display_mode`, `deleted`, `created_by`, `created_on`, `modified_by`, `modified_on`, `is_with_stars_mask`) VALUES 
('b030f253-a503-554b-b056-f794ad75eb67','d4193b23-f42a-d34f-ab0c-b3a348291fc9', 'field', 'eee173de-a59d-11e6-b11b-5cc5d4d378cb', '活动编码', '0', '6', '0', '1', 'both', '0',  '1', NOW(), '1', NOW(), '0'),
('15649312-ef1b-c846-8804-93d62c47fee0','d4193b23-f42a-d34f-ab0c-b3a348291fc9', 'field', 'a84e8091-5ed9-11e6-a879-5cc5d4d378cb', '活动状态', '1', '6', '0', '1', 'both', '0',  '1', NOW(), '1', NOW(), '0'),
('0dbd94dd-a71c-8945-b0d5-34c83ea237b2','d4193b23-f42a-d34f-ab0c-b3a348291fc9', 'field', 'a714c811-5ed9-11e6-b12b-5cc5d4d378cb', '活动名称', '2', '6', '1', '0', 'both', '0',  '1', NOW(), '1', NOW(), '0'),
('43a434af-df14-e241-a5f7-f6c30b38bd71','d4193b23-f42a-d34f-ab0c-b3a348291fc9', 'field', 'a7b7e5e1-5ed9-11e6-933b-5cc5d4d378cb', '活动类型', '3', '6', '0', '1', 'both', '0',  '1', NOW(), '1', NOW(), '0'),
('dfce6b9a-2138-9a4b-9c73-30d06cef68b3','d4193b23-f42a-d34f-ab0c-b3a348291fc9', 'field', 'ab34d7a1-5ed9-11e6-aa69-5cc5d4d378cb', '活动主题', '4', '6', '1', '0', 'both', '0',  '1', NOW(), '1', NOW(), '0'),
('87b26f61-85e4-264c-99fa-486476168a37','d4193b23-f42a-d34f-ab0c-b3a348291fc9', 'field', 'aa05cd80-5ed9-11e6-9861-5cc5d4d378cb', '开始时间', '5', '6', '1', '0', 'both', '0',  '1', NOW(), '1', NOW(), '0'),
('c2961dc4-8f3a-4e45-b6b1-97ad782a33c2','d4193b23-f42a-d34f-ab0c-b3a348291fc9', 'field', 'aa95634f-5ed9-11e6-a265-5cc5d4d378cb', '结束时间', '6', '6', '1', '0', 'both', '0',  '1', NOW(), '1', NOW(), '0'),
('a648eb74-6ad9-a54a-ace0-0bfe9a269370','d4193b23-f42a-d34f-ab0c-b3a348291fc9', 'field', 'ad992d70-5ed9-11e6-9986-5cc5d4d378cb', '医院', '7', '6', '1', '0', 'both', '0',  '1', NOW(), '1', NOW(), '0'),
('12e603ea-63c1-1442-864a-1b7144c78e14','d4193b23-f42a-d34f-ab0c-b3a348291fc9', 'field', '4c4c5ec2-9225-4a92-b574-08af14ed4835', '活动科室', '8', '6', '1', '0', 'both', '0',  '1', NOW(), '1', NOW(), '0'),
('15db7a99-0a1d-194a-9410-cc2df5e85188','d4193b23-f42a-d34f-ab0c-b3a348291fc9', 'field', 'b021fb30-5ed9-11e6-876b-5cc5d4d378cb', '活动城市', '9', '6', '1', '0', 'both', '0',  '1', NOW(), '1', NOW(), '0'),
('cbd8fe0d-1b71-5840-8516-278c46c80dbf','d4193b23-f42a-d34f-ab0c-b3a348291fc9', 'field', 'a8e59070-5ed9-11e6-9c89-5cc5d4d378cb', '活动地点', '10', '6', '0', '0', 'both', '0',  '1', NOW(), '1', NOW(), '0'),
('18329e79-c87b-564b-8f61-156c43e9febc','d4193b23-f42a-d34f-ab0c-b3a348291fc9', 'field', 'a848e630-6b59-11e6-9673-5cc5d4d378cb', '活动产品', '11', '6', '1', '0', 'both', '0',  '1', NOW(), '1', NOW(), '0'),
('f8043206-ab50-c945-83cd-958bf4aa62f1','d4193b23-f42a-d34f-ab0c-b3a348291fc9', 'field', 'eee173de-a59d-dsac-b11b-5cc5d4d378cb', '活动讲者', '12', '6', '1', '0', 'both', '0',  '1', NOW(), '1', NOW(), '0'),
('724eb302-947f-e944-9f57-b4619fc19b9c','d4193b23-f42a-d34f-ab0c-b3a348291fc9', 'field', 'b0b20630-5ed9-11e6-a51f-5cc5d4d378cb', '计划参会人数', '13', '6', '1', '0', 'both', '0',  '1', NOW(), '1', NOW(), '0'),
('5512ea47-2b27-3643-b1df-8c8c245bd5ef','d4193b23-f42a-d34f-ab0c-b3a348291fc9', 'field', 'b13f03f0-5ed9-11e6-89d7-5cc5d4d378cb', '参会人数', '14', '6', '0', '1', 'both', '0',  '1', NOW(), '1', NOW(), '0'),
('163155b0-adf8-174d-942d-04a71e10f7c5','d4193b23-f42a-d34f-ab0c-b3a348291fc9', 'field', '42bf888f-639e-11e6-94ed-5cc5d4d378cb', '协办人', '15', '6', '0', '0', 'both', '0',  '1', NOW(), '1', NOW(), '0'),
('3fdc0afb-c042-fa40-9457-c520bd7e539b','d4193b23-f42a-d34f-ab0c-b3a348291fc9', 'field', 'b1cdaf5e-5ed9-11e6-b59a-5cc5d4d378cb', '总预算', '16', '6', '1', '0', 'both', '0',  '1', NOW(), '1', NOW(), '0'),
('782862b8-3817-e240-ac5a-c58ee0ff1c4e','d4193b23-f42a-d34f-ab0c-b3a348291fc9', 'field', 'b26cd58f-5ed9-11e6-a0ae-5cc5d4d378cb', '总费用', '17', '6', '0', '1', 'both', '0',  '1', NOW(), '1', NOW(), '0'),
('d25a8ccc-a841-1e41-8f1b-376d67f62bb9','d4193b23-f42a-d34f-ab0c-b3a348291fc9', 'field', 'b303be5e-5ed9-11e6-ac63-5cc5d4d378cb', '预算报销差异率', '18', '6', '0', '1', 'both', '0',  '1', NOW(), '1', NOW(), '0'),
('b2c60c14-55fe-494c-8de1-7b1c4b0c0bde','d4193b23-f42a-d34f-ab0c-b3a348291fc9', 'field', '3c79980b-ee5c-49da-8c40-38c025ba5e22', 'GPS签到和签到时间记录', '19', '6', '0', '0', 'both', '0',  '1', NOW(), '1', NOW(), '0'),
('5a725e5f-d7e7-8144-bdb2-d6c98a108c7f','d4193b23-f42a-d34f-ab0c-b3a348291fc9', 'field', '23bb2247-0e18-11e7-bb8f-e4b318c6b596', '创建人', '20', '6', '0', '1', 'both', '0',  '1', NOW(), '1', NOW(), '0'),
('d40b4fb9-fe68-fe4d-908f-7ba9d1a155b2','d4193b23-f42a-d34f-ab0c-b3a348291fc9', 'field', '23bb2245-0e18-11e7-8254-e4b318c6b596', '创建时间', '21', '6', '0', '1', 'both', '0',  '1', NOW(), '1', NOW(), '0'),
('443abbcf-ed83-4b41-86d8-8dad9a1d91c2','d4193b23-f42a-d34f-ab0c-b3a348291fc9', 'field', '23bb705e-0e18-11e7-b67e-e4b318c6b596', '修改人', '22', '6', '0', '1', 'both', '0',  '1', NOW(), '1', NOW(), '0'),
('944168b6-10c1-1b4a-94cd-b98ff5598189','d4193b23-f42a-d34f-ab0c-b3a348291fc9', 'field', '23bb2246-0e18-11e7-8147-e4b318c6b596', '最后修改时间', '23', '6', '0', '1', 'both', '0',  '1', NOW(), '1', NOW(), '0'),
('0b672926-cbc3-8a49-92c5-b00b1e6cfe33','d4193b23-f42a-d34f-ab0c-b3a348291fc9', 'field', '8f3b8f73-e368-11e9-b9aa-0298a739dec0', '创建人所属辖区', '24', '6', '0', '1', 'view', '0',  '1', NOW(), '1', NOW(), '0'),
('d93e9702-c4b8-1b41-92c2-530bdecec184','d4193b23-f42a-d34f-ab0c-b3a348291fc9', 'field', 'b39269cf-5ed9-11e6-80c4-5cc5d4d378cb', '参会率', '25', '6', '0', '1', 'view', '0',  '1', NOW(), '1', NOW(), '0');

INSERT INTO `page_layout_fields` (`id`, `page_layout_id`, `type`, `object_field_id`, `label`, `order`, `colspan`, `is_mandatory`, `is_readonly`, `display_mode`, `deleted`, `created_by`, `created_on`, `modified_by`, `modified_on`, `is_with_stars_mask`) VALUES 
('9fb200db-44b1-5d4f-ab74-5e609b6c901c','ed489d8d-ece7-6b48-9158-4a353f257d92', 'field', 'eee173de-a59d-11e6-b11b-5cc5d4d378cb', '活动编码', '0', '6', '0', '1', 'both', '0',  '1', NOW(), '1', NOW(), '0'),
('bfaacfb4-7782-1142-ae43-5d8a7979e138','ed489d8d-ece7-6b48-9158-4a353f257d92', 'field', 'a84e8091-5ed9-11e6-a879-5cc5d4d378cb', '活动状态', '1', '6', '0', '1', 'both', '0',  '1', NOW(), '1', NOW(), '0'),
('93096598-e15a-7442-b8af-b1560324a388','ed489d8d-ece7-6b48-9158-4a353f257d92', 'field', 'a714c811-5ed9-11e6-b12b-5cc5d4d378cb', '活动名称', '2', '6', '1', '0', 'both', '0',  '1', NOW(), '1', NOW(), '0'),
('d6496e52-41e5-e440-ba67-be78fadc3672','ed489d8d-ece7-6b48-9158-4a353f257d92', 'field', 'a7b7e5e1-5ed9-11e6-933b-5cc5d4d378cb', '活动类型', '3', '6', '0', '1', 'both', '0',  '1', NOW(), '1', NOW(), '0'),
('9aee8ad6-d6f7-074f-ae67-5b02f3443495','ed489d8d-ece7-6b48-9158-4a353f257d92', 'field', 'ab34d7a1-5ed9-11e6-aa69-5cc5d4d378cb', '活动主题', '4', '6', '1', '0', 'both', '0',  '1', NOW(), '1', NOW(), '0'),
('b76f0746-4e63-504a-9646-6dfc99f4bbd7','ed489d8d-ece7-6b48-9158-4a353f257d92', 'field', 'aa05cd80-5ed9-11e6-9861-5cc5d4d378cb', '开始时间', '5', '6', '1', '0', 'both', '0',  '1', NOW(), '1', NOW(), '0'),
('e4dff641-97fa-bd42-84bc-83b27d6cbe3a','ed489d8d-ece7-6b48-9158-4a353f257d92', 'field', 'aa95634f-5ed9-11e6-a265-5cc5d4d378cb', '结束时间', '6', '6', '1', '0', 'both', '0',  '1', NOW(), '1', NOW(), '0'),
('ce9bd1e6-35f9-0e4c-8dfe-ddff1120b572','ed489d8d-ece7-6b48-9158-4a353f257d92', 'field', 'ad992d70-5ed9-11e6-9986-5cc5d4d378cb', '医院', '7', '6', '1', '0', 'both', '0',  '1', NOW(), '1', NOW(), '0'),
('5d51e231-9762-ea41-bdb9-872af2952530','ed489d8d-ece7-6b48-9158-4a353f257d92', 'field', '4c4c5ec2-9225-4a92-b574-08af14ed4835', '活动科室', '8', '6', '1', '0', 'both', '0',  '1', NOW(), '1', NOW(), '0'),
('75678bd0-0ca0-0548-83a2-1d6b52c10ec6','ed489d8d-ece7-6b48-9158-4a353f257d92', 'field', 'b021fb30-5ed9-11e6-876b-5cc5d4d378cb', '活动城市', '9', '6', '1', '0', 'both', '0',  '1', NOW(), '1', NOW(), '0'),
('87c37f75-bfc2-714c-a776-1f78465e9163','ed489d8d-ece7-6b48-9158-4a353f257d92', 'field', 'a8e59070-5ed9-11e6-9c89-5cc5d4d378cb', '活动地点', '10', '6', '0', '0', 'both', '0',  '1', NOW(), '1', NOW(), '0'),
('a97f2f0c-6cca-e443-bb43-a31b6c486faa','ed489d8d-ece7-6b48-9158-4a353f257d92', 'field', 'a848e630-6b59-11e6-9673-5cc5d4d378cb', '活动产品', '11', '6', '1', '0', 'both', '0',  '1', NOW(), '1', NOW(), '0'),
('d12f2a51-7fe6-2e40-af81-5f673bc5d4bc','ed489d8d-ece7-6b48-9158-4a353f257d92', 'field', 'eee173de-a59d-dsac-b11b-5cc5d4d378cb', '活动讲者', '12', '6', '1', '0', 'both', '0',  '1', NOW(), '1', NOW(), '0'),
('d39fc793-587e-8f4c-864c-da00acb155be','ed489d8d-ece7-6b48-9158-4a353f257d92', 'field', 'b0b20630-5ed9-11e6-a51f-5cc5d4d378cb', '计划参会人数', '13', '6', '1', '0', 'both', '0',  '1', NOW(), '1', NOW(), '0'),
('1370635c-49d7-ef4d-a192-df60e697f223','ed489d8d-ece7-6b48-9158-4a353f257d92', 'field', 'b13f03f0-5ed9-11e6-89d7-5cc5d4d378cb', '参会人数', '14', '6', '0', '1', 'both', '0',  '1', NOW(), '1', NOW(), '0'),
('014cdd3c-b778-1f48-94b9-682123305106','ed489d8d-ece7-6b48-9158-4a353f257d92', 'field', '42bf888f-639e-11e6-94ed-5cc5d4d378cb', '协办人', '15', '6', '0', '0', 'both', '0',  '1', NOW(), '1', NOW(), '0'),
('f6a8f16d-c36b-c44a-9d93-5e6c0777b184','ed489d8d-ece7-6b48-9158-4a353f257d92', 'field', 'b1cdaf5e-5ed9-11e6-b59a-5cc5d4d378cb', '总预算', '16', '6', '1', '0', 'both', '0',  '1', NOW(), '1', NOW(), '0'),
('08cf736c-e958-e841-ba0f-482aeb4adcc3','ed489d8d-ece7-6b48-9158-4a353f257d92', 'field', 'b26cd58f-5ed9-11e6-a0ae-5cc5d4d378cb', '总费用', '17', '6', '0', '1', 'both', '0',  '1', NOW(), '1', NOW(), '0'),
('39f22e4f-6025-3844-9a07-9fc166056cc1','ed489d8d-ece7-6b48-9158-4a353f257d92', 'field', 'b303be5e-5ed9-11e6-ac63-5cc5d4d378cb', '预算报销差异率', '18', '6', '0', '1', 'both', '0',  '1', NOW(), '1', NOW(), '0'),
('c860530d-7be5-c445-a815-8d4dca165c9d','ed489d8d-ece7-6b48-9158-4a353f257d92', 'field', '3c79980b-ee5c-49da-8c40-38c025ba5e22', 'GPS签到和签到时间记录', '19', '6', '0', '0', 'both', '0',  '1', NOW(), '1', NOW(), '0'),
('3d99aa37-c182-e146-83d7-63e244225199','ed489d8d-ece7-6b48-9158-4a353f257d92', 'field', '23bb2247-0e18-11e7-bb8f-e4b318c6b596', '创建人', '20', '6', '0', '1', 'both', '0',  '1', NOW(), '1', NOW(), '0'),
('20477d66-2272-a943-bee8-ef401318585b','ed489d8d-ece7-6b48-9158-4a353f257d92', 'field', '23bb2245-0e18-11e7-8254-e4b318c6b596', '创建时间', '21', '6', '0', '1', 'both', '0',  '1', NOW(), '1', NOW(), '0'),
('b6a2dbf3-bf4d-eb46-9ca5-2594057e3d3c','ed489d8d-ece7-6b48-9158-4a353f257d92', 'field', '23bb705e-0e18-11e7-b67e-e4b318c6b596', '修改人', '22', '6', '0', '1', 'both', '0',  '1', NOW(), '1', NOW(), '0'),
('1fe87176-24c1-ed4c-8899-f98a4a2f3e5a','ed489d8d-ece7-6b48-9158-4a353f257d92', 'field', '23bb2246-0e18-11e7-8147-e4b318c6b596', '最后修改时间', '23', '6', '0', '1', 'both', '0',  '1', NOW(), '1', NOW(), '0'),
('79ea3db2-f7fb-ad43-b6da-3fb691e29421','ed489d8d-ece7-6b48-9158-4a353f257d92', 'field', '8f3b8f73-e368-11e9-b9aa-0298a739dec0', '创建人所属辖区', '24', '6', '0', '1', 'view', '0',  '1', NOW(), '1', NOW(), '0'),
('034191cc-6049-5e4b-88aa-f512dfc28572','ed489d8d-ece7-6b48-9158-4a353f257d92', 'field', 'b39269cf-5ed9-11e6-80c4-5cc5d4d378cb', '参会率', '25', '6', '0', '1', 'view', '0',  '1', NOW(), '1', NOW(), '0');

INSERT INTO `page_layout_fields` (`id`, `page_layout_id`, `type`, `object_field_id`, `label`, `order`, `colspan`, `is_mandatory`, `is_readonly`, `display_mode`, `deleted`, `created_by`, `created_on`, `modified_by`, `modified_on`, `is_with_stars_mask`) VALUES 
('873321f6-9d04-e242-a8a1-c91377576e40','8fe3594e-89f6-f144-b5fa-68b2599e55cd', 'field', 'eee173de-a59d-11e6-b11b-5cc5d4d378cb', '活动编码', '0', '6', '0', '1', 'both', '0',  '1', NOW(), '1', NOW(), '0'),
('5239d5bb-c2b4-e749-89c0-fe7602df9080','8fe3594e-89f6-f144-b5fa-68b2599e55cd', 'field', 'a84e8091-5ed9-11e6-a879-5cc5d4d378cb', '活动状态', '1', '6', '0', '1', 'both', '0',  '1', NOW(), '1', NOW(), '0'),
('3f42a326-3146-6948-9c16-60fd95ec2c47','8fe3594e-89f6-f144-b5fa-68b2599e55cd', 'field', 'a714c811-5ed9-11e6-b12b-5cc5d4d378cb', '活动名称', '2', '6', '1', '0', 'both', '0',  '1', NOW(), '1', NOW(), '0'),
('23025a4e-7536-ed42-8962-acd0b15f889a','8fe3594e-89f6-f144-b5fa-68b2599e55cd', 'field', 'a7b7e5e1-5ed9-11e6-933b-5cc5d4d378cb', '活动类型', '3', '6', '0', '1', 'both', '0',  '1', NOW(), '1', NOW(), '0'),
('5a1b9d30-4f8d-974c-af2c-abf82aa98a43','8fe3594e-89f6-f144-b5fa-68b2599e55cd', 'field', 'ab34d7a1-5ed9-11e6-aa69-5cc5d4d378cb', '活动主题', '4', '6', '1', '0', 'both', '0',  '1', NOW(), '1', NOW(), '0'),
('481569fb-a8fe-9c47-b597-648d1de455ec','8fe3594e-89f6-f144-b5fa-68b2599e55cd', 'field', 'aa05cd80-5ed9-11e6-9861-5cc5d4d378cb', '开始时间', '5', '6', '1', '0', 'both', '0',  '1', NOW(), '1', NOW(), '0'),
('c4625b3a-509c-994e-9220-983de2391f9e','8fe3594e-89f6-f144-b5fa-68b2599e55cd', 'field', 'aa95634f-5ed9-11e6-a265-5cc5d4d378cb', '结束时间', '6', '6', '1', '0', 'both', '0',  '1', NOW(), '1', NOW(), '0'),
('3dccd628-ea7b-d541-ad90-6ce19633d427','8fe3594e-89f6-f144-b5fa-68b2599e55cd', 'field', 'ad992d70-5ed9-11e6-9986-5cc5d4d378cb', '医院', '7', '6', '1', '0', 'both', '0',  '1', NOW(), '1', NOW(), '0'),
('d109bfdf-7832-1b44-8aa1-597922f22bd3','8fe3594e-89f6-f144-b5fa-68b2599e55cd', 'field', '4c4c5ec2-9225-4a92-b574-08af14ed4835', '活动科室', '8', '6', '1', '0', 'both', '0',  '1', NOW(), '1', NOW(), '0'),
('2b2086e9-0f80-c946-b555-3f3fbc1fc805','8fe3594e-89f6-f144-b5fa-68b2599e55cd', 'field', 'b021fb30-5ed9-11e6-876b-5cc5d4d378cb', '活动城市', '9', '6', '1', '0', 'both', '0',  '1', NOW(), '1', NOW(), '0'),
('f0a93d1b-bc14-c240-9c2a-0a9f00ed83b2','8fe3594e-89f6-f144-b5fa-68b2599e55cd', 'field', 'a8e59070-5ed9-11e6-9c89-5cc5d4d378cb', '活动地点', '10', '6', '0', '0', 'both', '0',  '1', NOW(), '1', NOW(), '0'),
('4a0944c4-b090-544b-a0be-6f01bebe3ec5','8fe3594e-89f6-f144-b5fa-68b2599e55cd', 'field', 'a848e630-6b59-11e6-9673-5cc5d4d378cb', '活动产品', '11', '6', '1', '0', 'both', '0',  '1', NOW(), '1', NOW(), '0'),
('be65af57-844a-fc4c-8679-4a4fd37491d5','8fe3594e-89f6-f144-b5fa-68b2599e55cd', 'field', 'eee173de-a59d-dsac-b11b-5cc5d4d378cb', '活动讲者', '12', '6', '1', '0', 'both', '0',  '1', NOW(), '1', NOW(), '0'),
('ad3cc030-d6d2-6245-922f-f491c668358a','8fe3594e-89f6-f144-b5fa-68b2599e55cd', 'field', 'b0b20630-5ed9-11e6-a51f-5cc5d4d378cb', '计划参会人数', '13', '6', '1', '0', 'both', '0',  '1', NOW(), '1', NOW(), '0'),
('d3616968-e785-df4a-9aae-adf18636084c','8fe3594e-89f6-f144-b5fa-68b2599e55cd', 'field', 'b13f03f0-5ed9-11e6-89d7-5cc5d4d378cb', '参会人数', '14', '6', '0', '1', 'both', '0',  '1', NOW(), '1', NOW(), '0'),
('1a5ed801-c592-204f-9e42-d14c17f09d9a','8fe3594e-89f6-f144-b5fa-68b2599e55cd', 'field', '42bf888f-639e-11e6-94ed-5cc5d4d378cb', '协办人', '15', '6', '0', '0', 'both', '0',  '1', NOW(), '1', NOW(), '0'),
('de1529ec-cf25-5f4b-b0c8-994553ab91f0','8fe3594e-89f6-f144-b5fa-68b2599e55cd', 'field', 'b1cdaf5e-5ed9-11e6-b59a-5cc5d4d378cb', '总预算', '16', '6', '1', '0', 'both', '0',  '1', NOW(), '1', NOW(), '0'),
('f9cd4106-832e-6647-a05f-56044ab20335','8fe3594e-89f6-f144-b5fa-68b2599e55cd', 'field', 'b26cd58f-5ed9-11e6-a0ae-5cc5d4d378cb', '总费用', '17', '6', '0', '1', 'both', '0',  '1', NOW(), '1', NOW(), '0'),
('9cbe0df9-2fab-4e41-82b3-38d3c1d69a0c','8fe3594e-89f6-f144-b5fa-68b2599e55cd', 'field', 'b303be5e-5ed9-11e6-ac63-5cc5d4d378cb', '预算报销差异率', '18', '6', '0', '1', 'both', '0',  '1', NOW(), '1', NOW(), '0'),
('842350d1-4f47-6140-aeb6-f9fe73b1f187','8fe3594e-89f6-f144-b5fa-68b2599e55cd', 'field', '3c79980b-ee5c-49da-8c40-38c025ba5e22', 'GPS签到和签到时间记录', '19', '6', '0', '0', 'both', '0',  '1', NOW(), '1', NOW(), '0'),
('46828f27-013f-0e44-a97a-962f8cce15b8','8fe3594e-89f6-f144-b5fa-68b2599e55cd', 'field', '23bb2247-0e18-11e7-bb8f-e4b318c6b596', '创建人', '20', '6', '0', '1', 'both', '0',  '1', NOW(), '1', NOW(), '0'),
('34bd912e-10a2-854a-a365-cdf3308c87ee','8fe3594e-89f6-f144-b5fa-68b2599e55cd', 'field', '23bb2245-0e18-11e7-8254-e4b318c6b596', '创建时间', '21', '6', '0', '1', 'both', '0',  '1', NOW(), '1', NOW(), '0'),
('3a378743-966f-4e4a-9787-77460861083e','8fe3594e-89f6-f144-b5fa-68b2599e55cd', 'field', '23bb705e-0e18-11e7-b67e-e4b318c6b596', '修改人', '22', '6', '0', '1', 'both', '0',  '1', NOW(), '1', NOW(), '0'),
('2711fa18-474a-fc46-9eea-7eece5f700ab','8fe3594e-89f6-f144-b5fa-68b2599e55cd', 'field', '23bb2246-0e18-11e7-8147-e4b318c6b596', '最后修改时间', '23', '6', '0', '1', 'both', '0',  '1', NOW(), '1', NOW(), '0'),
('2e291aed-7b90-414d-807d-cc876a53af52','8fe3594e-89f6-f144-b5fa-68b2599e55cd', 'field', '8f3b8f73-e368-11e9-b9aa-0298a739dec0', '创建人所属辖区', '24', '6', '0', '1', 'view', '0',  '1', NOW(), '1', NOW(), '0'),
('4bfda45c-e405-5e49-9a4a-2b211b45b5ef','8fe3594e-89f6-f144-b5fa-68b2599e55cd', 'field', 'b39269cf-5ed9-11e6-80c4-5cc5d4d378cb', '参会率', '25', '6', '0', '1', 'view', '0',  '1', NOW(), '1', NOW(), '0');

INSERT INTO `page_layout_fields` (`id`, `page_layout_id`, `type`, `object_field_id`, `label`, `order`, `colspan`, `is_mandatory`, `is_readonly`, `display_mode`, `deleted`, `created_by`, `created_on`, `modified_by`, `modified_on`, `is_with_stars_mask`) VALUES 
('a35ab4f5-ba45-024f-a575-ddf48ec610e5','f2515e50-0056-d24b-847a-2cbb847eb6bb', 'field', 'eee173de-a59d-11e6-b11b-5cc5d4d378cb', '活动编码', '0', '6', '0', '1', 'both', '0',  '1', NOW(), '1', NOW(), '0'),
('40181dd5-3a89-6746-b4c9-35b183af9979','f2515e50-0056-d24b-847a-2cbb847eb6bb', 'field', 'a84e8091-5ed9-11e6-a879-5cc5d4d378cb', '活动状态', '1', '6', '0', '1', 'both', '0',  '1', NOW(), '1', NOW(), '0'),
('cdbdb646-38f6-124a-b43e-26a7ab12b0e6','f2515e50-0056-d24b-847a-2cbb847eb6bb', 'field', 'a714c811-5ed9-11e6-b12b-5cc5d4d378cb', '活动名称', '2', '6', '1', '0', 'both', '0',  '1', NOW(), '1', NOW(), '0'),
('fd95070e-6b38-5343-b16d-d60eb6c0d8b5','f2515e50-0056-d24b-847a-2cbb847eb6bb', 'field', 'a7b7e5e1-5ed9-11e6-933b-5cc5d4d378cb', '活动类型', '3', '6', '0', '1', 'both', '0',  '1', NOW(), '1', NOW(), '0'),
('654df28c-c632-c746-993b-a9f3b176e8fd','f2515e50-0056-d24b-847a-2cbb847eb6bb', 'field', 'ab34d7a1-5ed9-11e6-aa69-5cc5d4d378cb', '活动主题', '4', '6', '1', '0', 'both', '0',  '1', NOW(), '1', NOW(), '0'),
('1fb68cb0-c500-3a45-9185-186709841912','f2515e50-0056-d24b-847a-2cbb847eb6bb', 'field', 'aa05cd80-5ed9-11e6-9861-5cc5d4d378cb', '开始时间', '5', '6', '1', '0', 'both', '0',  '1', NOW(), '1', NOW(), '0'),
('45f68e06-352f-3844-a1f0-ede4b5acd3ac','f2515e50-0056-d24b-847a-2cbb847eb6bb', 'field', 'aa95634f-5ed9-11e6-a265-5cc5d4d378cb', '结束时间', '6', '6', '1', '0', 'both', '0',  '1', NOW(), '1', NOW(), '0'),
('479c0cff-c4d8-2945-a3d3-ddda82a2f00c','f2515e50-0056-d24b-847a-2cbb847eb6bb', 'field', 'ad992d70-5ed9-11e6-9986-5cc5d4d378cb', '医院', '7', '6', '1', '0', 'both', '0',  '1', NOW(), '1', NOW(), '0'),
('204a26a4-556a-0545-89e9-6e2f140ed1dc','f2515e50-0056-d24b-847a-2cbb847eb6bb', 'field', '4c4c5ec2-9225-4a92-b574-08af14ed4835', '活动科室', '8', '6', '1', '0', 'both', '0',  '1', NOW(), '1', NOW(), '0'),
('39091c9e-6ef5-164b-8584-95c7ef26468b','f2515e50-0056-d24b-847a-2cbb847eb6bb', 'field', 'b021fb30-5ed9-11e6-876b-5cc5d4d378cb', '活动城市', '9', '6', '1', '0', 'both', '0',  '1', NOW(), '1', NOW(), '0'),
('a9693f57-2c64-724b-a66f-9a22c9391d9d','f2515e50-0056-d24b-847a-2cbb847eb6bb', 'field', 'a8e59070-5ed9-11e6-9c89-5cc5d4d378cb', '活动地点', '10', '6', '0', '0', 'both', '0',  '1', NOW(), '1', NOW(), '0'),
('0a6ec871-1a50-1a4b-b4e0-45265fa0b7ad','f2515e50-0056-d24b-847a-2cbb847eb6bb', 'field', 'a848e630-6b59-11e6-9673-5cc5d4d378cb', '活动产品', '11', '6', '1', '0', 'both', '0',  '1', NOW(), '1', NOW(), '0'),
('5410510d-bf20-334a-95eb-4bbac46694f7','f2515e50-0056-d24b-847a-2cbb847eb6bb', 'field', 'eee173de-a59d-dsac-b11b-5cc5d4d378cb', '活动讲者', '12', '6', '1', '0', 'both', '0',  '1', NOW(), '1', NOW(), '0'),
('d87f315f-37be-a54e-acec-a490c3773248','f2515e50-0056-d24b-847a-2cbb847eb6bb', 'field', 'b0b20630-5ed9-11e6-a51f-5cc5d4d378cb', '计划参会人数', '13', '6', '1', '0', 'both', '0',  '1', NOW(), '1', NOW(), '0'),
('b9b269c2-ae7d-944f-a49b-b6bb73e258d2','f2515e50-0056-d24b-847a-2cbb847eb6bb', 'field', 'b13f03f0-5ed9-11e6-89d7-5cc5d4d378cb', '参会人数', '14', '6', '0', '1', 'both', '0',  '1', NOW(), '1', NOW(), '0'),
('04071393-34e2-3741-8a23-1e50c7e2917e','f2515e50-0056-d24b-847a-2cbb847eb6bb', 'field', '42bf888f-639e-11e6-94ed-5cc5d4d378cb', '协办人', '15', '6', '0', '0', 'both', '0',  '1', NOW(), '1', NOW(), '0'),
('e0d0cd7d-5e13-af43-8c94-91e33a331b92','f2515e50-0056-d24b-847a-2cbb847eb6bb', 'field', 'b1cdaf5e-5ed9-11e6-b59a-5cc5d4d378cb', '总预算', '16', '6', '1', '0', 'both', '0',  '1', NOW(), '1', NOW(), '0'),
('13ccde27-5b4c-8345-8e1d-94ab0013b19b','f2515e50-0056-d24b-847a-2cbb847eb6bb', 'field', 'b26cd58f-5ed9-11e6-a0ae-5cc5d4d378cb', '总费用', '17', '6', '0', '1', 'both', '0',  '1', NOW(), '1', NOW(), '0'),
('a8fe387e-7f25-034d-bc1c-3b77f0add54d','f2515e50-0056-d24b-847a-2cbb847eb6bb', 'field', 'b303be5e-5ed9-11e6-ac63-5cc5d4d378cb', '预算报销差异率', '18', '6', '0', '1', 'both', '0',  '1', NOW(), '1', NOW(), '0'),
('ce371d47-4809-3b45-a5b3-58c48c130413','f2515e50-0056-d24b-847a-2cbb847eb6bb', 'field', '3c79980b-ee5c-49da-8c40-38c025ba5e22', 'GPS签到和签到时间记录', '19', '6', '0', '0', 'both', '0',  '1', NOW(), '1', NOW(), '0'),
('35110923-8e46-4d4b-920a-abc37d180fd8','f2515e50-0056-d24b-847a-2cbb847eb6bb', 'field', '23bb2247-0e18-11e7-bb8f-e4b318c6b596', '创建人', '20', '6', '0', '1', 'both', '0',  '1', NOW(), '1', NOW(), '0'),
('bdc8b9fa-0417-cb4f-adf4-cb26d5efae23','f2515e50-0056-d24b-847a-2cbb847eb6bb', 'field', '23bb2245-0e18-11e7-8254-e4b318c6b596', '创建时间', '21', '6', '0', '1', 'both', '0',  '1', NOW(), '1', NOW(), '0'),
('2a6769bd-f3ee-c74e-b0d1-4491da3094cf','f2515e50-0056-d24b-847a-2cbb847eb6bb', 'field', '23bb705e-0e18-11e7-b67e-e4b318c6b596', '修改人', '22', '6', '0', '1', 'both', '0',  '1', NOW(), '1', NOW(), '0'),
('3720f66a-4758-8e4e-b238-c7c9c49bc12b','f2515e50-0056-d24b-847a-2cbb847eb6bb', 'field', '23bb2246-0e18-11e7-8147-e4b318c6b596', '最后修改时间', '23', '6', '0', '1', 'both', '0',  '1', NOW(), '1', NOW(), '0'),
('fc4f0a45-4f84-b04d-8981-91176618f43c','f2515e50-0056-d24b-847a-2cbb847eb6bb', 'field', '8f3b8f73-e368-11e9-b9aa-0298a739dec0', '创建人所属辖区', '24', '6', '0', '1', 'view', '0',  '1', NOW(), '1', NOW(), '0'),
('f44780ab-e2ae-a649-a69a-d7f9ce248e59','f2515e50-0056-d24b-847a-2cbb847eb6bb', 'field', 'b39269cf-5ed9-11e6-80c4-5cc5d4d378cb', '参会率', '25', '6', '0', '1', 'view', '0',  '1', NOW(), '1', NOW(), '0');

-- layout_assignment
INSERT INTO page_layout_assignments (`id`, `role_id`, `object_record_type_id`, `object_state_id`, `page_layout_id`, `mini_layout_section`, `is_locked_by_state`, `allow_enter_mini_layout`, `tips`, `deleted`, `created_by`, `created_on`, `modified_by`, `modified_on`) VALUES 
('7f27c33a-0145-2142-89dc-03bc3cc37270','53de6f5e-1da3-11e6-b011-5cc5d4b57134', '05320400-e35f-11e9-b9aa-0298a739dec0', 'ba579c2e-5eee-11e6-80bf-5cc5d4d378cb', '59abbc7a-d3b5-e040-bdbe-c7f1ec2a1302', 'cs_department_save_s',  NULL, 1, NULL, 0, 1, NOW(), 1, NOW()),
('25d2c216-a033-c348-890b-afc26cd23011','53de6f5e-1da3-11e6-b011-5cc5d4b57134', '05320400-e35f-11e9-b9aa-0298a739dec0', 'ba956880-5eee-11e6-8728-5cc5d4d378cb', '02fd7d46-80a3-3346-8511-9b6bb7f53103', 'cs_department_sent_s',  NULL, 1, NULL, 0, 1, NOW(), 1, NOW()),
('9184bff2-9505-7044-8a63-5ee8266621e3','53de6f5e-1da3-11e6-b011-5cc5d4b57134', '05320400-e35f-11e9-b9aa-0298a739dec0', 'bb21a2f0-5eee-11e6-9c65-5cc5d4d378cb', '670861aa-8111-384b-be60-23421b86cc72', 'cs_department_rejected_s',  NULL, 1, NULL, 0, 1, NOW(), 1, NOW()),
('ea59dcf3-5513-794a-b864-b0c3580b2870','53de6f5e-1da3-11e6-b011-5cc5d4b57134', '05320400-e35f-11e9-b9aa-0298a739dec0', 'badc3580-5eee-11e6-a6b2-5cc5d4d378cb', '168d87ae-33a0-3047-b724-2ca9cafe9870', 'cs_department_approved_s',  NULL, 1, NULL, 0, 1, NOW(), 1, NOW()),
('5e624a12-42ed-0547-9a94-89435ee06701','53de6f5e-1da3-11e6-b011-5cc5d4b57134', '05320400-e35f-11e9-b9aa-0298a739dec0', '2cd331a1-e360-11e9-b9aa-0298a739dec0', '59a2bedf-4d64-b64d-9f95-7c9e02f2e278', 'cs_department_cancelled_s',  NULL, 1, NULL, 0, 1, NOW(), 1, NOW()),
('b06ee78e-6e42-da4a-b74a-94b0c5ee8c0f','53de6f5e-1da3-11e6-b011-5cc5d4b57134', '05320400-e35f-11e9-b9aa-0298a739dec0', 'bb603291-5eee-11e6-b868-5cc5d4d378cb', '0e5217f2-790d-a34a-b4ff-40ee55e2d1b1', 'cs_department_finished_s',  NULL, 1, NULL, 0, 1, NOW(), 1, NOW()),
('217663a3-3622-1440-8d61-e6e121733001','53de6f5e-1da3-11e6-b011-5cc5d4b57134', '21f2482f-e35f-11e9-b9aa-0298a739dec0', 'ba579c2e-5eee-11e6-80bf-5cc5d4d378cb', 'bdd0d031-1d29-4248-891d-8b741a510b81', 'cs_department_report_save_s',  NULL, 1, NULL, 0, 1, NOW(), 1, NOW()),
('3010099a-f88f-8543-8c0d-6497ac25796d','53de6f5e-1da3-11e6-b011-5cc5d4b57134', '21f2482f-e35f-11e9-b9aa-0298a739dec0', 'ba956880-5eee-11e6-8728-5cc5d4d378cb', '249a20aa-c1b1-594b-bc13-25fe71c99014', 'cs_department_report_sent_s',  NULL, 1, NULL, 0, 1, NOW(), 1, NOW()),
('d7674ed6-c3b8-5946-916c-88e3276212d6','53de6f5e-1da3-11e6-b011-5cc5d4b57134', '21f2482f-e35f-11e9-b9aa-0298a739dec0', 'bb21a2f0-5eee-11e6-9c65-5cc5d4d378cb', '3c017e19-a38a-e245-954d-b8af4ce7f645', 'cs_department_report_rejected_s',  NULL, 1, NULL, 0, 1, NOW(), 1, NOW()),
('15953bc9-aa03-304d-bd18-c6daacfd95cb','53de6f5e-1da3-11e6-b011-5cc5d4b57134', '21f2482f-e35f-11e9-b9aa-0298a739dec0', 'badc3580-5eee-11e6-a6b2-5cc5d4d378cb', '3574b979-bd64-ca40-bd02-51e211726d66', 'cs_department_report_approved_s',  NULL, 1, NULL, 0, 1, NOW(), 1, NOW()),
('e863ae37-4b1a-a241-8522-a3452c6cf028','53de6f5e-1da3-11e6-b011-5cc5d4b57134', '21f2482f-e35f-11e9-b9aa-0298a739dec0', '577ca18d-e360-11e9-b9aa-0298a739dec0', '1501cfd8-55f0-334c-a7a1-5e5155539e63', 'cs_department_report_writeoff_s',  NULL, 1, NULL, 0, 1, NOW(), 1, NOW()),
('22cced1d-6d11-0a49-8037-8f2c17aa875a','53de6f5e-1da3-11e6-b011-5cc5d4b57134', '05320400-e35f-11e9-b9aa-0298a739dec0', 'ba579c2e-5eee-11e6-80bf-5cc5d4d378cb', '4c0d85c7-7196-9e4d-9ae6-220386a59bbd', 'cs_department_save_l',  NULL, 1, NULL, 0, 1, NOW(), 1, NOW()),
('f8d35273-2ca5-684c-b055-8a6c5658eb0e','53de6f5e-1da3-11e6-b011-5cc5d4b57134', '05320400-e35f-11e9-b9aa-0298a739dec0', 'ba956880-5eee-11e6-8728-5cc5d4d378cb', '8b8234ee-593b-a048-94c5-c85eb8cb749c', 'cs_department_sent_l',  NULL, 1, NULL, 0, 1, NOW(), 1, NOW()),
('2a47523e-49f7-b742-b49a-a9928f29513f','53de6f5e-1da3-11e6-b011-5cc5d4b57134', '05320400-e35f-11e9-b9aa-0298a739dec0', 'bb21a2f0-5eee-11e6-9c65-5cc5d4d378cb', '0ffa8405-1796-5d4e-ac33-a23f8e7e69d8', 'cs_department_rejected_l',  NULL, 1, NULL, 0, 1, NOW(), 1, NOW()),
('1046ab25-a84a-794d-940a-b18ec578e1fc','53de6f5e-1da3-11e6-b011-5cc5d4b57134', '05320400-e35f-11e9-b9aa-0298a739dec0', 'badc3580-5eee-11e6-a6b2-5cc5d4d378cb', 'f377ce62-64a5-5c43-b1b0-0493e04c19d5', 'cs_department_approved_l',  NULL, 1, NULL, 0, 1, NOW(), 1, NOW()),
('0a1e85b0-3c55-5749-84ef-4e8afd238746','53de6f5e-1da3-11e6-b011-5cc5d4b57134', '05320400-e35f-11e9-b9aa-0298a739dec0', '2cd331a1-e360-11e9-b9aa-0298a739dec0', 'a735c219-2d68-2e46-b913-31ef38dd68f5', 'cs_department_cancelled_l',  NULL, 1, NULL, 0, 1, NOW(), 1, NOW()),
('fd081a2c-8c97-694c-abfe-00951c070182','53de6f5e-1da3-11e6-b011-5cc5d4b57134', '05320400-e35f-11e9-b9aa-0298a739dec0', 'bb603291-5eee-11e6-b868-5cc5d4d378cb', 'c6ad68cd-c3cf-a641-8c9b-33a0a6d65ae4', 'cs_department_finished_l',  NULL, 1, NULL, 0, 1, NOW(), 1, NOW()),
('63a1a776-398a-654b-9bbf-0a396762457d','53de6f5e-1da3-11e6-b011-5cc5d4b57134', '21f2482f-e35f-11e9-b9aa-0298a739dec0', 'ba579c2e-5eee-11e6-80bf-5cc5d4d378cb', '049ef085-70a3-284b-84df-1b85ce5796e5', 'cs_department_report_save_l',  NULL, 1, NULL, 0, 1, NOW(), 1, NOW()),
('cd16a028-1be8-d34b-ab4c-3921702676a0','53de6f5e-1da3-11e6-b011-5cc5d4b57134', '21f2482f-e35f-11e9-b9aa-0298a739dec0', 'ba956880-5eee-11e6-8728-5cc5d4d378cb', 'd4193b23-f42a-d34f-ab0c-b3a348291fc9', 'cs_department_report_sent_l',  NULL, 1, NULL, 0, 1, NOW(), 1, NOW()),
('8ca3d236-7a5c-bc48-ad83-9814f5c80701','53de6f5e-1da3-11e6-b011-5cc5d4b57134', '21f2482f-e35f-11e9-b9aa-0298a739dec0', 'bb21a2f0-5eee-11e6-9c65-5cc5d4d378cb', 'ed489d8d-ece7-6b48-9158-4a353f257d92', 'cs_department_report_rejected_l',  NULL, 1, NULL, 0, 1, NOW(), 1, NOW()),
('beb4a9b1-2a20-db44-8921-a22a650f95a5','53de6f5e-1da3-11e6-b011-5cc5d4b57134', '21f2482f-e35f-11e9-b9aa-0298a739dec0', 'badc3580-5eee-11e6-a6b2-5cc5d4d378cb', '8fe3594e-89f6-f144-b5fa-68b2599e55cd', 'cs_department_report_approved_l',  NULL, 1, NULL, 0, 1, NOW(), 1, NOW()),
('b38d05a1-53f0-844d-aa80-1ff9ee7b7234','53de6f5e-1da3-11e6-b011-5cc5d4b57134', '21f2482f-e35f-11e9-b9aa-0298a739dec0', '577ca18d-e360-11e9-b9aa-0298a739dec0', 'f2515e50-0056-d24b-847a-2cbb847eb6bb', 'cs_department_report_writeoff_l',  NULL, 1, NULL, 0, 1, NOW(), 1, NOW());

INSERT INTO page_layout_assignments(`id`, `role_id`, `object_record_type_id`, `object_state_id`, `page_layout_id`, `mini_layout_section`, `is_locked_by_state`, `allow_enter_mini_layout`, `tips`, `deleted`, `created_by`, `created_on`, `modified_by`, `modified_on`) VALUES 
('847c659c-d337-1b4a-b605-e90c52a99492','53de9670-1da3-11e6-961c-5cc5d4b57135', '05320400-e35f-11e9-b9aa-0298a739dec0', 'ba579c2e-5eee-11e6-80bf-5cc5d4d378cb', '59abbc7a-d3b5-e040-bdbe-c7f1ec2a1302', 'cs_department_save_s',  NULL, 1, NULL, 0, 1, NOW(), 1, NOW()),
('49d4b436-02c0-0746-8157-5f8929622c29','53de9670-1da3-11e6-961c-5cc5d4b57135', '05320400-e35f-11e9-b9aa-0298a739dec0', 'ba956880-5eee-11e6-8728-5cc5d4d378cb', '02fd7d46-80a3-3346-8511-9b6bb7f53103', 'cs_department_sent_s',  NULL, 1, NULL, 0, 1, NOW(), 1, NOW()),
('6a7811f6-e698-b149-9602-83387992cca3','53de9670-1da3-11e6-961c-5cc5d4b57135', '05320400-e35f-11e9-b9aa-0298a739dec0', 'bb21a2f0-5eee-11e6-9c65-5cc5d4d378cb', '670861aa-8111-384b-be60-23421b86cc72', 'cs_department_rejected_s',  NULL, 1, NULL, 0, 1, NOW(), 1, NOW()),
('b2aef0ad-7e06-b34c-9353-5aaa263cca0d','53de9670-1da3-11e6-961c-5cc5d4b57135', '05320400-e35f-11e9-b9aa-0298a739dec0', 'badc3580-5eee-11e6-a6b2-5cc5d4d378cb', '168d87ae-33a0-3047-b724-2ca9cafe9870', 'cs_department_approved_s',  NULL, 1, NULL, 0, 1, NOW(), 1, NOW()),
('ecbdbddf-69b5-174a-be4f-fc4ec4030bd7','53de9670-1da3-11e6-961c-5cc5d4b57135', '05320400-e35f-11e9-b9aa-0298a739dec0', '2cd331a1-e360-11e9-b9aa-0298a739dec0', '59a2bedf-4d64-b64d-9f95-7c9e02f2e278', 'cs_department_cancelled_s',  NULL, 1, NULL, 0, 1, NOW(), 1, NOW()),
('c688d2a4-1cd8-ba4f-b9e1-028b4b3a75eb','53de9670-1da3-11e6-961c-5cc5d4b57135', '05320400-e35f-11e9-b9aa-0298a739dec0', 'bb603291-5eee-11e6-b868-5cc5d4d378cb', '0e5217f2-790d-a34a-b4ff-40ee55e2d1b1', 'cs_department_finished_s',  NULL, 1, NULL, 0, 1, NOW(), 1, NOW()),
('7fad8d88-0e13-b14e-b8af-8a09a8694472','53de9670-1da3-11e6-961c-5cc5d4b57135', '21f2482f-e35f-11e9-b9aa-0298a739dec0', 'ba579c2e-5eee-11e6-80bf-5cc5d4d378cb', 'bdd0d031-1d29-4248-891d-8b741a510b81', 'cs_department_report_save_s',  NULL, 1, NULL, 0, 1, NOW(), 1, NOW()),
('d016acaa-0fae-7146-b06b-f6ef7949b4c0','53de9670-1da3-11e6-961c-5cc5d4b57135', '21f2482f-e35f-11e9-b9aa-0298a739dec0', 'ba956880-5eee-11e6-8728-5cc5d4d378cb', '249a20aa-c1b1-594b-bc13-25fe71c99014', 'cs_department_report_sent_s',  NULL, 1, NULL, 0, 1, NOW(), 1, NOW()),
('c6437e6c-0dd9-0241-873c-60df05ebbee1','53de9670-1da3-11e6-961c-5cc5d4b57135', '21f2482f-e35f-11e9-b9aa-0298a739dec0', 'bb21a2f0-5eee-11e6-9c65-5cc5d4d378cb', '3c017e19-a38a-e245-954d-b8af4ce7f645', 'cs_department_report_rejected_s',  NULL, 1, NULL, 0, 1, NOW(), 1, NOW()),
('9b121150-e505-8240-868b-ac5baa9dd5ef','53de9670-1da3-11e6-961c-5cc5d4b57135', '21f2482f-e35f-11e9-b9aa-0298a739dec0', 'badc3580-5eee-11e6-a6b2-5cc5d4d378cb', '3574b979-bd64-ca40-bd02-51e211726d66', 'cs_department_report_approved_s',  NULL, 1, NULL, 0, 1, NOW(), 1, NOW()),
('5f759e91-0063-9c48-9d3a-d5411bd41519','53de9670-1da3-11e6-961c-5cc5d4b57135', '21f2482f-e35f-11e9-b9aa-0298a739dec0', '577ca18d-e360-11e9-b9aa-0298a739dec0', '1501cfd8-55f0-334c-a7a1-5e5155539e63', 'cs_department_report_writeoff_s',  NULL, 1, NULL, 0, 1, NOW(), 1, NOW()),
('fef15f91-4a34-7240-88b6-6959836034df','53de9670-1da3-11e6-961c-5cc5d4b57135', '05320400-e35f-11e9-b9aa-0298a739dec0', 'ba579c2e-5eee-11e6-80bf-5cc5d4d378cb', '4c0d85c7-7196-9e4d-9ae6-220386a59bbd', 'cs_department_save_l',  NULL, 1, NULL, 0, 1, NOW(), 1, NOW()),
('1f0ca394-cccc-1846-b588-28cd082dbfe0','53de9670-1da3-11e6-961c-5cc5d4b57135', '05320400-e35f-11e9-b9aa-0298a739dec0', 'ba956880-5eee-11e6-8728-5cc5d4d378cb', '8b8234ee-593b-a048-94c5-c85eb8cb749c', 'cs_department_sent_l',  NULL, 1, NULL, 0, 1, NOW(), 1, NOW()),
('08d9729e-f5da-384e-8e73-e4c924ed33f1','53de9670-1da3-11e6-961c-5cc5d4b57135', '05320400-e35f-11e9-b9aa-0298a739dec0', 'bb21a2f0-5eee-11e6-9c65-5cc5d4d378cb', '0ffa8405-1796-5d4e-ac33-a23f8e7e69d8', 'cs_department_rejected_l',  NULL, 1, NULL, 0, 1, NOW(), 1, NOW()),
('23a2d3d2-8d55-a642-b605-a1ffb798528e','53de9670-1da3-11e6-961c-5cc5d4b57135', '05320400-e35f-11e9-b9aa-0298a739dec0', 'badc3580-5eee-11e6-a6b2-5cc5d4d378cb', 'f377ce62-64a5-5c43-b1b0-0493e04c19d5', 'cs_department_approved_l',  NULL, 1, NULL, 0, 1, NOW(), 1, NOW()),
('6b7dc0bd-8fd4-c947-a54d-77a310344797','53de9670-1da3-11e6-961c-5cc5d4b57135', '05320400-e35f-11e9-b9aa-0298a739dec0', '2cd331a1-e360-11e9-b9aa-0298a739dec0', 'a735c219-2d68-2e46-b913-31ef38dd68f5', 'cs_department_cancelled_l',  NULL, 1, NULL, 0, 1, NOW(), 1, NOW()),
('829fc717-e71d-9f4b-8b7e-e7fc19802cd6','53de9670-1da3-11e6-961c-5cc5d4b57135', '05320400-e35f-11e9-b9aa-0298a739dec0', 'bb603291-5eee-11e6-b868-5cc5d4d378cb', 'c6ad68cd-c3cf-a641-8c9b-33a0a6d65ae4', 'cs_department_finished_l',  NULL, 1, NULL, 0, 1, NOW(), 1, NOW()),
('7ef5f8de-3375-4c43-8a27-1b5c9911be68','53de9670-1da3-11e6-961c-5cc5d4b57135', '21f2482f-e35f-11e9-b9aa-0298a739dec0', 'ba579c2e-5eee-11e6-80bf-5cc5d4d378cb', '049ef085-70a3-284b-84df-1b85ce5796e5', 'cs_department_report_save_l',  NULL, 1, NULL, 0, 1, NOW(), 1, NOW()),
('5c930db5-4065-1b42-a6f4-51854a1c4844','53de9670-1da3-11e6-961c-5cc5d4b57135', '21f2482f-e35f-11e9-b9aa-0298a739dec0', 'ba956880-5eee-11e6-8728-5cc5d4d378cb', 'd4193b23-f42a-d34f-ab0c-b3a348291fc9', 'cs_department_report_sent_l',  NULL, 1, NULL, 0, 1, NOW(), 1, NOW()),
('fdf24e7c-bbd4-cc40-b2a7-30eef9a14407','53de9670-1da3-11e6-961c-5cc5d4b57135', '21f2482f-e35f-11e9-b9aa-0298a739dec0', 'bb21a2f0-5eee-11e6-9c65-5cc5d4d378cb', 'ed489d8d-ece7-6b48-9158-4a353f257d92', 'cs_department_report_rejected_l',  NULL, 1, NULL, 0, 1, NOW(), 1, NOW()),
('83c0a8de-9a6d-e949-bacb-6affa85d56ce','53de9670-1da3-11e6-961c-5cc5d4b57135', '21f2482f-e35f-11e9-b9aa-0298a739dec0', 'badc3580-5eee-11e6-a6b2-5cc5d4d378cb', '8fe3594e-89f6-f144-b5fa-68b2599e55cd', 'cs_department_report_approved_l',  NULL, 1, NULL, 0, 1, NOW(), 1, NOW()),
('b503133d-cad2-0749-a28e-0329542a6e28','53de9670-1da3-11e6-961c-5cc5d4b57135', '21f2482f-e35f-11e9-b9aa-0298a739dec0', '577ca18d-e360-11e9-b9aa-0298a739dec0', 'f2515e50-0056-d24b-847a-2cbb847eb6bb', 'cs_department_report_writeoff_l',  NULL, 1, NULL, 0, 1, NOW(), 1, NOW());

INSERT INTO page_layout_assignments(`id`, `role_id`, `object_record_type_id`, `object_state_id`, `page_layout_id`, `mini_layout_section`, `is_locked_by_state`, `allow_enter_mini_layout`, `tips`, `deleted`, `created_by`, `created_on`, `modified_by`, `modified_on`) VALUES 
('7f06fc1b-6043-d646-ad6a-e161a1e5b130','53de9671-1da3-11e6-93fb-5cc5d4b57136', '05320400-e35f-11e9-b9aa-0298a739dec0', 'ba579c2e-5eee-11e6-80bf-5cc5d4d378cb', '59abbc7a-d3b5-e040-bdbe-c7f1ec2a1302', 'cs_department_save_s',  NULL, 1, NULL, 0, 1, NOW(), 1, NOW()),
('972954c6-e277-ae4e-8a2c-27a805ab8cfb','53de9671-1da3-11e6-93fb-5cc5d4b57136', '05320400-e35f-11e9-b9aa-0298a739dec0', 'ba956880-5eee-11e6-8728-5cc5d4d378cb', '02fd7d46-80a3-3346-8511-9b6bb7f53103', 'cs_department_sent_s',  NULL, 1, NULL, 0, 1, NOW(), 1, NOW()),
('947cc6f3-2627-4e49-905f-203ae858d39d','53de9671-1da3-11e6-93fb-5cc5d4b57136', '05320400-e35f-11e9-b9aa-0298a739dec0', 'bb21a2f0-5eee-11e6-9c65-5cc5d4d378cb', '670861aa-8111-384b-be60-23421b86cc72', 'cs_department_rejected_s',  NULL, 1, NULL, 0, 1, NOW(), 1, NOW()),
('943819d0-a1e8-6546-94c7-ed8edc4fe8e7','53de9671-1da3-11e6-93fb-5cc5d4b57136', '05320400-e35f-11e9-b9aa-0298a739dec0', 'badc3580-5eee-11e6-a6b2-5cc5d4d378cb', '168d87ae-33a0-3047-b724-2ca9cafe9870', 'cs_department_approved_s',  NULL, 1, NULL, 0, 1, NOW(), 1, NOW()),
('c67abd74-183d-b84f-8ecf-341a367867eb','53de9671-1da3-11e6-93fb-5cc5d4b57136', '05320400-e35f-11e9-b9aa-0298a739dec0', '2cd331a1-e360-11e9-b9aa-0298a739dec0', '59a2bedf-4d64-b64d-9f95-7c9e02f2e278', 'cs_department_cancelled_s',  NULL, 1, NULL, 0, 1, NOW(), 1, NOW()),
('6f956c3e-e25e-fc4a-a0b7-1d0c462f9acf','53de9671-1da3-11e6-93fb-5cc5d4b57136', '05320400-e35f-11e9-b9aa-0298a739dec0', 'bb603291-5eee-11e6-b868-5cc5d4d378cb', '0e5217f2-790d-a34a-b4ff-40ee55e2d1b1', 'cs_department_finished_s',  NULL, 1, NULL, 0, 1, NOW(), 1, NOW()),
('1d45f342-67e1-324e-917c-5d4208431ba2','53de9671-1da3-11e6-93fb-5cc5d4b57136', '21f2482f-e35f-11e9-b9aa-0298a739dec0', 'ba579c2e-5eee-11e6-80bf-5cc5d4d378cb', 'bdd0d031-1d29-4248-891d-8b741a510b81', 'cs_department_report_save_s',  NULL, 1, NULL, 0, 1, NOW(), 1, NOW()),
('341b0bcf-c834-134f-945d-6e5d88e9d290','53de9671-1da3-11e6-93fb-5cc5d4b57136', '21f2482f-e35f-11e9-b9aa-0298a739dec0', 'ba956880-5eee-11e6-8728-5cc5d4d378cb', '249a20aa-c1b1-594b-bc13-25fe71c99014', 'cs_department_report_sent_s',  NULL, 1, NULL, 0, 1, NOW(), 1, NOW()),
('8a574597-cbad-ed48-8eb2-1fb1626a0d69','53de9671-1da3-11e6-93fb-5cc5d4b57136', '21f2482f-e35f-11e9-b9aa-0298a739dec0', 'bb21a2f0-5eee-11e6-9c65-5cc5d4d378cb', '3c017e19-a38a-e245-954d-b8af4ce7f645', 'cs_department_report_rejected_s',  NULL, 1, NULL, 0, 1, NOW(), 1, NOW()),
('fa292c94-73a7-4042-ae03-6db724feaf11','53de9671-1da3-11e6-93fb-5cc5d4b57136', '21f2482f-e35f-11e9-b9aa-0298a739dec0', 'badc3580-5eee-11e6-a6b2-5cc5d4d378cb', '3574b979-bd64-ca40-bd02-51e211726d66', 'cs_department_report_approved_s',  NULL, 1, NULL, 0, 1, NOW(), 1, NOW()),
('8f22b34b-e894-b548-849e-62442eca63fc','53de9671-1da3-11e6-93fb-5cc5d4b57136', '21f2482f-e35f-11e9-b9aa-0298a739dec0', '577ca18d-e360-11e9-b9aa-0298a739dec0', '1501cfd8-55f0-334c-a7a1-5e5155539e63', 'cs_department_report_writeoff_s',  NULL, 1, NULL, 0, 1, NOW(), 1, NOW()),
('f8ce692f-e873-3848-a358-6dacb13b4289','53de9671-1da3-11e6-93fb-5cc5d4b57136', '05320400-e35f-11e9-b9aa-0298a739dec0', 'ba579c2e-5eee-11e6-80bf-5cc5d4d378cb', '4c0d85c7-7196-9e4d-9ae6-220386a59bbd', 'cs_department_save_l',  NULL, 1, NULL, 0, 1, NOW(), 1, NOW()),
('02e38f55-71c3-c744-bb04-63650c141d6e','53de9671-1da3-11e6-93fb-5cc5d4b57136', '05320400-e35f-11e9-b9aa-0298a739dec0', 'ba956880-5eee-11e6-8728-5cc5d4d378cb', '8b8234ee-593b-a048-94c5-c85eb8cb749c', 'cs_department_sent_l',  NULL, 1, NULL, 0, 1, NOW(), 1, NOW()),
('342530aa-dbd0-e54a-a0c1-2411d9cb68bd','53de9671-1da3-11e6-93fb-5cc5d4b57136', '05320400-e35f-11e9-b9aa-0298a739dec0', 'bb21a2f0-5eee-11e6-9c65-5cc5d4d378cb', '0ffa8405-1796-5d4e-ac33-a23f8e7e69d8', 'cs_department_rejected_l',  NULL, 1, NULL, 0, 1, NOW(), 1, NOW()),
('df412511-c37f-0f4d-8fc5-e2b4335df07b','53de9671-1da3-11e6-93fb-5cc5d4b57136', '05320400-e35f-11e9-b9aa-0298a739dec0', 'badc3580-5eee-11e6-a6b2-5cc5d4d378cb', 'f377ce62-64a5-5c43-b1b0-0493e04c19d5', 'cs_department_approved_l',  NULL, 1, NULL, 0, 1, NOW(), 1, NOW()),
('62408dad-8c21-424e-b2ad-ec8fc8c6aae2','53de9671-1da3-11e6-93fb-5cc5d4b57136', '05320400-e35f-11e9-b9aa-0298a739dec0', '2cd331a1-e360-11e9-b9aa-0298a739dec0', 'a735c219-2d68-2e46-b913-31ef38dd68f5', 'cs_department_cancelled_l',  NULL, 1, NULL, 0, 1, NOW(), 1, NOW()),
('d4cf658c-1590-0f46-a4b3-3d7ac8689b23','53de9671-1da3-11e6-93fb-5cc5d4b57136', '05320400-e35f-11e9-b9aa-0298a739dec0', 'bb603291-5eee-11e6-b868-5cc5d4d378cb', 'c6ad68cd-c3cf-a641-8c9b-33a0a6d65ae4', 'cs_department_finished_l',  NULL, 1, NULL, 0, 1, NOW(), 1, NOW()),
('e17b5088-4dac-b841-b582-ac59c5810c46','53de9671-1da3-11e6-93fb-5cc5d4b57136', '21f2482f-e35f-11e9-b9aa-0298a739dec0', 'ba579c2e-5eee-11e6-80bf-5cc5d4d378cb', '049ef085-70a3-284b-84df-1b85ce5796e5', 'cs_department_report_save_l',  NULL, 1, NULL, 0, 1, NOW(), 1, NOW()),
('fe8c1b81-62d7-8249-95e0-7a645a7b4f4e','53de9671-1da3-11e6-93fb-5cc5d4b57136', '21f2482f-e35f-11e9-b9aa-0298a739dec0', 'ba956880-5eee-11e6-8728-5cc5d4d378cb', 'd4193b23-f42a-d34f-ab0c-b3a348291fc9', 'cs_department_report_sent_l',  NULL, 1, NULL, 0, 1, NOW(), 1, NOW()),
('9992f478-6178-254b-af91-5fec9b3c55e0','53de9671-1da3-11e6-93fb-5cc5d4b57136', '21f2482f-e35f-11e9-b9aa-0298a739dec0', 'bb21a2f0-5eee-11e6-9c65-5cc5d4d378cb', 'ed489d8d-ece7-6b48-9158-4a353f257d92', 'cs_department_report_rejected_l',  NULL, 1, NULL, 0, 1, NOW(), 1, NOW()),
('b524d6e7-6e1e-9c4f-b83d-a45049f93cd7','53de9671-1da3-11e6-93fb-5cc5d4b57136', '21f2482f-e35f-11e9-b9aa-0298a739dec0', 'badc3580-5eee-11e6-a6b2-5cc5d4d378cb', '8fe3594e-89f6-f144-b5fa-68b2599e55cd', 'cs_department_report_approved_l',  NULL, 1, NULL, 0, 1, NOW(), 1, NOW()),
('86273d97-20da-8341-938d-936373834f33','53de9671-1da3-11e6-93fb-5cc5d4b57136', '21f2482f-e35f-11e9-b9aa-0298a739dec0', '577ca18d-e360-11e9-b9aa-0298a739dec0', 'f2515e50-0056-d24b-847a-2cbb847eb6bb', 'cs_department_report_writeoff_l',  NULL, 1, NULL, 0, 1, NOW(), 1, NOW());

INSERT INTO page_layout_assignments(`id`, `role_id`, `object_record_type_id`, `object_state_id`, `page_layout_id`, `mini_layout_section`, `is_locked_by_state`, `allow_enter_mini_layout`, `tips`, `deleted`, `created_by`, `created_on`, `modified_by`, `modified_on`) VALUES 
('c3204ae7-5742-504f-9302-99a17e9cc3ea','53de9674-1da3-11e6-ac97-5cc5d4b57137', '05320400-e35f-11e9-b9aa-0298a739dec0', 'ba579c2e-5eee-11e6-80bf-5cc5d4d378cb', '59abbc7a-d3b5-e040-bdbe-c7f1ec2a1302', 'cs_department_save_s',  NULL, 1, NULL, 0, 1, NOW(), 1, NOW()),
('190f5e36-ff59-fe4f-bdc5-a450355d3422','53de9674-1da3-11e6-ac97-5cc5d4b57137', '05320400-e35f-11e9-b9aa-0298a739dec0', 'ba956880-5eee-11e6-8728-5cc5d4d378cb', '02fd7d46-80a3-3346-8511-9b6bb7f53103', 'cs_department_sent_s',  NULL, 1, NULL, 0, 1, NOW(), 1, NOW()),
('8160eb4b-9cb6-fb4a-9fd3-734be98397f2','53de9674-1da3-11e6-ac97-5cc5d4b57137', '05320400-e35f-11e9-b9aa-0298a739dec0', 'bb21a2f0-5eee-11e6-9c65-5cc5d4d378cb', '670861aa-8111-384b-be60-23421b86cc72', 'cs_department_rejected_s',  NULL, 1, NULL, 0, 1, NOW(), 1, NOW()),
('d348db04-ce40-0744-a5a8-bd6df8f89609','53de9674-1da3-11e6-ac97-5cc5d4b57137', '05320400-e35f-11e9-b9aa-0298a739dec0', 'badc3580-5eee-11e6-a6b2-5cc5d4d378cb', '168d87ae-33a0-3047-b724-2ca9cafe9870', 'cs_department_approved_s',  NULL, 1, NULL, 0, 1, NOW(), 1, NOW()),
('d3c127bd-cb13-8345-abe1-8b70d89324e7','53de9674-1da3-11e6-ac97-5cc5d4b57137', '05320400-e35f-11e9-b9aa-0298a739dec0', '2cd331a1-e360-11e9-b9aa-0298a739dec0', '59a2bedf-4d64-b64d-9f95-7c9e02f2e278', 'cs_department_cancelled_s',  NULL, 1, NULL, 0, 1, NOW(), 1, NOW()),
('453c6171-63de-0f45-bbcf-61269cc3bf6c','53de9674-1da3-11e6-ac97-5cc5d4b57137', '05320400-e35f-11e9-b9aa-0298a739dec0', 'bb603291-5eee-11e6-b868-5cc5d4d378cb', '0e5217f2-790d-a34a-b4ff-40ee55e2d1b1', 'cs_department_finished_s',  NULL, 1, NULL, 0, 1, NOW(), 1, NOW()),
('22b3a773-377f-fd42-9560-aa84fb094956','53de9674-1da3-11e6-ac97-5cc5d4b57137', '21f2482f-e35f-11e9-b9aa-0298a739dec0', 'ba579c2e-5eee-11e6-80bf-5cc5d4d378cb', 'bdd0d031-1d29-4248-891d-8b741a510b81', 'cs_department_report_save_s',  NULL, 1, NULL, 0, 1, NOW(), 1, NOW()),
('5443a175-1799-a545-8095-0e834c0fba35','53de9674-1da3-11e6-ac97-5cc5d4b57137', '21f2482f-e35f-11e9-b9aa-0298a739dec0', 'ba956880-5eee-11e6-8728-5cc5d4d378cb', '249a20aa-c1b1-594b-bc13-25fe71c99014', 'cs_department_report_sent_s',  NULL, 1, NULL, 0, 1, NOW(), 1, NOW()),
('aebec617-f1b6-8e4a-9331-0332045b02aa','53de9674-1da3-11e6-ac97-5cc5d4b57137', '21f2482f-e35f-11e9-b9aa-0298a739dec0', 'bb21a2f0-5eee-11e6-9c65-5cc5d4d378cb', '3c017e19-a38a-e245-954d-b8af4ce7f645', 'cs_department_report_rejected_s',  NULL, 1, NULL, 0, 1, NOW(), 1, NOW()),
('de028119-c36e-eb4b-b7e8-747526a7529c','53de9674-1da3-11e6-ac97-5cc5d4b57137', '21f2482f-e35f-11e9-b9aa-0298a739dec0', 'badc3580-5eee-11e6-a6b2-5cc5d4d378cb', '3574b979-bd64-ca40-bd02-51e211726d66', 'cs_department_report_approved_s',  NULL, 1, NULL, 0, 1, NOW(), 1, NOW()),
('170e9021-4655-784b-913f-bde5ffa6c8f2','53de9674-1da3-11e6-ac97-5cc5d4b57137', '21f2482f-e35f-11e9-b9aa-0298a739dec0', '577ca18d-e360-11e9-b9aa-0298a739dec0', '1501cfd8-55f0-334c-a7a1-5e5155539e63', 'cs_department_report_writeoff_s',  NULL, 1, NULL, 0, 1, NOW(), 1, NOW()),
('4571c9a8-2a58-c240-af3a-eb969a7ed54a','53de9674-1da3-11e6-ac97-5cc5d4b57137', '05320400-e35f-11e9-b9aa-0298a739dec0', 'ba579c2e-5eee-11e6-80bf-5cc5d4d378cb', '4c0d85c7-7196-9e4d-9ae6-220386a59bbd', 'cs_department_save_l',  NULL, 1, NULL, 0, 1, NOW(), 1, NOW()),
('88a16848-8d77-794b-8a26-ce41ffbf861b','53de9674-1da3-11e6-ac97-5cc5d4b57137', '05320400-e35f-11e9-b9aa-0298a739dec0', 'ba956880-5eee-11e6-8728-5cc5d4d378cb', '8b8234ee-593b-a048-94c5-c85eb8cb749c', 'cs_department_sent_l',  NULL, 1, NULL, 0, 1, NOW(), 1, NOW()),
('11650e20-fbc5-fc46-b4ab-2073d6cd37ea','53de9674-1da3-11e6-ac97-5cc5d4b57137', '05320400-e35f-11e9-b9aa-0298a739dec0', 'bb21a2f0-5eee-11e6-9c65-5cc5d4d378cb', '0ffa8405-1796-5d4e-ac33-a23f8e7e69d8', 'cs_department_rejected_l',  NULL, 1, NULL, 0, 1, NOW(), 1, NOW()),
('838d0e24-04b1-4848-94d7-ca9cb89f538a','53de9674-1da3-11e6-ac97-5cc5d4b57137', '05320400-e35f-11e9-b9aa-0298a739dec0', 'badc3580-5eee-11e6-a6b2-5cc5d4d378cb', 'f377ce62-64a5-5c43-b1b0-0493e04c19d5', 'cs_department_approved_l',  NULL, 1, NULL, 0, 1, NOW(), 1, NOW()),
('d89013ba-2814-4248-8a11-fd1f4144476b','53de9674-1da3-11e6-ac97-5cc5d4b57137', '05320400-e35f-11e9-b9aa-0298a739dec0', '2cd331a1-e360-11e9-b9aa-0298a739dec0', 'a735c219-2d68-2e46-b913-31ef38dd68f5', 'cs_department_cancelled_l',  NULL, 1, NULL, 0, 1, NOW(), 1, NOW()),
('5181ef24-922a-0e41-a8ec-e56d2c62f25f','53de9674-1da3-11e6-ac97-5cc5d4b57137', '05320400-e35f-11e9-b9aa-0298a739dec0', 'bb603291-5eee-11e6-b868-5cc5d4d378cb', 'c6ad68cd-c3cf-a641-8c9b-33a0a6d65ae4', 'cs_department_finished_l',  NULL, 1, NULL, 0, 1, NOW(), 1, NOW()),
('b66ad013-1aad-144f-b4ce-23a60c21fd3b','53de9674-1da3-11e6-ac97-5cc5d4b57137', '21f2482f-e35f-11e9-b9aa-0298a739dec0', 'ba579c2e-5eee-11e6-80bf-5cc5d4d378cb', '049ef085-70a3-284b-84df-1b85ce5796e5', 'cs_department_report_save_l',  NULL, 1, NULL, 0, 1, NOW(), 1, NOW()),
('7db85b90-decf-2a44-a67a-8a1fe9121680','53de9674-1da3-11e6-ac97-5cc5d4b57137', '21f2482f-e35f-11e9-b9aa-0298a739dec0', 'ba956880-5eee-11e6-8728-5cc5d4d378cb', 'd4193b23-f42a-d34f-ab0c-b3a348291fc9', 'cs_department_report_sent_l',  NULL, 1, NULL, 0, 1, NOW(), 1, NOW()),
('843467d9-4101-e746-b426-f551567eb250','53de9674-1da3-11e6-ac97-5cc5d4b57137', '21f2482f-e35f-11e9-b9aa-0298a739dec0', 'bb21a2f0-5eee-11e6-9c65-5cc5d4d378cb', 'ed489d8d-ece7-6b48-9158-4a353f257d92', 'cs_department_report_rejected_l',  NULL, 1, NULL, 0, 1, NOW(), 1, NOW()),
('7d1983a9-12b0-7746-a7e1-428e7dcaa136','53de9674-1da3-11e6-ac97-5cc5d4b57137', '21f2482f-e35f-11e9-b9aa-0298a739dec0', 'badc3580-5eee-11e6-a6b2-5cc5d4d378cb', '8fe3594e-89f6-f144-b5fa-68b2599e55cd', 'cs_department_report_approved_l',  NULL, 1, NULL, 0, 1, NOW(), 1, NOW()),
('cd65e3b2-127c-5740-862e-68b978245c2d','53de9674-1da3-11e6-ac97-5cc5d4b57137', '21f2482f-e35f-11e9-b9aa-0298a739dec0', '577ca18d-e360-11e9-b9aa-0298a739dec0', 'f2515e50-0056-d24b-847a-2cbb847eb6bb', 'cs_department_report_writeoff_l',  NULL, 1, NULL, 0, 1, NOW(), 1, NOW());
-- 更换预算字段
update page_layout_fields set object_field_id='a9772211-5ed9-11e6-b175-5cc5d4d378cb' where object_field_id='b1cdaf5e-5ed9-11e6-b59a-5cc5d4d378cb';

UPDATE `object_fields` SET `text_default`='0%' WHERE `id`='b303be5e-5ed9-11e6-ac63-5cc5d4d378cb';

-- layout_actions
-- 生成表单 
INSERT INTO `object_actions` (`id`, `object_id`, `type`, `source`, `target_display_mode`, `name`, `icon`, `label`, `is_need_create`, `is_need_delete`, `is_need_read`, `is_need_update`, `deleted`, `created_by`, `created_on`, `modified_by`, `modified_on`, `locked_by_state`, `owner_only`, `is_need_export`, `is_need_import`, `show_in_approval`, `is_need_pre_check`, `pre_check_label`) VALUES ('611eb771-c645-4e2f-9a33-3b66f1bdca46', '3f49c30f-5d59-11e6-a130-5cc5d4d378cb', 'advanced', 'custom', 'view', 'make_cover', 'veev-cover-print', '打印表单', '0', '0', '0', '0', '0', '1', '2018-12-17 10:32:06', '1', '2018-12-17 10:32:06', '0', '1', '0', '0', '0', '0', '0');
-- 取消 
INSERT INTO `object_actions` (`id`, `object_id`, `type`, `source`, `target_object_state_id`, `target_display_mode`, `name`, `icon`, `label`, `is_need_create`, `is_need_delete`, `is_need_read`, `is_need_update`, `deleted`, `created_by`, `created_on`, `modified_by`, `modified_on`, `message`, `locked_by_state`, `owner_only`, `is_need_export`, `is_need_import`, `show_in_approval`, `is_need_pre_check`, `pre_check_label`) VALUES ('b9015917-9be4-4d3d-afe9-bb2672dff213', '3f49c30f-5d59-11e6-a130-5cc5d4d378cb', 'action', 'custom', '2cd331a1-e360-11e9-b9aa-0298a739dec0', 'all', 'cancel', 'veev-cancel', '取消', '0', '0', '1', '1', '0', '1', '2018-12-17 10:32:06', '1', '2018-12-17 10:32:06', '取消后活动不可进行任何操作了，是否确认取消', '0', '1', '0', '0', '0', '0', '0');

-- 核销 
INSERT INTO `object_actions` (`id`, `object_id`, `type`, `source`, `target_display_mode`, `name`, `icon`, `label`, `is_need_create`, `is_need_delete`, `is_need_read`, `is_need_update`, `deleted`, `created_by`, `created_on`, `modified_by`, `modified_on`, `locked_by_state`, `owner_only`, `is_need_export`, `is_need_import`, `show_in_approval`, `is_need_pre_check`, `pre_check_label`) VALUES ('40264861-5f72-11e6-a2af-5cc5d4d378cc', '3f49c30f-5d59-11e6-a130-5cc5d4d378cb', 'standard', 'system', 'all', 'edit', 'veev-edit', '核销', '0', '1', '0', '1', '0', '1', '2018-12-17 10:32:06', '1', '2018-12-17 10:32:06', '0', '0', '0', '0', '0', '0', '0');

-- 核销保存
INSERT INTO `object_actions` (`id`, `object_id`, `type`, `source`, `target_object_state_id`, `target_display_mode`, `name`, `icon`, `label`, `is_need_create`, `is_need_delete`, `is_need_read`, `is_need_update`, `deleted`, `created_by`, `created_on`, `modified_by`, `modified_on`, `message`, `locked_by_state`, `owner_only`, `is_need_export`, `is_need_import`, `show_in_approval`, `is_need_pre_check`, `pre_check_label`) VALUES ('b9015917-9be4-4d3d-afe9-bb2672dff214', '3f49c30f-5d59-11e6-a130-5cc5d4d378cb', 'action', 'custom', '577ca18d-e360-11e9-b9aa-0298a739dec0', 'edit', 'write off', 'veev-add', '核销保存', '0', '0', '1', '1', '0', '1', '2018-12-17 10:32:06', '1', '2018-12-17 10:32:06', '确认是否保存核销？', '0', '0', '0', '0', '0', '0', '0');

-- actions
-- 编辑 40264861-5f72-11e6-a2af-5cc5d4d378cb
-- 删除 40683361-5f72-11e6-bfa7-5cc5d4d378cb
-- 提交审批 41792e30-5f72-11e6-805e-5cc5d4d378cb
-- 生成报告 168dedc3-c28e-4905-9caa-395efd8d3423
-- 生成表单 611eb771-c645-4e2f-9a33-3b66f1bdca46
-- 拷贝 ee135a73-e05d-46b4-ad96-da4d77a5aa44
-- 取消 b9015917-9be4-4d3d-afe9-bb2672dff213
-- 核销 40264861-5f72-11e6-a2af-5cc5d4d378cc
-- 核销保存 b9015917-9be4-4d3d-afe9-bb2672dff214

-- 保存 3fde42de-5f72-11e6-bb90-5cc5d4d378cb

INSERT IGNORE INTO `page_layout_actions` (`id`,`page_layout_id`,`object_action_id`,`display_mode`,`order`,`deleted`,`created_by`,`created_on`,`modified_by`,`modified_on`) VALUES 
('8993f834-e0eb-fd48-9b9e-536fc10b45d9','59abbc7a-d3b5-e040-bdbe-c7f1ec2a1302', '41792e30-5f72-11e6-805e-5cc5d4d378cb', 'view', '1',  '0', '1', NOW(), '1', NOW()),
('176994f9-5d68-644c-b842-116f1e86c4d1','59abbc7a-d3b5-e040-bdbe-c7f1ec2a1302', '40264861-5f72-11e6-a2af-5cc5d4d378cb', 'view', '2',  '0', '1', NOW(), '1', NOW()),
('50a22490-a43d-8b47-a1f9-9007d8a9b434','59abbc7a-d3b5-e040-bdbe-c7f1ec2a1302', '3fde42de-5f72-11e6-bb90-5cc5d4d378cb', 'edit', '1',  '0', '1', NOW(), '1', NOW()),
('705feff6-1840-794b-8bcb-d8d6fd198d83','59abbc7a-d3b5-e040-bdbe-c7f1ec2a1302', '40683361-5f72-11e6-bfa7-5cc5d4d378cb', 'view', '3',  '0', '1', NOW(), '1', NOW()),
('5f5176c3-15ca-8147-b2b5-0a4bd64d2184','59abbc7a-d3b5-e040-bdbe-c7f1ec2a1302', 'b9015917-9be4-4d3d-afe9-bb2672dff213', 'view', '4',  '0', '1', NOW(), '1', NOW()),
('82f9b328-4902-3142-853c-82d876476a23','670861aa-8111-384b-be60-23421b86cc72', '41792e30-5f72-11e6-805e-5cc5d4d378cb', 'view', '1',  '0', '1', NOW(), '1', NOW()),
('12dfb253-5632-b540-9f7c-318a8c2c351a','670861aa-8111-384b-be60-23421b86cc72', '40264861-5f72-11e6-a2af-5cc5d4d378cb', 'view', '2',  '0', '1', NOW(), '1', NOW()),
('e31e5c43-f788-ef46-aa1f-cfa31ea1bde2','670861aa-8111-384b-be60-23421b86cc72', '3fde42de-5f72-11e6-bb90-5cc5d4d378cb', 'edit', '1',  '0', '1', NOW(), '1', NOW()),
('2856f029-0129-444d-9c21-2175af8f1cab','670861aa-8111-384b-be60-23421b86cc72', 'b9015917-9be4-4d3d-afe9-bb2672dff213', 'view', '3',  '0', '1', NOW(), '1', NOW()),
('c5e4f14b-3d89-6d44-86f4-1e76b33845fc','168d87ae-33a0-3047-b724-2ca9cafe9870', '168dedc3-c28e-4905-9caa-395efd8d3423', 'view', '1',  '0', '1', NOW(), '1', NOW()),
('bf8895f1-fe70-3b4f-9e70-490dcd00c66c','168d87ae-33a0-3047-b724-2ca9cafe9870', 'ee135a73-e05d-46b4-ad96-da4d77a5aa44', 'view', '2',  '0', '1', NOW(), '1', NOW()),
('32a63431-5811-a14f-8356-0a77d3d7ab9b','168d87ae-33a0-3047-b724-2ca9cafe9870', 'b9015917-9be4-4d3d-afe9-bb2672dff213', 'view', '3',  '0', '1', NOW(), '1', NOW()),
('046f98f0-c2e2-1445-a458-b2d39e1bbb4e','bdd0d031-1d29-4248-891d-8b741a510b81', '41792e30-5f72-11e6-805e-5cc5d4d378cb', 'view', '4',  '0', '1', NOW(), '1', NOW()),
('6fd82040-0a3d-4346-b30a-a01f06a9db7f','bdd0d031-1d29-4248-891d-8b741a510b81', '40264861-5f72-11e6-a2af-5cc5d4d378cb', 'view', '5',  '0', '1', NOW(), '1', NOW()),
('6c97a486-f6e0-114a-bb10-eaceb317f4cc','bdd0d031-1d29-4248-891d-8b741a510b81', '3fde42de-5f72-11e6-bb90-5cc5d4d378cb', 'edit', '1',  '0', '1', NOW(), '1', NOW()),
('356959cb-f80b-0344-b1f9-a38945b9cb5b','3c017e19-a38a-e245-954d-b8af4ce7f645', '41792e30-5f72-11e6-805e-5cc5d4d378cb', 'view', '1',  '0', '1', NOW(), '1', NOW()),
('300e4534-62ab-5141-a04d-3148d5de94d5','3c017e19-a38a-e245-954d-b8af4ce7f645', '40264861-5f72-11e6-a2af-5cc5d4d378cb', 'view', '2',  '0', '1', NOW(), '1', NOW()),
('31085d94-2ad2-c640-a6bd-b7f7b1ee1e29','3c017e19-a38a-e245-954d-b8af4ce7f645', '3fde42de-5f72-11e6-bb90-5cc5d4d378cb', 'edit', '1',  '0', '1', NOW(), '1', NOW()),
('1dcdf880-6da0-d546-a808-3e3e6cad2ee0','3574b979-bd64-ca40-bd02-51e211726d66', '611eb771-c645-4e2f-9a33-3b66f1bdca46', 'view', '1',  '0', '1', NOW(), '1', NOW());

-- tab
INSERT INTO `page_layout_tabs` (`id`, `page_layout_id`, `object_tab_id`, `order`, `configurations`, `is_readonly`, `deleted`, `created_by`, `created_on`, `modified_by`, `modified_on`) VALUES 
('b3cb9b1d-ff74-fd4a-96d1-dd5af0118138','59abbc7a-d3b5-e040-bdbe-c7f1ec2a1302', 'de58558f-5f8c-11e6-99b7-5cc5d4d378cb', '1', null, '0',  '0', '1', NOW(), '1', NOW());

INSERT INTO `page_layout_tabs` (`id`, `page_layout_id`, `object_tab_id`, `order`, `configurations`, `is_readonly`, `deleted`, `created_by`, `created_on`, `modified_by`, `modified_on`) VALUES 
('ebd115a3-c3e1-1a40-ad72-2566500a6fe8','59abbc7a-d3b5-e040-bdbe-c7f1ec2a1302', 'de78128f-5f8c-11e6-861e-5cc5d4d378cb', '2', null, '0',  '0', '1', NOW(), '1', NOW());

INSERT INTO `page_layout_tabs` (`id`, `page_layout_id`, `object_tab_id`, `order`, `configurations`, `is_readonly`, `deleted`, `created_by`, `created_on`, `modified_by`, `modified_on`) VALUES 
('f41a81e6-8e5e-cd49-a8a2-24c5a572a359','59abbc7a-d3b5-e040-bdbe-c7f1ec2a1302', 'defa520e-71b3-48c3-b986-d28161041a35', '3', null, '0',  '0', '1', NOW(), '1', NOW());

INSERT INTO `page_layout_tabs` (`id`, `page_layout_id`, `object_tab_id`, `order`, `configurations`, `is_readonly`, `deleted`, `created_by`, `created_on`, `modified_by`, `modified_on`) VALUES 
('739ef5f4-8a4d-ae4b-88db-aa3802b46fb3','59abbc7a-d3b5-e040-bdbe-c7f1ec2a1302', '22f87617-c336-49de-a99a-58553d418e9d', '4', null, '0',  '0', '1', NOW(), '1', NOW());

INSERT INTO `page_layout_tabs` (`id`, `page_layout_id`, `object_tab_id`, `order`, `configurations`, `is_readonly`, `deleted`, `created_by`, `created_on`, `modified_by`, `modified_on`) VALUES 
('c41db8b9-606d-254c-aa72-d4b529e3ab63','59abbc7a-d3b5-e040-bdbe-c7f1ec2a1302', '5ce80f3e-7f7b-4c2b-aac3-118b40cdea54', '5', null, '0',  '0', '1', NOW(), '1', NOW());

INSERT INTO `page_layout_tabs` (`id`, `page_layout_id`, `object_tab_id`, `order`, `configurations`, `is_readonly`, `deleted`, `created_by`, `created_on`, `modified_by`, `modified_on`) VALUES 
('c3e3155f-eefc-9a4b-9b7e-ce8845dd29a9','02fd7d46-80a3-3346-8511-9b6bb7f53103', 'de58558f-5f8c-11e6-99b7-5cc5d4d378cb', '1', null, '0',  '0', '1', NOW(), '1', NOW());

INSERT INTO `page_layout_tabs` (`id`, `page_layout_id`, `object_tab_id`, `order`, `configurations`, `is_readonly`, `deleted`, `created_by`, `created_on`, `modified_by`, `modified_on`) VALUES 
('f5a8c32d-2c48-de45-9c20-6e9ca79d849e','02fd7d46-80a3-3346-8511-9b6bb7f53103', 'de78128f-5f8c-11e6-861e-5cc5d4d378cb', '2', null, '1',  '0', '1', NOW(), '1', NOW());

INSERT INTO `page_layout_tabs` (`id`, `page_layout_id`, `object_tab_id`, `order`, `configurations`, `is_readonly`, `deleted`, `created_by`, `created_on`, `modified_by`, `modified_on`) VALUES 
('bf39d787-0b08-1349-9057-ce109f77b9ce','02fd7d46-80a3-3346-8511-9b6bb7f53103', 'defa520e-71b3-48c3-b986-d28161041a35', '3', null, '1',  '0', '1', NOW(), '1', NOW());

INSERT INTO `page_layout_tabs` (`id`, `page_layout_id`, `object_tab_id`, `order`, `configurations`, `is_readonly`, `deleted`, `created_by`, `created_on`, `modified_by`, `modified_on`) VALUES 
('b29bf226-4f6a-ba43-97a2-1cd5c1e94897','02fd7d46-80a3-3346-8511-9b6bb7f53103', '22f87617-c336-49de-a99a-58553d418e9d', '4', null, '1',  '0', '1', NOW(), '1', NOW());

INSERT INTO `page_layout_tabs` (`id`, `page_layout_id`, `object_tab_id`, `order`, `configurations`, `is_readonly`, `deleted`, `created_by`, `created_on`, `modified_by`, `modified_on`) VALUES 
('d5ddac4f-1766-bc45-8e16-8375f9bc24a0','02fd7d46-80a3-3346-8511-9b6bb7f53103', '5ce80f3e-7f7b-4c2b-aac3-118b40cdea54', '5', null, '1',  '0', '1', NOW(), '1', NOW());

INSERT INTO `page_layout_tabs` (`id`, `page_layout_id`, `object_tab_id`, `order`, `configurations`, `is_readonly`, `deleted`, `created_by`, `created_on`, `modified_by`, `modified_on`) VALUES 
('6d1eb46e-f99c-9948-9969-f7a898a9c811','670861aa-8111-384b-be60-23421b86cc72', 'de58558f-5f8c-11e6-99b7-5cc5d4d378cb', '1', null, '0',  '0', '1', NOW(), '1', NOW());

INSERT INTO `page_layout_tabs` (`id`, `page_layout_id`, `object_tab_id`, `order`, `configurations`, `is_readonly`, `deleted`, `created_by`, `created_on`, `modified_by`, `modified_on`) VALUES 
('b57fc235-476e-ae48-9370-b526133ddba4','670861aa-8111-384b-be60-23421b86cc72', 'de78128f-5f8c-11e6-861e-5cc5d4d378cb', '2', null, '0',  '0', '1', NOW(), '1', NOW());

INSERT INTO `page_layout_tabs` (`id`, `page_layout_id`, `object_tab_id`, `order`, `configurations`, `is_readonly`, `deleted`, `created_by`, `created_on`, `modified_by`, `modified_on`) VALUES 
('f167a1da-d47d-d04a-911d-d7a41a6c7dde','670861aa-8111-384b-be60-23421b86cc72', 'defa520e-71b3-48c3-b986-d28161041a35', '3', null, '0',  '0', '1', NOW(), '1', NOW());

INSERT INTO `page_layout_tabs` (`id`, `page_layout_id`, `object_tab_id`, `order`, `configurations`, `is_readonly`, `deleted`, `created_by`, `created_on`, `modified_by`, `modified_on`) VALUES 
('fc7807c8-8126-0140-abda-a8ad8cfcb992','670861aa-8111-384b-be60-23421b86cc72', '22f87617-c336-49de-a99a-58553d418e9d', '4', null, '0',  '0', '1', NOW(), '1', NOW());

INSERT INTO `page_layout_tabs` (`id`, `page_layout_id`, `object_tab_id`, `order`, `configurations`, `is_readonly`, `deleted`, `created_by`, `created_on`, `modified_by`, `modified_on`) VALUES 
('dc735557-593b-2c44-a461-d2c5b9a435c0','670861aa-8111-384b-be60-23421b86cc72', '5ce80f3e-7f7b-4c2b-aac3-118b40cdea54', '5', null, '0',  '0', '1', NOW(), '1', NOW());

INSERT INTO `page_layout_tabs` (`id`, `page_layout_id`, `object_tab_id`, `order`, `configurations`, `is_readonly`, `deleted`, `created_by`, `created_on`, `modified_by`, `modified_on`) VALUES 
('a408d19d-2bc1-3143-8860-62fc5f840603','168d87ae-33a0-3047-b724-2ca9cafe9870', 'de58558f-5f8c-11e6-99b7-5cc5d4d378cb', '1', null, '0',  '0', '1', NOW(), '1', NOW());

INSERT INTO `page_layout_tabs` (`id`, `page_layout_id`, `object_tab_id`, `order`, `configurations`, `is_readonly`, `deleted`, `created_by`, `created_on`, `modified_by`, `modified_on`) VALUES 
('399cb08c-a6bf-bc4d-96f4-86a418ddceae','168d87ae-33a0-3047-b724-2ca9cafe9870', 'de78128f-5f8c-11e6-861e-5cc5d4d378cb', '2', null, '1',  '0', '1', NOW(), '1', NOW());

INSERT INTO `page_layout_tabs` (`id`, `page_layout_id`, `object_tab_id`, `order`, `configurations`, `is_readonly`, `deleted`, `created_by`, `created_on`, `modified_by`, `modified_on`) VALUES 
('7c27aa75-e2c2-584e-91cc-ed762d856d17','168d87ae-33a0-3047-b724-2ca9cafe9870', 'defa520e-71b3-48c3-b986-d28161041a35', '3', null, '1',  '0', '1', NOW(), '1', NOW());

INSERT INTO `page_layout_tabs` (`id`, `page_layout_id`, `object_tab_id`, `order`, `configurations`, `is_readonly`, `deleted`, `created_by`, `created_on`, `modified_by`, `modified_on`) VALUES 
('41fef3af-84a7-8345-98e0-8f7c0d017cef','168d87ae-33a0-3047-b724-2ca9cafe9870', '22f87617-c336-49de-a99a-58553d418e9d', '4', null, '1',  '0', '1', NOW(), '1', NOW());

INSERT INTO `page_layout_tabs` (`id`, `page_layout_id`, `object_tab_id`, `order`, `configurations`, `is_readonly`, `deleted`, `created_by`, `created_on`, `modified_by`, `modified_on`) VALUES 
('50d2140d-54b0-2c4f-a89d-1f49cdaa616d','168d87ae-33a0-3047-b724-2ca9cafe9870', '5ce80f3e-7f7b-4c2b-aac3-118b40cdea54', '5', null, '1',  '0', '1', NOW(), '1', NOW());

INSERT INTO `page_layout_tabs` (`id`, `page_layout_id`, `object_tab_id`, `order`, `configurations`, `is_readonly`, `deleted`, `created_by`, `created_on`, `modified_by`, `modified_on`) VALUES 
('4cfaa81c-a7b5-8f4a-a571-f68564ad8a45','59a2bedf-4d64-b64d-9f95-7c9e02f2e278', 'de58558f-5f8c-11e6-99b7-5cc5d4d378cb', '1', null, '0',  '0', '1', NOW(), '1', NOW());

INSERT INTO `page_layout_tabs` (`id`, `page_layout_id`, `object_tab_id`, `order`, `configurations`, `is_readonly`, `deleted`, `created_by`, `created_on`, `modified_by`, `modified_on`) VALUES 
('f1d16dc8-5151-c449-9bac-76d4be702717','59a2bedf-4d64-b64d-9f95-7c9e02f2e278', 'de78128f-5f8c-11e6-861e-5cc5d4d378cb', '2', null, '1',  '0', '1', NOW(), '1', NOW());

INSERT INTO `page_layout_tabs` (`id`, `page_layout_id`, `object_tab_id`, `order`, `configurations`, `is_readonly`, `deleted`, `created_by`, `created_on`, `modified_by`, `modified_on`) VALUES 
('ec6a5b58-b41a-544f-8a61-55628f439d66','59a2bedf-4d64-b64d-9f95-7c9e02f2e278', 'defa520e-71b3-48c3-b986-d28161041a35', '3', null, '1',  '0', '1', NOW(), '1', NOW());

INSERT INTO `page_layout_tabs` (`id`, `page_layout_id`, `object_tab_id`, `order`, `configurations`, `is_readonly`, `deleted`, `created_by`, `created_on`, `modified_by`, `modified_on`) VALUES 
('456dd79f-a2cf-fa4f-b59d-71985b5258c4','59a2bedf-4d64-b64d-9f95-7c9e02f2e278', '22f87617-c336-49de-a99a-58553d418e9d', '4', null, '1',  '0', '1', NOW(), '1', NOW());

INSERT INTO `page_layout_tabs` (`id`, `page_layout_id`, `object_tab_id`, `order`, `configurations`, `is_readonly`, `deleted`, `created_by`, `created_on`, `modified_by`, `modified_on`) VALUES 
('a26819ff-207a-5a43-af6b-0123f764a461','59a2bedf-4d64-b64d-9f95-7c9e02f2e278', '5ce80f3e-7f7b-4c2b-aac3-118b40cdea54', '5', null, '1',  '0', '1', NOW(), '1', NOW());

INSERT INTO `page_layout_tabs` (`id`, `page_layout_id`, `object_tab_id`, `order`, `configurations`, `is_readonly`, `deleted`, `created_by`, `created_on`, `modified_by`, `modified_on`) VALUES 
('386a5b0a-1266-0a44-9db1-f4173079c042','0e5217f2-790d-a34a-b4ff-40ee55e2d1b1', 'de58558f-5f8c-11e6-99b7-5cc5d4d378cb', '1', null, '0',  '0', '1', NOW(), '1', NOW());

INSERT INTO `page_layout_tabs` (`id`, `page_layout_id`, `object_tab_id`, `order`, `configurations`, `is_readonly`, `deleted`, `created_by`, `created_on`, `modified_by`, `modified_on`) VALUES 
('67878aeb-39bb-2d49-bf03-cbbf1e4362f7','0e5217f2-790d-a34a-b4ff-40ee55e2d1b1', 'de78128f-5f8c-11e6-861e-5cc5d4d378cb', '2', null, '1',  '0', '1', NOW(), '1', NOW());

INSERT INTO `page_layout_tabs` (`id`, `page_layout_id`, `object_tab_id`, `order`, `configurations`, `is_readonly`, `deleted`, `created_by`, `created_on`, `modified_by`, `modified_on`) VALUES 
('6d643763-ca78-254f-8eb1-4df0afeb4f8f','0e5217f2-790d-a34a-b4ff-40ee55e2d1b1', 'defa520e-71b3-48c3-b986-d28161041a35', '3', null, '1',  '0', '1', NOW(), '1', NOW());

INSERT INTO `page_layout_tabs` (`id`, `page_layout_id`, `object_tab_id`, `order`, `configurations`, `is_readonly`, `deleted`, `created_by`, `created_on`, `modified_by`, `modified_on`) VALUES 
('f78ef960-261f-2646-bd82-434b90856fa2','0e5217f2-790d-a34a-b4ff-40ee55e2d1b1', '22f87617-c336-49de-a99a-58553d418e9d', '4', null, '1',  '0', '1', NOW(), '1', NOW());

INSERT INTO `page_layout_tabs` (`id`, `page_layout_id`, `object_tab_id`, `order`, `configurations`, `is_readonly`, `deleted`, `created_by`, `created_on`, `modified_by`, `modified_on`) VALUES 
('5424e85d-862d-7940-a92a-a0c58dd87d0c','0e5217f2-790d-a34a-b4ff-40ee55e2d1b1', '5ce80f3e-7f7b-4c2b-aac3-118b40cdea54', '5', null, '1',  '0', '1', NOW(), '1', NOW());

INSERT INTO `page_layout_tabs` (`id`, `page_layout_id`, `object_tab_id`, `order`, `configurations`, `is_readonly`, `deleted`, `created_by`, `created_on`, `modified_by`, `modified_on`) VALUES 
('ac095c3d-be5d-d742-9d0e-e82ba17bf32a','bdd0d031-1d29-4248-891d-8b741a510b81', 'de58558f-5f8c-11e6-99b7-5cc5d4d378cb', '1', null, '0',  '0', '1', NOW(), '1', NOW());

INSERT INTO `page_layout_tabs` (`id`, `page_layout_id`, `object_tab_id`, `order`, `configurations`, `is_readonly`, `deleted`, `created_by`, `created_on`, `modified_by`, `modified_on`) VALUES 
('293ce201-f996-cd43-b25c-0237b1d9317e','bdd0d031-1d29-4248-891d-8b741a510b81', 'de78128f-5f8c-11e6-861e-5cc5d4d378cb', '2', null, '0',  '0', '1', NOW(), '1', NOW());

INSERT INTO `page_layout_tabs` (`id`, `page_layout_id`, `object_tab_id`, `order`, `configurations`, `is_readonly`, `deleted`, `created_by`, `created_on`, `modified_by`, `modified_on`) VALUES 
('c5a43f20-4061-524f-b3b1-6319b7ee1869','bdd0d031-1d29-4248-891d-8b741a510b81', 'defa520e-71b3-48c3-b986-d28161041a35', '3', null, '0',  '0', '1', NOW(), '1', NOW());

INSERT INTO `page_layout_tabs` (`id`, `page_layout_id`, `object_tab_id`, `order`, `configurations`, `is_readonly`, `deleted`, `created_by`, `created_on`, `modified_by`, `modified_on`) VALUES 
('5c80ad04-7509-d249-a210-b3684addbaa6','bdd0d031-1d29-4248-891d-8b741a510b81', '22f87617-c336-49de-a99a-58553d418e9d', '4', null, '0',  '0', '1', NOW(), '1', NOW());

INSERT INTO `page_layout_tabs` (`id`, `page_layout_id`, `object_tab_id`, `order`, `configurations`, `is_readonly`, `deleted`, `created_by`, `created_on`, `modified_by`, `modified_on`) VALUES 
('bc652a45-28db-d84c-bfb3-3688d943b38e','bdd0d031-1d29-4248-891d-8b741a510b81', '5ce80f3e-7f7b-4c2b-aac3-118b40cdea54', '5', null, '0',  '0', '1', NOW(), '1', NOW());

INSERT INTO `page_layout_tabs` (`id`, `page_layout_id`, `object_tab_id`, `order`, `configurations`, `is_readonly`, `deleted`, `created_by`, `created_on`, `modified_by`, `modified_on`) VALUES 
('1df23d4d-9792-c142-9c78-a29ad446f94d','bdd0d031-1d29-4248-891d-8b741a510b81', 'de6aa50f-5f8c-11e6-981f-5cc5d4d378cb', '6', null, '0',  '0', '1', NOW(), '1', NOW());

INSERT INTO `page_layout_tabs` (`id`, `page_layout_id`, `object_tab_id`, `order`, `configurations`, `is_readonly`, `deleted`, `created_by`, `created_on`, `modified_by`, `modified_on`) VALUES 
('cd601671-a29f-a643-a479-527f359d11c5','249a20aa-c1b1-594b-bc13-25fe71c99014', 'de58558f-5f8c-11e6-99b7-5cc5d4d378cb', '1', null, '0',  '0', '1', NOW(), '1', NOW());

INSERT INTO `page_layout_tabs` (`id`, `page_layout_id`, `object_tab_id`, `order`, `configurations`, `is_readonly`, `deleted`, `created_by`, `created_on`, `modified_by`, `modified_on`) VALUES 
('b3fa430b-6e61-c045-becc-a66513a66817','249a20aa-c1b1-594b-bc13-25fe71c99014', 'de78128f-5f8c-11e6-861e-5cc5d4d378cb', '2', null, '1',  '0', '1', NOW(), '1', NOW());

INSERT INTO `page_layout_tabs` (`id`, `page_layout_id`, `object_tab_id`, `order`, `configurations`, `is_readonly`, `deleted`, `created_by`, `created_on`, `modified_by`, `modified_on`) VALUES 
('a7506b79-6d63-2c4f-a6d4-8c6beb0a8542','249a20aa-c1b1-594b-bc13-25fe71c99014', 'defa520e-71b3-48c3-b986-d28161041a35', '3', null, '1',  '0', '1', NOW(), '1', NOW());

INSERT INTO `page_layout_tabs` (`id`, `page_layout_id`, `object_tab_id`, `order`, `configurations`, `is_readonly`, `deleted`, `created_by`, `created_on`, `modified_by`, `modified_on`) VALUES 
('35934627-be46-364a-9cb5-ddcc3d78eb5d','249a20aa-c1b1-594b-bc13-25fe71c99014', '22f87617-c336-49de-a99a-58553d418e9d', '4', null, '1',  '0', '1', NOW(), '1', NOW());

INSERT INTO `page_layout_tabs` (`id`, `page_layout_id`, `object_tab_id`, `order`, `configurations`, `is_readonly`, `deleted`, `created_by`, `created_on`, `modified_by`, `modified_on`) VALUES 
('4df18007-c7e1-2f40-9a84-7a5a39bf0c26','249a20aa-c1b1-594b-bc13-25fe71c99014', '5ce80f3e-7f7b-4c2b-aac3-118b40cdea54', '5', null, '1',  '0', '1', NOW(), '1', NOW());

INSERT INTO `page_layout_tabs` (`id`, `page_layout_id`, `object_tab_id`, `order`, `configurations`, `is_readonly`, `deleted`, `created_by`, `created_on`, `modified_by`, `modified_on`) VALUES 
('1a3b1c8c-ec8f-e845-a31a-23666582d78f','249a20aa-c1b1-594b-bc13-25fe71c99014', 'de6aa50f-5f8c-11e6-981f-5cc5d4d378cb', '6', null, '1',  '0', '1', NOW(), '1', NOW());

INSERT INTO `page_layout_tabs` (`id`, `page_layout_id`, `object_tab_id`, `order`, `configurations`, `is_readonly`, `deleted`, `created_by`, `created_on`, `modified_by`, `modified_on`) VALUES 
('7b44b03d-c5f6-df43-af68-1ebf1998ee60','3c017e19-a38a-e245-954d-b8af4ce7f645', 'de58558f-5f8c-11e6-99b7-5cc5d4d378cb', '1', null, '0',  '0', '1', NOW(), '1', NOW());

INSERT INTO `page_layout_tabs` (`id`, `page_layout_id`, `object_tab_id`, `order`, `configurations`, `is_readonly`, `deleted`, `created_by`, `created_on`, `modified_by`, `modified_on`) VALUES 
('6c30b46c-771a-ee4a-a814-8af0c433fa60','3c017e19-a38a-e245-954d-b8af4ce7f645', 'de78128f-5f8c-11e6-861e-5cc5d4d378cb', '2', null, '0',  '0', '1', NOW(), '1', NOW());

INSERT INTO `page_layout_tabs` (`id`, `page_layout_id`, `object_tab_id`, `order`, `configurations`, `is_readonly`, `deleted`, `created_by`, `created_on`, `modified_by`, `modified_on`) VALUES 
('1c8b7d92-c24f-b14b-a84e-ac23c94584bb','3c017e19-a38a-e245-954d-b8af4ce7f645', 'defa520e-71b3-48c3-b986-d28161041a35', '3', null, '0',  '0', '1', NOW(), '1', NOW());

INSERT INTO `page_layout_tabs` (`id`, `page_layout_id`, `object_tab_id`, `order`, `configurations`, `is_readonly`, `deleted`, `created_by`, `created_on`, `modified_by`, `modified_on`) VALUES 
('77607ddb-8d8e-f54d-b7ba-707a8e3358ad','3c017e19-a38a-e245-954d-b8af4ce7f645', '22f87617-c336-49de-a99a-58553d418e9d', '4', null, '0',  '0', '1', NOW(), '1', NOW());

INSERT INTO `page_layout_tabs` (`id`, `page_layout_id`, `object_tab_id`, `order`, `configurations`, `is_readonly`, `deleted`, `created_by`, `created_on`, `modified_by`, `modified_on`) VALUES 
('4bb305ae-c991-0244-b8ee-45ab50d39465','3c017e19-a38a-e245-954d-b8af4ce7f645', '5ce80f3e-7f7b-4c2b-aac3-118b40cdea54', '5', null, '0',  '0', '1', NOW(), '1', NOW());

INSERT INTO `page_layout_tabs` (`id`, `page_layout_id`, `object_tab_id`, `order`, `configurations`, `is_readonly`, `deleted`, `created_by`, `created_on`, `modified_by`, `modified_on`) VALUES 
('ac75c7aa-7d02-9149-b589-4d3efb73a444','3c017e19-a38a-e245-954d-b8af4ce7f645', 'de6aa50f-5f8c-11e6-981f-5cc5d4d378cb', '6', null, '0',  '0', '1', NOW(), '1', NOW());

INSERT INTO `page_layout_tabs` (`id`, `page_layout_id`, `object_tab_id`, `order`, `configurations`, `is_readonly`, `deleted`, `created_by`, `created_on`, `modified_by`, `modified_on`) VALUES 
('f8a9721c-9dea-7244-a323-358bd43439bf','3574b979-bd64-ca40-bd02-51e211726d66', 'de58558f-5f8c-11e6-99b7-5cc5d4d378cb', '1', null, '0',  '0', '1', NOW(), '1', NOW());

INSERT INTO `page_layout_tabs` (`id`, `page_layout_id`, `object_tab_id`, `order`, `configurations`, `is_readonly`, `deleted`, `created_by`, `created_on`, `modified_by`, `modified_on`) VALUES 
('9614d408-1089-0845-ab08-9032c444389b','3574b979-bd64-ca40-bd02-51e211726d66', 'de78128f-5f8c-11e6-861e-5cc5d4d378cb', '2', null, '1',  '0', '1', NOW(), '1', NOW());

INSERT INTO `page_layout_tabs` (`id`, `page_layout_id`, `object_tab_id`, `order`, `configurations`, `is_readonly`, `deleted`, `created_by`, `created_on`, `modified_by`, `modified_on`) VALUES 
('aaa64e21-a434-684f-a456-590c55998bf3','3574b979-bd64-ca40-bd02-51e211726d66', 'defa520e-71b3-48c3-b986-d28161041a35', '3', null, '1',  '0', '1', NOW(), '1', NOW());

INSERT INTO `page_layout_tabs` (`id`, `page_layout_id`, `object_tab_id`, `order`, `configurations`, `is_readonly`, `deleted`, `created_by`, `created_on`, `modified_by`, `modified_on`) VALUES 
('7fab3bbd-3595-c74d-a385-d6b248b6b5ca','3574b979-bd64-ca40-bd02-51e211726d66', '22f87617-c336-49de-a99a-58553d418e9d', '4', null, '1',  '0', '1', NOW(), '1', NOW());

INSERT INTO `page_layout_tabs` (`id`, `page_layout_id`, `object_tab_id`, `order`, `configurations`, `is_readonly`, `deleted`, `created_by`, `created_on`, `modified_by`, `modified_on`) VALUES 
('6ca09320-eb3e-2b47-b4b3-ceba4cb3495d','3574b979-bd64-ca40-bd02-51e211726d66', '5ce80f3e-7f7b-4c2b-aac3-118b40cdea54', '5', null, '1',  '0', '1', NOW(), '1', NOW());

INSERT INTO `page_layout_tabs` (`id`, `page_layout_id`, `object_tab_id`, `order`, `configurations`, `is_readonly`, `deleted`, `created_by`, `created_on`, `modified_by`, `modified_on`) VALUES 
('beeb8eb3-0e05-b54b-8c9e-2d8b2d1e48fd','3574b979-bd64-ca40-bd02-51e211726d66', 'de6aa50f-5f8c-11e6-981f-5cc5d4d378cb', '6', null, '1',  '0', '1', NOW(), '1', NOW());

INSERT INTO `page_layout_tabs` (`id`, `page_layout_id`, `object_tab_id`, `order`, `configurations`, `is_readonly`, `deleted`, `created_by`, `created_on`, `modified_by`, `modified_on`) VALUES 
('9125bfa6-dc4e-b541-8ca1-4b933a9c5ec4','1501cfd8-55f0-334c-a7a1-5e5155539e63', 'de58558f-5f8c-11e6-99b7-5cc5d4d378cb', '1', null, '0',  '0', '1', NOW(), '1', NOW());

INSERT INTO `page_layout_tabs` (`id`, `page_layout_id`, `object_tab_id`, `order`, `configurations`, `is_readonly`, `deleted`, `created_by`, `created_on`, `modified_by`, `modified_on`) VALUES 
('ef8411b6-5a8c-6843-9d9f-11b32ab00db0','1501cfd8-55f0-334c-a7a1-5e5155539e63', 'de78128f-5f8c-11e6-861e-5cc5d4d378cb', '2', null, '1',  '0', '1', NOW(), '1', NOW());

INSERT INTO `page_layout_tabs` (`id`, `page_layout_id`, `object_tab_id`, `order`, `configurations`, `is_readonly`, `deleted`, `created_by`, `created_on`, `modified_by`, `modified_on`) VALUES 
('8fc2d66b-724e-6c40-aea0-272c8f3a735c','1501cfd8-55f0-334c-a7a1-5e5155539e63', 'defa520e-71b3-48c3-b986-d28161041a35', '3', null, '1',  '0', '1', NOW(), '1', NOW());

INSERT INTO `page_layout_tabs` (`id`, `page_layout_id`, `object_tab_id`, `order`, `configurations`, `is_readonly`, `deleted`, `created_by`, `created_on`, `modified_by`, `modified_on`) VALUES 
('beb92aa1-23a5-5d43-8d57-f781e9a743ce','1501cfd8-55f0-334c-a7a1-5e5155539e63', '22f87617-c336-49de-a99a-58553d418e9d', '4', null, '1',  '0', '1', NOW(), '1', NOW());

INSERT INTO `page_layout_tabs` (`id`, `page_layout_id`, `object_tab_id`, `order`, `configurations`, `is_readonly`, `deleted`, `created_by`, `created_on`, `modified_by`, `modified_on`) VALUES 
('a71bbb65-67d3-5e41-87d1-423a83d2f6b3','1501cfd8-55f0-334c-a7a1-5e5155539e63', '5ce80f3e-7f7b-4c2b-aac3-118b40cdea54', '5', null, '1',  '0', '1', NOW(), '1', NOW());

INSERT INTO `page_layout_tabs` (`id`, `page_layout_id`, `object_tab_id`, `order`, `configurations`, `is_readonly`, `deleted`, `created_by`, `created_on`, `modified_by`, `modified_on`) VALUES 
('3f202aa1-2365-744e-8a65-7b741a322668','1501cfd8-55f0-334c-a7a1-5e5155539e63', 'de6aa50f-5f8c-11e6-981f-5cc5d4d378cb', '6', null, '1',  '0', '1', NOW(), '1', NOW());

INSERT INTO `page_layout_tabs` (`id`, `page_layout_id`, `object_tab_id`, `order`, `configurations`, `is_readonly`, `deleted`, `created_by`, `created_on`, `modified_by`, `modified_on`) VALUES 
('b3f8f4fd-8539-1145-98f6-334d54c763a4','4c0d85c7-7196-9e4d-9ae6-220386a59bbd', 'de58558f-5f8c-11e6-99b7-5cc5d4d378cb', '1', null, '0',  '0', '1', NOW(), '1', NOW());

INSERT INTO `page_layout_tabs` (`id`, `page_layout_id`, `object_tab_id`, `order`, `configurations`, `is_readonly`, `deleted`, `created_by`, `created_on`, `modified_by`, `modified_on`) VALUES 
('b71bad9f-510b-7747-8715-ae3193dba74e','4c0d85c7-7196-9e4d-9ae6-220386a59bbd', 'de78128f-5f8c-11e6-861e-5cc5d4d378cb', '2', null, '1',  '0', '1', NOW(), '1', NOW());

INSERT INTO `page_layout_tabs` (`id`, `page_layout_id`, `object_tab_id`, `order`, `configurations`, `is_readonly`, `deleted`, `created_by`, `created_on`, `modified_by`, `modified_on`) VALUES 
('948c46ac-ef51-9d45-84ac-2b755f3c3278','4c0d85c7-7196-9e4d-9ae6-220386a59bbd', 'defa520e-71b3-48c3-b986-d28161041a35', '3', null, '1',  '0', '1', NOW(), '1', NOW());

INSERT INTO `page_layout_tabs` (`id`, `page_layout_id`, `object_tab_id`, `order`, `configurations`, `is_readonly`, `deleted`, `created_by`, `created_on`, `modified_by`, `modified_on`) VALUES 
('53c887b5-e9de-104f-8642-6639c309d6fb','4c0d85c7-7196-9e4d-9ae6-220386a59bbd', '22f87617-c336-49de-a99a-58553d418e9d', '4', null, '1',  '0', '1', NOW(), '1', NOW());

INSERT INTO `page_layout_tabs` (`id`, `page_layout_id`, `object_tab_id`, `order`, `configurations`, `is_readonly`, `deleted`, `created_by`, `created_on`, `modified_by`, `modified_on`) VALUES 
('5f45ec22-4bf4-8942-8035-cddfe0ea11bc','4c0d85c7-7196-9e4d-9ae6-220386a59bbd', '5ce80f3e-7f7b-4c2b-aac3-118b40cdea54', '5', null, '1',  '0', '1', NOW(), '1', NOW());

INSERT INTO `page_layout_tabs` (`id`, `page_layout_id`, `object_tab_id`, `order`, `configurations`, `is_readonly`, `deleted`, `created_by`, `created_on`, `modified_by`, `modified_on`) VALUES 
('a4b8b0ea-f87b-0342-8be7-5ad92c35b296','4c0d85c7-7196-9e4d-9ae6-220386a59bbd', 'de6aa50f-5f8c-11e6-981f-5cc5d4d378cb', '6', null, '1',  '0', '1', NOW(), '1', NOW());

INSERT INTO `page_layout_tabs` (`id`, `page_layout_id`, `object_tab_id`, `order`, `configurations`, `is_readonly`, `deleted`, `created_by`, `created_on`, `modified_by`, `modified_on`) VALUES 
('6397afa3-17e9-c643-baa3-a8fbda3b4a23','8b8234ee-593b-a048-94c5-c85eb8cb749c', 'de58558f-5f8c-11e6-99b7-5cc5d4d378cb', '1', null, '0',  '0', '1', NOW(), '1', NOW());

INSERT INTO `page_layout_tabs` (`id`, `page_layout_id`, `object_tab_id`, `order`, `configurations`, `is_readonly`, `deleted`, `created_by`, `created_on`, `modified_by`, `modified_on`) VALUES 
('a1c4b5ff-c6e8-d447-aaa2-5280acf67ff2','8b8234ee-593b-a048-94c5-c85eb8cb749c', 'de78128f-5f8c-11e6-861e-5cc5d4d378cb', '2', null, '1',  '0', '1', NOW(), '1', NOW());

INSERT INTO `page_layout_tabs` (`id`, `page_layout_id`, `object_tab_id`, `order`, `configurations`, `is_readonly`, `deleted`, `created_by`, `created_on`, `modified_by`, `modified_on`) VALUES 
('e1129adf-984b-444b-99ff-57dd467d8c31','8b8234ee-593b-a048-94c5-c85eb8cb749c', 'defa520e-71b3-48c3-b986-d28161041a35', '3', null, '1',  '0', '1', NOW(), '1', NOW());

INSERT INTO `page_layout_tabs` (`id`, `page_layout_id`, `object_tab_id`, `order`, `configurations`, `is_readonly`, `deleted`, `created_by`, `created_on`, `modified_by`, `modified_on`) VALUES 
('9644bd4c-d417-134f-a89f-362e39f3f5de','8b8234ee-593b-a048-94c5-c85eb8cb749c', '22f87617-c336-49de-a99a-58553d418e9d', '4', null, '1',  '0', '1', NOW(), '1', NOW());

INSERT INTO `page_layout_tabs` (`id`, `page_layout_id`, `object_tab_id`, `order`, `configurations`, `is_readonly`, `deleted`, `created_by`, `created_on`, `modified_by`, `modified_on`) VALUES 
('4e73eeeb-7019-fb45-9aea-15985d3c993e','8b8234ee-593b-a048-94c5-c85eb8cb749c', '5ce80f3e-7f7b-4c2b-aac3-118b40cdea54', '5', null, '1',  '0', '1', NOW(), '1', NOW());

INSERT INTO `page_layout_tabs` (`id`, `page_layout_id`, `object_tab_id`, `order`, `configurations`, `is_readonly`, `deleted`, `created_by`, `created_on`, `modified_by`, `modified_on`) VALUES 
('bdb8d6a0-c9e6-794b-a7b7-a52b0d1afcf2','8b8234ee-593b-a048-94c5-c85eb8cb749c', 'de6aa50f-5f8c-11e6-981f-5cc5d4d378cb', '6', null, '1',  '0', '1', NOW(), '1', NOW());

INSERT INTO `page_layout_tabs` (`id`, `page_layout_id`, `object_tab_id`, `order`, `configurations`, `is_readonly`, `deleted`, `created_by`, `created_on`, `modified_by`, `modified_on`) VALUES 
('22c8781b-cd77-7541-8828-94caba783419','0ffa8405-1796-5d4e-ac33-a23f8e7e69d8', 'de58558f-5f8c-11e6-99b7-5cc5d4d378cb', '1', null, '0',  '0', '1', NOW(), '1', NOW());

INSERT INTO `page_layout_tabs` (`id`, `page_layout_id`, `object_tab_id`, `order`, `configurations`, `is_readonly`, `deleted`, `created_by`, `created_on`, `modified_by`, `modified_on`) VALUES 
('29ada421-2b5a-f247-a4cb-16e54c8dbe47','0ffa8405-1796-5d4e-ac33-a23f8e7e69d8', 'de78128f-5f8c-11e6-861e-5cc5d4d378cb', '2', null, '1',  '0', '1', NOW(), '1', NOW());

INSERT INTO `page_layout_tabs` (`id`, `page_layout_id`, `object_tab_id`, `order`, `configurations`, `is_readonly`, `deleted`, `created_by`, `created_on`, `modified_by`, `modified_on`) VALUES 
('1a08206c-cdcb-f44f-b7c4-86cacd9d4135','0ffa8405-1796-5d4e-ac33-a23f8e7e69d8', 'defa520e-71b3-48c3-b986-d28161041a35', '3', null, '1',  '0', '1', NOW(), '1', NOW());

INSERT INTO `page_layout_tabs` (`id`, `page_layout_id`, `object_tab_id`, `order`, `configurations`, `is_readonly`, `deleted`, `created_by`, `created_on`, `modified_by`, `modified_on`) VALUES 
('2b517748-3d85-7d4d-8143-128ca4645657','0ffa8405-1796-5d4e-ac33-a23f8e7e69d8', '22f87617-c336-49de-a99a-58553d418e9d', '4', null, '1',  '0', '1', NOW(), '1', NOW());

INSERT INTO `page_layout_tabs` (`id`, `page_layout_id`, `object_tab_id`, `order`, `configurations`, `is_readonly`, `deleted`, `created_by`, `created_on`, `modified_by`, `modified_on`) VALUES 
('307f30b3-6329-7244-8025-58efe073d7c5','0ffa8405-1796-5d4e-ac33-a23f8e7e69d8', '5ce80f3e-7f7b-4c2b-aac3-118b40cdea54', '5', null, '1',  '0', '1', NOW(), '1', NOW());

INSERT INTO `page_layout_tabs` (`id`, `page_layout_id`, `object_tab_id`, `order`, `configurations`, `is_readonly`, `deleted`, `created_by`, `created_on`, `modified_by`, `modified_on`) VALUES 
('4fcf8d98-57fd-c146-8ab4-0c18610185a4','0ffa8405-1796-5d4e-ac33-a23f8e7e69d8', 'de6aa50f-5f8c-11e6-981f-5cc5d4d378cb', '6', null, '1',  '0', '1', NOW(), '1', NOW());

INSERT INTO `page_layout_tabs` (`id`, `page_layout_id`, `object_tab_id`, `order`, `configurations`, `is_readonly`, `deleted`, `created_by`, `created_on`, `modified_by`, `modified_on`) VALUES 
('f82437e2-04a4-df4f-b528-c3453587f79a','f377ce62-64a5-5c43-b1b0-0493e04c19d5', 'de58558f-5f8c-11e6-99b7-5cc5d4d378cb', '1', null, '0',  '0', '1', NOW(), '1', NOW());

INSERT INTO `page_layout_tabs` (`id`, `page_layout_id`, `object_tab_id`, `order`, `configurations`, `is_readonly`, `deleted`, `created_by`, `created_on`, `modified_by`, `modified_on`) VALUES 
('d1de4436-c3c5-ee4c-8b6c-f4acfa1cb48e','f377ce62-64a5-5c43-b1b0-0493e04c19d5', 'de78128f-5f8c-11e6-861e-5cc5d4d378cb', '2', null, '1',  '0', '1', NOW(), '1', NOW());

INSERT INTO `page_layout_tabs` (`id`, `page_layout_id`, `object_tab_id`, `order`, `configurations`, `is_readonly`, `deleted`, `created_by`, `created_on`, `modified_by`, `modified_on`) VALUES 
('24fc12ca-b80f-474a-9f2b-21abbf7d74ee','f377ce62-64a5-5c43-b1b0-0493e04c19d5', 'defa520e-71b3-48c3-b986-d28161041a35', '3', null, '1',  '0', '1', NOW(), '1', NOW());

INSERT INTO `page_layout_tabs` (`id`, `page_layout_id`, `object_tab_id`, `order`, `configurations`, `is_readonly`, `deleted`, `created_by`, `created_on`, `modified_by`, `modified_on`) VALUES 
('88b969c0-c34a-164d-ae43-9d5cc09eb435','f377ce62-64a5-5c43-b1b0-0493e04c19d5', '22f87617-c336-49de-a99a-58553d418e9d', '4', null, '1',  '0', '1', NOW(), '1', NOW());

INSERT INTO `page_layout_tabs` (`id`, `page_layout_id`, `object_tab_id`, `order`, `configurations`, `is_readonly`, `deleted`, `created_by`, `created_on`, `modified_by`, `modified_on`) VALUES 
('289b980d-3299-ef42-8283-074d2c036347','f377ce62-64a5-5c43-b1b0-0493e04c19d5', '5ce80f3e-7f7b-4c2b-aac3-118b40cdea54', '5', null, '1',  '0', '1', NOW(), '1', NOW());

INSERT INTO `page_layout_tabs` (`id`, `page_layout_id`, `object_tab_id`, `order`, `configurations`, `is_readonly`, `deleted`, `created_by`, `created_on`, `modified_by`, `modified_on`) VALUES 
('2edf3772-5562-ac42-b65f-5aaf32a17878','f377ce62-64a5-5c43-b1b0-0493e04c19d5', 'de6aa50f-5f8c-11e6-981f-5cc5d4d378cb', '6', null, '1',  '0', '1', NOW(), '1', NOW());

INSERT INTO `page_layout_tabs` (`id`, `page_layout_id`, `object_tab_id`, `order`, `configurations`, `is_readonly`, `deleted`, `created_by`, `created_on`, `modified_by`, `modified_on`) VALUES 
('6ab1426c-1608-424c-bcd0-3a4eb8cf6a97','a735c219-2d68-2e46-b913-31ef38dd68f5', 'de58558f-5f8c-11e6-99b7-5cc5d4d378cb', '1', null, '0',  '0', '1', NOW(), '1', NOW());

INSERT INTO `page_layout_tabs` (`id`, `page_layout_id`, `object_tab_id`, `order`, `configurations`, `is_readonly`, `deleted`, `created_by`, `created_on`, `modified_by`, `modified_on`) VALUES 
('1bdb33fa-459e-1a4a-9a27-915fb7d5ed8f','a735c219-2d68-2e46-b913-31ef38dd68f5', 'de78128f-5f8c-11e6-861e-5cc5d4d378cb', '2', null, '1',  '0', '1', NOW(), '1', NOW());

INSERT INTO `page_layout_tabs` (`id`, `page_layout_id`, `object_tab_id`, `order`, `configurations`, `is_readonly`, `deleted`, `created_by`, `created_on`, `modified_by`, `modified_on`) VALUES 
('d3574b9a-f6cc-e44a-af8d-301e976a34e7','a735c219-2d68-2e46-b913-31ef38dd68f5', 'defa520e-71b3-48c3-b986-d28161041a35', '3', null, '1',  '0', '1', NOW(), '1', NOW());

INSERT INTO `page_layout_tabs` (`id`, `page_layout_id`, `object_tab_id`, `order`, `configurations`, `is_readonly`, `deleted`, `created_by`, `created_on`, `modified_by`, `modified_on`) VALUES 
('fe2aea8f-d082-d24b-a077-648e562a1193','a735c219-2d68-2e46-b913-31ef38dd68f5', '22f87617-c336-49de-a99a-58553d418e9d', '4', null, '1',  '0', '1', NOW(), '1', NOW());

INSERT INTO `page_layout_tabs` (`id`, `page_layout_id`, `object_tab_id`, `order`, `configurations`, `is_readonly`, `deleted`, `created_by`, `created_on`, `modified_by`, `modified_on`) VALUES 
('b9e93746-1d76-8e41-ae65-72b15c523578','a735c219-2d68-2e46-b913-31ef38dd68f5', '5ce80f3e-7f7b-4c2b-aac3-118b40cdea54', '5', null, '1',  '0', '1', NOW(), '1', NOW());

INSERT INTO `page_layout_tabs` (`id`, `page_layout_id`, `object_tab_id`, `order`, `configurations`, `is_readonly`, `deleted`, `created_by`, `created_on`, `modified_by`, `modified_on`) VALUES 
('777d27c4-8f8d-0747-8cca-f60c1b264af0','a735c219-2d68-2e46-b913-31ef38dd68f5', 'de6aa50f-5f8c-11e6-981f-5cc5d4d378cb', '6', null, '1',  '0', '1', NOW(), '1', NOW());

INSERT INTO `page_layout_tabs` (`id`, `page_layout_id`, `object_tab_id`, `order`, `configurations`, `is_readonly`, `deleted`, `created_by`, `created_on`, `modified_by`, `modified_on`) VALUES 
('82b624ab-3df4-c748-847c-144ccc242582','c6ad68cd-c3cf-a641-8c9b-33a0a6d65ae4', 'de58558f-5f8c-11e6-99b7-5cc5d4d378cb', '1', null, '0',  '0', '1', NOW(), '1', NOW());

INSERT INTO `page_layout_tabs` (`id`, `page_layout_id`, `object_tab_id`, `order`, `configurations`, `is_readonly`, `deleted`, `created_by`, `created_on`, `modified_by`, `modified_on`) VALUES 
('52c3ce33-ace0-354a-b0f5-6a39fbedf9b3','c6ad68cd-c3cf-a641-8c9b-33a0a6d65ae4', 'de78128f-5f8c-11e6-861e-5cc5d4d378cb', '2', null, '1',  '0', '1', NOW(), '1', NOW());

INSERT INTO `page_layout_tabs` (`id`, `page_layout_id`, `object_tab_id`, `order`, `configurations`, `is_readonly`, `deleted`, `created_by`, `created_on`, `modified_by`, `modified_on`) VALUES 
('f925ca63-4c79-b14f-a5ce-a21ca5421b14','c6ad68cd-c3cf-a641-8c9b-33a0a6d65ae4', 'defa520e-71b3-48c3-b986-d28161041a35', '3', null, '1',  '0', '1', NOW(), '1', NOW());

INSERT INTO `page_layout_tabs` (`id`, `page_layout_id`, `object_tab_id`, `order`, `configurations`, `is_readonly`, `deleted`, `created_by`, `created_on`, `modified_by`, `modified_on`) VALUES 
('5f81aec5-2711-e84e-9aa1-48018d6b11c2','c6ad68cd-c3cf-a641-8c9b-33a0a6d65ae4', '22f87617-c336-49de-a99a-58553d418e9d', '4', null, '1',  '0', '1', NOW(), '1', NOW());

INSERT INTO `page_layout_tabs` (`id`, `page_layout_id`, `object_tab_id`, `order`, `configurations`, `is_readonly`, `deleted`, `created_by`, `created_on`, `modified_by`, `modified_on`) VALUES 
('0d91f71a-19d4-7445-ad5d-af4808abf211','c6ad68cd-c3cf-a641-8c9b-33a0a6d65ae4', '5ce80f3e-7f7b-4c2b-aac3-118b40cdea54', '5', null, '1',  '0', '1', NOW(), '1', NOW());

INSERT INTO `page_layout_tabs` (`id`, `page_layout_id`, `object_tab_id`, `order`, `configurations`, `is_readonly`, `deleted`, `created_by`, `created_on`, `modified_by`, `modified_on`) VALUES 
('820b232a-e90d-564f-8f3d-e70f5d5291c8','c6ad68cd-c3cf-a641-8c9b-33a0a6d65ae4', 'de6aa50f-5f8c-11e6-981f-5cc5d4d378cb', '6', null, '1',  '0', '1', NOW(), '1', NOW());

INSERT INTO `page_layout_tabs` (`id`, `page_layout_id`, `object_tab_id`, `order`, `configurations`, `is_readonly`, `deleted`, `created_by`, `created_on`, `modified_by`, `modified_on`) VALUES 
('18f25a90-33c2-4146-8b13-2f81856ff3ef','049ef085-70a3-284b-84df-1b85ce5796e5', 'de58558f-5f8c-11e6-99b7-5cc5d4d378cb', '1', null, '0',  '0', '1', NOW(), '1', NOW());

INSERT INTO `page_layout_tabs` (`id`, `page_layout_id`, `object_tab_id`, `order`, `configurations`, `is_readonly`, `deleted`, `created_by`, `created_on`, `modified_by`, `modified_on`) VALUES 
('571afb5c-a1f4-b54c-b7b3-05b88cec14c5','049ef085-70a3-284b-84df-1b85ce5796e5', 'de78128f-5f8c-11e6-861e-5cc5d4d378cb', '2', null, '1',  '0', '1', NOW(), '1', NOW());

INSERT INTO `page_layout_tabs` (`id`, `page_layout_id`, `object_tab_id`, `order`, `configurations`, `is_readonly`, `deleted`, `created_by`, `created_on`, `modified_by`, `modified_on`) VALUES 
('1e3f587c-2ba2-3241-b422-03c2a8219b57','049ef085-70a3-284b-84df-1b85ce5796e5', 'defa520e-71b3-48c3-b986-d28161041a35', '3', null, '1',  '0', '1', NOW(), '1', NOW());

INSERT INTO `page_layout_tabs` (`id`, `page_layout_id`, `object_tab_id`, `order`, `configurations`, `is_readonly`, `deleted`, `created_by`, `created_on`, `modified_by`, `modified_on`) VALUES 
('db841c79-ae40-ca40-92a7-640cf57f1e77','049ef085-70a3-284b-84df-1b85ce5796e5', '22f87617-c336-49de-a99a-58553d418e9d', '4', null, '1',  '0', '1', NOW(), '1', NOW());

INSERT INTO `page_layout_tabs` (`id`, `page_layout_id`, `object_tab_id`, `order`, `configurations`, `is_readonly`, `deleted`, `created_by`, `created_on`, `modified_by`, `modified_on`) VALUES 
('9c4300c2-a65a-c842-8051-a00601f64f26','049ef085-70a3-284b-84df-1b85ce5796e5', '5ce80f3e-7f7b-4c2b-aac3-118b40cdea54', '5', null, '1',  '0', '1', NOW(), '1', NOW());

INSERT INTO `page_layout_tabs` (`id`, `page_layout_id`, `object_tab_id`, `order`, `configurations`, `is_readonly`, `deleted`, `created_by`, `created_on`, `modified_by`, `modified_on`) VALUES 
('717b6a31-c322-f94f-a7e4-49d34e906647','049ef085-70a3-284b-84df-1b85ce5796e5', 'de6aa50f-5f8c-11e6-981f-5cc5d4d378cb', '6', null, '1',  '0', '1', NOW(), '1', NOW());

INSERT INTO `page_layout_tabs` (`id`, `page_layout_id`, `object_tab_id`, `order`, `configurations`, `is_readonly`, `deleted`, `created_by`, `created_on`, `modified_by`, `modified_on`) VALUES 
('bfd85efa-2ac9-374e-9519-c2f9d6d45ed1','d4193b23-f42a-d34f-ab0c-b3a348291fc9', 'de58558f-5f8c-11e6-99b7-5cc5d4d378cb', '1', null, '0',  '0', '1', NOW(), '1', NOW());

INSERT INTO `page_layout_tabs` (`id`, `page_layout_id`, `object_tab_id`, `order`, `configurations`, `is_readonly`, `deleted`, `created_by`, `created_on`, `modified_by`, `modified_on`) VALUES 
('17ed695c-ed47-7143-b9dd-628598d17d6f','d4193b23-f42a-d34f-ab0c-b3a348291fc9', 'de78128f-5f8c-11e6-861e-5cc5d4d378cb', '2', null, '1',  '0', '1', NOW(), '1', NOW());

INSERT INTO `page_layout_tabs` (`id`, `page_layout_id`, `object_tab_id`, `order`, `configurations`, `is_readonly`, `deleted`, `created_by`, `created_on`, `modified_by`, `modified_on`) VALUES 
('1cadd9c1-29b1-2649-9c2e-868c05cd73c2','d4193b23-f42a-d34f-ab0c-b3a348291fc9', 'defa520e-71b3-48c3-b986-d28161041a35', '3', null, '1',  '0', '1', NOW(), '1', NOW());

INSERT INTO `page_layout_tabs` (`id`, `page_layout_id`, `object_tab_id`, `order`, `configurations`, `is_readonly`, `deleted`, `created_by`, `created_on`, `modified_by`, `modified_on`) VALUES 
('699b0e92-5ade-0048-bef8-acb9dd28b764','d4193b23-f42a-d34f-ab0c-b3a348291fc9', '22f87617-c336-49de-a99a-58553d418e9d', '4', null, '1',  '0', '1', NOW(), '1', NOW());

INSERT INTO `page_layout_tabs` (`id`, `page_layout_id`, `object_tab_id`, `order`, `configurations`, `is_readonly`, `deleted`, `created_by`, `created_on`, `modified_by`, `modified_on`) VALUES 
('071b91fe-1311-db4c-828a-99a984246ee9','d4193b23-f42a-d34f-ab0c-b3a348291fc9', '5ce80f3e-7f7b-4c2b-aac3-118b40cdea54', '5', null, '1',  '0', '1', NOW(), '1', NOW());

INSERT INTO `page_layout_tabs` (`id`, `page_layout_id`, `object_tab_id`, `order`, `configurations`, `is_readonly`, `deleted`, `created_by`, `created_on`, `modified_by`, `modified_on`) VALUES 
('6495f907-56dc-1d48-a464-8f34d043a3e3','d4193b23-f42a-d34f-ab0c-b3a348291fc9', 'de6aa50f-5f8c-11e6-981f-5cc5d4d378cb', '6', null, '1',  '0', '1', NOW(), '1', NOW());

INSERT INTO `page_layout_tabs` (`id`, `page_layout_id`, `object_tab_id`, `order`, `configurations`, `is_readonly`, `deleted`, `created_by`, `created_on`, `modified_by`, `modified_on`) VALUES 
('5a731025-b775-d446-a1a1-bb059f2e86f3','ed489d8d-ece7-6b48-9158-4a353f257d92', 'de58558f-5f8c-11e6-99b7-5cc5d4d378cb', '1', null, '0',  '0', '1', NOW(), '1', NOW());

INSERT INTO `page_layout_tabs` (`id`, `page_layout_id`, `object_tab_id`, `order`, `configurations`, `is_readonly`, `deleted`, `created_by`, `created_on`, `modified_by`, `modified_on`) VALUES 
('81425c75-ad75-5b42-8aed-289d307b0bbf','ed489d8d-ece7-6b48-9158-4a353f257d92', 'de78128f-5f8c-11e6-861e-5cc5d4d378cb', '2', null, '1',  '0', '1', NOW(), '1', NOW());

INSERT INTO `page_layout_tabs` (`id`, `page_layout_id`, `object_tab_id`, `order`, `configurations`, `is_readonly`, `deleted`, `created_by`, `created_on`, `modified_by`, `modified_on`) VALUES 
('04a04363-602a-7848-aed3-abeb31c2c9bf','ed489d8d-ece7-6b48-9158-4a353f257d92', 'defa520e-71b3-48c3-b986-d28161041a35', '3', null, '1',  '0', '1', NOW(), '1', NOW());

INSERT INTO `page_layout_tabs` (`id`, `page_layout_id`, `object_tab_id`, `order`, `configurations`, `is_readonly`, `deleted`, `created_by`, `created_on`, `modified_by`, `modified_on`) VALUES 
('355bbe89-89ef-254a-86d5-95b025a86238','ed489d8d-ece7-6b48-9158-4a353f257d92', '22f87617-c336-49de-a99a-58553d418e9d', '4', null, '1',  '0', '1', NOW(), '1', NOW());

INSERT INTO `page_layout_tabs` (`id`, `page_layout_id`, `object_tab_id`, `order`, `configurations`, `is_readonly`, `deleted`, `created_by`, `created_on`, `modified_by`, `modified_on`) VALUES 
('d060040f-5d36-1349-aea8-9cf4ea6b0135','ed489d8d-ece7-6b48-9158-4a353f257d92', '5ce80f3e-7f7b-4c2b-aac3-118b40cdea54', '5', null, '1',  '0', '1', NOW(), '1', NOW());

INSERT INTO `page_layout_tabs` (`id`, `page_layout_id`, `object_tab_id`, `order`, `configurations`, `is_readonly`, `deleted`, `created_by`, `created_on`, `modified_by`, `modified_on`) VALUES 
('03a5d5e5-fe25-3c4a-9f00-08a3740e0200','ed489d8d-ece7-6b48-9158-4a353f257d92', 'de6aa50f-5f8c-11e6-981f-5cc5d4d378cb', '6', null, '1',  '0', '1', NOW(), '1', NOW());

INSERT INTO `page_layout_tabs` (`id`, `page_layout_id`, `object_tab_id`, `order`, `configurations`, `is_readonly`, `deleted`, `created_by`, `created_on`, `modified_by`, `modified_on`) VALUES 
('40ccbd93-507e-2d46-b95e-fe49e8993cd8','8fe3594e-89f6-f144-b5fa-68b2599e55cd', 'de58558f-5f8c-11e6-99b7-5cc5d4d378cb', '1', null, '0',  '0', '1', NOW(), '1', NOW());

INSERT INTO `page_layout_tabs` (`id`, `page_layout_id`, `object_tab_id`, `order`, `configurations`, `is_readonly`, `deleted`, `created_by`, `created_on`, `modified_by`, `modified_on`) VALUES 
('ca002d76-ac4f-6141-a59c-3cd785487345','8fe3594e-89f6-f144-b5fa-68b2599e55cd', 'de78128f-5f8c-11e6-861e-5cc5d4d378cb', '2', null, '1',  '0', '1', NOW(), '1', NOW());

INSERT INTO `page_layout_tabs` (`id`, `page_layout_id`, `object_tab_id`, `order`, `configurations`, `is_readonly`, `deleted`, `created_by`, `created_on`, `modified_by`, `modified_on`) VALUES 
('7334c8cc-b1ac-1c41-93eb-8d390371e8ec','8fe3594e-89f6-f144-b5fa-68b2599e55cd', 'defa520e-71b3-48c3-b986-d28161041a35', '3', null, '1',  '0', '1', NOW(), '1', NOW());

INSERT INTO `page_layout_tabs` (`id`, `page_layout_id`, `object_tab_id`, `order`, `configurations`, `is_readonly`, `deleted`, `created_by`, `created_on`, `modified_by`, `modified_on`) VALUES 
('5ac5160f-7a68-374a-95e9-5ac1b1e8352e','8fe3594e-89f6-f144-b5fa-68b2599e55cd', '22f87617-c336-49de-a99a-58553d418e9d', '4', null, '1',  '0', '1', NOW(), '1', NOW());

INSERT INTO `page_layout_tabs` (`id`, `page_layout_id`, `object_tab_id`, `order`, `configurations`, `is_readonly`, `deleted`, `created_by`, `created_on`, `modified_by`, `modified_on`) VALUES 
('c1bbb2e8-a189-da43-a8fd-ce5dc191b696','8fe3594e-89f6-f144-b5fa-68b2599e55cd', '5ce80f3e-7f7b-4c2b-aac3-118b40cdea54', '5', null, '1',  '0', '1', NOW(), '1', NOW());

INSERT INTO `page_layout_tabs` (`id`, `page_layout_id`, `object_tab_id`, `order`, `configurations`, `is_readonly`, `deleted`, `created_by`, `created_on`, `modified_by`, `modified_on`) VALUES 
('8fc4fd84-f5f0-204b-a450-04a928124da7','8fe3594e-89f6-f144-b5fa-68b2599e55cd', 'de6aa50f-5f8c-11e6-981f-5cc5d4d378cb', '6', null, '1',  '0', '1', NOW(), '1', NOW());

INSERT INTO `page_layout_tabs` (`id`, `page_layout_id`, `object_tab_id`, `order`, `configurations`, `is_readonly`, `deleted`, `created_by`, `created_on`, `modified_by`, `modified_on`) VALUES 
('1ad5da38-16b9-4849-b2ab-276e7ebb024e','f2515e50-0056-d24b-847a-2cbb847eb6bb', 'de58558f-5f8c-11e6-99b7-5cc5d4d378cb', '1', null, '0',  '0', '1', NOW(), '1', NOW());

INSERT INTO `page_layout_tabs` (`id`, `page_layout_id`, `object_tab_id`, `order`, `configurations`, `is_readonly`, `deleted`, `created_by`, `created_on`, `modified_by`, `modified_on`) VALUES 
('c9b1b441-ee25-094a-9f0f-adbb1ccf6cd0','f2515e50-0056-d24b-847a-2cbb847eb6bb', 'de78128f-5f8c-11e6-861e-5cc5d4d378cb', '2', null, '1',  '0', '1', NOW(), '1', NOW());

INSERT INTO `page_layout_tabs` (`id`, `page_layout_id`, `object_tab_id`, `order`, `configurations`, `is_readonly`, `deleted`, `created_by`, `created_on`, `modified_by`, `modified_on`) VALUES 
('7f4f1ddc-dfdc-064f-bfb8-66d93b116f75','f2515e50-0056-d24b-847a-2cbb847eb6bb', 'defa520e-71b3-48c3-b986-d28161041a35', '3', null, '1',  '0', '1', NOW(), '1', NOW());

INSERT INTO `page_layout_tabs` (`id`, `page_layout_id`, `object_tab_id`, `order`, `configurations`, `is_readonly`, `deleted`, `created_by`, `created_on`, `modified_by`, `modified_on`) VALUES 
('53ae9e13-a262-5544-a0bf-54f1964a3cf0','f2515e50-0056-d24b-847a-2cbb847eb6bb', '22f87617-c336-49de-a99a-58553d418e9d', '4', null, '1',  '0', '1', NOW(), '1', NOW());

INSERT INTO `page_layout_tabs` (`id`, `page_layout_id`, `object_tab_id`, `order`, `configurations`, `is_readonly`, `deleted`, `created_by`, `created_on`, `modified_by`, `modified_on`) VALUES 
('a9369b22-22e8-9246-bb20-4ff3939cc223','f2515e50-0056-d24b-847a-2cbb847eb6bb', '5ce80f3e-7f7b-4c2b-aac3-118b40cdea54', '5', null, '1',  '0', '1', NOW(), '1', NOW());

INSERT INTO `page_layout_tabs` (`id`, `page_layout_id`, `object_tab_id`, `order`, `configurations`, `is_readonly`, `deleted`, `created_by`, `created_on`, `modified_by`, `modified_on`) VALUES 
('42ea8992-0f41-ef42-be43-30c215cd6131','f2515e50-0056-d24b-847a-2cbb847eb6bb', 'de6aa50f-5f8c-11e6-981f-5cc5d4d378cb', '6', null, '1',  '0', '1', NOW(), '1', NOW());


-- event_expense  list

INSERT INTO `page_list_assignments` (`id`, `role_id`, `page_list_id`, `deleted`, `created_by`, `created_on`, `modified_by`, `modified_on`, `is_default`) VALUES ('f0d0aa60-e9a2-11e9-b9aa-0298a739dec0', '53de6f5e-1da3-11e6-b011-5cc5d4b57134', 'fc53e64f-dc9a-fwec-bcb5-e4b318c6b596', '0', '1', '2019-10-08 06:06:56', '1', '2019-10-08 06:06:56', '1');
INSERT INTO `page_list_assignments` (`id`, `role_id`, `page_list_id`, `deleted`, `created_by`, `created_on`, `modified_by`, `modified_on`, `is_default`) VALUES ('0c0ec04c-e9a3-11e9-b9aa-0298a739dec0', '53de9670-1da3-11e6-961c-5cc5d4b57135', 'fc53e64f-dc9a-fwec-bcb5-e4b318c6b596', '0', '1', '2019-10-08 06:06:56', '1', '2019-10-08 06:06:56', '1');
INSERT INTO `page_list_assignments` (`id`, `role_id`, `page_list_id`, `deleted`, `created_by`, `created_on`, `modified_by`, `modified_on`, `is_default`) VALUES ('255d91a3-e9a3-11e9-b9aa-0298a739dec0', '53de9671-1da3-11e6-93fb-5cc5d4b57136', 'fc53e64f-dc9a-fwec-bcb5-e4b318c6b596', '0', '1', '2019-10-08 06:06:56', '1', '2019-10-08 06:06:56', '1');
INSERT INTO `page_list_assignments` (`id`, `role_id`, `page_list_id`, `deleted`, `created_by`, `created_on`, `modified_by`, `modified_on`, `is_default`) VALUES ('394fd649-e9a3-11e9-b9aa-0298a739dec0', '53de9674-1da3-11e6-ac97-5cc5d4b57137', '7e831089-5e2d-4285-b722-7aa424fe6b9a', '0', '1', '2019-10-08 06:06:56', '1', '2019-10-08 06:06:56', '1');

-- '/event/{id}/schedules'日程list 

INSERT INTO `page_lists` (`id`, `page_id`, `name`, `query_type`, `source`, `label`, `screen_size`, `is_desc`, `deleted`, `created_by`, `created_on`, `modified_by`, `modified_on`, `detail_disabled`) VALUES ('15f43e96-e9a4-11e9-b9aa-0298a739dec0', 'a1cf20f6-d86b-43af-9cf7-41a048d52b8d', 'event_schedules', 'rls', 'custom', '会议日程tab列表', 'both', '0', '0', '1', '2019-10-08 20:22:40', '1', '2019-10-08 20:22:40', '0');

INSERT INTO `page_list_assignments` (`id`, `role_id`, `page_list_id`, `deleted`, `created_by`, `created_on`, `modified_by`, `modified_on`, `is_default`) VALUES ('8c68013c-e9a4-11e9-b9aa-0298a739dec0', '53de6f5e-1da3-11e6-b011-5cc5d4b57134', '15f43e96-e9a4-11e9-b9aa-0298a739dec0', '0', '1', '2019-10-20 06:06:56', '1', '2019-10-20 06:06:56', '1');
INSERT INTO `page_list_assignments` (`id`, `role_id`, `page_list_id`, `deleted`, `created_by`, `created_on`, `modified_by`, `modified_on`, `is_default`) VALUES ('b17f63c4-e9a4-11e9-b9aa-0298a739dec0', '53de9670-1da3-11e6-961c-5cc5d4b57135', '15f43e96-e9a4-11e9-b9aa-0298a739dec0', '0', '1', '2019-10-20 06:06:56', '1', '2019-10-20 06:06:56', '1');
INSERT INTO `page_list_assignments` (`id`, `role_id`, `page_list_id`, `deleted`, `created_by`, `created_on`, `modified_by`, `modified_on`, `is_default`) VALUES ('ca0798c9-e9a4-11e9-b9aa-0298a739dec0', '53de9671-1da3-11e6-93fb-5cc5d4b57136', '15f43e96-e9a4-11e9-b9aa-0298a739dec0', '0', '1', '2019-10-20 06:06:56', '1', '2019-10-20 06:06:56', '1');
INSERT INTO `page_list_assignments` (`id`, `role_id`, `page_list_id`, `deleted`, `created_by`, `created_on`, `modified_by`, `modified_on`, `is_default`) VALUES ('e1493904-e9a4-11e9-b9aa-0298a739dec0', '53de9674-1da3-11e6-ac97-5cc5d4b57137', '15f43e96-e9a4-11e9-b9aa-0298a739dec0', '0', '1', '2019-10-20 06:06:56', '1', '2019-10-20 06:06:56', '1');

-- 参会人tablist
INSERT INTO `page_list_assignments` (`id`, `role_id`, `page_list_id`, `deleted`, `created_by`, `created_on`, `modified_by`, `modified_on`, `is_default`) VALUES ('11d29c30-e9ba-11e9-b9aa-0298a739dec0', '53de6f5e-1da3-11e6-b011-5cc5d4b57134', 'a47ce508-90dd-42cd-9917-afe89b146a61', '0', '1', '2019-10-09 06:06:56', '1', '2019-10-09 06:06:56', '1');
INSERT INTO `page_list_assignments` (`id`, `role_id`, `page_list_id`, `deleted`, `created_by`, `created_on`, `modified_by`, `modified_on`, `is_default`) VALUES ('39277284-e9ba-11e9-b9aa-0298a739dec0', '53de9670-1da3-11e6-961c-5cc5d4b57135', 'a47ce508-90dd-42cd-9917-afe89b146a61', '0', '1', '2019-10-09 06:06:56', '1', '2019-10-09 06:06:56', '1');
INSERT INTO `page_list_assignments` (`id`, `role_id`, `page_list_id`, `deleted`, `created_by`, `created_on`, `modified_by`, `modified_on`, `is_default`) VALUES ('4d8c07b4-e9ba-11e9-b9aa-0298a739dec0', '53de9671-1da3-11e6-93fb-5cc5d4b57136', 'a47ce508-90dd-42cd-9917-afe89b146a61', '0', '1', '2019-10-09 06:06:56', '1', '2019-10-09 06:06:56', '1');
INSERT INTO `page_list_assignments` (`id`, `role_id`, `page_list_id`, `deleted`, `created_by`, `created_on`, `modified_by`, `modified_on`, `is_default`) VALUES ('5e4591a1-e9ba-11e9-b9aa-0298a739dec0', '53de9674-1da3-11e6-ac97-5cc5d4b57137', '4cc0a1dd-c9a9-482d-8d09-d64d6ca5c71b', '0', '1', '2019-10-09 06:06:56', '1', '2019-10-09 06:06:56', '1');

-- 参会医院tab list 
INSERT INTO `page_lists` (`id`, `page_id`, `name`, `query_type`, `source`, `label`, `screen_size`, `sort_field`, `is_desc`, `deleted`, `created_by`, `created_on`, `modified_by`, `modified_on`, `detail_disabled`, `primary_filter`, `primary_filter_configurations`) VALUES ('3719aaf4-b9ae-11e8-8758-020652a9390e', 'fdbd3747-db03-4896-923b-edc99a861ebb', 'attendee_hospital', 'rls', 'custom', '参会医院', 'both', '5a216d6e-fasx-dqws-a296-5cc5d4d378cb', '1', '0', '1', '2018-09-16 12:49:19', '1', '2019-06-24 11:09:51', '0', 'position', '{\"advanced_position_filter\": true}');

INSERT INTO `page_list_fields` (`id`, `page_list_id`, `object_field_id`, `label`, `order`, `width`, `allow_filter`, `allow_sort`, `is_default`, `deleted`, `created_by`, `created_on`, `modified_by`, `modified_on`) VALUES ('91fbb09f-b9b0-11e8-8758-020652a9390e', '3719aaf4-b9ae-11e8-8758-020652a9390e', '5a216d6e-fasx-dqws-a296-5cc5d4d378cb', '医院名称', '1', '120', '1', '1', '1', '0', '1', '2018-09-16 13:10:04', '1', '2018-09-16 13:10:04');
INSERT INTO `page_list_fields` (`id`, `page_list_id`, `object_field_id`, `label`, `order`, `width`, `allow_filter`, `allow_sort`, `is_default`, `deleted`, `created_by`, `created_on`, `modified_by`, `modified_on`) VALUES ('9bb928d2-b9b0-11e8-8758-020652a9390e', '3719aaf4-b9ae-11e8-8758-020652a9390e', '7e55d400-74dc-11e6-930b-5cc5d4d378cb', '医院类型', '4', '120', '1', '1', '1', '0', '1', '2018-09-16 13:10:04', '1', '2018-09-16 13:10:04');
INSERT INTO `page_list_fields` (`id`, `page_list_id`, `object_field_id`, `label`, `order`, `width`, `allow_filter`, `allow_sort`, `is_default`, `deleted`, `created_by`, `created_on`, `modified_by`, `modified_on`) VALUES ('a19299cc-b9b0-11e8-8758-020652a9390e', '3719aaf4-b9ae-11e8-8758-020652a9390e', '5a216d6e-20ad-dqws-a296-5cc5d4d378cb', '医院别名', '11', '120', '0', '0', '1', '0', '1', '2018-09-16 13:10:04', '1', '2018-09-16 13:10:04');
INSERT INTO `page_list_fields` (`id`, `page_list_id`, `object_field_id`, `label`, `order`, `width`, `allow_filter`, `allow_sort`, `is_default`, `deleted`, `created_by`, `created_on`, `modified_by`, `modified_on`) VALUES ('a7a705a6-b9b0-11e8-8758-020652a9390e', '3719aaf4-b9ae-11e8-8758-020652a9390e', '24d70ecf-12d4-11e7-bdd5-e4b318c6b596', '医院编码', '3', '120', '0', '0', '1', '0', '1', '2018-09-16 13:10:04', '1', '2018-09-16 13:10:04');

INSERT INTO `page_list_assignments` (`id`, `role_id`, `page_list_id`, `deleted`, `created_by`, `created_on`, `modified_by`, `modified_on`, `is_default`) VALUES ('80630db7-e9bb-11e9-b9aa-0298a739dec0', '53de6f5e-1da3-11e6-b011-5cc5d4b57134', '3719aaf4-b9ae-11e8-8758-020652a9390e', '0', '1', '2019-10-09 03:32:01', '1', '2019-10-09 03:32:01', '1');
INSERT INTO `page_list_assignments` (`id`, `role_id`, `page_list_id`, `deleted`, `created_by`, `created_on`, `modified_by`, `modified_on`, `is_default`) VALUES ('a25c68e1-e9bb-11e9-b9aa-0298a739dec0', '53de9670-1da3-11e6-961c-5cc5d4b57135', '3719aaf4-b9ae-11e8-8758-020652a9390e', '0', '1', '2019-10-09 03:32:01', '1', '2019-10-09 03:32:01', '1');
INSERT INTO `page_list_assignments` (`id`, `role_id`, `page_list_id`, `deleted`, `created_by`, `created_on`, `modified_by`, `modified_on`, `is_default`) VALUES ('b644c998-e9bb-11e9-b9aa-0298a739dec0', '53de9671-1da3-11e6-93fb-5cc5d4b57136', '3719aaf4-b9ae-11e8-8758-020652a9390e', '0', '1', '2019-10-09 03:32:01', '1', '2019-10-09 03:32:01', '1');
INSERT INTO `page_list_assignments` (`id`, `role_id`, `page_list_id`, `deleted`, `created_by`, `created_on`, `modified_by`, `modified_on`, `is_default`) VALUES ('c944002e-e9bb-11e9-b9aa-0298a739dec0', '53de9674-1da3-11e6-ac97-5cc5d4b57137', '3719aaf4-b9ae-11e8-8758-020652a9390e', '0', '1', '2019-10-09 03:32:01', '1', '2019-10-09 03:32:01', '1');

-- 为了审批通过 参会人与参会医院 tab中不能再编辑，设为审批通过为lock  同时将 生成报告按钮 lock_by_state 由0设为1
UPDATE `object_states` SET `is_locked`='1' WHERE `id`='badc3580-5eee-11e6-a6b2-5cc5d4d378cb';

UPDATE `object_actions` SET `locked_by_state`='0' WHERE `id`='168dedc3-c28e-4905-9caa-395efd8d3423';


-- 会议费用tab配置
-- 对象授权
INSERT INTO `role_to_object_permissions` (`id`, `role_id`, `object_id`, `allow_read`, `allow_create`, `allow_update`, `allow_delete`, `deleted`, `created_by`, `created_on`, `modified_by`, `modified_on`, `allow_import`, `allow_export`, `allow_read_all`, `allow_update_all`) VALUES ('048dcb04-ea76-11e9-b9aa-0298a739dec0', '53de6f5e-1da3-11e6-b011-5cc5d4b57134', '87d3c319-598a-4fe2-b391-21b8bbcae4c7', '1', '1', '1', '1', '0', '1', '2019-10-09 00:00:00', '1', '2019-10-09 00:00:00', '0', '0', '0', '0');
INSERT INTO `role_to_object_permissions` (`id`, `role_id`, `object_id`, `allow_read`, `allow_create`, `allow_update`, `allow_delete`, `deleted`, `created_by`, `created_on`, `modified_by`, `modified_on`, `allow_import`, `allow_export`, `allow_read_all`, `allow_update_all`) VALUES ('9ba6a8a6-eb0c-11e9-b9aa-0298a739dec0', '53de9670-1da3-11e6-961c-5cc5d4b57135', '87d3c319-598a-4fe2-b391-21b8bbcae4c7', '1', '1', '1', '1', '0', '1', '2019-10-09 00:00:00', '1', '2019-10-09 09:58:54', '0', '0', '0', '0');
INSERT INTO `role_to_object_permissions` (`id`, `role_id`, `object_id`, `allow_read`, `allow_create`, `allow_update`, `allow_delete`, `deleted`, `created_by`, `created_on`, `modified_by`, `modified_on`, `allow_import`, `allow_export`, `allow_read_all`, `allow_update_all`) VALUES ('bc22b2a2-eb0c-11e9-b9aa-0298a739dec0', '53de9671-1da3-11e6-93fb-5cc5d4b57136', '87d3c319-598a-4fe2-b391-21b8bbcae4c7', '1', '1', '1', '1', '0', '1', '2019-10-09 00:00:00', '1', '2019-10-09 09:58:54', '0', '0', '0', '0');

-- 会议费用recordtype 

INSERT INTO `object_record_types` (`id`, `object_id`, `name`, `label`, `source`, `display_order`, `deleted`, `created_by`, `created_on`, `modified_by`, `modified_on`, `code_prefix`) VALUES ('8c51ee93-ea66-11e9-b9aa-0298a739dec0', '87d3c319-598a-4fe2-b391-21b8bbcae4c7', 'meal_fee', '餐费', 'custom', '0', '0', '1', '2019-10-09 10:33:29', '1', '2019-10-09 10:33:29', 'CSC');
INSERT INTO `object_record_types` (`id`, `object_id`, `name`, `label`, `source`, `display_order`, `deleted`, `created_by`, `created_on`, `modified_by`, `modified_on`, `code_prefix`) VALUES ('c27358e6-ea66-11e9-b9aa-0298a739dec0', '87d3c319-598a-4fe2-b391-21b8bbcae4c7', 'car_fee', '交通费', 'custom', '1', '0', '1', '2019-10-09 10:33:29', '1', '2019-10-09 10:33:29', 'CSJ');
INSERT INTO `object_record_types` (`id`, `object_id`, `name`, `label`, `source`, `display_order`, `deleted`, `created_by`, `created_on`, `modified_by`, `modified_on`, `code_prefix`) VALUES ('1172573c-ea67-11e9-b9aa-0298a739dec0', '87d3c319-598a-4fe2-b391-21b8bbcae4c7', 'hotel_fee', '住宿费', 'custom', '2', '0', '1', '2019-10-09 10:33:29', '1', '2019-10-09 10:33:29', 'CSZ');
INSERT INTO `object_record_types` (`id`, `object_id`, `name`, `label`, `source`, `display_order`, `deleted`, `created_by`, `created_on`, `modified_by`, `modified_on`, `code_prefix`) VALUES ('2a1fd275-ea67-11e9-b9aa-0298a739dec0', '87d3c319-598a-4fe2-b391-21b8bbcae4c7', 'other_fee', '其他', 'custom', '3', '0', '1', '2019-10-09 10:33:29', '1', '2019-10-09 10:33:29', 'CSQ');

INSERT INTO `role_to_object_record_types` (`id`, `role_id`, `object_record_type_id`, `is_default`, `deleted`, `created_by`, `created_on`, `modified_by`, `modified_on`) VALUES ('06cc08a5-ea78-11e9-b9aa-0298a739dec0', '53de6f5e-1da3-11e6-b011-5cc5d4b57134', '8c51ee93-ea66-11e9-b9aa-0298a739dec0', '0', '0', '1', '2019-10-09 20:22:52', '1', '2019-10-09 20:22:52');
INSERT INTO `role_to_object_record_types` (`id`, `role_id`, `object_record_type_id`, `is_default`, `deleted`, `created_by`, `created_on`, `modified_by`, `modified_on`) VALUES ('7782ff98-eb02-11e9-b9aa-0298a739dec0', '53de9670-1da3-11e6-961c-5cc5d4b57135', '8c51ee93-ea66-11e9-b9aa-0298a739dec0', '0', '0', '1', '2019-10-09 20:22:52', '1', '2019-10-09 20:22:52');
INSERT INTO `role_to_object_record_types` (`id`, `role_id`, `object_record_type_id`, `is_default`, `deleted`, `created_by`, `created_on`, `modified_by`, `modified_on`) VALUES ('9727982d-eb02-11e9-b9aa-0298a739dec0', '53de9671-1da3-11e6-93fb-5cc5d4b57136', '8c51ee93-ea66-11e9-b9aa-0298a739dec0', '0', '0', '1', '2019-10-09 20:22:52', '1', '2019-10-09 20:22:52');
INSERT INTO `role_to_object_record_types` (`id`, `role_id`, `object_record_type_id`, `is_default`, `deleted`, `created_by`, `created_on`, `modified_by`, `modified_on`) VALUES ('ac90cd20-eb02-11e9-b9aa-0298a739dec0', '53de9674-1da3-11e6-ac97-5cc5d4b57137', '8c51ee93-ea66-11e9-b9aa-0298a739dec0', '0', '0', '1', '2019-10-09 20:22:52', '1', '2019-10-09 20:22:52');
INSERT INTO `role_to_object_record_types` (`id`, `role_id`, `object_record_type_id`, `is_default`, `deleted`, `created_by`, `created_on`, `modified_by`, `modified_on`) VALUES ('cf06d35e-eb02-11e9-b9aa-0298a739dec0', '53de6f5e-1da3-11e6-b011-5cc5d4b57134', 'c27358e6-ea66-11e9-b9aa-0298a739dec0', '0', '0', '1', '2019-10-09 20:22:52', '1', '2019-10-09 20:22:52');
INSERT INTO `role_to_object_record_types` (`id`, `role_id`, `object_record_type_id`, `is_default`, `deleted`, `created_by`, `created_on`, `modified_by`, `modified_on`) VALUES ('db9105de-eb02-11e9-b9aa-0298a739dec0', '53de9670-1da3-11e6-961c-5cc5d4b57135', 'c27358e6-ea66-11e9-b9aa-0298a739dec0', '0', '0', '1', '2019-10-09 20:22:52', '1', '2019-10-09 20:22:52');
INSERT INTO `role_to_object_record_types` (`id`, `role_id`, `object_record_type_id`, `is_default`, `deleted`, `created_by`, `created_on`, `modified_by`, `modified_on`) VALUES ('e175c265-eb02-11e9-b9aa-0298a739dec0', '53de9671-1da3-11e6-93fb-5cc5d4b57136', 'c27358e6-ea66-11e9-b9aa-0298a739dec0', '0', '0', '1', '2019-10-09 20:22:52', '1', '2019-10-09 20:22:52');
INSERT INTO `role_to_object_record_types` (`id`, `role_id`, `object_record_type_id`, `is_default`, `deleted`, `created_by`, `created_on`, `modified_by`, `modified_on`) VALUES ('e64eb36d-eb02-11e9-b9aa-0298a739dec0', '53de9674-1da3-11e6-ac97-5cc5d4b57137', 'c27358e6-ea66-11e9-b9aa-0298a739dec0', '0', '0', '1', '2019-10-09 20:22:52', '1', '2019-10-09 20:22:52');
INSERT INTO `role_to_object_record_types` (`id`, `role_id`, `object_record_type_id`, `is_default`, `deleted`, `created_by`, `created_on`, `modified_by`, `modified_on`) VALUES ('f5bd45ed-eb02-11e9-b9aa-0298a739dec0', '53de6f5e-1da3-11e6-b011-5cc5d4b57134', '1172573c-ea67-11e9-b9aa-0298a739dec0', '0', '0', '1', '2019-10-09 20:22:52', '1', '2019-10-09 20:22:52');
INSERT INTO `role_to_object_record_types` (`id`, `role_id`, `object_record_type_id`, `is_default`, `deleted`, `created_by`, `created_on`, `modified_by`, `modified_on`) VALUES ('fb0eac95-eb02-11e9-b9aa-0298a739dec0', '53de9670-1da3-11e6-961c-5cc5d4b57135', '1172573c-ea67-11e9-b9aa-0298a739dec0', '0', '0', '1', '2019-10-09 20:22:52', '1', '2019-10-09 20:22:52');
INSERT INTO `role_to_object_record_types` (`id`, `role_id`, `object_record_type_id`, `is_default`, `deleted`, `created_by`, `created_on`, `modified_by`, `modified_on`) VALUES ('ff89cc5d-eb02-11e9-b9aa-0298a739dec0', '53de9671-1da3-11e6-93fb-5cc5d4b57136', '1172573c-ea67-11e9-b9aa-0298a739dec0', '0', '0', '1', '2019-10-09 20:22:52', '1', '2019-10-09 20:22:52');
INSERT INTO `role_to_object_record_types` (`id`, `role_id`, `object_record_type_id`, `is_default`, `deleted`, `created_by`, `created_on`, `modified_by`, `modified_on`) VALUES ('04900cda-eb03-11e9-b9aa-0298a739dec0', '53de9674-1da3-11e6-ac97-5cc5d4b57137', '1172573c-ea67-11e9-b9aa-0298a739dec0', '0', '0', '1', '2019-10-09 20:22:52', '1', '2019-10-09 20:22:52');
INSERT INTO `role_to_object_record_types` (`id`, `role_id`, `object_record_type_id`, `is_default`, `deleted`, `created_by`, `created_on`, `modified_by`, `modified_on`) VALUES ('15bb4114-eb03-11e9-b9aa-0298a739dec0', '53de6f5e-1da3-11e6-b011-5cc5d4b57134', '2a1fd275-ea67-11e9-b9aa-0298a739dec0', '0', '0', '1', '2019-10-09 20:22:52', '1', '2019-10-09 20:22:52');
INSERT INTO `role_to_object_record_types` (`id`, `role_id`, `object_record_type_id`, `is_default`, `deleted`, `created_by`, `created_on`, `modified_by`, `modified_on`) VALUES ('1c39ea75-eb03-11e9-b9aa-0298a739dec0', '53de9670-1da3-11e6-961c-5cc5d4b57135', '2a1fd275-ea67-11e9-b9aa-0298a739dec0', '0', '0', '1', '2019-10-09 20:22:52', '1', '2019-10-09 20:22:52');
INSERT INTO `role_to_object_record_types` (`id`, `role_id`, `object_record_type_id`, `is_default`, `deleted`, `created_by`, `created_on`, `modified_by`, `modified_on`) VALUES ('20eb07c8-eb03-11e9-b9aa-0298a739dec0', '53de9671-1da3-11e6-93fb-5cc5d4b57136', '2a1fd275-ea67-11e9-b9aa-0298a739dec0', '0', '0', '1', '2019-10-09 20:22:52', '1', '2019-10-09 20:22:52');
INSERT INTO `role_to_object_record_types` (`id`, `role_id`, `object_record_type_id`, `is_default`, `deleted`, `created_by`, `created_on`, `modified_by`, `modified_on`) VALUES ('25d45df8-eb03-11e9-b9aa-0298a739dec0', '53de9674-1da3-11e6-ac97-5cc5d4b57137', '2a1fd275-ea67-11e9-b9aa-0298a739dec0', '0', '0', '1', '2019-10-09 20:22:52', '1', '2019-10-09 20:22:52');

-- 餐费 交通 住宿 其他 
-- 8c51ee93-ea66-11e9-b9aa-0298a739dec0  c27358e6-ea66-11e9-b9aa-0298a739dec0 1172573c-ea67-11e9-b9aa-0298a739dec0 2a1fd275-ea67-11e9-b9aa-0298a739dec0
-- 会议类型与费用map
UPDATE `custom_settings` SET `value`='{\"05320400-e35f-11e9-b9aa-0298a739dec0;;21f2482f-e35f-11e9-b9aa-0298a739dec0\": [\"8c51ee93-ea66-11e9-b9aa-0298a739dec0\", \"c27358e6-ea66-11e9-b9aa-0298a739dec0\", \"1172573c-ea67-11e9-b9aa-0298a739dec0\",\"2a1fd275-ea67-11e9-b9aa-0298a739dec0\"]}' WHERE `id`='10';

-- 费用详情layout    e9328113-ea6a-11e9-b9aa-0298a739dec0
INSERT INTO `page_layouts` (`id`, `page_id`, `name`, `label`, `source`, `screen_size`, `deleted`, `created_by`, `created_on`, `modified_by`, `modified_on`) VALUES ('e9328113-ea6a-11e9-b9aa-0298a739dec0', 'b007a49f-2168-4ad5-ad4b-5d54ac61a14d', 'cs_event_expense', '会议费用详情', 'custom', 'both', '0', '1', '2019-10-09 10:33:29', '1', '2019-10-09 10:33:29');

-- layoutfield
INSERT INTO `page_layout_fields` (`id`, `page_layout_id`, `type`, `object_field_id`, `label`, `order`, `colspan`, `is_mandatory`, `is_readonly`, `display_mode`, `deleted`, `created_by`, `created_on`, `modified_by`, `modified_on`) VALUES ('a2d99076-ea74-11e9-b9aa-0298a739dec0', 'e9328113-ea6a-11e9-b9aa-0298a739dec0', 'field', 'dea103a6-2a46-4f94-86a3-2f53b2889210', '费用类型', '1', '6', '0', '1', 'both', '0', '1', '2019-09-09 06:36:44', '1', '2019-09-09 06:36:44');
INSERT INTO `page_layout_fields` (`id`, `page_layout_id`, `type`, `object_field_id`, `label`, `order`, `colspan`, `is_mandatory`, `is_readonly`, `display_mode`, `deleted`, `created_by`, `created_on`, `modified_by`, `modified_on`) VALUES ('cd16d905-ea74-11e9-b9aa-0298a739dec0', 'e9328113-ea6a-11e9-b9aa-0298a739dec0', 'field', '6d64fc06-0939-468b-b9f0-715692b08fa6', '当前状态', '2', '6', '0', '1', 'both', '0', '1', '2019-09-09 06:36:44', '1', '2019-09-09 06:36:44');
INSERT INTO `page_layout_fields` (`id`, `page_layout_id`, `type`, `object_field_id`, `label`, `order`, `colspan`, `is_mandatory`, `is_readonly`, `display_mode`, `deleted`, `created_by`, `created_on`, `modified_by`, `modified_on`) VALUES ('ef81c16b-ea74-11e9-b9aa-0298a739dec0', 'e9328113-ea6a-11e9-b9aa-0298a739dec0', 'field', 'ef32b19c-2341-4bdf-b3f8-f49276028217', '提示信息', '0', '12', '0', '1', 'both', '0', '1', '2019-09-09 06:36:44', '1', '2019-09-09 06:36:44');
INSERT INTO `page_layout_fields` (`id`, `page_layout_id`, `type`, `object_field_id`, `label`, `order`, `colspan`, `is_mandatory`, `is_readonly`, `display_mode`, `deleted`, `created_by`, `created_on`, `modified_by`, `modified_on`) VALUES ('0f6fbab7-ea75-11e9-b9aa-0298a739dec0', 'e9328113-ea6a-11e9-b9aa-0298a739dec0', 'field', '5c1746aa-740e-4b5b-bdc5-f372ca294549', '金额', '3', '12', '1', '0', 'both', '0', '1', '2019-09-09 06:36:44', '1', '2019-09-09 06:36:44');
INSERT INTO `page_layout_fields` (`id`, `page_layout_id`, `type`, `object_field_id`, `label`, `order`, `colspan`, `is_mandatory`, `is_readonly`, `display_mode`, `deleted`, `created_by`, `created_on`, `modified_by`, `modified_on`) VALUES ('64e01602-ea81-11e9-b9aa-0298a739dec0', 'e9328113-ea6a-11e9-b9aa-0298a739dec0', 'field', '65441149-674b-4f6e-8fea-d8a553f1fd69', '会议', '0', '12', '0', '1', 'both', '0', '1', '2019-10-09 10:33:12', '1', '2019-10-09 10:33:12');

-- 加入 会议费用对象对比会议对象少的状态
INSERT INTO `object_states` (`id`, `object_id`, `name`, `source`, `label`, `is_locked`, `is_default`, `display_order`, `deleted`, `created_by`, `created_on`, `modified_by`, `modified_on`) VALUES ('23a4e271-ea73-11e9-b9aa-0298a739dec0', '87d3c319-598a-4fe2-b391-21b8bbcae4c7', 'cancelled', 'custom', '取消', '1', '0', '6', '0', '1', '2019-10-09 10:33:29', '1', '2019-10-09 10:33:29');
INSERT INTO `object_states` (`id`, `object_id`, `name`, `source`, `label`, `is_locked`, `is_default`, `display_order`, `deleted`, `created_by`, `created_on`, `modified_by`, `modified_on`) VALUES ('422631a3-ea73-11e9-b9aa-0298a739dec0', '87d3c319-598a-4fe2-b391-21b8bbcae4c7', 'write_off', 'custom', '核销', '1', '0', '7', '0', '1', '2019-10-09 10:33:29', '1', '2019-10-09 10:33:29');

-- 审批通过与审批中 状态锁定 
UPDATE `object_states` SET `is_locked`='1' WHERE `id`='ac3d97d2-14d8-4ab1-b6b9-99d2fc2df51c';
UPDATE `object_states` SET `is_locked`='1' WHERE `id`='f3f66e1d-14e0-4527-8bae-b72c1f15ef31';

-- 会议费用状态同步 trigger
INSERT INTO `object_validations` (`id`, `object_id`, `label`, `description`, `type`, `trigger_code`, `error_message`, `deleted`, `created_by`, `created_on`, `modified_by`, `modified_on`, `edit_type`, `is_active`, `source`, `name`, `version`) VALUES ('87451b14-bce1-11e8-8758-020652a9390e', '3f49c30f-5d59-11e6-a130-5cc5d4d378cb', '会议费用状态同步', 'event_expense_state', 'trigger', '\nfrom orionbase.common import models\nstate_map = dict(models.ObjectStates.advance_objects.filter(object__name=\'event_expense\').values_list(\'name\', \'id\'))\nif len(instance.eventexpenses_set.filter(deleted=0)) != 0:\n    instance.eventexpenses_set.filter(deleted=0).update(state_id=state_map[instance.state.name])\n', '', '0', '1', '2019-06-24 11:08:42', '1', '2019-06-24 11:08:42', 'post_save', '1', 'custom', 'sync_event_expense_state', '1');

-- 会议日程 list layout 配置 
INSERT INTO `page_list_fields` (`deleted`, `created_by`, `created_on`, `modified_by`, `modified_on`, `id`, `page_list_id`, `object_field_id`, `label`, `order`, `width`, `allow_filter`, `allow_sort`, `is_default`, `configurations`, `is_readonly`, `is_title`, `is_mandatory`, `is_group`, `aggregate_func`, `values_in_filter`, `display_mode`, `disable_click`) VALUES (0, 1, '2019-07-25 07:17:58.415898', 1, '2019-07-25 07:17:58.415945', '49b4c198-fd32-4d89-b2fa-cacaac426917', '15f43e96-e9a4-11e9-b9aa-0298a739dec0', '6f3c2f44-b195-4442-9c04-b6379927713c', '开始时间', 1, 12, 0, 0, 1, NULL, NULL, NULL, NULL, NULL, NULL, NULL, NULL, NULL);
INSERT INTO `page_list_fields` (`deleted`, `created_by`, `created_on`, `modified_by`, `modified_on`, `id`, `page_list_id`, `object_field_id`, `label`, `order`, `width`, `allow_filter`, `allow_sort`, `is_default`, `configurations`, `is_readonly`, `is_title`, `is_mandatory`, `is_group`, `aggregate_func`, `values_in_filter`, `display_mode`, `disable_click`) VALUES (0, 1, '2019-07-25 07:17:58.423384', 1, '2019-07-25 07:17:58.423422', '3154f3af-531f-4ddb-bd64-8a737e0d2a2c', '15f43e96-e9a4-11e9-b9aa-0298a739dec0', '8e2a387a-a07d-4e41-9f3b-e5c5f2073099', '结束时间', 2, 12, 0, 0, 1, NULL, NULL, NULL, NULL, NULL, NULL, NULL, NULL, NULL);
INSERT INTO `page_list_fields` (`deleted`, `created_by`, `created_on`, `modified_by`, `modified_on`, `id`, `page_list_id`, `object_field_id`, `label`, `order`, `width`, `allow_filter`, `allow_sort`, `is_default`, `configurations`, `is_readonly`, `is_title`, `is_mandatory`, `is_group`, `aggregate_func`, `values_in_filter`, `display_mode`, `disable_click`) VALUES (0, 1, '2019-07-25 07:17:58.427308', 1, '2019-07-25 07:17:58.427346', '272fcbd3-e61b-4629-998e-5554b43d4c72', '15f43e96-e9a4-11e9-b9aa-0298a739dec0', '128e380f-64e6-4849-9f18-db87753b483e', '日程内容', 3, 12, 0, 0, 1, NULL, NULL, NULL, NULL, NULL, NULL, NULL, NULL, NULL);
INSERT INTO `page_list_fields` (`deleted`, `created_by`, `created_on`, `modified_by`, `modified_on`, `id`, `page_list_id`, `object_field_id`, `label`, `order`, `width`, `allow_filter`, `allow_sort`, `is_default`, `configurations`, `is_readonly`, `is_title`, `is_mandatory`, `is_group`, `aggregate_func`, `values_in_filter`, `display_mode`, `disable_click`) VALUES (0, 1, '2019-07-25 07:17:58.433245', 1, '2019-07-25 07:17:58.433310', '1e76f16f-86c7-4d73-a013-468f00351bd0', '15f43e96-e9a4-11e9-b9aa-0298a739dec0', '74ecba50-ef22-47f2-87be-128736619cbc', '人员', 10, 12, 0, 0, 1, NULL, NULL, NULL, NULL, NULL, NULL, NULL, NULL, NULL);
INSERT INTO `page_layouts` (`deleted`, `created_by`, `created_on`, `modified_by`, `modified_on`, `id`, `name`, `page_id`, `label`, `source`, `screen_size`, `report_id`, `highlight_enabled`) VALUES (0, 1, '2019-07-25 07:17:58.434653', 1, '2019-07-25 07:17:58.434697', '36216400-2f9a-47ad-803e-749ba5a7cce0', 'event_schedule_view_s', '349b028c-7485-4ef2-af47-42335e0078d3', '日程详情', 'custom', 'small', NULL, 0);
INSERT INTO `page_layout_fields` (`deleted`, `created_by`, `created_on`, `modified_by`, `modified_on`, `id`, `page_layout_id`, `type`, `object_field_id`, `label`, `order`, `colspan`, `is_mandatory`, `is_readonly`, `display_mode`, `configurations`, `is_header`, `is_hidden`, `is_with_stars_mask`, `is_highlight`, `if_affect_others`, `disable_click`) VALUES (0, 1, '2019-07-25 07:17:58.443814', 1, '2019-07-25 07:17:58.443865', '306cff00-9472-4fa2-9518-30c863a59c01', '36216400-2f9a-47ad-803e-749ba5a7cce0', 'field', '6f3c2f44-b195-4442-9c04-b6379927713c', '开始时间', 0, 6, 0, 0, 'both', NULL, 0, NULL, NULL, 0, NULL, NULL);
INSERT INTO `page_layout_fields` (`deleted`, `created_by`, `created_on`, `modified_by`, `modified_on`, `id`, `page_layout_id`, `type`, `object_field_id`, `label`, `order`, `colspan`, `is_mandatory`, `is_readonly`, `display_mode`, `configurations`, `is_header`, `is_hidden`, `is_with_stars_mask`, `is_highlight`, `if_affect_others`, `disable_click`) VALUES (0, 1, '2019-07-25 07:17:58.455174', 1, '2019-07-25 07:17:58.455220', '7401ed4b-df44-4569-925c-f739878099f6', '36216400-2f9a-47ad-803e-749ba5a7cce0', 'field', '8e2a387a-a07d-4e41-9f3b-e5c5f2073099', '结束时间', 1, 6, 0, 0, 'both', NULL, 0, NULL, NULL, 0, NULL, NULL);
INSERT INTO `page_layout_fields` (`deleted`, `created_by`, `created_on`, `modified_by`, `modified_on`, `id`, `page_layout_id`, `type`, `object_field_id`, `label`, `order`, `colspan`, `is_mandatory`, `is_readonly`, `display_mode`, `configurations`, `is_header`, `is_hidden`, `is_with_stars_mask`, `is_highlight`, `if_affect_others`, `disable_click`) VALUES (0, 1, '2019-07-25 07:17:58.462218', 1, '2019-07-25 07:17:58.462263', 'c684f266-260c-445e-9b3e-3e239960f150', '36216400-2f9a-47ad-803e-749ba5a7cce0', 'field', '128e380f-64e6-4849-9f18-db87753b483e', '内容', 2, 6, 0, 0, 'both', NULL, 0, NULL, NULL, 0, NULL, NULL);
INSERT INTO `page_layout_fields` (`deleted`, `created_by`, `created_on`, `modified_by`, `modified_on`, `id`, `page_layout_id`, `type`, `object_field_id`, `label`, `order`, `colspan`, `is_mandatory`, `is_readonly`, `display_mode`, `configurations`, `is_header`, `is_hidden`, `is_with_stars_mask`, `is_highlight`, `if_affect_others`, `disable_click`) VALUES (0, 1, '2019-07-25 07:17:58.469741', 1, '2019-07-25 07:17:58.469788', 'b7734443-d808-4732-bce5-7de58d69f96d', '36216400-2f9a-47ad-803e-749ba5a7cce0', 'field', '74ecba50-ef22-47f2-87be-128736619cbc', '参会人员', 3, 6, 0, 0, 'both', NULL, 0, NULL, NULL, 0, NULL, NULL);
INSERT INTO `page_layout_fields` (`id`, `page_layout_id`, `type`, `object_field_id`, `label`, `order`, `colspan`, `is_mandatory`, `is_readonly`, `display_mode`, `deleted`, `created_by`, `created_on`, `modified_by`, `modified_on`, `is_header`, `is_highlight`) VALUES ('3e4ef652-eb36-11e9-b9aa-0298a739dec0', '36216400-2f9a-47ad-803e-749ba5a7cce0', 'field', '63a1017a-6f2a-404e-b494-bd74356998b0', '会议', '0', '6', '0', '0', 'both', '0', '1', '2019-10-10 07:17:58', '1', '2019-10-10 07:17:58', '0', '0');

UPDATE `page_list_fields` SET `configurations`='{\"info_fields\": [\"name\", \"role\", \"title\"]}', `deleted`='0' WHERE `id`='1e76f16f-86c7-4d73-a013-468f00351bd0';

UPDATE `page_layout_fields` SET `configurations`='{\"info_fields\": [\"name\", \"role\", \"title\"]}' WHERE `id`='b7734443-d808-4732-bce5-7de58d69f96d';

INSERT INTO `page_list_actions` (`deleted`, `created_by`, `created_on`, `modified_by`, `modified_on`, `id`, `page_list_id`, `object_action_id`, `is_need_pre_check`, `pre_check_label`, `order`, `is_item_action`, `configurations`) VALUES (0, 1, '2019-07-25 07:17:58.476246', 1, '2019-07-25 07:17:58.476297', 'a6de1d49-d289-4e98-8f58-ff68a63fddd9', '15f43e96-e9a4-11e9-b9aa-0298a739dec0', '114af248-ae98-4691-aac9-dd039305de72', 0, NULL, 1, NULL, NULL);

INSERT INTO `page_layout_actions` (`id`, `page_layout_id`, `object_action_id`, `display_mode`, `order`, `deleted`, `created_by`, `created_on`, `modified_by`, `modified_on`, `is_need_pre_check`, `pre_check_label`) VALUES ('cc4d00f1-eb39-11e9-b9aa-0298a739dec0', '36216400-2f9a-47ad-803e-749ba5a7cce0', '251fd450-d3b2-411c-9af7-e6927aad6c27', 'edit', '1', '0', '1', '2019-10-10 09:33:27', '1', '2019-10-10 09:33:27', '0', '0');

INSERT INTO `page_layout_assignments` (`deleted`, `created_by`, `created_on`, `modified_by`, `modified_on`, `id`, `role_id`, `object_record_type_id`, `object_state_id`, `page_layout_id`, `is_locked_by_state`, `allow_enter_mini_layout`, `mini_layout_section`, `tips`) VALUES (0, 1, '2019-07-25 07:17:58.486775', 1, '2019-07-25 07:17:58.486813', '31981402-94d1-441d-bd9d-508238723944', '53de6f5e-1da3-11e6-b011-5cc5d4b57134', NULL, NULL, '36216400-2f9a-47ad-803e-749ba5a7cce0', NULL, NULL, NULL, 'null');
INSERT INTO `page_layout_assignments` (`id`, `role_id`, `page_layout_id`, `deleted`, `created_by`, `created_on`, `modified_by`, `modified_on`) VALUES ('8ceb616b-eb48-11e9-b9aa-0298a739dec0', '53de9670-1da3-11e6-961c-5cc5d4b57135', '36216400-2f9a-47ad-803e-749ba5a7cce0', '0', '1', '2019-10-10 07:17:58', '1', '2019-10-10 07:17:58');
INSERT INTO `page_layout_assignments` (`id`, `role_id`, `page_layout_id`, `deleted`, `created_by`, `created_on`, `modified_by`, `modified_on`) VALUES ('b7e48e8d-eb48-11e9-b9aa-0298a739dec0', '53de9671-1da3-11e6-93fb-5cc5d4b57136', '36216400-2f9a-47ad-803e-749ba5a7cce0', '0', '1', '2019-10-10 07:17:58', '1', '2019-10-10 07:17:58');
INSERT INTO `page_layout_assignments` (`id`, `role_id`, `page_layout_id`, `deleted`, `created_by`, `created_on`, `modified_by`, `modified_on`) VALUES ('ca2a865a-eb48-11e9-b9aa-0298a739dec0', '53de9674-1da3-11e6-ac97-5cc5d4b57137', '36216400-2f9a-47ad-803e-749ba5a7cce0', '0', '1', '2019-10-10 07:17:58', '1', '2019-10-10 07:17:58');


-- 会议日程对象授权
INSERT INTO `role_to_object_permissions` (`id`, `role_id`, `object_id`, `allow_read`, `allow_create`, `allow_update`, `allow_delete`, `deleted`, `created_by`, `created_on`, `modified_by`, `modified_on`, `allow_import`, `allow_export`, `allow_read_all`, `allow_update_all`) VALUES ('950dd0df-eb34-11e9-b9aa-0298a739dec0', '53de6f5e-1da3-11e6-b011-5cc5d4b57134', 'd6df54fb-b886-4833-b90b-fec0132ebbe2', '1', '1', '1', '1', '0', '1', '2019-10-10 00:00:00', '1', '2019-10-10 00:00:00', '0', '0', '0', '0');
INSERT INTO `role_to_object_permissions` (`id`, `role_id`, `object_id`, `allow_read`, `allow_create`, `allow_update`, `allow_delete`, `deleted`, `created_by`, `created_on`, `modified_by`, `modified_on`, `allow_import`, `allow_export`, `allow_read_all`, `allow_update_all`) VALUES ('d36ccef4-eb44-11e9-b9aa-0298a739dec0', '53de9670-1da3-11e6-961c-5cc5d4b57135', 'd6df54fb-b886-4833-b90b-fec0132ebbe2', '1', '1', '1', '1', '0', '1', '2019-10-10 00:00:00', '1', '2019-10-10 00:00:00', '0', '0', '0', '0');
INSERT INTO `role_to_object_permissions` (`id`, `role_id`, `object_id`, `allow_read`, `allow_create`, `allow_update`, `allow_delete`, `deleted`, `created_by`, `created_on`, `modified_by`, `modified_on`, `allow_import`, `allow_export`, `allow_read_all`, `allow_update_all`) VALUES ('f2c4527a-eb44-11e9-b9aa-0298a739dec0', '53de9671-1da3-11e6-93fb-5cc5d4b57136', 'd6df54fb-b886-4833-b90b-fec0132ebbe2', '1', '1', '1', '1', '0', '1', '2019-10-10 00:00:00', '1', '2019-10-10 00:00:00', '0', '0', '0', '0');


-- 电脑端会议列表配置
INSERT INTO `page_list_fields` (`id`, `page_list_id`, `object_field_id`, `label`, `order`, `width`, `allow_filter`, `allow_sort`, `is_default`, `deleted`, `created_by`, `created_on`, `modified_by`, `modified_on`) VALUES ('ccd6e6ae-a627-11e6-93ed-5cc5d4d378c1', '220bc1b0-a627-11e6-8523-5cc5d4d378cb', 'b021fb30-5ed9-11e6-876b-5cc5d4d378cb', '活动城市', '11', '120', '1', '1', '0', '0', '1', '2019-10-10 00:00:00', '1', '2019-10-10 00:00:00');
INSERT INTO `page_list_fields` (`id`, `page_list_id`, `object_field_id`, `label`, `order`, `width`, `allow_filter`, `allow_sort`, `is_default`, `deleted`, `created_by`, `created_on`, `modified_by`, `modified_on`) VALUES ('ccd6e6ae-a627-11e6-93ed-5cc5d4d378c2', '220bc1b0-a627-11e6-8523-5cc5d4d378cb', 'a8e59070-5ed9-11e6-9c89-5cc5d4d378cb', '活动地点', '12', '120', '1', '1', '0', '0', '1', '2019-10-10 00:00:00', '1', '2019-10-10 00:00:00');
INSERT INTO `page_list_fields` (`id`, `page_list_id`, `object_field_id`, `label`, `order`, `width`, `allow_filter`, `allow_sort`, `is_default`, `deleted`, `created_by`, `created_on`, `modified_by`, `modified_on`) VALUES ('ccd6e6ae-a627-11e6-93ed-5cc5d4d378c3', '220bc1b0-a627-11e6-8523-5cc5d4d378cb', 'a848e630-6b59-11e6-9673-5cc5d4d378cb', '活动产品', '13', '120', '1', '1', '0', '0', '1', '2019-10-10 00:00:00', '1', '2019-10-10 00:00:00');
INSERT INTO `page_list_fields` (`id`, `page_list_id`, `object_field_id`, `label`, `order`, `width`, `allow_filter`, `allow_sort`, `is_default`, `deleted`, `created_by`, `created_on`, `modified_by`, `modified_on`) VALUES ('ccd6e6ae-a627-11e6-93ed-5cc5d4d378c4', '220bc1b0-a627-11e6-8523-5cc5d4d378cb', 'eee173de-a59d-dsac-b11b-5cc5d4d378cb', '活动讲者', '14', '120', '1', '1', '0', '0', '1', '2019-10-10 00:00:00', '1', '2019-10-10 00:00:00');
UPDATE `page_list_fields` SET `object_field_id`='a84e8091-5ed9-11e6-a879-5cc5d4d378cb', `label`='活动状态' WHERE `id`='cc725880-a627-11e6-b04c-5cc5d4d378cb';
UPDATE `page_list_fields` SET `object_field_id`='a714c811-5ed9-11e6-b12b-5cc5d4d378cb', `label`='活动名称' WHERE `id`='cc82851e-a627-11e6-9d69-5cc5d4d378cb';
UPDATE `page_list_fields` SET `object_field_id`='a7b7e5e1-5ed9-11e6-933b-5cc5d4d378cb', `label`='活动类型' WHERE `id`='cc912b1e-a627-11e6-a044-5cc5d4d378cb';
UPDATE `page_list_fields` SET `object_field_id`='ab34d7a1-5ed9-11e6-aa69-5cc5d4d378cb', `label`='活动主题' WHERE `id`='cc9e989e-a627-11e6-b4fe-5cc5d4d378cb';
UPDATE `page_list_fields` SET `label`='开始时间' WHERE `id`='ccabb800-a627-11e6-8ae9-5cc5d4d378cb';
UPDATE `page_list_fields` SET `label`='结束时间' WHERE `id`='ccb94c8f-a627-11e6-8804-5cc5d4d378cb';
UPDATE `page_list_fields` SET `object_field_id`='ad992d70-5ed9-11e6-9986-5cc5d4d378cb', `label`='医院' WHERE `id`='ccc8dcee-a627-11e6-822e-5cc5d4d378cb';
UPDATE `page_list_fields` SET `object_field_id`='4c4c5ec2-9225-4a92-b574-08af14ed4835', `label`='活动科室' WHERE `id`='ccd6e6ae-a627-11e6-93ed-5cc5d4d378cb';
INSERT INTO `page_list_fields` (`id`, `page_list_id`, `object_field_id`, `label`, `order`, `width`, `allow_filter`, `allow_sort`, `is_default`, `deleted`, `created_by`, `created_on`, `modified_by`, `modified_on`) VALUES ('ccd6e6ae-a627-11e6-93ed-5cc5d4d378c5', '220bc1b0-a627-11e6-8523-5cc5d4d378cb', 'b0b20630-5ed9-11e6-a51f-5cc5d4d378cb', '计划参会人数', '15', '120', '1', '1', '0', '0', '1', '2019-10-10 00:00:00', '1', '2019-10-10 00:00:00');
INSERT INTO `page_list_fields` (`id`, `page_list_id`, `object_field_id`, `label`, `order`, `width`, `allow_filter`, `allow_sort`, `is_default`, `deleted`, `created_by`, `created_on`, `modified_by`, `modified_on`) VALUES ('ccd6e6ae-a627-11e6-93ed-5cc5d4d378c6', '220bc1b0-a627-11e6-8523-5cc5d4d378cb', 'b13f03f0-5ed9-11e6-89d7-5cc5d4d378cb', '参会人数', '16', '120', '1', '1', '0', '0', '1', '2019-10-10 00:00:00', '1', '2019-10-10 00:00:00');
INSERT INTO `page_list_fields` (`id`, `page_list_id`, `object_field_id`, `label`, `order`, `width`, `allow_filter`, `allow_sort`, `is_default`, `deleted`, `created_by`, `created_on`, `modified_by`, `modified_on`) VALUES ('ccd6e6ae-a627-11e6-93ed-5cc5d4d378c7', '220bc1b0-a627-11e6-8523-5cc5d4d378cb', '42bf888f-639e-11e6-94ed-5cc5d4d378cb', '协办人', '17', '120', '1', '1', '0', '0', '1', '2019-10-10 00:00:00', '1', '2019-10-10 00:00:00');
INSERT INTO `page_list_fields` (`id`, `page_list_id`, `object_field_id`, `label`, `order`, `width`, `allow_filter`, `allow_sort`, `is_default`, `deleted`, `created_by`, `created_on`, `modified_by`, `modified_on`) VALUES ('ccd6e6ae-a627-11e6-93ed-5cc5d4d378c8', '220bc1b0-a627-11e6-8523-5cc5d4d378cb', 'b1cdaf5e-5ed9-11e6-b59a-5cc5d4d378cb', '总预算', '18', '120', '1', '1', '0', '0', '1', '2019-10-10 00:00:00', '1', '2019-10-10 00:00:00');
INSERT INTO `page_list_fields` (`id`, `page_list_id`, `object_field_id`, `label`, `order`, `width`, `allow_filter`, `allow_sort`, `is_default`, `deleted`, `created_by`, `created_on`, `modified_by`, `modified_on`) VALUES ('ccd6e6ae-a627-11e6-93ed-5cc5d4d378c9', '220bc1b0-a627-11e6-8523-5cc5d4d378cb', 'b26cd58f-5ed9-11e6-a0ae-5cc5d4d378cb', '总费用', '19', '120', '1', '1', '0', '0', '1', '2019-10-10 00:00:00', '1', '2019-10-10 00:00:00');
INSERT INTO `page_list_fields` (`id`, `page_list_id`, `object_field_id`, `label`, `order`, `width`, `allow_filter`, `allow_sort`, `is_default`, `deleted`, `created_by`, `created_on`, `modified_by`, `modified_on`) VALUES ('ccd6e6ae-a627-11e6-93ed-5cc5d4d37810', '220bc1b0-a627-11e6-8523-5cc5d4d378cb', 'b303be5e-5ed9-11e6-ac63-5cc5d4d378cb', '预算报销差异率', '20', '120', '1', '1', '0', '0', '1', '2019-10-10 00:00:00', '1', '2019-10-10 00:00:00');
INSERT INTO `page_list_fields` (`id`, `page_list_id`, `object_field_id`, `label`, `order`, `width`, `allow_filter`, `allow_sort`, `is_default`, `deleted`, `created_by`, `created_on`, `modified_by`, `modified_on`) VALUES ('ccd6e6ae-a627-11e6-93ed-5cc5d4d37811', '220bc1b0-a627-11e6-8523-5cc5d4d378cb', '3c79980b-ee5c-49da-8c40-38c025ba5e22', 'GPS签到和签到时间记录', '21', '120', '1', '1', '0', '0', '1', '2019-10-10 00:00:00', '1', '2019-10-10 00:00:00');
INSERT INTO `page_list_fields` (`id`, `page_list_id`, `object_field_id`, `label`, `order`, `width`, `allow_filter`, `allow_sort`, `is_default`, `deleted`, `created_by`, `created_on`, `modified_by`, `modified_on`) VALUES ('ccd6e6ae-a627-11e6-93ed-5cc5d4d37812', '220bc1b0-a627-11e6-8523-5cc5d4d378cb', '23bb2247-0e18-11e7-bb8f-e4b318c6b596', '创建人', '22', '120', '1', '1', '0', '0', '1', '2019-10-10 00:00:00', '1', '2019-10-10 00:00:00');
INSERT INTO `page_list_fields` (`id`, `page_list_id`, `object_field_id`, `label`, `order`, `width`, `allow_filter`, `allow_sort`, `is_default`, `deleted`, `created_by`, `created_on`, `modified_by`, `modified_on`) VALUES ('ccd6e6ae-a627-11e6-93ed-5cc5d4d37813', '220bc1b0-a627-11e6-8523-5cc5d4d378cb', '23bb2245-0e18-11e7-8254-e4b318c6b596', '创建时间', '23', '120', '1', '1', '0', '0', '1', '2019-10-10 00:00:00', '1', '2019-10-10 00:00:00');
INSERT INTO `page_list_fields` (`id`, `page_list_id`, `object_field_id`, `label`, `order`, `width`, `allow_filter`, `allow_sort`, `is_default`, `deleted`, `created_by`, `created_on`, `modified_by`, `modified_on`) VALUES ('ccd6e6ae-a627-11e6-93ed-5cc5d4d37814', '220bc1b0-a627-11e6-8523-5cc5d4d378cb', '23bb705e-0e18-11e7-b67e-e4b318c6b596', '修改人', '24', '120', '1', '1', '0', '0', '1', '2019-10-10 00:00:00', '1', '2019-10-10 00:00:00');
INSERT INTO `page_list_fields` (`id`, `page_list_id`, `object_field_id`, `label`, `order`, `width`, `allow_filter`, `allow_sort`, `is_default`, `deleted`, `created_by`, `created_on`, `modified_by`, `modified_on`) VALUES ('ccd6e6ae-a627-11e6-93ed-5cc5d4d37815', '220bc1b0-a627-11e6-8523-5cc5d4d378cb', '23bb2246-0e18-11e7-8147-e4b318c6b596', '最后修改时间', '25', '120', '1', '1', '0', '0', '1', '2019-10-10 00:00:00', '1', '2019-10-10 00:00:00');
INSERT INTO `page_list_fields` (`id`, `page_list_id`, `object_field_id`, `label`, `order`, `width`, `allow_filter`, `allow_sort`, `is_default`, `deleted`, `created_by`, `created_on`, `modified_by`, `modified_on`) VALUES ('ccd6e6ae-a627-11e6-93ed-5cc5d4d37816', '220bc1b0-a627-11e6-8523-5cc5d4d378cb', '8f3b8f73-e368-11e9-b9aa-0298a739dec0', '创建人所属辖区', '26', '120', '1', '1', '0', '0', '1', '2019-10-10 00:00:00', '1', '2019-10-10 00:00:00');
INSERT INTO `page_list_fields` (`id`, `page_list_id`, `object_field_id`, `label`, `order`, `width`, `allow_filter`, `allow_sort`, `is_default`, `deleted`, `created_by`, `created_on`, `modified_by`, `modified_on`) VALUES ('ccd6e6ae-a627-11e6-93ed-5cc5d4d37817', '220bc1b0-a627-11e6-8523-5cc5d4d378cb', 'b39269cf-5ed9-11e6-80c4-5cc5d4d378cb', '参会率', '27', '120', '1', '1', '0', '0', '1', '2019-10-10 00:00:00', '1', '2019-10-10 00:00:00');

UPDATE `page_list_fields` SET `deleted`='1' WHERE `id`='ccd6e6ae-a627-11e6-93ed-5cc5d4d378c3';
UPDATE `page_list_fields` SET `deleted`='1' WHERE `id`='ccd6e6ae-a627-11e6-93ed-5cc5d4d378c4';
UPDATE `page_list_fields` SET `deleted`='1' WHERE `id`='ccd6e6ae-a627-11e6-93ed-5cc5d4d378c7';

-- 对event_account 授权 
INSERT INTO `role_to_object_permissions` (`id`, `role_id`, `object_id`, `allow_read`, `allow_create`, `allow_update`, `allow_delete`, `deleted`, `created_by`, `created_on`, `modified_by`, `modified_on`, `allow_import`, `allow_export`, `allow_read_all`, `allow_update_all`, `allow_update_attachment`) VALUES ('58d04b15-ec04-11e9-b9aa-0298a739dec0', '53de6f5e-1da3-11e6-b011-5cc5d4b57134', '66036d1a-4643-49d5-b21a-0db9d60b0563', '1', '1', '1', '1', '0', '1', '2019-10-11 02:19:33', '1', '2019-10-11 02:19:33', '0', '0', '1', '1', '0');
INSERT INTO `role_to_object_permissions` (`id`, `role_id`, `object_id`, `allow_read`, `allow_create`, `allow_update`, `allow_delete`, `deleted`, `created_by`, `created_on`, `modified_by`, `modified_on`, `allow_import`, `allow_export`, `allow_read_all`, `allow_update_all`, `allow_update_attachment`) VALUES ('73b750fe-ec04-11e9-b9aa-0298a739dec0', '53de9670-1da3-11e6-961c-5cc5d4b57135', '66036d1a-4643-49d5-b21a-0db9d60b0563', '1', '1', '1', '1', '0', '1', '2019-10-11 02:19:33', '1', '2019-10-11 02:19:33', '0', '0', '1', '1', '0');
INSERT INTO `role_to_object_permissions` (`id`, `role_id`, `object_id`, `allow_read`, `allow_create`, `allow_update`, `allow_delete`, `deleted`, `created_by`, `created_on`, `modified_by`, `modified_on`, `allow_import`, `allow_export`, `allow_read_all`, `allow_update_all`, `allow_update_attachment`) VALUES ('8954881f-ec04-11e9-b9aa-0298a739dec0', '53de9671-1da3-11e6-93fb-5cc5d4b57136', '66036d1a-4643-49d5-b21a-0db9d60b0563', '1', '1', '1', '1', '0', '1', '2019-10-11 02:19:33', '1', '2019-10-11 02:19:33', '0', '0', '1', '1', '0');
-- 增加自动测算参会人数的trigger
INSERT INTO `object_validations` (`id`, `object_id`, `label`, `description`, `type`, `trigger_code`, `error_message`, `deleted`, `created_by`, `created_on`, `modified_by`, `modified_on`, `edit_type`, `is_active`, `source`, `name`) VALUES ('e49b1287-ec01-11e9-b9aa-0298a739dec0', '66036d1a-4643-49d5-b21a-0db9d60b0563', '测算参会人员数量', '测算参会人员数量', 'trigger', 'from django.db import connection\n\nwith connection.cursor() as cursor:\n    # 提交报告时测算字段\n    sql = \"\"\"\n            select count(id) from event_accounts where event_id = %s and deleted = 0 and record_type_id = \'c1491afa-18f4-4046-8e25-b62aed90eb77\'\n            \"\"\"\n    cursor.execute(sql, (instance.event.id,))\n    rows = cursor.fetchone()\n    if rows:\n        num_1 = rows[0]\n    else:\n        num_1 = 0\n    sql = \'update events set text_3 = %s where id = %s\'\n    cursor.execute(sql, (num_1, instance.event.id))', '', '0', '1', '2019-10-11 09:52:34', '1', '2019-10-11 08:48:47', 'post_save', '1', 'custom', 'attendee_num');

-- 总费用与 预算费用差异率测算
INSERT INTO `object_validations` (`id`, `object_id`, `label`, `description`, `type`, `trigger_code`, `error_message`, `deleted`, `created_by`, `created_on`, `modified_by`, `modified_on`, `edit_type`, `is_active`, `source`, `name`, `version`) VALUES ('h0052552-e0e1-11e8-b6c8-02f90e0f46f3', '87d3c319-598a-4fe2-b391-21b8bbcae4c7', '费用更新时更新总费用总预算', '费用更新时更新总费用总预算', 'trigger', 'from django.db import connection\nspeaker_expense = 0\ntotal_expense = round(sum(instance.event.eventexpenses_set.filter(deleted=0, total_expense__isnull=False,\n                 speaker_id__isnull=True).values_list(\'total_expense\', flat=True)))\n\nspeaker_expense = round(sum(instance.event.eventspeakers_set.filter(deleted=0, speaker_expense__isnull=False).values_list(\n    \'speaker_expense\', flat=True)))\n\nexpenses =total_expense + speaker_expense\n\nif (instance.event.state.name == u\'save\'or instance.event.state.name == u\'rejected\') and \\\n    not instance.event.record_type.name.endswith(\'__report\'):\n    with connection.cursor() as c:\n        sql = \'update events set event_budget = %s where id = %s\'\n        c.execute(sql, (expenses, instance.event.id))\nelif (instance.event.state.name == u\'save\'or instance.event.state.name == u\'rejected\') and \\\n    instance.event.record_type.name.endswith(\'__report\'):\n    with connection.cursor() as c:\n        sql = \'update events set event_expense = %s where id = %s\'\n        c.execute(sql, (expenses, instance.event.id))\n\n        sql2 = \"update events set text_20 =concat(truncate(ABS({0} - event_budget)/event_budget *100,2),\'%\') where id = {1}\".format(\n            expenses, instance.event.id)\n        c.execute(sql2)', '', '0', '1', '2019-06-24 11:08:42', '1', '2019-08-05 02:59:23', 'post_save', '1', 'custom', 'event_budget', '1');
INSERT INTO `object_validations` (`id`, `object_id`, `label`, `description`, `type`, `trigger_code`, `error_message`, `deleted`, `created_by`, `created_on`, `modified_by`, `modified_on`, `edit_type`, `is_active`, `source`, `name`, `version`) VALUES ('i0052552-e0e1-11e8-b6c8-02f90e0f46f4', '3f49c30f-5d59-11e6-a130-5cc5d4d378cb', '活动更新时更新总费用总预算-计划转报销', '活动更新时更新总费用总预算-计划转报销', 'trigger', 'from django.db import connection\nspeaker_expense = 0\ntotal_expense = round(sum(instance.eventexpenses_set.filter(deleted=0, total_expense__isnull=False,\n                 speaker_id__isnull=True).values_list(\'total_expense\', flat=True)))\nspeaker_expense = round(sum(instance.eventspeakers_set.filter(deleted=0, speaker_expense__isnull=False).values_list(\n    \'speaker_expense\', flat=True)))\n\nexpenses =total_expense + speaker_expense\n\nif (instance.state.name == u\'save\'or instance.state.name == u\'rejected\') and \\\n    not instance.record_type.name.endswith(\'__report\'):\n    with connection.cursor() as c1:\n        sql = \'update events set event_budget = %s where id = %s\'\n        c1.execute(sql, (expenses, instance.id))\nelif (instance.state.name == u\'save\'or instance.state.name == u\'rejected\') and \\\n    instance.record_type.name.endswith(\'__report\'):\n    with connection.cursor() as c1:\n        sql = \'update events set event_expense = %s where id = %s\'\n        c1.execute(sql, (expenses, instance.id))\n\n        sql2 = \"update events set text_20 =concat(truncate(ABS({0} - event_budget)/event_budget *100,2),\'%\') where id = {1}\".format(\n            expenses, instance.id)\n        c1.execute(sql2)', '', '0', '1', '2019-06-24 11:08:42', '1', '2019-08-05 02:59:23', 'post_save_page', '1', 'custom', 'event_expense_turn', '1');

UPDATE `object_validations` SET `trigger_code`='from django.db import connection\nspeaker_expense = 0\ntotal_expense = round(sum(instance.event.eventexpenses_set.filter(deleted=0, total_expense__isnull=False).values_list(\'total_expense\', flat=True)))\n# speaker_expense = round(sum(instance.event.eventspeakers_set.filter(deleted=0, speaker_expense__isnull=False).values_list(\n#     \'speaker_expense\', flat=True)))\nexpenses =total_expense\nif (instance.event.state.name == u\'save\'or instance.event.state.name == u\'rejected\'):\n    with connection.cursor() as c:\n        sql = \'update events set text_5 = %s where id = %s\'\n        c.execute(sql, (expenses, instance.event.id))\n\n        sql2 = \"update events set text_6 =concat(truncate(ABS({0} - event_budget)/event_budget *100,2),\'%\') where id = {1}\".format(\n            expenses, instance.event.id)\n        c.execute(sql2)' WHERE `id`='h0052552-e0e1-11e8-b6c8-02f90e0f46f3';
UPDATE `object_validations` SET `description`='活动更新时更新总费用总预算', `trigger_code`='from django.db import connection\n# speaker_expense = 0\ntotal_expense = round(sum(instance.eventexpenses_set.filter(deleted=0, total_expense__isnull=False).values_list(\'total_expense\', flat=True)))\n# speaker_expense = round(sum(instance.eventspeakers_set.filter(deleted=0, speaker_expense__isnull=False).values_list(\n#     \'speaker_expense\', flat=True)))\nexpenses =total_expense\nif (instance.state.name == u\'save\'or instance.state.name == u\'rejected\'):\n    with connection.cursor() as c1:\n        sql = \'update events set text_5 = %s where id = %s\'\n        c1.execute(sql, (expenses, instance.id))\n\n        sql2 = \"update events set text_6 =concat(truncate(ABS({0} - event_budget)/event_budget *100,2),\'%\') where id = {1}\".format(\n            expenses, instance.id)\n        c1.execute(sql2)' WHERE `id`='i0052552-e0e1-11e8-b6c8-02f90e0f46f4';

-- 开启添加其他非医生参会人与医生参会人
UPDATE `custom_settings` SET `value`='\"both\"' WHERE `id`='19';

-- 其他非医生参会人
INSERT INTO `page_layouts` (`id`, `page_id`, `name`, `label`, `source`, `screen_size`, `deleted`, `created_by`, `created_on`, `modified_by`, `modified_on`) VALUES ('ff7bf4c0-d344-11e7-b07d-c85b76d4d417', '076062d1-aa62-466d-b290-f0b7e0ef4a9a', 'add other contact', '添加其他参会人', 'custom', 'both', '0', '1', '2018-09-25 15:14:55', '1', '2018-09-25 15:14:55');

INSERT INTO `page_layout_fields` (`id`, `page_layout_id`, `type`, `object_field_id`, `label`, `order`, `colspan`, `is_mandatory`, `is_readonly`, `display_mode`, `deleted`, `created_by`, `created_on`, `modified_by`, `modified_on`, `is_header`) VALUES ('6653712f-8f9a-4c97-8b40-5e7dffc1de18', 'ff7bf4c0-d344-11e7-b07d-c85b76d4d417', 'field', 'a6209a6e-a65e-11e6-a597-5cc5d4d378cb', '姓名', '4', '6', '1', '0', 'both', '0', '1', '2018-09-17 02:29:08', '1', '2018-09-17 02:29:08', '0');
INSERT INTO `page_layout_fields` (`id`, `page_layout_id`, `type`, `object_field_id`, `label`, `order`, `colspan`, `is_mandatory`, `is_readonly`, `display_mode`, `deleted`, `created_by`, `created_on`, `modified_by`, `modified_on`, `is_header`) VALUES ('6653712f-8f9a-4c97-8b40-5e7dffc1de19', 'ff7bf4c0-d344-11e7-b07d-c85b76d4d417', 'field', 'b8362570-36bb-11e7-a43c-34f39ab71988', '所属机构', '5', '6', '1', '0', 'both', '0', '1', '2018-09-17 05:59:06', '1', '2018-09-17 05:59:06', '0');
INSERT INTO `page_layout_fields` (`id`, `page_layout_id`, `type`, `object_field_id`, `label`, `order`, `colspan`, `is_mandatory`, `is_readonly`, `display_mode`, `deleted`, `created_by`, `created_on`, `modified_by`, `modified_on`, `is_header`) VALUES ('6653712f-8f9a-4c97-8b40-5e7dffc1de20', 'ff7bf4c0-d344-11e7-b07d-c85b76d4d417', 'field', 'c3aa948f-36bb-11e7-9395-34f39ab71988', '参会人身份', '6', '6', '0', '0', 'both', '0', '1', '2018-09-17 05:59:06', '1', '2018-09-17 05:59:06', '0');
INSERT INTO `page_layout_fields` (`id`, `page_layout_id`, `type`, `object_field_id`, `label`, `order`, `colspan`, `is_mandatory`, `is_readonly`, `display_mode`, `deleted`, `created_by`, `created_on`, `modified_by`, `modified_on`, `is_header`) VALUES ('6653712f-8f9a-4c97-8b40-5e7dffc1de21', 'ff7bf4c0-d344-11e7-b07d-c85b76d4d417', 'field', 'a63979a1-a65e-11e6-97a5-5cc5d4d378cb', '手机', '7', '6', '0', '0', 'both', '0', '1', '2018-09-17 02:29:08', '1', '2018-09-17 02:29:08', '0');
INSERT INTO `page_layout_fields` (`id`, `page_layout_id`, `type`, `object_field_id`, `label`, `order`, `colspan`, `is_mandatory`, `is_readonly`, `display_mode`, `deleted`, `created_by`, `created_on`, `modified_by`, `modified_on`, `is_header`) VALUES ('6653712f-8f9a-4c97-8b40-5e7dffc1de22', 'ff7bf4c0-d344-11e7-b07d-c85b76d4d417', 'field', 'a65984c0-a65e-11e6-9a3e-5cc5d4d378cb', '备注', '8', '6', '0', '0', 'both', '0', '1', '2018-09-17 05:59:06', '1', '2018-09-17 05:59:06', '0');

INSERT INTO `page_layout_actions` (`id`, `page_layout_id`, `object_action_id`, `display_mode`, `order`, `deleted`, `created_by`, `created_on`, `modified_by`, `modified_on`, `is_need_pre_check`, `pre_check_label`) VALUES ('fe6535fd-34da-4811-a088-e6c38aa64929', 'ff7bf4c0-d344-11e7-b07d-c85b76d4d417', '0cf80824-b56e-403c-8ed7-221972225866', 'edit', '1', '0', '1', '2018-01-09 09:21:13', '1', '2018-01-09 09:21:13', '0', '0');

INSERT INTO `page_layout_assignments` (`id`, `role_id`, `object_record_type_id`, `page_layout_id`, `deleted`, `created_by`, `created_on`, `modified_by`, `modified_on`) VALUES ('c3d86d63-f3d3-11e9-b9aa-0298a739dec0', '53de6f5e-1da3-11e6-b011-5cc5d4b57134', NULL, 'ff7bf4c0-d344-11e7-b07d-c85b76d4d417', '0', '1', '2019-10-21 03:05:35', '1', '2019-10-21 03:05:35');
INSERT INTO `page_layout_assignments` (`id`, `role_id`, `page_layout_id`, `deleted`, `created_by`, `created_on`, `modified_by`, `modified_on`) VALUES ('7ed26945-f3da-11e9-b9aa-0298a739dec0', '53de9670-1da3-11e6-961c-5cc5d4b57135', 'ff7bf4c0-d344-11e7-b07d-c85b76d4d417', '0', '1', '2019-10-16 03:05:35', '1', '2019-10-16 03:05:35');
INSERT INTO `page_layout_assignments` (`id`, `role_id`, `page_layout_id`, `deleted`, `created_by`, `created_on`, `modified_by`, `modified_on`) VALUES ('95af06fe-f3da-11e9-b9aa-0298a739dec0', '53de9671-1da3-11e6-93fb-5cc5d4b57136', 'ff7bf4c0-d344-11e7-b07d-c85b76d4d417', '0', '1', '2019-10-16 03:05:35', '1', '2019-10-16 03:05:35');

-- 其他医生参会人
INSERT INTO `page_layouts` (`id`, `page_id`, `name`, `label`, `source`, `screen_size`, `deleted`, `created_by`, `created_on`, `modified_by`, `modified_on`) VALUES ('ff7bf4c0-d344-11e7-b07d-c85b76d4d418', '08d05c00-197c-40e5-9920-a65e3daf7a7c', 'add other professional', '添加医生参会人', 'custom', 'both', '0', '1', '2018-09-25 15:13:42', '1', '2018-09-25 15:13:42');

INSERT INTO `page_layout_fields` (`id`, `page_layout_id`, `type`, `object_field_id`, `label`, `order`, `colspan`, `is_mandatory`, `is_readonly`, `display_mode`, `deleted`, `created_by`, `created_on`, `modified_by`, `modified_on`, `is_header`) VALUES ('865e084e-b824-11e8-8758-020652a9390f', 'ff7bf4c0-d344-11e7-b07d-c85b76d4d418', 'field', 'c43d4e09-e16e-421a-a020-a00a1dd99404', '医生姓名', '2', '6', '1', '0', 'both', '0', '1', '2018-09-16 09:57:51', '1', '2018-09-16 09:57:51', '0');
INSERT INTO `page_layout_fields` (`id`, `page_layout_id`, `type`, `object_field_id`, `label`, `order`, `colspan`, `is_mandatory`, `is_readonly`, `display_mode`, `deleted`, `created_by`, `created_on`, `modified_by`, `modified_on`, `is_header`) VALUES ('865e084e-b824-11e8-8758-020652a93911', 'ff7bf4c0-d344-11e7-b07d-c85b76d4d418', 'field', '93a3910f-615b-46ec-bc98-2026781892f8', '所属医院', '3', '6', '1', '0', 'both', '0', '1', '2018-09-16 09:57:52', '1', '2018-09-16 09:57:52', '0');
INSERT INTO `page_layout_fields` (`id`, `page_layout_id`, `type`, `object_field_id`, `label`, `order`, `colspan`, `is_mandatory`, `is_readonly`, `display_mode`, `deleted`, `created_by`, `created_on`, `modified_by`, `modified_on`, `is_header`) VALUES ('865e084e-b824-11e8-8758-020652a93913', 'ff7bf4c0-d344-11e7-b07d-c85b76d4d418', 'field', 'acf79a64-e386-4b7a-9ce2-f51c8924cdf9', '科室', '5', '6', '1', '0', 'both', '0', '1', '2018-09-16 09:57:52', '1', '2018-09-16 09:57:52', '0');
INSERT INTO `page_layout_fields` (`id`, `page_layout_id`, `type`, `object_field_id`, `label`, `order`, `colspan`, `is_mandatory`, `is_readonly`, `display_mode`, `deleted`, `created_by`, `created_on`, `modified_by`, `modified_on`, `is_header`) VALUES ('865e084e-b824-11e8-8758-020652a93914', 'ff7bf4c0-d344-11e7-b07d-c85b76d4d418', 'field', '4454a55b-77fb-4b48-adfa-d93c9a81c605', '性别', '6', '6', '1', '0', 'both', '0', '1', '2018-09-16 09:57:52', '1', '2018-09-16 09:57:52', '0');
INSERT INTO `page_layout_fields` (`id`, `page_layout_id`, `type`, `object_field_id`, `label`, `order`, `colspan`, `is_mandatory`, `is_readonly`, `display_mode`, `deleted`, `created_by`, `created_on`, `modified_by`, `modified_on`, `is_header`) VALUES ('865e084e-b824-11e8-8758-020652a93915', 'ff7bf4c0-d344-11e7-b07d-c85b76d4d418', 'field', 'aa5b2e7d-5d4b-46c7-9247-1a9c1b24f860', '职称', '7', '6', '1', '0', 'both', '0', '1', '2018-09-16 09:57:52', '1', '2018-09-16 09:57:52', '0');
INSERT INTO `page_layout_fields` (`id`, `page_layout_id`, `type`, `object_field_id`, `label`, `order`, `colspan`, `is_mandatory`, `is_readonly`, `display_mode`, `deleted`, `created_by`, `created_on`, `modified_by`, `modified_on`, `is_header`) VALUES ('865e084e-b824-11e8-8758-020652a93916', 'ff7bf4c0-d344-11e7-b07d-c85b76d4d418', 'field', '4379a531-b55d-42e6-a610-fb9340e04b32', '岗位职务', '8', '6', '1', '0', 'both', '0', '1', '2018-09-16 09:57:52', '1', '2018-09-16 09:57:52', '0');
INSERT INTO `page_layout_fields` (`id`, `page_layout_id`, `type`, `object_field_id`, `label`, `order`, `colspan`, `is_mandatory`, `is_readonly`, `display_mode`, `deleted`, `created_by`, `created_on`, `modified_by`, `modified_on`, `is_header`) VALUES ('865e084e-b824-11e8-8758-020652a93918', 'ff7bf4c0-d344-11e7-b07d-c85b76d4d418', 'field', 'ed8dddfc-e2ee-43b0-95dc-a5265af3b612', '床位数', '11', '6', '0', '0', 'both', '0', '1', '2018-09-16 10:00:25', '1', '2018-09-16 10:00:25', '0');
INSERT INTO `page_layout_fields` (`id`, `page_layout_id`, `type`, `object_field_id`, `label`, `order`, `colspan`, `is_mandatory`, `is_readonly`, `display_mode`, `deleted`, `created_by`, `created_on`, `modified_by`, `modified_on`, `is_header`) VALUES ('865e084e-b824-11e8-8758-020652a93919', 'ff7bf4c0-d344-11e7-b07d-c85b76d4d418', 'field', '6a5ce3b2-d60b-4d82-8f69-c6104cd35d8e', '规格', '12', '6', '0', '0', 'both', '0', '1', '2018-09-16 10:00:25', '1', '2018-09-16 10:00:25', '0');
INSERT INTO `page_layout_fields` (`id`, `page_layout_id`, `type`, `object_field_id`, `label`, `order`, `colspan`, `is_mandatory`, `is_readonly`, `display_mode`, `deleted`, `created_by`, `created_on`, `modified_by`, `modified_on`, `is_header`) VALUES ('865e084e-b824-11e8-8758-020652a93920', 'ff7bf4c0-d344-11e7-b07d-c85b76d4d418', 'field', 'dda76ce6-abb2-45e3-9702-3b4cd97e890f', '手机号', '13', '6', '1', '0', 'both', '0', '1', '2018-09-16 09:57:52', '1', '2018-09-16 09:57:52', '0');
INSERT INTO `page_layout_fields` (`id`, `page_layout_id`, `type`, `object_field_id`, `label`, `order`, `colspan`, `is_mandatory`, `is_readonly`, `display_mode`, `deleted`, `created_by`, `created_on`, `modified_by`, `modified_on`, `is_header`) VALUES ('865e084e-b824-11e8-8758-020652a93921', 'ff7bf4c0-d344-11e7-b07d-c85b76d4d418', 'field', 'deaca679-9f8f-4f04-b91a-3deea9311c71', '微信', '14', '6', '0', '0', 'both', '0', '1', '2018-09-16 10:00:25', '1', '2018-09-16 10:00:25', '0');
INSERT INTO `page_layout_fields` (`id`, `page_layout_id`, `type`, `object_field_id`, `label`, `order`, `colspan`, `is_mandatory`, `is_readonly`, `display_mode`, `deleted`, `created_by`, `created_on`, `modified_by`, `modified_on`, `is_header`) VALUES ('865e084e-b824-11e8-8758-020652a93922', 'ff7bf4c0-d344-11e7-b07d-c85b76d4d418', 'field', 'bb544846-1add-4be9-af3a-7f2c64217ce2', '备注', '15', '6', '0', '0', 'both', '0', '1', '2018-09-16 10:00:25', '1', '2018-09-16 10:00:25', '0');
INSERT INTO `page_layout_fields` (`id`, `page_layout_id`, `type`, `object_field_id`, `label`, `order`, `colspan`, `is_mandatory`, `is_readonly`, `display_mode`, `deleted`, `created_by`, `created_on`, `modified_by`, `modified_on`, `is_header`) VALUES ('865e084e-b824-11e8-8758-020652a93923', 'ff7bf4c0-d344-11e7-b07d-c85b76d4d418', 'field', '42635213-bb66-424e-95c9-5767a3a64068', '周门诊量（科室）', '10', '6', '0', '0', 'both', '0', '1', '2018-09-16 10:11:11', '1', '2018-09-16 10:11:11', '0');

INSERT INTO `page_layout_actions` (`id`, `page_layout_id`, `object_action_id`, `display_mode`, `order`, `deleted`, `created_by`, `created_on`, `modified_by`, `modified_on`, `is_need_pre_check`, `pre_check_label`) VALUES ('ffca1a9b-5c6d-4493-a2bb-4211c3c8e36g', 'ff7bf4c0-d344-11e7-b07d-c85b76d4d418', 'b84ce0e6-a691-4742-aa30-1854960e4f0d', 'edit', '1', '0', '1', '2018-08-06 03:05:40', '1', '2018-08-06 03:05:40', '0', '0');

INSERT INTO `page_layout_assignments` (`id`, `role_id`, `page_layout_id`, `deleted`, `created_by`, `created_on`, `modified_by`, `modified_on`, `allow_enter_mini_layout`) VALUES ('435bd5b8-f3d9-11e9-b9aa-0298a739dec0', '53de6f5e-1da3-11e6-b011-5cc5d4b57134', 'ff7bf4c0-d344-11e7-b07d-c85b76d4d418', '0', '1', '2019-10-17 09:12:52', '1', '2019-10-17 09:12:52', '1');
INSERT INTO `page_layout_assignments` (`id`, `role_id`, `page_layout_id`, `deleted`, `created_by`, `created_on`, `modified_by`, `modified_on`) VALUES ('b6822f0b-f3da-11e9-b9aa-0298a739dec0', '53de9670-1da3-11e6-961c-5cc5d4b57135', 'ff7bf4c0-d344-11e7-b07d-c85b76d4d418', '0', '1', '2019-10-16 03:05:35', '1', '2019-10-16 03:05:35');
INSERT INTO `page_layout_assignments` (`id`, `role_id`, `page_layout_id`, `deleted`, `created_by`, `created_on`, `modified_by`, `modified_on`) VALUES ('ca7366c8-f3da-11e9-b9aa-0298a739dec0', '53de9671-1da3-11e6-93fb-5cc5d4b57136', 'ff7bf4c0-d344-11e7-b07d-c85b76d4d418', '0', '1', '2019-10-16 03:05:35', '1', '2019-10-16 03:05:35');

-- 添加添加其他非医生参会人与医生参会人 对象授权
INSERT INTO `role_to_object_permissions` (`id`, `role_id`, `object_id`, `allow_read`, `allow_create`, `allow_update`, `allow_delete`, `deleted`, `created_by`, `created_on`, `modified_by`, `modified_on`, `allow_import`, `allow_export`, `allow_read_all`, `allow_update_all`) VALUES ('69cfbcdf-f3db-11e9-b9aa-0298a739dec0', '53de6f5e-1da3-11e6-b011-5cc5d4b57134', '89760000-a65d-11e6-bcae-5cc5d4d378cb', '1', '1', '1', '1', '0', '1', '2019-10-21 00:00:00', '1', '2019-10-21 00:00:00', '0', '0', '0', '0');
INSERT INTO `role_to_object_permissions` (`id`, `role_id`, `object_id`, `allow_read`, `allow_create`, `allow_update`, `allow_delete`, `deleted`, `created_by`, `created_on`, `modified_by`, `modified_on`, `allow_import`, `allow_export`, `allow_read_all`, `allow_update_all`) VALUES ('9ea1b08a-f3db-11e9-b9aa-0298a739dec0', '53de9670-1da3-11e6-961c-5cc5d4b57135', '89760000-a65d-11e6-bcae-5cc5d4d378cb', '1', '1', '1', '1', '0', '1', '2019-10-21 00:00:00', '1', '2019-10-21 00:00:00', '0', '0', '0', '0');
INSERT INTO `role_to_object_permissions` (`id`, `role_id`, `object_id`, `allow_read`, `allow_create`, `allow_update`, `allow_delete`, `deleted`, `created_by`, `created_on`, `modified_by`, `modified_on`, `allow_import`, `allow_export`, `allow_read_all`, `allow_update_all`) VALUES ('bb66bc29-f3db-11e9-b9aa-0298a739dec0', '53de9671-1da3-11e6-93fb-5cc5d4b57136', '89760000-a65d-11e6-bcae-5cc5d4d378cb', '1', '1', '1', '1', '0', '1', '2019-10-21 00:00:00', '1', '2019-10-21 00:00:00', '0', '0', '0', '0');
INSERT INTO `role_to_object_permissions` (`id`, `role_id`, `object_id`, `allow_read`, `allow_create`, `allow_update`, `allow_delete`, `deleted`, `created_by`, `created_on`, `modified_by`, `modified_on`, `allow_import`, `allow_export`, `allow_read_all`, `allow_update_all`) VALUES ('e7570009-f3db-11e9-b9aa-0298a739dec0', '53de6f5e-1da3-11e6-b011-5cc5d4b57134', '547a570d-bb3e-4717-9556-1c822bfb912f', '1', '1', '1', '1', '0', '1', '2019-10-21 00:00:00', '1', '2019-10-21 00:00:00', '0', '0', '0', '0');
INSERT INTO `role_to_object_permissions` (`id`, `role_id`, `object_id`, `allow_read`, `allow_create`, `allow_update`, `allow_delete`, `deleted`, `created_by`, `created_on`, `modified_by`, `modified_on`, `allow_import`, `allow_export`, `allow_read_all`, `allow_update_all`) VALUES ('fe53889f-f3db-11e9-b9aa-0298a739dec0', '53de9670-1da3-11e6-961c-5cc5d4b57135', '547a570d-bb3e-4717-9556-1c822bfb912f', '1', '1', '1', '1', '0', '1', '2019-10-21 00:00:00', '1', '2019-10-21 00:00:00', '0', '0', '0', '0');
INSERT INTO `role_to_object_permissions` (`id`, `role_id`, `object_id`, `allow_read`, `allow_create`, `allow_update`, `allow_delete`, `deleted`, `created_by`, `created_on`, `modified_by`, `modified_on`, `allow_import`, `allow_export`, `allow_read_all`, `allow_update_all`) VALUES ('132dd1c4-f3dc-11e9-b9aa-0298a739dec0', '53de9671-1da3-11e6-93fb-5cc5d4b57136', '547a570d-bb3e-4717-9556-1c822bfb912f', '1', '1', '1', '1', '0', '1', '2019-10-21 00:00:00', '1', '2019-10-21 00:00:00', '0', '0', '0', '0');

-- 其他医生参会人转dcr控制
INSERT INTO `object_validations` (`id`, `object_id`, `label`, `description`, `type`, `trigger_code`, `error_message`, `deleted`, `created_by`, `created_on`, `modified_by`, `modified_on`, `edit_type`, `is_active`, `source`, `name`, `version`) VALUES ('a8da3e74-d8b3-40d6-9528-8637ce0774b0', '3f49c30f-5d59-11e6-a130-5cc5d4d378cb', '其他参会人转DCR', 'Change_to_DCR', 'trigger', 'from orion.common.user import get_user\nfrom orionbase.common.orion_enum import  approval_actions\nfrom orion.approval.approval import batch_approval_process\nfrom orionbase.common import models\nfrom orion.common.user import get_current_user\nfrom django.db import models as djm\n\nevents = models.Events.objects.filter(deleted=0, id=instance.id)\nevent = events[0] if events else None\nstate_name = event.state.name if event else \'\'\nif state_name != instance.state.name and instance.state.name == \'approved\' and instance.record_type.name.endswith(\'report\'):\n    record_type = models.ObjectRecordTypes.objects.get(object__name=\'dcr\', name=\'add_new_account\')\n    state = models.ObjectStates.objects.get(object__name=\'dcr\', name=\'draft\')\n    conditions = djm.Q(dcr_id__isnull=True) & djm.Q(deleted=0)\n    from orion.customsetting import get_setting\n    enable_child_event_setting = get_setting(\'event_enable_child_event\',None)\n    if enable_child_event_setting:\n        if event.parent:\n            conditions &= djm.Q(event_id=event.parent_id) & djm.Q(owner=event.owner)\n        else:\n            attendee_event_id = event.id\n            conditions &= djm.Q(event_id=attendee_event_id)\n            owner_ids = models.Events.advance_objects.filter(parent_id=attendee_event_id).values_list(\'owner_id\', flat=True)\n            if owner_ids:\n                conditions&= ~djm.Q(owner_id__in=owner_ids)\n    else:\n        conditions=djm.Q(event_id=event.id) & djm.Q(deleted=0)\n    event_professionals = models.EventProfessionals.objects.filter(conditions)\n    owner_users = {}\n    approvals = []\n    for professional_one in event_professionals:\n        owner_user_one = owner_users.get(professional_one.owner_id)\n        if not owner_user_one:\n            owner_user_one = get_user(professional_one.owner_id)\n            owner_users[professional_one.owner_id] = owner_user_one\n\n        record = models.DCRs()\n        record.__dict__.update(professional_one.__dict__)\n        record.deleted = 0\n        record.record_type = record_type\n        record.state_id = state.id\n        record.position_id = owner_user_one.current_position.id\n        record.id = None\n        record.save(force_insert=True)\n\n        professional_one.dcr_id = record.id\n        professional_one.save()\n\n        action = {\'action\': approval_actions.submit_for_approval, \'ignore_owner\': True}\n        approval = {}\n        approval[\'object_name\'] = \'dcr\'\n        approval[\'record_id\'] = record.id\n        approval[\'action\'] = action\n        approval[\'record\'] = record\n        approvals.append(approval)\n    approval_processor = batch_approval_process.apply_async([approvals, get_current_user().user_id], countdown=5)', '', '0', '1', '2019-06-24 11:08:42', '1', '2019-07-10 03:52:56', 'pre_save', '1', 'custom', 'Change_to_DCR', '1');



-- 财务部核销  role_id b72453fc-efdb-11e9-b9aa-0298a739dec0
-- 核销金额 number_1  备注 text_8
UPDATE `object_database_columns` SET `used`='1' WHERE `id`='b3dc6b21-5ed9-11e6-8871-5cc5d4d378cb';
UPDATE `object_database_columns` SET `used`='1' WHERE `id`='b5905cae-5ed9-11e6-b4b7-5cc5d4d378cb';

INSERT INTO `role_to_object_permissions` (`id`, `role_id`, `object_id`, `allow_read`, `allow_create`, `allow_update`, `allow_delete`, `deleted`, `created_by`, `created_on`, `modified_by`, `modified_on`, `allow_import`, `allow_export`, `allow_read_all`, `allow_update_all`) VALUES ('0605dc51-f60e-11e9-b9aa-0298a739dec0', 'fae61bfc-f57a-11e9-b9aa-0298a739dec0', '3f49c30f-5d59-11e6-a130-5cc5d4d378cb', '1', '0', '1', '0', '0', '1', '2019-10-24 11:22:02', '1', '2019-10-24 07:57:18', '0', '0', '1', '1');

INSERT INTO `menus_assignments` (`id`, `role_id`, `menu_id`, `order`, `deleted`, `created_by`, `created_on`, `modified_by`, `modified_on`) VALUES ('97b9ab33-f610-11e9-b9aa-0298a739dec0', 'fae61bfc-f57a-11e9-b9aa-0298a739dec0', 'dd8e572e-1d93-11e6-b5d0-5cc5d4d378cb', '1', '0', '1', '2019-10-24 11:17:36', '1', '2019-10-24 11:17:36');
INSERT INTO `menus_assignments` (`id`, `role_id`, `menu_id`, `order`, `deleted`, `created_by`, `created_on`, `modified_by`, `modified_on`) VALUES ('9d61a001-f610-11e9-b9aa-0298a739dec0', 'fae61bfc-f57a-11e9-b9aa-0298a739dec0', 'c19e8bc0-a49e-11e6-8785-5cc5d4d378cb', '1', '0', '1', '2019-10-24 11:17:36', '1', '2019-10-24 11:17:36');

INSERT INTO `page_list_assignments` (`id`, `role_id`, `page_list_id`, `deleted`, `created_by`, `created_on`, `modified_by`, `modified_on`, `is_default`) VALUES ('ddd425eb-f610-11e9-b9aa-0298a739dec0', 'fae61bfc-f57a-11e9-b9aa-0298a739dec0', '220bc1b0-a627-11e6-8523-5cc5d4d378cb', '0', '1', '2019-10-24 06:06:56', '1', '2019-10-24 06:06:56', '1');

-- 日程tablist 15f43e96-e9a4-11e9-b9aa-0298a739dec0

INSERT INTO `page_list_assignments` (`id`, `role_id`, `page_list_id`, `deleted`, `created_by`, `created_on`, `modified_by`, `modified_on`, `is_default`) VALUES ('96d8634d-f612-11e9-b9aa-0298a739dec0', 'fae61bfc-f57a-11e9-b9aa-0298a739dec0', '15f43e96-e9a4-11e9-b9aa-0298a739dec0', '0', '1', '2019-10-24 06:06:56', '1', '2019-10-24 06:06:56', '1');
-- 会议费用 7e831089-5e2d-4285-b722-7aa424fe6b9a
INSERT INTO `page_list_assignments` (`id`, `role_id`, `page_list_id`, `deleted`, `created_by`, `created_on`, `modified_by`, `modified_on`, `is_default`) VALUES ('0ba18ad0-f613-11e9-b9aa-0298a739dec0', 'fae61bfc-f57a-11e9-b9aa-0298a739dec0', '7e831089-5e2d-4285-b722-7aa424fe6b9a', '0', '1', '2019-10-24 06:06:56', '1', '2019-10-24 06:06:56', '1');

-- 核销按钮
INSERT INTO `object_actions` (`id`, `object_id`, `type`, `source`, `target_display_mode`, `name`, `icon`, `label`, `is_need_create`, `is_need_delete`, `is_need_read`, `is_need_update`, `deleted`, `created_by`, `created_on`, `modified_by`, `modified_on`, `locked_by_state`, `owner_only`, `is_need_export`, `is_need_import`, `show_in_approval`, `is_need_pre_check`, `pre_check_label`) VALUES ('7b2ddca9-f626-11e9-b9aa-0298a739dec0', '3f49c30f-5d59-11e6-a130-5cc5d4d378cb', 'standard', 'system', 'all', 'edit', 'veev-edit', '核销', '0', '0', '0', '1', '0', '1', '2019-10-24 11:24:07', '1', '2019-10-24 11:24:07', '0', '0', '0', '0', '0', '0', '0');
-- 核销并保存按钮  b9015917-9be4-4d3d-afe9-bb2672dff214


INSERT INTO `page_layouts` (`id`, `page_id`, `name`, `label`, `source`, `screen_size`, `deleted`, `created_by`, `created_on`, `modified_by`, `modified_on`) VALUES
('8aee15f6-6c91-644b-9f34-cfaa3f6cea58','e0df15cf-5eef-11e6-8264-5cc5d4d378cb', 'cs_department_report_approved_finance_l', '科室会详情', 'custom', 'large',  '0', '1', NOW(), '1', NOW()),
('97872300-16e4-f243-9182-605e8c3bcabe','e0df15cf-5eef-11e6-8264-5cc5d4d378cb', 'cs_department_report_writeoff_finance_l', '科室会详情', 'custom', 'large',  '0', '1', NOW(), '1', NOW());


INSERT INTO `page_layout_fields` (`id`, `page_layout_id`, `type`, `object_field_id`, `label`, `order`, `colspan`, `is_mandatory`, `is_readonly`, `display_mode`, `deleted`, `created_by`, `created_on`, `modified_by`, `modified_on`, `is_with_stars_mask`) VALUES
('793feb3f-d160-6444-8a00-faae8933dfd9','8aee15f6-6c91-644b-9f34-cfaa3f6cea58', 'field', 'eee173de-a59d-11e6-b11b-5cc5d4d378cb', '活动编码', '0', '6', '0', '1', 'both', '0',  '1', NOW(), '1', NOW(), '0'),
('c7c8c885-e683-4e49-add5-a127b715416c','8aee15f6-6c91-644b-9f34-cfaa3f6cea58', 'field', 'a84e8091-5ed9-11e6-a879-5cc5d4d378cb', '活动状态', '1', '6', '0', '1', 'both', '0',  '1', NOW(), '1', NOW(), '0'),
('fe71d468-5851-b445-a33f-b3d7e918ac88','8aee15f6-6c91-644b-9f34-cfaa3f6cea58', 'field', 'a714c811-5ed9-11e6-b12b-5cc5d4d378cb', '活动名称', '2', '6', '1', '1', 'both', '0',  '1', NOW(), '1', NOW(), '0'),
('7ff4cf3c-5e6e-944f-b816-85e32f0e3508','8aee15f6-6c91-644b-9f34-cfaa3f6cea58', 'field', 'a7b7e5e1-5ed9-11e6-933b-5cc5d4d378cb', '活动类型', '3', '6', '0', '1', 'both', '0',  '1', NOW(), '1', NOW(), '0'),
('7ba0fd85-9454-e640-8304-d9ac96d4628d','8aee15f6-6c91-644b-9f34-cfaa3f6cea58', 'field', 'ab34d7a1-5ed9-11e6-aa69-5cc5d4d378cb', '活动主题', '4', '6', '1', '1', 'both', '0',  '1', NOW(), '1', NOW(), '0'),
('0d25fe1a-7820-6148-bca5-601f44bb64f3','8aee15f6-6c91-644b-9f34-cfaa3f6cea58', 'field', 'aa05cd80-5ed9-11e6-9861-5cc5d4d378cb', '开始时间', '5', '6', '1', '1', 'both', '0',  '1', NOW(), '1', NOW(), '0'),
('84eb4614-57b1-c048-bdf4-fa02a21814f6','8aee15f6-6c91-644b-9f34-cfaa3f6cea58', 'field', 'aa95634f-5ed9-11e6-a265-5cc5d4d378cb', '结束时间', '6', '6', '1', '1', 'both', '0',  '1', NOW(), '1', NOW(), '0'),
('552de094-5a1c-7842-9074-ebcfd5a0b3ac','8aee15f6-6c91-644b-9f34-cfaa3f6cea58', 'field', 'ad992d70-5ed9-11e6-9986-5cc5d4d378cb', '医院', '7', '6', '1', '1', 'both', '0',  '1', NOW(), '1', NOW(), '0'),
('b6ba0dc1-f44d-694d-8bbb-913a1618e927','8aee15f6-6c91-644b-9f34-cfaa3f6cea58', 'field', '4c4c5ec2-9225-4a92-b574-08af14ed4835', '活动科室', '8', '6', '1', '1', 'both', '0',  '1', NOW(), '1', NOW(), '0'),
('a1331aaf-8358-5f4b-b12b-7ad0f0aa51c4','8aee15f6-6c91-644b-9f34-cfaa3f6cea58', 'field', 'b021fb30-5ed9-11e6-876b-5cc5d4d378cb', '活动城市', '9', '6', '1', '1', 'both', '0',  '1', NOW(), '1', NOW(), '0'),
('ac9df6f2-3303-4e4e-bc09-8472864f30dd','8aee15f6-6c91-644b-9f34-cfaa3f6cea58', 'field', 'a8e59070-5ed9-11e6-9c89-5cc5d4d378cb', '活动地点', '10', '6', '0', '1', 'both', '0',  '1', NOW(), '1', NOW(), '0'),
('8713a074-4763-fc44-aaf8-ac5a1555a479','8aee15f6-6c91-644b-9f34-cfaa3f6cea58', 'field', 'a848e630-6b59-11e6-9673-5cc5d4d378cb', '活动产品', '11', '6', '1', '1', 'both', '0',  '1', NOW(), '1', NOW(), '0'),
('1875a515-8c44-3042-8aaa-571d8a826a98','8aee15f6-6c91-644b-9f34-cfaa3f6cea58', 'field', 'eee173de-a59d-dsac-b11b-5cc5d4d378cb', '活动讲者', '12', '12', '1', '1', 'both', '0',  '1', NOW(), '1', NOW(), '0'),
('e7492560-1eb9-984f-9e2e-ed4c715eb4b9','8aee15f6-6c91-644b-9f34-cfaa3f6cea58', 'field', 'b0b20630-5ed9-11e6-a51f-5cc5d4d378cb', '计划参会人数', '13', '6', '1', '1', 'both', '0',  '1', NOW(), '1', NOW(), '0'),
('8e5d4023-b6d8-7549-b393-430f55c0e4ff','8aee15f6-6c91-644b-9f34-cfaa3f6cea58', 'field', 'b13f03f0-5ed9-11e6-89d7-5cc5d4d378cb', '参会人数', '14', '6', '0', '1', 'both', '0',  '1', NOW(), '1', NOW(), '0'),
('ed936ed8-e031-b34a-bb45-dcb1e3c5c556','8aee15f6-6c91-644b-9f34-cfaa3f6cea58', 'field', '42bf888f-639e-11e6-94ed-5cc5d4d378cb', '协办人', '15', '6', '0', '1', 'both', '0',  '1', NOW(), '1', NOW(), '0'),
('5b08ff8a-087d-9849-8bde-9ebe75709c8f','8aee15f6-6c91-644b-9f34-cfaa3f6cea58', 'field', 'a9772211-5ed9-11e6-b175-5cc5d4d378cb', '总预算', '16', '6', '1', '1', 'both', '0',  '1', NOW(), '1', NOW(), '0'),
('7e863398-3478-b847-ae05-5a4aef2d6469','8aee15f6-6c91-644b-9f34-cfaa3f6cea58', 'field', 'b26cd58f-5ed9-11e6-a0ae-5cc5d4d378cb', '总费用', '17', '6', '0', '1', 'both', '0',  '1', NOW(), '1', NOW(), '0'),
('cbb62aef-76b7-034e-a441-24020cfd627e','8aee15f6-6c91-644b-9f34-cfaa3f6cea58', 'field', 'b303be5e-5ed9-11e6-ac63-5cc5d4d378cb', '预算报销差异率', '18', '6', '0', '1', 'both', '0',  '1', NOW(), '1', NOW(), '0'),
('a53c318d-f62b-0842-a674-f11c8e8dd595','8aee15f6-6c91-644b-9f34-cfaa3f6cea58', 'field', '3c79980b-ee5c-49da-8c40-38c025ba5e22', 'GPS签到和签到时间记录', '19', '6', '0', '1', 'both', '0',  '1', NOW(), '1', NOW(), '0'),
('96c02de5-7f4c-ac4a-a95a-83558384a25d','8aee15f6-6c91-644b-9f34-cfaa3f6cea58', 'field', '23bb2247-0e18-11e7-bb8f-e4b318c6b596', '创建人', '20', '6', '0', '1', 'both', '0',  '1', NOW(), '1', NOW(), '0'),
('1270351a-07a9-4d46-bb9e-c4e8f65b5379','8aee15f6-6c91-644b-9f34-cfaa3f6cea58', 'field', '23bb2245-0e18-11e7-8254-e4b318c6b596', '创建时间', '21', '6', '0', '1', 'both', '0',  '1', NOW(), '1', NOW(), '0'),
('d822a460-dc41-ba47-b110-32894cec493f','8aee15f6-6c91-644b-9f34-cfaa3f6cea58', 'field', '23bb705e-0e18-11e7-b67e-e4b318c6b596', '修改人', '22', '6', '0', '1', 'both', '0',  '1', NOW(), '1', NOW(), '0'),
('1f6feb58-388c-1947-bbc3-3667e61869a8','8aee15f6-6c91-644b-9f34-cfaa3f6cea58', 'field', '23bb2246-0e18-11e7-8147-e4b318c6b596', '最后修改时间', '23', '6', '0', '1', 'both', '0',  '1', NOW(), '1', NOW(), '0'),
('b6543837-3fc6-2b4e-bb85-879483fd9932','8aee15f6-6c91-644b-9f34-cfaa3f6cea58', 'field', '8f3b8f73-e368-11e9-b9aa-0298a739dec0', '创建人所属辖区', '24', '6', '0', '1', 'view', '0',  '1', NOW(), '1', NOW(), '0'),
('5bb18cd7-98f1-d64a-9df9-28893cb6efc8','8aee15f6-6c91-644b-9f34-cfaa3f6cea58', 'field', 'b39269cf-5ed9-11e6-80c4-5cc5d4d378cb', '参会率', '25', '6', '0', '1', 'view', '0',  '1', NOW(), '1', NOW(), '0'),
('f51f37d6-5883-2445-9958-c8d6b53b5f66','8aee15f6-6c91-644b-9f34-cfaa3f6cea58', 'field', 'b5dad330-5ed9-11e6-b7c1-5cc5d4d378cb', '核销金额', '26', '12', '0', '0', 'both', '0',  '1', NOW(), '1', NOW(), '0'),
('0475753f-9bdf-934c-a9b6-41ece959ac80','8aee15f6-6c91-644b-9f34-cfaa3f6cea58', 'field', 'b42b004f-5ed9-11e6-a061-5cc5d4d378cb', '备注', '27', '12', '0', '0', 'both', '0',  '1', NOW(), '1', NOW(), '0');

INSERT INTO `page_layout_fields` (`id`, `page_layout_id`, `type`, `object_field_id`, `label`, `order`, `colspan`, `is_mandatory`, `is_readonly`, `display_mode`, `deleted`, `created_by`, `created_on`, `modified_by`, `modified_on`, `is_with_stars_mask`) VALUES
('cb3009e3-d08b-5e4f-ab80-3de7874ef9e7','97872300-16e4-f243-9182-605e8c3bcabe', 'field', 'eee173de-a59d-11e6-b11b-5cc5d4d378cb', '活动编码', '0', '6', '0', '1', 'both', '0',  '1', NOW(), '1', NOW(), '0'),
('aaa8fa63-cdde-104d-b876-e855130b606b','97872300-16e4-f243-9182-605e8c3bcabe', 'field', 'a84e8091-5ed9-11e6-a879-5cc5d4d378cb', '活动状态', '1', '6', '0', '1', 'both', '0',  '1', NOW(), '1', NOW(), '0'),
('ab614810-e45d-d847-9e2c-d2559f9b206e','97872300-16e4-f243-9182-605e8c3bcabe', 'field', 'a714c811-5ed9-11e6-b12b-5cc5d4d378cb', '活动名称', '2', '6', '1', '1', 'both', '0',  '1', NOW(), '1', NOW(), '0'),
('fb2bc708-d8b9-834f-8abc-329655f05593','97872300-16e4-f243-9182-605e8c3bcabe', 'field', 'a7b7e5e1-5ed9-11e6-933b-5cc5d4d378cb', '活动类型', '3', '6', '0', '1', 'both', '0',  '1', NOW(), '1', NOW(), '0'),
('01892056-3117-9448-bc37-07d0be4a5560','97872300-16e4-f243-9182-605e8c3bcabe', 'field', 'ab34d7a1-5ed9-11e6-aa69-5cc5d4d378cb', '活动主题', '4', '6', '1', '1', 'both', '0',  '1', NOW(), '1', NOW(), '0'),
('910f9e84-6cfc-8346-ad08-d922d2dfc6b8','97872300-16e4-f243-9182-605e8c3bcabe', 'field', 'aa05cd80-5ed9-11e6-9861-5cc5d4d378cb', '开始时间', '5', '6', '1', '1', 'both', '0',  '1', NOW(), '1', NOW(), '0'),
('cc68455c-c2e8-8948-b51d-30e4c1a3a659','97872300-16e4-f243-9182-605e8c3bcabe', 'field', 'aa95634f-5ed9-11e6-a265-5cc5d4d378cb', '结束时间', '6', '6', '1', '1', 'both', '0',  '1', NOW(), '1', NOW(), '0'),
('383821c2-4758-6745-8c5b-5640bb05e9ed','97872300-16e4-f243-9182-605e8c3bcabe', 'field', 'ad992d70-5ed9-11e6-9986-5cc5d4d378cb', '医院', '7', '6', '1', '1', 'both', '0',  '1', NOW(), '1', NOW(), '0'),
('eaa1f44b-60b0-be4f-ac57-8a7886243be8','97872300-16e4-f243-9182-605e8c3bcabe', 'field', '4c4c5ec2-9225-4a92-b574-08af14ed4835', '活动科室', '8', '6', '1', '1', 'both', '0',  '1', NOW(), '1', NOW(), '0'),
('a19c5992-c83c-8b48-bed6-826d5464d286','97872300-16e4-f243-9182-605e8c3bcabe', 'field', 'b021fb30-5ed9-11e6-876b-5cc5d4d378cb', '活动城市', '9', '6', '1', '1', 'both', '0',  '1', NOW(), '1', NOW(), '0'),
('ac326fa1-fb7f-ae48-967d-595fb8f2b8a8','97872300-16e4-f243-9182-605e8c3bcabe', 'field', 'a8e59070-5ed9-11e6-9c89-5cc5d4d378cb', '活动地点', '10', '6', '0', '1', 'both', '0',  '1', NOW(), '1', NOW(), '0'),
('84fa4994-38ee-8549-a052-bb6eaa095cf2','97872300-16e4-f243-9182-605e8c3bcabe', 'field', 'a848e630-6b59-11e6-9673-5cc5d4d378cb', '活动产品', '11', '6', '1', '1', 'both', '0',  '1', NOW(), '1', NOW(), '0'),
('4072ea24-3c2c-f24a-a3b1-93f28eb453a1','97872300-16e4-f243-9182-605e8c3bcabe', 'field', 'eee173de-a59d-dsac-b11b-5cc5d4d378cb', '活动讲者', '12', '12', '1', '1', 'both', '0',  '1', NOW(), '1', NOW(), '0'),
('ca554f45-1443-9f46-88a2-de1a368a9c46','97872300-16e4-f243-9182-605e8c3bcabe', 'field', 'b0b20630-5ed9-11e6-a51f-5cc5d4d378cb', '计划参会人数', '13', '6', '1', '1', 'both', '0',  '1', NOW(), '1', NOW(), '0'),
('1752e837-5881-994c-99b4-f1773dbfb456','97872300-16e4-f243-9182-605e8c3bcabe', 'field', 'b13f03f0-5ed9-11e6-89d7-5cc5d4d378cb', '参会人数', '14', '6', '0', '1', 'both', '0',  '1', NOW(), '1', NOW(), '0'),
('8fdc5c78-41c2-f743-a145-fdd41765ff28','97872300-16e4-f243-9182-605e8c3bcabe', 'field', '42bf888f-639e-11e6-94ed-5cc5d4d378cb', '协办人', '15', '6', '0', '1', 'both', '0',  '1', NOW(), '1', NOW(), '0'),
('70cb7458-46d9-4641-8ea5-0df46ac481c8','97872300-16e4-f243-9182-605e8c3bcabe', 'field', 'a9772211-5ed9-11e6-b175-5cc5d4d378cb', '总预算', '16', '6', '1', '1', 'both', '0',  '1', NOW(), '1', NOW(), '0'),
('21b0369a-4ec1-6543-9db2-5eb775396801','97872300-16e4-f243-9182-605e8c3bcabe', 'field', 'b26cd58f-5ed9-11e6-a0ae-5cc5d4d378cb', '总费用', '17', '6', '0', '1', 'both', '0',  '1', NOW(), '1', NOW(), '0'),
('0aba2af6-1770-4f49-9722-31b98a138031','97872300-16e4-f243-9182-605e8c3bcabe', 'field', 'b303be5e-5ed9-11e6-ac63-5cc5d4d378cb', '预算报销差异率', '18', '6', '0', '1', 'both', '0',  '1', NOW(), '1', NOW(), '0'),
('1b58a749-042f-3146-8fcd-ae839b007859','97872300-16e4-f243-9182-605e8c3bcabe', 'field', '3c79980b-ee5c-49da-8c40-38c025ba5e22', 'GPS签到和签到时间记录', '19', '6', '0', '1', 'both', '0',  '1', NOW(), '1', NOW(), '0'),
('e35c57a5-ebe4-0946-ac34-6b5eb07de5dd','97872300-16e4-f243-9182-605e8c3bcabe', 'field', '23bb2247-0e18-11e7-bb8f-e4b318c6b596', '创建人', '20', '6', '0', '1', 'both', '0',  '1', NOW(), '1', NOW(), '0'),
('a6935f8c-c586-9940-8980-15dd1dc6a061','97872300-16e4-f243-9182-605e8c3bcabe', 'field', '23bb2245-0e18-11e7-8254-e4b318c6b596', '创建时间', '21', '6', '0', '1', 'both', '0',  '1', NOW(), '1', NOW(), '0'),
('5930bae9-45ab-6044-88f7-08c1ee975c2c','97872300-16e4-f243-9182-605e8c3bcabe', 'field', '23bb705e-0e18-11e7-b67e-e4b318c6b596', '修改人', '22', '6', '0', '1', 'both', '0',  '1', NOW(), '1', NOW(), '0'),
('f71aa48a-787f-eb4c-9c1f-9c0638ba61ec','97872300-16e4-f243-9182-605e8c3bcabe', 'field', '23bb2246-0e18-11e7-8147-e4b318c6b596', '最后修改时间', '23', '6', '0', '1', 'both', '0',  '1', NOW(), '1', NOW(), '0'),
('ef50c823-bf34-ee42-9781-b41a89985bde','97872300-16e4-f243-9182-605e8c3bcabe', 'field', '8f3b8f73-e368-11e9-b9aa-0298a739dec0', '创建人所属辖区', '24', '6', '0', '1', 'view', '0',  '1', NOW(), '1', NOW(), '0'),
('09daa355-24b3-394c-bc01-4aa063ad33e0','97872300-16e4-f243-9182-605e8c3bcabe', 'field', 'b39269cf-5ed9-11e6-80c4-5cc5d4d378cb', '参会率', '25', '6', '0', '1', 'view', '0',  '1', NOW(), '1', NOW(), '0'),
('159107dd-d047-3045-bf06-ae05d4f68929','97872300-16e4-f243-9182-605e8c3bcabe', 'field', 'b5dad330-5ed9-11e6-b7c1-5cc5d4d378cb', '核销金额', '26', '12', '0', '0', 'both', '0',  '1', NOW(), '1', NOW(), '0'),
('f01ee1af-e8be-d64f-adb9-ca63aacce720','97872300-16e4-f243-9182-605e8c3bcabe', 'field', 'b42b004f-5ed9-11e6-a061-5cc5d4d378cb', '备注', '27', '12', '0', '0', 'both', '0',  '1', NOW(), '1', NOW(), '0');

INSERT INTO `page_layout_tabs` (`id`, `page_layout_id`, `object_tab_id`, `order`, `configurations`, `is_readonly`, `deleted`, `created_by`, `created_on`, `modified_by`, `modified_on`) VALUES
('4a3a3b7f-315e-a347-8668-3ca5f18871ae','8aee15f6-6c91-644b-9f34-cfaa3f6cea58', 'de58558f-5f8c-11e6-99b7-5cc5d4d378cb', '1', null, '0',  '0', '1', NOW(), '1', NOW());

INSERT INTO `page_layout_tabs` (`id`, `page_layout_id`, `object_tab_id`, `order`, `configurations`, `is_readonly`, `deleted`, `created_by`, `created_on`, `modified_by`, `modified_on`) VALUES
('6848e890-6fed-7241-b6e0-2faf9a4dd9f6','8aee15f6-6c91-644b-9f34-cfaa3f6cea58', 'de78128f-5f8c-11e6-861e-5cc5d4d378cb', '2', null, '1',  '0', '1', NOW(), '1', NOW());

INSERT INTO `page_layout_tabs` (`id`, `page_layout_id`, `object_tab_id`, `order`, `configurations`, `is_readonly`, `deleted`, `created_by`, `created_on`, `modified_by`, `modified_on`) VALUES
('429a3687-b150-f945-aadf-8f7c15c8d41b','8aee15f6-6c91-644b-9f34-cfaa3f6cea58', 'defa520e-71b3-48c3-b986-d28161041a35', '3', null, '1',  '0', '1', NOW(), '1', NOW());

INSERT INTO `page_layout_tabs` (`id`, `page_layout_id`, `object_tab_id`, `order`, `configurations`, `is_readonly`, `deleted`, `created_by`, `created_on`, `modified_by`, `modified_on`) VALUES
('b88b1b56-a2b1-574a-bf64-9388fe508e59','8aee15f6-6c91-644b-9f34-cfaa3f6cea58', '22f87617-c336-49de-a99a-58553d418e9d', '4', null, '1',  '0', '1', NOW(), '1', NOW());

INSERT INTO `page_layout_tabs` (`id`, `page_layout_id`, `object_tab_id`, `order`, `configurations`, `is_readonly`, `deleted`, `created_by`, `created_on`, `modified_by`, `modified_on`) VALUES
('5c5ea189-0e83-5842-b32d-c90d484ebb9c','8aee15f6-6c91-644b-9f34-cfaa3f6cea58', '5ce80f3e-7f7b-4c2b-aac3-118b40cdea54', '5', null, '1',  '0', '1', NOW(), '1', NOW());

INSERT INTO `page_layout_tabs` (`id`, `page_layout_id`, `object_tab_id`, `order`, `configurations`, `is_readonly`, `deleted`, `created_by`, `created_on`, `modified_by`, `modified_on`) VALUES
('52d2f896-da49-874d-aeff-f842c2d3adb6','8aee15f6-6c91-644b-9f34-cfaa3f6cea58', 'de6aa50f-5f8c-11e6-981f-5cc5d4d378cb', '6', null, '1',  '0', '1', NOW(), '1', NOW());

INSERT INTO `page_layout_tabs` (`id`, `page_layout_id`, `object_tab_id`, `order`, `configurations`, `is_readonly`, `deleted`, `created_by`, `created_on`, `modified_by`, `modified_on`) VALUES
('a28841ba-57f2-8045-8b30-57504e0193f9','97872300-16e4-f243-9182-605e8c3bcabe', 'de58558f-5f8c-11e6-99b7-5cc5d4d378cb', '1', null, '0',  '0', '1', NOW(), '1', NOW());

INSERT INTO `page_layout_tabs` (`id`, `page_layout_id`, `object_tab_id`, `order`, `configurations`, `is_readonly`, `deleted`, `created_by`, `created_on`, `modified_by`, `modified_on`) VALUES
('543386dc-f201-424e-831d-e984afd1edce','97872300-16e4-f243-9182-605e8c3bcabe', 'de78128f-5f8c-11e6-861e-5cc5d4d378cb', '2', null, '1',  '0', '1', NOW(), '1', NOW());

INSERT INTO `page_layout_tabs` (`id`, `page_layout_id`, `object_tab_id`, `order`, `configurations`, `is_readonly`, `deleted`, `created_by`, `created_on`, `modified_by`, `modified_on`) VALUES
('67767792-3e10-a340-b916-ba2a922170ac','97872300-16e4-f243-9182-605e8c3bcabe', 'defa520e-71b3-48c3-b986-d28161041a35', '3', null, '1',  '0', '1', NOW(), '1', NOW());

INSERT INTO `page_layout_tabs` (`id`, `page_layout_id`, `object_tab_id`, `order`, `configurations`, `is_readonly`, `deleted`, `created_by`, `created_on`, `modified_by`, `modified_on`) VALUES
('c7c23fa9-40d5-b14c-b81c-f1e4c69f4909','97872300-16e4-f243-9182-605e8c3bcabe', '22f87617-c336-49de-a99a-58553d418e9d', '4', null, '1',  '0', '1', NOW(), '1', NOW());

INSERT INTO `page_layout_tabs` (`id`, `page_layout_id`, `object_tab_id`, `order`, `configurations`, `is_readonly`, `deleted`, `created_by`, `created_on`, `modified_by`, `modified_on`) VALUES
('5fd97317-d82c-bc44-a59f-de2932041fe4','97872300-16e4-f243-9182-605e8c3bcabe', '5ce80f3e-7f7b-4c2b-aac3-118b40cdea54', '5', null, '1',  '0', '1', NOW(), '1', NOW());

INSERT INTO `page_layout_tabs` (`id`, `page_layout_id`, `object_tab_id`, `order`, `configurations`, `is_readonly`, `deleted`, `created_by`, `created_on`, `modified_by`, `modified_on`) VALUES
('d6a6369e-3a19-4f4c-9ba8-93035692ff7b','97872300-16e4-f243-9182-605e8c3bcabe', 'de6aa50f-5f8c-11e6-981f-5cc5d4d378cb', '6', null, '1',  '0', '1', NOW(), '1', NOW());


INSERT IGNORE INTO `page_layout_actions` (`id`,`page_layout_id`,`object_action_id`,`display_mode`,`order`,`deleted`,`created_by`,`created_on`,`modified_by`,`modified_on`) VALUES
('98436600-7d7b-ef40-ba7e-62fbc7f16b96','8aee15f6-6c91-644b-9f34-cfaa3f6cea58', 'b9015917-9be4-4d3d-afe9-bb2672dff214', 'edit', '2',  '0', '1', NOW(), '1', NOW()),
('cbd7c828-6eeb-8149-b4b8-6bb6111bfe76','8aee15f6-6c91-644b-9f34-cfaa3f6cea58', '7b2ddca9-f626-11e9-b9aa-0298a739dec0', 'view', '1',  '0', '1', NOW(), '1', NOW());


INSERT INTO page_layout_assignments(`id`, `role_id`, `object_record_type_id`, `object_state_id`, `page_layout_id`, `mini_layout_section`, `is_locked_by_state`, `allow_enter_mini_layout`, `tips`, `deleted`, `created_by`, `created_on`, `modified_by`, `modified_on`) VALUES
('9c1a5b94-eaa7-6543-845f-c33d3d15502a','fae61bfc-f57a-11e9-b9aa-0298a739dec0', '05320400-e35f-11e9-b9aa-0298a739dec0', 'ba579c2e-5eee-11e6-80bf-5cc5d4d378cb', '4c0d85c7-7196-9e4d-9ae6-220386a59bbd', 'cs_department_save_l',  NULL, 1, NULL, 0, 1, NOW(), 1, NOW()),
('05d663a0-6ab8-c84f-a985-ceed382b2876','fae61bfc-f57a-11e9-b9aa-0298a739dec0', '05320400-e35f-11e9-b9aa-0298a739dec0', 'ba956880-5eee-11e6-8728-5cc5d4d378cb', '8b8234ee-593b-a048-94c5-c85eb8cb749c', 'cs_department_sent_l',  NULL, 1, NULL, 0, 1, NOW(), 1, NOW()),
('56efba7e-cf80-0b49-bc41-65624a6f43ca','fae61bfc-f57a-11e9-b9aa-0298a739dec0', '05320400-e35f-11e9-b9aa-0298a739dec0', 'bb21a2f0-5eee-11e6-9c65-5cc5d4d378cb', '0ffa8405-1796-5d4e-ac33-a23f8e7e69d8', 'cs_department_rejected_l',  NULL, 1, NULL, 0, 1, NOW(), 1, NOW()),
('6dbc74bc-606f-af49-bcf0-caa9b2fcd1c2','fae61bfc-f57a-11e9-b9aa-0298a739dec0', '05320400-e35f-11e9-b9aa-0298a739dec0', 'badc3580-5eee-11e6-a6b2-5cc5d4d378cb', 'f377ce62-64a5-5c43-b1b0-0493e04c19d5', 'cs_department_approved_l',  NULL, 1, NULL, 0, 1, NOW(), 1, NOW()),
('951d8650-4c87-c948-8c49-0866f6b47238','fae61bfc-f57a-11e9-b9aa-0298a739dec0', '05320400-e35f-11e9-b9aa-0298a739dec0', '2cd331a1-e360-11e9-b9aa-0298a739dec0', 'a735c219-2d68-2e46-b913-31ef38dd68f5', 'cs_department_cancelled_l',  NULL, 1, NULL, 0, 1, NOW(), 1, NOW()),
('20d0e9b3-4943-dd4b-8e43-fc63566a83de','fae61bfc-f57a-11e9-b9aa-0298a739dec0', '05320400-e35f-11e9-b9aa-0298a739dec0', 'bb603291-5eee-11e6-b868-5cc5d4d378cb', 'c6ad68cd-c3cf-a641-8c9b-33a0a6d65ae4', 'cs_department_finished_l',  NULL, 1, NULL, 0, 1, NOW(), 1, NOW()),
('bcfa54ed-d3f9-fa40-b722-848935faa4a7','fae61bfc-f57a-11e9-b9aa-0298a739dec0', '21f2482f-e35f-11e9-b9aa-0298a739dec0', 'ba579c2e-5eee-11e6-80bf-5cc5d4d378cb', '049ef085-70a3-284b-84df-1b85ce5796e5', 'cs_department_report_save_l',  NULL, 1, NULL, 0, 1, NOW(), 1, NOW()),
('c821d75c-825d-f842-8f2b-b4dc45e94c81','fae61bfc-f57a-11e9-b9aa-0298a739dec0', '21f2482f-e35f-11e9-b9aa-0298a739dec0', 'ba956880-5eee-11e6-8728-5cc5d4d378cb', 'd4193b23-f42a-d34f-ab0c-b3a348291fc9', 'cs_department_report_sent_l',  NULL, 1, NULL, 0, 1, NOW(), 1, NOW()),
('b28998d9-2243-a74c-ae9c-65350f322d78','fae61bfc-f57a-11e9-b9aa-0298a739dec0', '21f2482f-e35f-11e9-b9aa-0298a739dec0', 'bb21a2f0-5eee-11e6-9c65-5cc5d4d378cb', 'ed489d8d-ece7-6b48-9158-4a353f257d92', 'cs_department_report_rejected_l',  NULL, 1, NULL, 0, 1, NOW(), 1, NOW()),
('5b74fd95-2dd2-7445-8be8-232d7b6e929c','fae61bfc-f57a-11e9-b9aa-0298a739dec0', '21f2482f-e35f-11e9-b9aa-0298a739dec0', 'badc3580-5eee-11e6-a6b2-5cc5d4d378cb', '8aee15f6-6c91-644b-9f34-cfaa3f6cea58', 'cs_department_report_approved_finance_l',  NULL, 1, NULL, 0, 1, NOW(), 1, NOW()),
('0bd5a7eb-5584-e14a-959e-d17909c0d56a','fae61bfc-f57a-11e9-b9aa-0298a739dec0', '21f2482f-e35f-11e9-b9aa-0298a739dec0', '577ca18d-e360-11e9-b9aa-0298a739dec0', '97872300-16e4-f243-9182-605e8c3bcabe', 'cs_department_report_writeoff_finance_l',  NULL, 1, NULL, 0, 1, NOW(), 1, NOW());

-- 会议费用查看授权
INSERT INTO `role_to_object_permissions` (`id`, `role_id`, `object_id`, `allow_read`, `allow_create`, `allow_update`, `allow_delete`, `deleted`, `created_by`, `created_on`, `modified_by`, `modified_on`, `allow_import`, `allow_export`, `allow_read_all`, `allow_update_all`) VALUES ('75cde98e-f63f-11e9-b9aa-0298a739dec0', 'fae61bfc-f57a-11e9-b9aa-0298a739dec0', '87d3c319-598a-4fe2-b391-21b8bbcae4c7', '1', '0', '0', '0', '0', '1', '2019-10-24 00:00:00', '1', '2019-10-24 00:00:00', '0', '1', '1', '0');

-- 财务角色对费用layout授权
INSERT INTO page_layout_assignments(`id`, `role_id`, `object_record_type_id`, `object_state_id`, `page_layout_id`, `mini_layout_section`, `is_locked_by_state`, `allow_enter_mini_layout`, `tips`, `deleted`, `created_by`, `created_on`, `modified_by`, `modified_on`) VALUES
('1a592a83-d8dd-174a-a47f-ac7ad129e486','fae61bfc-f57a-11e9-b9aa-0298a739dec0', '8c51ee93-ea66-11e9-b9aa-0298a739dec0', '23a4e271-ea73-11e9-b9aa-0298a739dec0', 'e9328113-ea6a-11e9-b9aa-0298a739dec0', null,  NULL, 1, NULL, 0, 1, NOW(), 1, NOW()),
('61e4f61b-1a6c-054a-ab03-dab3dc492c25','fae61bfc-f57a-11e9-b9aa-0298a739dec0', '8c51ee93-ea66-11e9-b9aa-0298a739dec0', '422631a3-ea73-11e9-b9aa-0298a739dec0', 'e9328113-ea6a-11e9-b9aa-0298a739dec0', null,  NULL, 1, NULL, 0, 1, NOW(), 1, NOW()),
('430c648a-47f7-cd4c-b785-0deb5f1f06a2','fae61bfc-f57a-11e9-b9aa-0298a739dec0', '8c51ee93-ea66-11e9-b9aa-0298a739dec0', '4f5e8057-ef91-4af0-a940-3d6b438293c6', 'e9328113-ea6a-11e9-b9aa-0298a739dec0', null,  NULL, 1, NULL, 0, 1, NOW(), 1, NOW()),
('ec101294-6664-1244-9f90-1acabb6f7cfd','fae61bfc-f57a-11e9-b9aa-0298a739dec0', '8c51ee93-ea66-11e9-b9aa-0298a739dec0', '7539ddde-0985-4396-b4ca-641ae1e291a7', 'e9328113-ea6a-11e9-b9aa-0298a739dec0', null,  NULL, 1, NULL, 0, 1, NOW(), 1, NOW()),
('354768f0-a172-6546-9395-96af13731f14','fae61bfc-f57a-11e9-b9aa-0298a739dec0', '8c51ee93-ea66-11e9-b9aa-0298a739dec0', 'ac3d97d2-14d8-4ab1-b6b9-99d2fc2df51c', 'e9328113-ea6a-11e9-b9aa-0298a739dec0', null,  NULL, 1, NULL, 0, 1, NOW(), 1, NOW()),
('85937d20-9f68-6145-b018-d7da6a3b2144','fae61bfc-f57a-11e9-b9aa-0298a739dec0', '8c51ee93-ea66-11e9-b9aa-0298a739dec0', 'f2e05b32-9f7f-4818-9947-a369b085c9ae', 'e9328113-ea6a-11e9-b9aa-0298a739dec0', null,  NULL, 1, NULL, 0, 1, NOW(), 1, NOW()),
('2f81d00e-881e-914f-8a28-554f8ad7c2bb','fae61bfc-f57a-11e9-b9aa-0298a739dec0', '8c51ee93-ea66-11e9-b9aa-0298a739dec0', 'f3f66e1d-14e0-4527-8bae-b72c1f15ef31', 'e9328113-ea6a-11e9-b9aa-0298a739dec0', null,  NULL, 1, NULL, 0, 1, NOW(), 1, NOW()),
('9c36e248-5735-ab40-a09f-ef5e1544b924','fae61bfc-f57a-11e9-b9aa-0298a739dec0', 'c27358e6-ea66-11e9-b9aa-0298a739dec0', '23a4e271-ea73-11e9-b9aa-0298a739dec0', 'e9328113-ea6a-11e9-b9aa-0298a739dec0', null,  NULL, 1, NULL, 0, 1, NOW(), 1, NOW()),
('0b843255-bc3e-a949-aef0-e30fc887b4e6','fae61bfc-f57a-11e9-b9aa-0298a739dec0', 'c27358e6-ea66-11e9-b9aa-0298a739dec0', '422631a3-ea73-11e9-b9aa-0298a739dec0', 'e9328113-ea6a-11e9-b9aa-0298a739dec0', null,  NULL, 1, NULL, 0, 1, NOW(), 1, NOW()),
('dbb00669-f08a-254e-82e2-bc16ad282092','fae61bfc-f57a-11e9-b9aa-0298a739dec0', 'c27358e6-ea66-11e9-b9aa-0298a739dec0', '4f5e8057-ef91-4af0-a940-3d6b438293c6', 'e9328113-ea6a-11e9-b9aa-0298a739dec0', null,  NULL, 1, NULL, 0, 1, NOW(), 1, NOW()),
('856a0bdf-046a-7147-aad9-4e4f209a0a67','fae61bfc-f57a-11e9-b9aa-0298a739dec0', 'c27358e6-ea66-11e9-b9aa-0298a739dec0', '7539ddde-0985-4396-b4ca-641ae1e291a7', 'e9328113-ea6a-11e9-b9aa-0298a739dec0', null,  NULL, 1, NULL, 0, 1, NOW(), 1, NOW()),
('8e2929ab-85e7-6847-885e-0a46002a91a1','fae61bfc-f57a-11e9-b9aa-0298a739dec0', 'c27358e6-ea66-11e9-b9aa-0298a739dec0', 'ac3d97d2-14d8-4ab1-b6b9-99d2fc2df51c', 'e9328113-ea6a-11e9-b9aa-0298a739dec0', null,  NULL, 1, NULL, 0, 1, NOW(), 1, NOW()),
('6f9a3ae8-c594-3847-83b8-dd61b06d69c7','fae61bfc-f57a-11e9-b9aa-0298a739dec0', 'c27358e6-ea66-11e9-b9aa-0298a739dec0', 'f2e05b32-9f7f-4818-9947-a369b085c9ae', 'e9328113-ea6a-11e9-b9aa-0298a739dec0', null,  NULL, 1, NULL, 0, 1, NOW(), 1, NOW()),
('cd19fba7-d042-0d44-a2ee-b19ad0e032e5','fae61bfc-f57a-11e9-b9aa-0298a739dec0', 'c27358e6-ea66-11e9-b9aa-0298a739dec0', 'f3f66e1d-14e0-4527-8bae-b72c1f15ef31', 'e9328113-ea6a-11e9-b9aa-0298a739dec0', null,  NULL, 1, NULL, 0, 1, NOW(), 1, NOW()),
('cb7083b9-77bc-5b47-8ae0-450df26af9b7','fae61bfc-f57a-11e9-b9aa-0298a739dec0', '1172573c-ea67-11e9-b9aa-0298a739dec0', '23a4e271-ea73-11e9-b9aa-0298a739dec0', 'e9328113-ea6a-11e9-b9aa-0298a739dec0', null,  NULL, 1, NULL, 0, 1, NOW(), 1, NOW()),
('18fca12d-d0e3-db4b-9754-24884b9a1d6c','fae61bfc-f57a-11e9-b9aa-0298a739dec0', '1172573c-ea67-11e9-b9aa-0298a739dec0', '422631a3-ea73-11e9-b9aa-0298a739dec0', 'e9328113-ea6a-11e9-b9aa-0298a739dec0', null,  NULL, 1, NULL, 0, 1, NOW(), 1, NOW()),
('ddb088c0-a332-1d49-8600-e5e4778b4c3d','fae61bfc-f57a-11e9-b9aa-0298a739dec0', '1172573c-ea67-11e9-b9aa-0298a739dec0', '4f5e8057-ef91-4af0-a940-3d6b438293c6', 'e9328113-ea6a-11e9-b9aa-0298a739dec0', null,  NULL, 1, NULL, 0, 1, NOW(), 1, NOW()),
('be6c4309-5c2f-b74f-98b2-08f018734ada','fae61bfc-f57a-11e9-b9aa-0298a739dec0', '1172573c-ea67-11e9-b9aa-0298a739dec0', '7539ddde-0985-4396-b4ca-641ae1e291a7', 'e9328113-ea6a-11e9-b9aa-0298a739dec0', null,  NULL, 1, NULL, 0, 1, NOW(), 1, NOW()),
('3f3cd507-7df0-9444-919f-432b2f68e898','fae61bfc-f57a-11e9-b9aa-0298a739dec0', '1172573c-ea67-11e9-b9aa-0298a739dec0', 'ac3d97d2-14d8-4ab1-b6b9-99d2fc2df51c', 'e9328113-ea6a-11e9-b9aa-0298a739dec0', null,  NULL, 1, NULL, 0, 1, NOW(), 1, NOW()),
('0e913467-39d4-cb4e-9d26-c75f2ac99a15','fae61bfc-f57a-11e9-b9aa-0298a739dec0', '1172573c-ea67-11e9-b9aa-0298a739dec0', 'f2e05b32-9f7f-4818-9947-a369b085c9ae', 'e9328113-ea6a-11e9-b9aa-0298a739dec0', null,  NULL, 1, NULL, 0, 1, NOW(), 1, NOW()),
('50e9659c-9c12-984d-af9d-eae862cb45f7','fae61bfc-f57a-11e9-b9aa-0298a739dec0', '1172573c-ea67-11e9-b9aa-0298a739dec0', 'f3f66e1d-14e0-4527-8bae-b72c1f15ef31', 'e9328113-ea6a-11e9-b9aa-0298a739dec0', null,  NULL, 1, NULL, 0, 1, NOW(), 1, NOW()),
('b16e3952-1aa6-794a-9460-8ec41eea3dc2','fae61bfc-f57a-11e9-b9aa-0298a739dec0', '2a1fd275-ea67-11e9-b9aa-0298a739dec0', '23a4e271-ea73-11e9-b9aa-0298a739dec0', 'e9328113-ea6a-11e9-b9aa-0298a739dec0', null,  NULL, 1, NULL, 0, 1, NOW(), 1, NOW()),
('0076a31a-32ec-7e42-b2dd-fb275a552a2c','fae61bfc-f57a-11e9-b9aa-0298a739dec0', '2a1fd275-ea67-11e9-b9aa-0298a739dec0', '422631a3-ea73-11e9-b9aa-0298a739dec0', 'e9328113-ea6a-11e9-b9aa-0298a739dec0', null,  NULL, 1, NULL, 0, 1, NOW(), 1, NOW()),
('7f50e7a4-cd4f-a84d-bc20-0634d053a161','fae61bfc-f57a-11e9-b9aa-0298a739dec0', '2a1fd275-ea67-11e9-b9aa-0298a739dec0', '4f5e8057-ef91-4af0-a940-3d6b438293c6', 'e9328113-ea6a-11e9-b9aa-0298a739dec0', null,  NULL, 1, NULL, 0, 1, NOW(), 1, NOW()),
('de03f03e-90e8-8146-95e9-ea2e5070433a','fae61bfc-f57a-11e9-b9aa-0298a739dec0', '2a1fd275-ea67-11e9-b9aa-0298a739dec0', '7539ddde-0985-4396-b4ca-641ae1e291a7', 'e9328113-ea6a-11e9-b9aa-0298a739dec0', null,  NULL, 1, NULL, 0, 1, NOW(), 1, NOW()),
('4515fa35-d1ed-004a-8930-151d3637a39c','fae61bfc-f57a-11e9-b9aa-0298a739dec0', '2a1fd275-ea67-11e9-b9aa-0298a739dec0', 'ac3d97d2-14d8-4ab1-b6b9-99d2fc2df51c', 'e9328113-ea6a-11e9-b9aa-0298a739dec0', null,  NULL, 1, NULL, 0, 1, NOW(), 1, NOW()),
('af81295e-4136-b847-a1e2-6ff327cecd2e','fae61bfc-f57a-11e9-b9aa-0298a739dec0', '2a1fd275-ea67-11e9-b9aa-0298a739dec0', 'f2e05b32-9f7f-4818-9947-a369b085c9ae', 'e9328113-ea6a-11e9-b9aa-0298a739dec0', null,  NULL, 1, NULL, 0, 1, NOW(), 1, NOW()),
('60622fee-7bb3-c040-8cf7-a78ebeb1a533','fae61bfc-f57a-11e9-b9aa-0298a739dec0', '2a1fd275-ea67-11e9-b9aa-0298a739dec0', 'f3f66e1d-14e0-4527-8bae-b72c1f15ef31', 'e9328113-ea6a-11e9-b9aa-0298a739dec0', null,  NULL, 1, NULL, 0, 1, NOW(), 1, NOW()),
('022e36c8-269c-cb4c-8f6e-535a3dea7b88','fae61bfc-f57a-11e9-b9aa-0298a739dec0', '3e181102-e621-11e7-8f8d-186590dcd3c9', '23a4e271-ea73-11e9-b9aa-0298a739dec0', 'e9328113-ea6a-11e9-b9aa-0298a739dec0', null,  NULL, 1, NULL, 0, 1, NOW(), 1, NOW()),
('80f6aa56-7145-824a-82c5-d08f81bfb56f','fae61bfc-f57a-11e9-b9aa-0298a739dec0', '3e181102-e621-11e7-8f8d-186590dcd3c9', '422631a3-ea73-11e9-b9aa-0298a739dec0', 'e9328113-ea6a-11e9-b9aa-0298a739dec0', null,  NULL, 1, NULL, 0, 1, NOW(), 1, NOW()),
('87e24c97-eea6-664f-a97a-dff91ec7222a','fae61bfc-f57a-11e9-b9aa-0298a739dec0', '3e181102-e621-11e7-8f8d-186590dcd3c9', '4f5e8057-ef91-4af0-a940-3d6b438293c6', 'e9328113-ea6a-11e9-b9aa-0298a739dec0', null,  NULL, 1, NULL, 0, 1, NOW(), 1, NOW()),
('4a7877e5-5238-9648-bea0-5a2128db50ac','fae61bfc-f57a-11e9-b9aa-0298a739dec0', '3e181102-e621-11e7-8f8d-186590dcd3c9', '7539ddde-0985-4396-b4ca-641ae1e291a7', 'e9328113-ea6a-11e9-b9aa-0298a739dec0', null,  NULL, 1, NULL, 0, 1, NOW(), 1, NOW()),
('7bfb5167-e48e-6248-b3d8-7fcb7c5d2b21','fae61bfc-f57a-11e9-b9aa-0298a739dec0', '3e181102-e621-11e7-8f8d-186590dcd3c9', 'ac3d97d2-14d8-4ab1-b6b9-99d2fc2df51c', 'e9328113-ea6a-11e9-b9aa-0298a739dec0', null,  NULL, 1, NULL, 0, 1, NOW(), 1, NOW()),
('9f4c5ac4-52c6-c545-be02-155ff6c6307a','fae61bfc-f57a-11e9-b9aa-0298a739dec0', '3e181102-e621-11e7-8f8d-186590dcd3c9', 'f2e05b32-9f7f-4818-9947-a369b085c9ae', 'e9328113-ea6a-11e9-b9aa-0298a739dec0', null,  NULL, 1, NULL, 0, 1, NOW(), 1, NOW()),
('ea44f515-dcf7-5742-9299-e6f84f9eee79','fae61bfc-f57a-11e9-b9aa-0298a739dec0', '3e181102-e621-11e7-8f8d-186590dcd3c9', 'f3f66e1d-14e0-4527-8bae-b72c1f15ef31', 'e9328113-ea6a-11e9-b9aa-0298a739dec0', null,  NULL, 1, NULL, 0, 1, NOW(), 1, NOW());

-- 财务其他参会人页面授权
INSERT INTO `page_layout_assignments` (`id`, `role_id`, `page_layout_id`, `deleted`, `created_by`, `created_on`, `modified_by`, `modified_on`) VALUES ('63f108d8-f947-11e9-b9aa-0298a739dec0', 'fae61bfc-f57a-11e9-b9aa-0298a739dec0', 'ff7bf4c0-d344-11e7-b07d-c85b76d4d417', '0', '1', '2019-10-28 03:05:35', '1', '2019-10-28 03:05:35');

-- 财务对会议日程查看权限
INSERT INTO `role_to_object_permissions` (`id`, `role_id`, `object_id`, `allow_read`, `allow_create`, `allow_update`, `allow_delete`, `deleted`, `created_by`, `created_on`, `modified_by`, `modified_on`, `allow_import`, `allow_export`, `allow_read_all`, `allow_update_all`) VALUES ('8a513978-f948-11e9-b9aa-0298a739dec0', 'fae61bfc-f57a-11e9-b9aa-0298a739dec0', 'd6df54fb-b886-4833-b90b-fec0132ebbe2', '1', '0', '0', '0', '0', '1', '2019-10-28 00:00:00', '1', '2019-10-28 00:00:00', '0', '0', '1', '0');


-- 非科室会 by yuanqi

INSERT INTO `object_record_types` (`id`, `object_id`, `name`, `label`, `source`, `display_order`, `deleted`, `created_by`, `created_on`, `modified_by`, `modified_on`) VALUES ('40165833-480b-4839-b91c-52da49df11e3', '3f49c30f-5d59-11e6-a130-5cc5d4d378cb', 'typical_case__report', '非科室会(报告)', 'custom', '3', '0', '1', '2018-08-02 10:33:29', '1', '2018-08-02 10:33:29');
INSERT INTO `object_record_types` (`id`, `object_id`, `name`, `label`, `source`, `display_order`, `deleted`, `created_by`, `created_on`, `modified_by`, `modified_on`) VALUES ('e2481288-d806-446d-97f8-f82f57e201ce', '3f49c30f-5d59-11e6-a130-5cc5d4d378cb', 'typical_case', '非科室会', 'custom', '3', '0', '1', '2018-08-02 10:33:29', '1', '2018-08-02 10:33:29');
INSERT INTO `object_record_types` (`id`, `object_id`, `name`, `label`, `source`, `display_order`, `deleted`, `created_by`, `created_on`, `modified_by`, `modified_on`) VALUES ('6fb85a11-5816-429a-a29b-b54d13557a3f', '3f49c30f-5d59-11e6-a130-5cc5d4d378cb', 'project_event', '市场部活动', 'custom', '4', '0', '1', '2018-08-02 10:33:29', '1', '2018-08-02 10:33:29');
INSERT INTO `object_record_types` (`id`, `object_id`, `name`, `label`, `source`, `display_order`, `deleted`, `created_by`, `created_on`, `modified_by`, `modified_on`) VALUES ('80fef983-60b0-45a7-ad7c-d3d304080c3d', '3f49c30f-5d59-11e6-a130-5cc5d4d378cb', 'project_event__report', '市场部活动(报告)', 'custom', '4', '0', '1', '2018-08-02 10:33:29', '1', '2018-08-02 10:33:29');

INSERT INTO `role_to_object_record_types` (`id`, `role_id`, `object_record_type_id`, `is_default`, `deleted`, `created_by`, `created_on`, `modified_by`, `modified_on`) VALUES ('e3f88c1d-a2d4-4210-b2d3-ee4c567bfe27', '53de6f5e-1da3-11e6-b011-5cc5d4b57134', 'e2481288-d806-446d-97f8-f82f57e201ce', '0', '0', '1', '2019-10-09 20:22:52', '1', '2019-10-09 20:22:52');
INSERT INTO `role_to_object_record_types` (`id`, `role_id`, `object_record_type_id`, `is_default`, `deleted`, `created_by`, `created_on`, `modified_by`, `modified_on`) VALUES ('1cb8c0d0-cefe-43a6-bd44-0b6151f73050', '53de6f5e-1da3-11e6-b011-5cc5d4b57134', '6fb85a11-5816-429a-a29b-b54d13557a3f', '0', '0', '1', '2019-10-09 20:22:52', '1', '2019-10-09 20:22:52');

-- 取消微信端市场部活动 record type
DELETE FROM `role_to_object_record_types` WHERE `id`='1cb8c0d0-cefe-43a6-bd44-0b6151f73050';

delete from page_layout_fields
where page_layout_id in('e57e91e8-3e66-4c1f-badf-7a296cb474cb',
'2a397209-b538-4be9-a34b-917fb72da029',
'2a397209-b538-4be9-a34b-917fb72da030',
'7c15bbb0-5f6a-11e6-a554-5cc5d4d378cb',
'4671365b-7746-408c-92b0-50ae6856cdc6',
'7d11f600-5f6a-11e6-b27d-5cc5d4d378cb',
'bc537adc-4e19-4940-bde6-bfe5e0897202',
'0b9f751f-1af5-4443-aa1d-d3a9e9560b88',
'e30c36cf-6836-11e6-aa82-5cc5d4d378cb',
'f8f8494a-b146-400c-91b3-ab9f3091e1f0',
'43d6fda3-1c47-42bd-9f4a-23c56fed2757',
'1459544f-6310-4975-bc0f-749aacab69c8',
'7b04e7f0-5f6a-11e6-bb52-5cc5d4d378cb',
'4053abdf-5690-4a8b-ba63-f29c72057f05',
'dcb147ee-69e2-11e6-9a63-5cc5d4d378cb',
'79eca707-3a5a-40b2-af98-f6bfc666c585',
'e57e91e8-3e66-4c1f-badf-7a296cb474cb',
'2a397209-b538-4be9-a34b-917fb72da029',
'2a397209-b538-4be9-a34b-917fb72da030',
'7c15bbb0-5f6a-11e6-a554-5cc5d4d378cb',
'4671365b-7746-408c-92b0-50ae6856cdc6',
'7d11f600-5f6a-11e6-b27d-5cc5d4d378cb',
'bc537adc-4e19-4940-bde6-bfe5e0897202',
'0b9f751f-1af5-4443-aa1d-d3a9e9560b88',
'e30c36cf-6836-11e6-aa82-5cc5d4d378cb',
'f8f8494a-b146-400c-91b3-ab9f3091e1f0',
'43d6fda3-1c47-42bd-9f4a-23c56fed2757',
'1459544f-6310-4975-bc0f-749aacab69c8',
'7b04e7f0-5f6a-11e6-bb52-5cc5d4d378cb',
'4053abdf-5690-4a8b-ba63-f29c72057f05',
'dcb147ee-69e2-11e6-9a63-5cc5d4d378cb',
'79eca707-3a5a-40b2-af98-f6bfc666c585');


delete from page_layout_actions
where page_layout_id in('e57e91e8-3e66-4c1f-badf-7a296cb474cb',
'2a397209-b538-4be9-a34b-917fb72da029',
'2a397209-b538-4be9-a34b-917fb72da030',
'7c15bbb0-5f6a-11e6-a554-5cc5d4d378cb',
'4671365b-7746-408c-92b0-50ae6856cdc6',
'7d11f600-5f6a-11e6-b27d-5cc5d4d378cb',
'bc537adc-4e19-4940-bde6-bfe5e0897202',
'0b9f751f-1af5-4443-aa1d-d3a9e9560b88',
'e30c36cf-6836-11e6-aa82-5cc5d4d378cb',
'f8f8494a-b146-400c-91b3-ab9f3091e1f0',
'43d6fda3-1c47-42bd-9f4a-23c56fed2757',
'1459544f-6310-4975-bc0f-749aacab69c8',
'7b04e7f0-5f6a-11e6-bb52-5cc5d4d378cb',
'4053abdf-5690-4a8b-ba63-f29c72057f05',
'dcb147ee-69e2-11e6-9a63-5cc5d4d378cb',
'79eca707-3a5a-40b2-af98-f6bfc666c585',
'e57e91e8-3e66-4c1f-badf-7a296cb474cb',
'2a397209-b538-4be9-a34b-917fb72da029',
'2a397209-b538-4be9-a34b-917fb72da030',
'7c15bbb0-5f6a-11e6-a554-5cc5d4d378cb',
'4671365b-7746-408c-92b0-50ae6856cdc6',
'7d11f600-5f6a-11e6-b27d-5cc5d4d378cb',
'bc537adc-4e19-4940-bde6-bfe5e0897202',
'0b9f751f-1af5-4443-aa1d-d3a9e9560b88',
'e30c36cf-6836-11e6-aa82-5cc5d4d378cb',
'f8f8494a-b146-400c-91b3-ab9f3091e1f0',
'43d6fda3-1c47-42bd-9f4a-23c56fed2757',
'1459544f-6310-4975-bc0f-749aacab69c8',
'7b04e7f0-5f6a-11e6-bb52-5cc5d4d378cb',
'4053abdf-5690-4a8b-ba63-f29c72057f05',
'dcb147ee-69e2-11e6-9a63-5cc5d4d378cb',
'79eca707-3a5a-40b2-af98-f6bfc666c585');

delete from page_layout_tabs
where page_layout_id in('e57e91e8-3e66-4c1f-badf-7a296cb474cb',
'2a397209-b538-4be9-a34b-917fb72da029',
'2a397209-b538-4be9-a34b-917fb72da030',
'7c15bbb0-5f6a-11e6-a554-5cc5d4d378cb',
'4671365b-7746-408c-92b0-50ae6856cdc6',
'7d11f600-5f6a-11e6-b27d-5cc5d4d378cb',
'bc537adc-4e19-4940-bde6-bfe5e0897202',
'0b9f751f-1af5-4443-aa1d-d3a9e9560b88',
'e30c36cf-6836-11e6-aa82-5cc5d4d378cb',
'f8f8494a-b146-400c-91b3-ab9f3091e1f0',
'43d6fda3-1c47-42bd-9f4a-23c56fed2757',
'1459544f-6310-4975-bc0f-749aacab69c8',
'7b04e7f0-5f6a-11e6-bb52-5cc5d4d378cb',
'4053abdf-5690-4a8b-ba63-f29c72057f05',
'dcb147ee-69e2-11e6-9a63-5cc5d4d378cb',
'79eca707-3a5a-40b2-af98-f6bfc666c585',
'e57e91e8-3e66-4c1f-badf-7a296cb474cb',
'2a397209-b538-4be9-a34b-917fb72da029',
'2a397209-b538-4be9-a34b-917fb72da030',
'7c15bbb0-5f6a-11e6-a554-5cc5d4d378cb',
'4671365b-7746-408c-92b0-50ae6856cdc6',
'7d11f600-5f6a-11e6-b27d-5cc5d4d378cb',
'bc537adc-4e19-4940-bde6-bfe5e0897202',
'0b9f751f-1af5-4443-aa1d-d3a9e9560b88',
'e30c36cf-6836-11e6-aa82-5cc5d4d378cb',
'f8f8494a-b146-400c-91b3-ab9f3091e1f0',
'43d6fda3-1c47-42bd-9f4a-23c56fed2757',
'1459544f-6310-4975-bc0f-749aacab69c8',
'7b04e7f0-5f6a-11e6-bb52-5cc5d4d378cb',
'4053abdf-5690-4a8b-ba63-f29c72057f05',
'dcb147ee-69e2-11e6-9a63-5cc5d4d378cb',
'79eca707-3a5a-40b2-af98-f6bfc666c585');

delete from page_layout_assignments
where page_layout_id in('e57e91e8-3e66-4c1f-badf-7a296cb474cb',
'2a397209-b538-4be9-a34b-917fb72da029',
'2a397209-b538-4be9-a34b-917fb72da030',
'7c15bbb0-5f6a-11e6-a554-5cc5d4d378cb',
'4671365b-7746-408c-92b0-50ae6856cdc6',
'7d11f600-5f6a-11e6-b27d-5cc5d4d378cb',
'bc537adc-4e19-4940-bde6-bfe5e0897202',
'0b9f751f-1af5-4443-aa1d-d3a9e9560b88',
'e30c36cf-6836-11e6-aa82-5cc5d4d378cb',
'f8f8494a-b146-400c-91b3-ab9f3091e1f0',
'43d6fda3-1c47-42bd-9f4a-23c56fed2757',
'1459544f-6310-4975-bc0f-749aacab69c8',
'7b04e7f0-5f6a-11e6-bb52-5cc5d4d378cb',
'4053abdf-5690-4a8b-ba63-f29c72057f05',
'dcb147ee-69e2-11e6-9a63-5cc5d4d378cb',
'79eca707-3a5a-40b2-af98-f6bfc666c585',
'e57e91e8-3e66-4c1f-badf-7a296cb474cb',
'2a397209-b538-4be9-a34b-917fb72da029',
'2a397209-b538-4be9-a34b-917fb72da030',
'7c15bbb0-5f6a-11e6-a554-5cc5d4d378cb',
'4671365b-7746-408c-92b0-50ae6856cdc6',
'7d11f600-5f6a-11e6-b27d-5cc5d4d378cb',
'bc537adc-4e19-4940-bde6-bfe5e0897202',
'0b9f751f-1af5-4443-aa1d-d3a9e9560b88',
'e30c36cf-6836-11e6-aa82-5cc5d4d378cb',
'f8f8494a-b146-400c-91b3-ab9f3091e1f0',
'43d6fda3-1c47-42bd-9f4a-23c56fed2757',
'1459544f-6310-4975-bc0f-749aacab69c8',
'7b04e7f0-5f6a-11e6-bb52-5cc5d4d378cb',
'4053abdf-5690-4a8b-ba63-f29c72057f05',
'dcb147ee-69e2-11e6-9a63-5cc5d4d378cb',
'79eca707-3a5a-40b2-af98-f6bfc666c585');

delete from page_layouts
where id in('e57e91e8-3e66-4c1f-badf-7a296cb474cb',
'2a397209-b538-4be9-a34b-917fb72da029',
'2a397209-b538-4be9-a34b-917fb72da030',
'7c15bbb0-5f6a-11e6-a554-5cc5d4d378cb',
'4671365b-7746-408c-92b0-50ae6856cdc6',
'7d11f600-5f6a-11e6-b27d-5cc5d4d378cb',
'bc537adc-4e19-4940-bde6-bfe5e0897202',
'0b9f751f-1af5-4443-aa1d-d3a9e9560b88',
'e30c36cf-6836-11e6-aa82-5cc5d4d378cb',
'f8f8494a-b146-400c-91b3-ab9f3091e1f0',
'43d6fda3-1c47-42bd-9f4a-23c56fed2757',
'1459544f-6310-4975-bc0f-749aacab69c8',
'7b04e7f0-5f6a-11e6-bb52-5cc5d4d378cb',
'4053abdf-5690-4a8b-ba63-f29c72057f05',
'dcb147ee-69e2-11e6-9a63-5cc5d4d378cb',
'79eca707-3a5a-40b2-af98-f6bfc666c585',
'e57e91e8-3e66-4c1f-badf-7a296cb474cb',
'2a397209-b538-4be9-a34b-917fb72da029',
'2a397209-b538-4be9-a34b-917fb72da030',
'7c15bbb0-5f6a-11e6-a554-5cc5d4d378cb',
'4671365b-7746-408c-92b0-50ae6856cdc6',
'7d11f600-5f6a-11e6-b27d-5cc5d4d378cb',
'bc537adc-4e19-4940-bde6-bfe5e0897202',
'0b9f751f-1af5-4443-aa1d-d3a9e9560b88',
'e30c36cf-6836-11e6-aa82-5cc5d4d378cb',
'f8f8494a-b146-400c-91b3-ab9f3091e1f0',
'43d6fda3-1c47-42bd-9f4a-23c56fed2757',
'1459544f-6310-4975-bc0f-749aacab69c8',
'7b04e7f0-5f6a-11e6-bb52-5cc5d4d378cb',
'4053abdf-5690-4a8b-ba63-f29c72057f05',
'dcb147ee-69e2-11e6-9a63-5cc5d4d378cb',
'79eca707-3a5a-40b2-af98-f6bfc666c585');

INSERT INTO `page_layouts` (`id`, `page_id`, `name`, `label`, `source`, `screen_size`, `deleted`, `created_by`, `created_on`, `modified_by`, `modified_on`) VALUES ('e57e91e8-3e66-4c1f-badf-7a296cb474cb', 'e0df15cf-5eef-11e6-8264-5cc5d4d378cb', 'approval_academic_conference_l', '医学活动详情', 'custom', 'large', '0', '1', '2019-06-21 02:39:06', '1', '2019-06-21 02:39:06');
INSERT INTO `page_layouts` (`id`, `page_id`, `name`, `label`, `source`, `screen_size`, `deleted`, `created_by`, `created_on`, `modified_by`, `modified_on`) VALUES ('2a397209-b538-4be9-a34b-917fb72da029', 'e0df15cf-5eef-11e6-8264-5cc5d4d378cb', 'approval_academic_conference_l_report', '医学活动详情', 'custom', 'large', '0', '1', '2019-06-21 02:39:06', '1', '2019-06-21 02:39:06');
INSERT INTO `page_layouts` (`id`, `page_id`, `name`, `label`, `source`, `screen_size`, `deleted`, `created_by`, `created_on`, `modified_by`, `modified_on`) VALUES ('2a397209-b538-4be9-a34b-917fb72da030', 'e0df15cf-5eef-11e6-8264-5cc5d4d378cb', 'approval_academic_conference_l_report_with_edit', '医学活动详情', 'custom', 'large', '0', '1', '2019-06-21 02:39:06', '1', '2019-06-21 02:39:06');
INSERT INTO `page_layouts` (`id`, `page_id`, `name`, `label`, `source`, `screen_size`, `deleted`, `created_by`, `created_on`, `modified_by`, `modified_on`) VALUES ('7c15bbb0-5f6a-11e6-a554-5cc5d4d378cb', 'e0df15cf-5eef-11e6-8264-5cc5d4d378cb', 'approval_academic_conference_s', '医学活动详情', 'custom', 'small', '0', '1', '2018-08-02 10:33:29', '1', '2019-08-05 02:59:13');
INSERT INTO `page_layouts` (`id`, `page_id`, `name`, `label`, `source`, `screen_size`, `deleted`, `created_by`, `created_on`, `modified_by`, `modified_on`) VALUES ('4671365b-7746-408c-92b0-50ae6856cdc6', 'e0df15cf-5eef-11e6-8264-5cc5d4d378cb', 'approval_academic_conference_s_report', '医学活动详情', 'custom', 'small', '0', '1', '2018-08-02 10:33:29', '1', '2019-08-05 02:59:13');
INSERT INTO `page_layouts` (`id`, `page_id`, `name`, `label`, `source`, `screen_size`, `deleted`, `created_by`, `created_on`, `modified_by`, `modified_on`) VALUES ('7d11f600-5f6a-11e6-b27d-5cc5d4d378cb', 'e0df15cf-5eef-11e6-8264-5cc5d4d378cb', 'approved_academic_conference_s', '医学活动详情', 'custom', 'small', '0', '1', '2018-08-02 10:33:29', '1', '2019-08-05 02:59:13');
INSERT INTO `page_layouts` (`id`, `page_id`, `name`, `label`, `source`, `screen_size`, `deleted`, `created_by`, `created_on`, `modified_by`, `modified_on`) VALUES ('bc537adc-4e19-4940-bde6-bfe5e0897202', 'e0df15cf-5eef-11e6-8264-5cc5d4d378cb', 'approved_academic_conference_s_report', '医学活动详情', 'custom', 'small', '0', '1', '2018-08-02 10:33:29', '1', '2019-08-05 02:59:13');
INSERT INTO `page_layouts` (`id`, `page_id`, `name`, `label`, `source`, `screen_size`, `deleted`, `created_by`, `created_on`, `modified_by`, `modified_on`) VALUES ('0b9f751f-1af5-4443-aa1d-d3a9e9560b88', 'e0df15cf-5eef-11e6-8264-5cc5d4d378cb', 'cancelled_academic_conference_s', '医学活动详情', 'custom', 'small', '0', '1', '2019-06-21 02:39:06', '1', '2019-06-21 02:39:06');
INSERT INTO `page_layouts` (`id`, `page_id`, `name`, `label`, `source`, `screen_size`, `deleted`, `created_by`, `created_on`, `modified_by`, `modified_on`) VALUES ('e30c36cf-6836-11e6-aa82-5cc5d4d378cb', 'e0df15cf-5eef-11e6-8264-5cc5d4d378cb', 'finished_academic_conference_s', '医学活动详情', 'custom', 'small', '0', '1', '2018-08-02 10:33:29', '1', '2019-08-05 02:59:13');
INSERT INTO `page_layouts` (`id`, `page_id`, `name`, `label`, `source`, `screen_size`, `deleted`, `created_by`, `created_on`, `modified_by`, `modified_on`) VALUES ('f8f8494a-b146-400c-91b3-ab9f3091e1f0', 'e0df15cf-5eef-11e6-8264-5cc5d4d378cb', 'finished_academic_conference_s_report', '医学活动详情', 'custom', 'small', '0', '1', '2018-08-02 10:33:29', '1', '2019-08-05 02:59:13');
INSERT INTO `page_layouts` (`id`, `page_id`, `name`, `label`, `source`, `screen_size`, `deleted`, `created_by`, `created_on`, `modified_by`, `modified_on`) VALUES ('43d6fda3-1c47-42bd-9f4a-23c56fed2757', 'e0df15cf-5eef-11e6-8264-5cc5d4d378cb', 'locked_academic_conference_s', '医学活动详情', 'custom', 'small', '0', '1', '2019-08-05 02:59:18', '1', '2019-08-05 02:59:18');
INSERT INTO `page_layouts` (`id`, `page_id`, `name`, `label`, `source`, `screen_size`, `deleted`, `created_by`, `created_on`, `modified_by`, `modified_on`) VALUES ('1459544f-6310-4975-bc0f-749aacab69c8', 'e0df15cf-5eef-11e6-8264-5cc5d4d378cb', 'locked_academic_conference_s_report', '医学活动详情', 'custom', 'small', '0', '1', '2019-08-05 02:59:18', '1', '2019-08-05 02:59:18');
INSERT INTO `page_layouts` (`id`, `page_id`, `name`, `label`, `source`, `screen_size`, `deleted`, `created_by`, `created_on`, `modified_by`, `modified_on`) VALUES ('7b04e7f0-5f6a-11e6-bb52-5cc5d4d378cb', 'e0df15cf-5eef-11e6-8264-5cc5d4d378cb', 'plan_academic_conference_s', '医学活动详情', 'custom', 'small', '0', '1', '2018-08-02 10:33:29', '1', '2019-08-05 02:59:13');
INSERT INTO `page_layouts` (`id`, `page_id`, `name`, `label`, `source`, `screen_size`, `deleted`, `created_by`, `created_on`, `modified_by`, `modified_on`) VALUES ('4053abdf-5690-4a8b-ba63-f29c72057f05', 'e0df15cf-5eef-11e6-8264-5cc5d4d378cb', 'plan_academic_conference_s_report', '医学活动详情', 'custom', 'small', '0', '1', '2018-08-02 10:33:29', '1', '2019-08-05 02:59:13');
INSERT INTO `page_layouts` (`id`, `page_id`, `name`, `label`, `source`, `screen_size`, `deleted`, `created_by`, `created_on`, `modified_by`, `modified_on`) VALUES ('dcb147ee-69e2-11e6-9a63-5cc5d4d378cb', 'e0df15cf-5eef-11e6-8264-5cc5d4d378cb', 'reject_academic_conference_s', '医学活动详情', 'custom', 'small', '0', '1', '2018-08-02 10:33:29', '1', '2019-08-05 02:59:13');
INSERT INTO `page_layouts` (`id`, `page_id`, `name`, `label`, `source`, `screen_size`, `deleted`, `created_by`, `created_on`, `modified_by`, `modified_on`) VALUES ('79eca707-3a5a-40b2-af98-f6bfc666c585', 'e0df15cf-5eef-11e6-8264-5cc5d4d378cb', 'reject_academic_conference_s_report', '医学活动详情', 'custom', 'small', '0', '1', '2018-08-02 10:33:29', '1', '2019-08-05 02:59:13');

INSERT INTO `page_layout_fields` (`id`, `page_layout_id`, `type`, `object_field_id`, `label`, `order`, `colspan`, `is_mandatory`, `is_readonly`, `display_mode`, `deleted`, `created_by`, `created_on`, `modified_by`, `modified_on`, `is_with_stars_mask`) VALUES ('63645c0e-0e3f-9f44-907e-def63811fe06', '0b9f751f-1af5-4443-aa1d-d3a9e9560b88', 'field', 'a714c811-5ed9-11e6-b12b-5cc5d4d378cb', '活动主题', '1', '6', '1', '0', 'both', '0', '1', '2019-08-05 02:59:18', '1', '2019-08-05 02:59:22', '0');
INSERT INTO `page_layout_fields` (`id`, `page_layout_id`, `type`, `object_field_id`, `label`, `order`, `colspan`, `is_mandatory`, `is_readonly`, `display_mode`, `deleted`, `created_by`, `created_on`, `modified_by`, `modified_on`, `is_with_stars_mask`) VALUES ('0b069555-db3a-c647-8988-96d296a7cd1c', '1459544f-6310-4975-bc0f-749aacab69c8', 'field', 'a714c811-5ed9-11e6-b12b-5cc5d4d378cb', '活动主题', '1', '6', '1', '1', 'both', '0', '1', '2019-08-05 02:59:18', '1', '2019-08-05 02:59:22', '0');
INSERT INTO `page_layout_fields` (`id`, `page_layout_id`, `type`, `object_field_id`, `label`, `order`, `colspan`, `is_mandatory`, `is_readonly`, `display_mode`, `deleted`, `created_by`, `created_on`, `modified_by`, `modified_on`, `is_with_stars_mask`) VALUES ('f9bd0da2-8d72-c442-871d-6d7fa8a899aa', '2a397209-b538-4be9-a34b-917fb72da029', 'field', 'a714c811-5ed9-11e6-b12b-5cc5d4d378cb', '活动主题', '1', '6', '1', '1', 'both', '0', '1', '2019-08-05 02:59:18', '1', '2019-08-05 02:59:22', '0');
INSERT INTO `page_layout_fields` (`id`, `page_layout_id`, `type`, `object_field_id`, `label`, `order`, `colspan`, `is_mandatory`, `is_readonly`, `display_mode`, `deleted`, `created_by`, `created_on`, `modified_by`, `modified_on`, `is_with_stars_mask`) VALUES ('e200ed75-b47f-6c4f-a169-4ece9cce6f73', '2a397209-b538-4be9-a34b-917fb72da030', 'field', 'a714c811-5ed9-11e6-b12b-5cc5d4d378cb', '活动主题', '1', '6', '1', '1', 'both', '0', '1', '2019-08-05 02:59:27', '1', '2019-08-05 02:59:27', '0');
INSERT INTO `page_layout_fields` (`id`, `page_layout_id`, `type`, `object_field_id`, `label`, `order`, `colspan`, `is_mandatory`, `is_readonly`, `display_mode`, `deleted`, `created_by`, `created_on`, `modified_by`, `modified_on`, `is_with_stars_mask`) VALUES ('2e182ba0-fe70-a14d-81fe-86fc6d43f548', '4053abdf-5690-4a8b-ba63-f29c72057f05', 'field', 'a714c811-5ed9-11e6-b12b-5cc5d4d378cb', '活动主题', '1', '6', '1', '1', 'both', '0', '1', '2019-08-05 02:59:18', '1', '2019-08-05 02:59:22', '0');
INSERT INTO `page_layout_fields` (`id`, `page_layout_id`, `type`, `object_field_id`, `label`, `order`, `colspan`, `is_mandatory`, `is_readonly`, `display_mode`, `deleted`, `created_by`, `created_on`, `modified_by`, `modified_on`, `is_with_stars_mask`) VALUES ('f0ddb70b-d130-dd43-8eaf-e76456e83119', '43d6fda3-1c47-42bd-9f4a-23c56fed2757', 'field', 'a714c811-5ed9-11e6-b12b-5cc5d4d378cb', '活动主题', '1', '6', '1', '0', 'both', '0', '1', '2019-08-05 02:59:18', '1', '2019-08-05 02:59:22', '0');
INSERT INTO `page_layout_fields` (`id`, `page_layout_id`, `type`, `object_field_id`, `label`, `order`, `colspan`, `is_mandatory`, `is_readonly`, `display_mode`, `deleted`, `created_by`, `created_on`, `modified_by`, `modified_on`, `is_with_stars_mask`) VALUES ('6fa87e2d-f7fb-7c4e-9c07-a462f60751ff', '4671365b-7746-408c-92b0-50ae6856cdc6', 'field', 'a714c811-5ed9-11e6-b12b-5cc5d4d378cb', '活动主题', '1', '6', '1', '1', 'both', '0', '1', '2019-08-05 02:59:18', '1', '2019-08-05 02:59:22', '0');
INSERT INTO `page_layout_fields` (`id`, `page_layout_id`, `type`, `object_field_id`, `label`, `order`, `colspan`, `is_mandatory`, `is_readonly`, `display_mode`, `deleted`, `created_by`, `created_on`, `modified_by`, `modified_on`, `is_with_stars_mask`) VALUES ('6dc55fe6-a5e8-754e-9217-616091f79a9d', '79eca707-3a5a-40b2-af98-f6bfc666c585', 'field', 'a714c811-5ed9-11e6-b12b-5cc5d4d378cb', '活动主题', '1', '6', '1', '1', 'both', '0', '1', '2019-08-05 02:59:18', '1', '2019-08-05 02:59:22', '0');
INSERT INTO `page_layout_fields` (`id`, `page_layout_id`, `type`, `object_field_id`, `label`, `order`, `colspan`, `is_mandatory`, `is_readonly`, `display_mode`, `deleted`, `created_by`, `created_on`, `modified_by`, `modified_on`, `is_with_stars_mask`) VALUES ('dc0fbde8-fe7a-9444-9ab0-7daa722fe87b', '7b04e7f0-5f6a-11e6-bb52-5cc5d4d378cb', 'field', 'a714c811-5ed9-11e6-b12b-5cc5d4d378cb', '活动主题', '1', '6', '1', '0', 'both', '0', '1', '2019-08-05 02:59:18', '1', '2019-08-05 02:59:22', '0');
INSERT INTO `page_layout_fields` (`id`, `page_layout_id`, `type`, `object_field_id`, `label`, `order`, `colspan`, `is_mandatory`, `is_readonly`, `display_mode`, `deleted`, `created_by`, `created_on`, `modified_by`, `modified_on`, `is_with_stars_mask`) VALUES ('b4eec37c-afea-0f40-b7fb-ce80c8aaae01', '7c15bbb0-5f6a-11e6-a554-5cc5d4d378cb', 'field', 'a714c811-5ed9-11e6-b12b-5cc5d4d378cb', '活动主题', '1', '6', '1', '0', 'both', '0', '1', '2019-08-05 02:59:18', '1', '2019-08-05 02:59:22', '0');
INSERT INTO `page_layout_fields` (`id`, `page_layout_id`, `type`, `object_field_id`, `label`, `order`, `colspan`, `is_mandatory`, `is_readonly`, `display_mode`, `deleted`, `created_by`, `created_on`, `modified_by`, `modified_on`, `is_with_stars_mask`) VALUES ('1d273283-4839-4141-96f6-1be3dff5bb3e', '7d11f600-5f6a-11e6-b27d-5cc5d4d378cb', 'field', 'a714c811-5ed9-11e6-b12b-5cc5d4d378cb', '活动主题', '1', '6', '1', '1', 'both', '0', '1', '2019-08-05 02:59:18', '1', '2019-08-05 02:59:22', '0');
INSERT INTO `page_layout_fields` (`id`, `page_layout_id`, `type`, `object_field_id`, `label`, `order`, `colspan`, `is_mandatory`, `is_readonly`, `display_mode`, `deleted`, `created_by`, `created_on`, `modified_by`, `modified_on`, `is_with_stars_mask`) VALUES ('045c5b60-0a8f-ad46-a57b-91ce3c2e5c03', 'bc537adc-4e19-4940-bde6-bfe5e0897202', 'field', 'a714c811-5ed9-11e6-b12b-5cc5d4d378cb', '活动主题', '1', '6', '1', '1', 'both', '0', '1', '2019-08-05 02:59:18', '1', '2019-08-05 02:59:22', '0');
INSERT INTO `page_layout_fields` (`id`, `page_layout_id`, `type`, `object_field_id`, `label`, `order`, `colspan`, `is_mandatory`, `is_readonly`, `display_mode`, `deleted`, `created_by`, `created_on`, `modified_by`, `modified_on`, `is_with_stars_mask`) VALUES ('c914222d-2ec9-144a-a4ab-17c0be1f343b', 'dcb147ee-69e2-11e6-9a63-5cc5d4d378cb', 'field', 'a714c811-5ed9-11e6-b12b-5cc5d4d378cb', '活动主题', '1', '6', '1', '0', 'both', '0', '1', '2019-08-05 02:59:18', '1', '2019-08-05 02:59:22', '0');
INSERT INTO `page_layout_fields` (`id`, `page_layout_id`, `type`, `object_field_id`, `label`, `order`, `colspan`, `is_mandatory`, `is_readonly`, `display_mode`, `deleted`, `created_by`, `created_on`, `modified_by`, `modified_on`, `is_with_stars_mask`) VALUES ('5ae6948c-232a-b746-ad9c-32fa70f206fd', 'e30c36cf-6836-11e6-aa82-5cc5d4d378cb', 'field', 'a714c811-5ed9-11e6-b12b-5cc5d4d378cb', '活动主题', '1', '6', '1', '0', 'both', '0', '1', '2019-08-05 02:59:18', '1', '2019-08-05 02:59:22', '0');
INSERT INTO `page_layout_fields` (`id`, `page_layout_id`, `type`, `object_field_id`, `label`, `order`, `colspan`, `is_mandatory`, `is_readonly`, `display_mode`, `deleted`, `created_by`, `created_on`, `modified_by`, `modified_on`, `is_with_stars_mask`) VALUES ('a8fc8dbe-7272-e140-b877-c51188a2928b', 'e57e91e8-3e66-4c1f-badf-7a296cb474cb', 'field', 'a714c811-5ed9-11e6-b12b-5cc5d4d378cb', '活动主题', '1', '6', '1', '0', 'both', '0', '1', '2019-08-05 02:59:18', '1', '2019-08-05 02:59:22', '0');
INSERT INTO `page_layout_fields` (`id`, `page_layout_id`, `type`, `object_field_id`, `label`, `order`, `colspan`, `is_mandatory`, `is_readonly`, `display_mode`, `deleted`, `created_by`, `created_on`, `modified_by`, `modified_on`, `is_with_stars_mask`) VALUES ('b92f712b-eec2-9041-9dd1-b6ddd27273b6', 'f8f8494a-b146-400c-91b3-ab9f3091e1f0', 'field', 'a714c811-5ed9-11e6-b12b-5cc5d4d378cb', '活动主题', '1', '6', '1', '1', 'both', '0', '1', '2019-08-05 02:59:18', '1', '2019-08-05 02:59:22', '0');
INSERT INTO `page_layout_fields` (`id`, `page_layout_id`, `type`, `object_field_id`, `label`, `order`, `colspan`, `is_mandatory`, `is_readonly`, `display_mode`, `deleted`, `created_by`, `created_on`, `modified_by`, `modified_on`, `is_with_stars_mask`) VALUES ('de424743-5a53-0041-9457-9e5b0ee8e414', '0b9f751f-1af5-4443-aa1d-d3a9e9560b88', 'field', 'eccb1a3a-8654-11e7-920a-186590dcd3c9', '活动编码', '2', '6', '1', '1', 'view', '0', '1', '2019-08-05 02:59:18', '1', '2019-08-05 02:59:19', '0');
INSERT INTO `page_layout_fields` (`id`, `page_layout_id`, `type`, `object_field_id`, `label`, `order`, `colspan`, `is_mandatory`, `is_readonly`, `display_mode`, `deleted`, `created_by`, `created_on`, `modified_by`, `modified_on`, `is_with_stars_mask`) VALUES ('fe43667d-f51c-8940-8244-86c432423e28', '1459544f-6310-4975-bc0f-749aacab69c8', 'field', 'eccb1a3a-8654-11e7-920a-186590dcd3c9', '活动编码', '2', '6', '1', '1', 'both', '0', '1', '2019-08-05 02:59:18', '1', '2019-08-05 02:59:18', '0');
INSERT INTO `page_layout_fields` (`id`, `page_layout_id`, `type`, `object_field_id`, `label`, `order`, `colspan`, `is_mandatory`, `is_readonly`, `display_mode`, `deleted`, `created_by`, `created_on`, `modified_by`, `modified_on`, `is_with_stars_mask`) VALUES ('933d617c-c7fa-7047-9a3b-2949ea5dfd95', '2a397209-b538-4be9-a34b-917fb72da029', 'field', 'eccb1a3a-8654-11e7-920a-186590dcd3c9', '活动编码', '2', '6', '1', '1', 'both', '0', '1', '2019-08-05 02:59:18', '1', '2019-08-05 02:59:18', '0');
INSERT INTO `page_layout_fields` (`id`, `page_layout_id`, `type`, `object_field_id`, `label`, `order`, `colspan`, `is_mandatory`, `is_readonly`, `display_mode`, `deleted`, `created_by`, `created_on`, `modified_by`, `modified_on`, `is_with_stars_mask`) VALUES ('53affc96-0a2d-7346-adba-7166306ea23c', '2a397209-b538-4be9-a34b-917fb72da030', 'field', 'eccb1a3a-8654-11e7-920a-186590dcd3c9', '活动编码', '2', '6', '1', '1', 'both', '0', '1', '2019-08-05 02:59:27', '1', '2019-08-05 02:59:27', '0');
INSERT INTO `page_layout_fields` (`id`, `page_layout_id`, `type`, `object_field_id`, `label`, `order`, `colspan`, `is_mandatory`, `is_readonly`, `display_mode`, `deleted`, `created_by`, `created_on`, `modified_by`, `modified_on`, `is_with_stars_mask`) VALUES ('4d86d7c5-2eb6-3045-aec1-0480659beb65', '4053abdf-5690-4a8b-ba63-f29c72057f05', 'field', 'eccb1a3a-8654-11e7-920a-186590dcd3c9', '活动编码', '2', '6', '1', '1', 'both', '0', '1', '2019-08-05 02:59:18', '1', '2019-08-05 02:59:18', '0');
INSERT INTO `page_layout_fields` (`id`, `page_layout_id`, `type`, `object_field_id`, `label`, `order`, `colspan`, `is_mandatory`, `is_readonly`, `display_mode`, `deleted`, `created_by`, `created_on`, `modified_by`, `modified_on`, `is_with_stars_mask`) VALUES ('fabee8b4-4595-4743-8fff-0d288f94b2d5', '43d6fda3-1c47-42bd-9f4a-23c56fed2757', 'field', 'eccb1a3a-8654-11e7-920a-186590dcd3c9', '活动编码', '2', '6', '1', '1', 'view', '0', '1', '2019-08-05 02:59:18', '1', '2019-08-05 02:59:19', '0');
INSERT INTO `page_layout_fields` (`id`, `page_layout_id`, `type`, `object_field_id`, `label`, `order`, `colspan`, `is_mandatory`, `is_readonly`, `display_mode`, `deleted`, `created_by`, `created_on`, `modified_by`, `modified_on`, `is_with_stars_mask`) VALUES ('7f923e0a-3c73-ab45-9ba8-a9991754bda4', '4671365b-7746-408c-92b0-50ae6856cdc6', 'field', 'eccb1a3a-8654-11e7-920a-186590dcd3c9', '活动编码', '2', '6', '1', '1', 'both', '0', '1', '2019-08-05 02:59:18', '1', '2019-08-05 02:59:18', '0');
INSERT INTO `page_layout_fields` (`id`, `page_layout_id`, `type`, `object_field_id`, `label`, `order`, `colspan`, `is_mandatory`, `is_readonly`, `display_mode`, `deleted`, `created_by`, `created_on`, `modified_by`, `modified_on`, `is_with_stars_mask`) VALUES ('1c54d854-3b44-1249-b4f5-5945efb425d9', '79eca707-3a5a-40b2-af98-f6bfc666c585', 'field', 'eccb1a3a-8654-11e7-920a-186590dcd3c9', '活动编码', '2', '6', '1', '1', 'both', '0', '1', '2019-08-05 02:59:18', '1', '2019-08-05 02:59:18', '0');
INSERT INTO `page_layout_fields` (`id`, `page_layout_id`, `type`, `object_field_id`, `label`, `order`, `colspan`, `is_mandatory`, `is_readonly`, `display_mode`, `deleted`, `created_by`, `created_on`, `modified_by`, `modified_on`, `is_with_stars_mask`) VALUES ('872fad50-f07e-5043-b7dc-21c65562871a', '7b04e7f0-5f6a-11e6-bb52-5cc5d4d378cb', 'field', 'eccb1a3a-8654-11e7-920a-186590dcd3c9', '活动编码', '2', '6', '1', '1', 'view', '0', '1', '2019-08-05 02:59:18', '1', '2019-08-05 02:59:19', '0');
INSERT INTO `page_layout_fields` (`id`, `page_layout_id`, `type`, `object_field_id`, `label`, `order`, `colspan`, `is_mandatory`, `is_readonly`, `display_mode`, `deleted`, `created_by`, `created_on`, `modified_by`, `modified_on`, `is_with_stars_mask`) VALUES ('416e5d33-3676-8e4f-9569-b0dcba1d33f7', '7c15bbb0-5f6a-11e6-a554-5cc5d4d378cb', 'field', 'eccb1a3a-8654-11e7-920a-186590dcd3c9', '活动编码', '2', '6', '1', '1', 'view', '0', '1', '2019-08-05 02:59:18', '1', '2019-08-05 02:59:19', '0');
INSERT INTO `page_layout_fields` (`id`, `page_layout_id`, `type`, `object_field_id`, `label`, `order`, `colspan`, `is_mandatory`, `is_readonly`, `display_mode`, `deleted`, `created_by`, `created_on`, `modified_by`, `modified_on`, `is_with_stars_mask`) VALUES ('85e462f9-f62f-bf41-96eb-91dd78d2be2a', '7d11f600-5f6a-11e6-b27d-5cc5d4d378cb', 'field', 'eccb1a3a-8654-11e7-920a-186590dcd3c9', '活动编码', '2', '6', '1', '1', 'view', '0', '1', '2019-08-05 02:59:18', '1', '2019-08-05 02:59:19', '0');
INSERT INTO `page_layout_fields` (`id`, `page_layout_id`, `type`, `object_field_id`, `label`, `order`, `colspan`, `is_mandatory`, `is_readonly`, `display_mode`, `deleted`, `created_by`, `created_on`, `modified_by`, `modified_on`, `is_with_stars_mask`) VALUES ('59fff321-30db-4a44-9c1f-cf6ef4ed3f5c', 'bc537adc-4e19-4940-bde6-bfe5e0897202', 'field', 'eccb1a3a-8654-11e7-920a-186590dcd3c9', '活动编码', '2', '6', '1', '1', 'both', '0', '1', '2019-08-05 02:59:18', '1', '2019-08-05 02:59:18', '0');
INSERT INTO `page_layout_fields` (`id`, `page_layout_id`, `type`, `object_field_id`, `label`, `order`, `colspan`, `is_mandatory`, `is_readonly`, `display_mode`, `deleted`, `created_by`, `created_on`, `modified_by`, `modified_on`, `is_with_stars_mask`) VALUES ('c4589d65-2298-aa44-b32d-cf268803cf78', 'dcb147ee-69e2-11e6-9a63-5cc5d4d378cb', 'field', 'eccb1a3a-8654-11e7-920a-186590dcd3c9', '活动编码', '2', '6', '1', '1', 'view', '0', '1', '2019-08-05 02:59:18', '1', '2019-08-05 02:59:19', '0');
INSERT INTO `page_layout_fields` (`id`, `page_layout_id`, `type`, `object_field_id`, `label`, `order`, `colspan`, `is_mandatory`, `is_readonly`, `display_mode`, `deleted`, `created_by`, `created_on`, `modified_by`, `modified_on`, `is_with_stars_mask`) VALUES ('0fec83e6-e038-4744-9954-179b9b3ffa3e', 'e30c36cf-6836-11e6-aa82-5cc5d4d378cb', 'field', 'eccb1a3a-8654-11e7-920a-186590dcd3c9', '活动编码', '2', '6', '1', '1', 'view', '0', '1', '2019-08-05 02:59:18', '1', '2019-08-05 02:59:19', '0');
INSERT INTO `page_layout_fields` (`id`, `page_layout_id`, `type`, `object_field_id`, `label`, `order`, `colspan`, `is_mandatory`, `is_readonly`, `display_mode`, `deleted`, `created_by`, `created_on`, `modified_by`, `modified_on`, `is_with_stars_mask`) VALUES ('e63ebce3-a3cd-9742-8d2a-0604079bdb0b', 'e57e91e8-3e66-4c1f-badf-7a296cb474cb', 'field', 'eccb1a3a-8654-11e7-920a-186590dcd3c9', '活动编码', '2', '6', '1', '1', 'view', '0', '1', '2019-08-05 02:59:18', '1', '2019-08-05 02:59:19', '0');
INSERT INTO `page_layout_fields` (`id`, `page_layout_id`, `type`, `object_field_id`, `label`, `order`, `colspan`, `is_mandatory`, `is_readonly`, `display_mode`, `deleted`, `created_by`, `created_on`, `modified_by`, `modified_on`, `is_with_stars_mask`) VALUES ('fc4582f0-633e-c441-a861-0e96f4be3a89', 'f8f8494a-b146-400c-91b3-ab9f3091e1f0', 'field', 'eccb1a3a-8654-11e7-920a-186590dcd3c9', '活动编码', '2', '6', '1', '1', 'both', '0', '1', '2019-08-05 02:59:18', '1', '2019-08-05 02:59:18', '0');
INSERT INTO `page_layout_fields` (`id`, `page_layout_id`, `type`, `object_field_id`, `label`, `order`, `colspan`, `is_mandatory`, `is_readonly`, `display_mode`, `deleted`, `created_by`, `created_on`, `modified_by`, `modified_on`, `is_with_stars_mask`) VALUES ('fa96c98e-295f-a845-9d65-1acc8c03d70c', '0b9f751f-1af5-4443-aa1d-d3a9e9560b88', 'field', 'a84e8091-5ed9-11e6-a879-5cc5d4d378cb', '活动状态', '3', '6', '1', '1', 'view', '0', '1', '2019-08-05 02:59:18', '1', '2019-08-05 02:59:19', '0');
INSERT INTO `page_layout_fields` (`id`, `page_layout_id`, `type`, `object_field_id`, `label`, `order`, `colspan`, `is_mandatory`, `is_readonly`, `display_mode`, `deleted`, `created_by`, `created_on`, `modified_by`, `modified_on`, `is_with_stars_mask`) VALUES ('babd35f8-9d36-2a46-bd82-682629beecea', '1459544f-6310-4975-bc0f-749aacab69c8', 'field', 'a84e8091-5ed9-11e6-a879-5cc5d4d378cb', '活动状态', '3', '6', '1', '1', 'both', '0', '1', '2019-08-05 02:59:18', '1', '2019-08-05 02:59:18', '0');
INSERT INTO `page_layout_fields` (`id`, `page_layout_id`, `type`, `object_field_id`, `label`, `order`, `colspan`, `is_mandatory`, `is_readonly`, `display_mode`, `deleted`, `created_by`, `created_on`, `modified_by`, `modified_on`, `is_with_stars_mask`) VALUES ('64ce4cd6-23ed-e84a-9453-c5321cf44a87', '2a397209-b538-4be9-a34b-917fb72da029', 'field', 'a84e8091-5ed9-11e6-a879-5cc5d4d378cb', '活动状态', '3', '6', '1', '1', 'both', '0', '1', '2019-08-05 02:59:18', '1', '2019-08-05 02:59:18', '0');
INSERT INTO `page_layout_fields` (`id`, `page_layout_id`, `type`, `object_field_id`, `label`, `order`, `colspan`, `is_mandatory`, `is_readonly`, `display_mode`, `deleted`, `created_by`, `created_on`, `modified_by`, `modified_on`, `is_with_stars_mask`) VALUES ('a924742d-3908-ef4e-8099-b098af473738', '2a397209-b538-4be9-a34b-917fb72da029', 'field', 'c2bd2a30-5ed9-11e6-a9f1-5cc5d4d378cb', '核销状态', '3', '6', '0', '1', 'both', '0', '1', '2019-08-05 02:59:27', '1', '2019-08-05 02:59:27', '0');
INSERT INTO `page_layout_fields` (`id`, `page_layout_id`, `type`, `object_field_id`, `label`, `order`, `colspan`, `is_mandatory`, `is_readonly`, `display_mode`, `deleted`, `created_by`, `created_on`, `modified_by`, `modified_on`, `is_with_stars_mask`) VALUES ('4de01e8f-3ee1-e343-a178-e9e7b09939da', '2a397209-b538-4be9-a34b-917fb72da030', 'field', 'c2bd2a30-5ed9-11e6-a9f1-5cc5d4d378cb', '核销状态', '3', '6', '0', '0', 'both', '0', '1', '2019-08-05 02:59:27', '1', '2019-08-05 02:59:27', '0');
INSERT INTO `page_layout_fields` (`id`, `page_layout_id`, `type`, `object_field_id`, `label`, `order`, `colspan`, `is_mandatory`, `is_readonly`, `display_mode`, `deleted`, `created_by`, `created_on`, `modified_by`, `modified_on`, `is_with_stars_mask`) VALUES ('58a0a4a0-c451-7847-8227-858a82b32576', '2a397209-b538-4be9-a34b-917fb72da030', 'field', 'a84e8091-5ed9-11e6-a879-5cc5d4d378cb', '活动状态', '3', '6', '1', '1', 'both', '0', '1', '2019-08-05 02:59:27', '1', '2019-08-05 02:59:27', '0');
INSERT INTO `page_layout_fields` (`id`, `page_layout_id`, `type`, `object_field_id`, `label`, `order`, `colspan`, `is_mandatory`, `is_readonly`, `display_mode`, `deleted`, `created_by`, `created_on`, `modified_by`, `modified_on`, `is_with_stars_mask`) VALUES ('698af376-c6d1-a648-82c8-255c43d5e40e', '4053abdf-5690-4a8b-ba63-f29c72057f05', 'field', 'a84e8091-5ed9-11e6-a879-5cc5d4d378cb', '活动状态', '3', '6', '1', '1', 'both', '0', '1', '2019-08-05 02:59:18', '1', '2019-08-05 02:59:18', '0');
INSERT INTO `page_layout_fields` (`id`, `page_layout_id`, `type`, `object_field_id`, `label`, `order`, `colspan`, `is_mandatory`, `is_readonly`, `display_mode`, `deleted`, `created_by`, `created_on`, `modified_by`, `modified_on`, `is_with_stars_mask`) VALUES ('0a665d73-de18-a248-83ea-5c80ff5772f9', '43d6fda3-1c47-42bd-9f4a-23c56fed2757', 'field', 'a84e8091-5ed9-11e6-a879-5cc5d4d378cb', '活动状态', '3', '6', '1', '1', 'view', '0', '1', '2019-08-05 02:59:18', '1', '2019-08-05 02:59:19', '0');
INSERT INTO `page_layout_fields` (`id`, `page_layout_id`, `type`, `object_field_id`, `label`, `order`, `colspan`, `is_mandatory`, `is_readonly`, `display_mode`, `deleted`, `created_by`, `created_on`, `modified_by`, `modified_on`, `is_with_stars_mask`) VALUES ('73509f3a-addf-094a-bb24-96f613d2a199', '4671365b-7746-408c-92b0-50ae6856cdc6', 'field', 'a84e8091-5ed9-11e6-a879-5cc5d4d378cb', '活动状态', '3', '6', '1', '1', 'both', '0', '1', '2019-08-05 02:59:18', '1', '2019-08-05 02:59:18', '0');
INSERT INTO `page_layout_fields` (`id`, `page_layout_id`, `type`, `object_field_id`, `label`, `order`, `colspan`, `is_mandatory`, `is_readonly`, `display_mode`, `deleted`, `created_by`, `created_on`, `modified_by`, `modified_on`, `is_with_stars_mask`) VALUES ('970b7283-7959-0946-b442-2845809c9be6', '79eca707-3a5a-40b2-af98-f6bfc666c585', 'field', 'a84e8091-5ed9-11e6-a879-5cc5d4d378cb', '活动状态', '3', '6', '1', '1', 'both', '0', '1', '2019-08-05 02:59:18', '1', '2019-08-05 02:59:18', '0');
INSERT INTO `page_layout_fields` (`id`, `page_layout_id`, `type`, `object_field_id`, `label`, `order`, `colspan`, `is_mandatory`, `is_readonly`, `display_mode`, `deleted`, `created_by`, `created_on`, `modified_by`, `modified_on`, `is_with_stars_mask`) VALUES ('fd074399-215c-2946-be25-68425d5d5398', '7b04e7f0-5f6a-11e6-bb52-5cc5d4d378cb', 'field', 'a84e8091-5ed9-11e6-a879-5cc5d4d378cb', '活动状态', '3', '6', '1', '1', 'view', '0', '1', '2019-08-05 02:59:18', '1', '2019-08-05 02:59:19', '0');
INSERT INTO `page_layout_fields` (`id`, `page_layout_id`, `type`, `object_field_id`, `label`, `order`, `colspan`, `is_mandatory`, `is_readonly`, `display_mode`, `deleted`, `created_by`, `created_on`, `modified_by`, `modified_on`, `is_with_stars_mask`) VALUES ('77f4ddbe-6e9e-b64e-b2b6-f4f3a52416ed', '7c15bbb0-5f6a-11e6-a554-5cc5d4d378cb', 'field', 'a84e8091-5ed9-11e6-a879-5cc5d4d378cb', '活动状态', '3', '6', '1', '1', 'view', '0', '1', '2019-08-05 02:59:18', '1', '2019-08-05 02:59:19', '0');
INSERT INTO `page_layout_fields` (`id`, `page_layout_id`, `type`, `object_field_id`, `label`, `order`, `colspan`, `is_mandatory`, `is_readonly`, `display_mode`, `deleted`, `created_by`, `created_on`, `modified_by`, `modified_on`, `is_with_stars_mask`) VALUES ('3c6e2935-fdf6-654b-a19c-717bddc15fc3', '7d11f600-5f6a-11e6-b27d-5cc5d4d378cb', 'field', 'a84e8091-5ed9-11e6-a879-5cc5d4d378cb', '活动状态', '3', '6', '1', '1', 'view', '0', '1', '2019-08-05 02:59:18', '1', '2019-08-05 02:59:19', '0');
INSERT INTO `page_layout_fields` (`id`, `page_layout_id`, `type`, `object_field_id`, `label`, `order`, `colspan`, `is_mandatory`, `is_readonly`, `display_mode`, `deleted`, `created_by`, `created_on`, `modified_by`, `modified_on`, `is_with_stars_mask`) VALUES ('9d1f5e19-9554-cf4d-9b07-b57a5c83a734', 'bc537adc-4e19-4940-bde6-bfe5e0897202', 'field', 'a84e8091-5ed9-11e6-a879-5cc5d4d378cb', '活动状态', '3', '6', '1', '1', 'both', '0', '1', '2019-08-05 02:59:18', '1', '2019-08-05 02:59:18', '0');
INSERT INTO `page_layout_fields` (`id`, `page_layout_id`, `type`, `object_field_id`, `label`, `order`, `colspan`, `is_mandatory`, `is_readonly`, `display_mode`, `deleted`, `created_by`, `created_on`, `modified_by`, `modified_on`, `is_with_stars_mask`) VALUES ('3cd69f65-c379-184a-8d25-f45511d894c5', 'dcb147ee-69e2-11e6-9a63-5cc5d4d378cb', 'field', 'a84e8091-5ed9-11e6-a879-5cc5d4d378cb', '活动状态', '3', '6', '1', '1', 'view', '0', '1', '2019-08-05 02:59:18', '1', '2019-08-05 02:59:19', '0');
INSERT INTO `page_layout_fields` (`id`, `page_layout_id`, `type`, `object_field_id`, `label`, `order`, `colspan`, `is_mandatory`, `is_readonly`, `display_mode`, `deleted`, `created_by`, `created_on`, `modified_by`, `modified_on`, `is_with_stars_mask`) VALUES ('813837bd-4405-ee4b-b513-1501e0756f25', 'e30c36cf-6836-11e6-aa82-5cc5d4d378cb', 'field', 'a84e8091-5ed9-11e6-a879-5cc5d4d378cb', '活动状态', '3', '6', '1', '1', 'view', '0', '1', '2019-08-05 02:59:18', '1', '2019-08-05 02:59:19', '0');
INSERT INTO `page_layout_fields` (`id`, `page_layout_id`, `type`, `object_field_id`, `label`, `order`, `colspan`, `is_mandatory`, `is_readonly`, `display_mode`, `deleted`, `created_by`, `created_on`, `modified_by`, `modified_on`, `is_with_stars_mask`) VALUES ('4d583199-a8d0-5446-88e0-9c9cd7f66043', 'e57e91e8-3e66-4c1f-badf-7a296cb474cb', 'field', 'a84e8091-5ed9-11e6-a879-5cc5d4d378cb', '活动状态', '3', '6', '1', '1', 'view', '0', '1', '2019-08-05 02:59:18', '1', '2019-08-05 02:59:19', '0');
INSERT INTO `page_layout_fields` (`id`, `page_layout_id`, `type`, `object_field_id`, `label`, `order`, `colspan`, `is_mandatory`, `is_readonly`, `display_mode`, `deleted`, `created_by`, `created_on`, `modified_by`, `modified_on`, `is_with_stars_mask`) VALUES ('fcd7893f-94d3-8e42-babd-a7283c7b19b6', 'f8f8494a-b146-400c-91b3-ab9f3091e1f0', 'field', 'a84e8091-5ed9-11e6-a879-5cc5d4d378cb', '活动状态', '3', '6', '1', '1', 'both', '0', '1', '2019-08-05 02:59:18', '1', '2019-08-05 02:59:18', '0');
INSERT INTO `page_layout_fields` (`id`, `page_layout_id`, `type`, `object_field_id`, `label`, `order`, `colspan`, `is_mandatory`, `is_readonly`, `display_mode`, `deleted`, `created_by`, `created_on`, `modified_by`, `modified_on`, `is_with_stars_mask`) VALUES ('18f19ae9-b407-c846-b190-c8f08fca7c21', '0b9f751f-1af5-4443-aa1d-d3a9e9560b88', 'field', 'a7b7e5e1-5ed9-11e6-933b-5cc5d4d378cb', '活动类型', '4', '6', '1', '1', 'view', '0', '1', '2019-08-05 02:59:18', '1', '2019-08-05 02:59:19', '0');
INSERT INTO `page_layout_fields` (`id`, `page_layout_id`, `type`, `object_field_id`, `label`, `order`, `colspan`, `is_mandatory`, `is_readonly`, `display_mode`, `deleted`, `created_by`, `created_on`, `modified_by`, `modified_on`, `is_with_stars_mask`) VALUES ('62433432-5b64-8345-a86f-61eef3b0a66d', '1459544f-6310-4975-bc0f-749aacab69c8', 'field', 'a7b7e5e1-5ed9-11e6-933b-5cc5d4d378cb', '活动类型', '4', '6', '1', '1', 'both', '0', '1', '2019-08-05 02:59:18', '1', '2019-08-05 02:59:18', '0');
INSERT INTO `page_layout_fields` (`id`, `page_layout_id`, `type`, `object_field_id`, `label`, `order`, `colspan`, `is_mandatory`, `is_readonly`, `display_mode`, `deleted`, `created_by`, `created_on`, `modified_by`, `modified_on`, `is_with_stars_mask`) VALUES ('d80420cc-b6d9-2942-9a56-f6bfbbe44c2d', '2a397209-b538-4be9-a34b-917fb72da029', 'field', 'a7b7e5e1-5ed9-11e6-933b-5cc5d4d378cb', '活动类型', '4', '6', '1', '1', 'both', '0', '1', '2019-08-05 02:59:18', '1', '2019-08-05 02:59:18', '0');
INSERT INTO `page_layout_fields` (`id`, `page_layout_id`, `type`, `object_field_id`, `label`, `order`, `colspan`, `is_mandatory`, `is_readonly`, `display_mode`, `deleted`, `created_by`, `created_on`, `modified_by`, `modified_on`, `is_with_stars_mask`) VALUES ('2bd679ac-124b-2a45-81b4-e84b65cb9129', '2a397209-b538-4be9-a34b-917fb72da030', 'field', 'a7b7e5e1-5ed9-11e6-933b-5cc5d4d378cb', '活动类型', '4', '6', '1', '1', 'both', '0', '1', '2019-08-05 02:59:27', '1', '2019-08-05 02:59:27', '0');
INSERT INTO `page_layout_fields` (`id`, `page_layout_id`, `type`, `object_field_id`, `label`, `order`, `colspan`, `is_mandatory`, `is_readonly`, `display_mode`, `deleted`, `created_by`, `created_on`, `modified_by`, `modified_on`, `is_with_stars_mask`) VALUES ('a3f1bc7a-eaa8-2d4e-b5b9-9189bd048c88', '4053abdf-5690-4a8b-ba63-f29c72057f05', 'field', 'a7b7e5e1-5ed9-11e6-933b-5cc5d4d378cb', '活动类型', '4', '6', '1', '1', 'both', '0', '1', '2019-08-05 02:59:18', '1', '2019-08-05 02:59:18', '0');
INSERT INTO `page_layout_fields` (`id`, `page_layout_id`, `type`, `object_field_id`, `label`, `order`, `colspan`, `is_mandatory`, `is_readonly`, `display_mode`, `deleted`, `created_by`, `created_on`, `modified_by`, `modified_on`, `is_with_stars_mask`) VALUES ('42c24e97-c164-344e-b35a-cbf5793e9df8', '43d6fda3-1c47-42bd-9f4a-23c56fed2757', 'field', 'a7b7e5e1-5ed9-11e6-933b-5cc5d4d378cb', '活动类型', '4', '6', '1', '1', 'view', '0', '1', '2019-08-05 02:59:18', '1', '2019-08-05 02:59:19', '0');
INSERT INTO `page_layout_fields` (`id`, `page_layout_id`, `type`, `object_field_id`, `label`, `order`, `colspan`, `is_mandatory`, `is_readonly`, `display_mode`, `deleted`, `created_by`, `created_on`, `modified_by`, `modified_on`, `is_with_stars_mask`) VALUES ('90c9ca6c-770c-c74e-bb76-28f27cd574c0', '4671365b-7746-408c-92b0-50ae6856cdc6', 'field', 'a7b7e5e1-5ed9-11e6-933b-5cc5d4d378cb', '活动类型', '4', '6', '1', '1', 'both', '0', '1', '2019-08-05 02:59:18', '1', '2019-08-05 02:59:18', '0');
INSERT INTO `page_layout_fields` (`id`, `page_layout_id`, `type`, `object_field_id`, `label`, `order`, `colspan`, `is_mandatory`, `is_readonly`, `display_mode`, `deleted`, `created_by`, `created_on`, `modified_by`, `modified_on`, `is_with_stars_mask`) VALUES ('89dbb7ae-786a-2242-b084-970310463839', '79eca707-3a5a-40b2-af98-f6bfc666c585', 'field', 'a7b7e5e1-5ed9-11e6-933b-5cc5d4d378cb', '活动类型', '4', '6', '1', '1', 'both', '0', '1', '2019-08-05 02:59:18', '1', '2019-08-05 02:59:18', '0');
INSERT INTO `page_layout_fields` (`id`, `page_layout_id`, `type`, `object_field_id`, `label`, `order`, `colspan`, `is_mandatory`, `is_readonly`, `display_mode`, `deleted`, `created_by`, `created_on`, `modified_by`, `modified_on`, `is_with_stars_mask`) VALUES ('82b5d004-e65d-8f49-b82b-96c433c5e3ff', '7b04e7f0-5f6a-11e6-bb52-5cc5d4d378cb', 'field', 'a7b7e5e1-5ed9-11e6-933b-5cc5d4d378cb', '活动类型', '4', '6', '1', '1', 'view', '0', '1', '2019-08-05 02:59:18', '1', '2019-08-05 02:59:19', '0');
INSERT INTO `page_layout_fields` (`id`, `page_layout_id`, `type`, `object_field_id`, `label`, `order`, `colspan`, `is_mandatory`, `is_readonly`, `display_mode`, `deleted`, `created_by`, `created_on`, `modified_by`, `modified_on`, `is_with_stars_mask`) VALUES ('3ead6086-e674-4249-80c2-3f79dfafbdda', '7c15bbb0-5f6a-11e6-a554-5cc5d4d378cb', 'field', 'a7b7e5e1-5ed9-11e6-933b-5cc5d4d378cb', '活动类型', '4', '6', '1', '1', 'view', '0', '1', '2019-08-05 02:59:18', '1', '2019-08-05 02:59:19', '0');
INSERT INTO `page_layout_fields` (`id`, `page_layout_id`, `type`, `object_field_id`, `label`, `order`, `colspan`, `is_mandatory`, `is_readonly`, `display_mode`, `deleted`, `created_by`, `created_on`, `modified_by`, `modified_on`, `is_with_stars_mask`) VALUES ('4bbd28f9-74b4-fd4a-87db-810f4f367700', '7d11f600-5f6a-11e6-b27d-5cc5d4d378cb', 'field', 'a7b7e5e1-5ed9-11e6-933b-5cc5d4d378cb', '活动类型', '4', '6', '1', '1', 'view', '0', '1', '2019-08-05 02:59:18', '1', '2019-08-05 02:59:19', '0');
INSERT INTO `page_layout_fields` (`id`, `page_layout_id`, `type`, `object_field_id`, `label`, `order`, `colspan`, `is_mandatory`, `is_readonly`, `display_mode`, `deleted`, `created_by`, `created_on`, `modified_by`, `modified_on`, `is_with_stars_mask`) VALUES ('61badb4a-306e-e840-8466-e11427eb7a62', 'bc537adc-4e19-4940-bde6-bfe5e0897202', 'field', 'a7b7e5e1-5ed9-11e6-933b-5cc5d4d378cb', '活动类型', '4', '6', '1', '1', 'both', '0', '1', '2019-08-05 02:59:18', '1', '2019-08-05 02:59:18', '0');
INSERT INTO `page_layout_fields` (`id`, `page_layout_id`, `type`, `object_field_id`, `label`, `order`, `colspan`, `is_mandatory`, `is_readonly`, `display_mode`, `deleted`, `created_by`, `created_on`, `modified_by`, `modified_on`, `is_with_stars_mask`) VALUES ('737e9e07-bce1-ba49-8d29-50f4b7b3564c', 'dcb147ee-69e2-11e6-9a63-5cc5d4d378cb', 'field', 'a7b7e5e1-5ed9-11e6-933b-5cc5d4d378cb', '活动类型', '4', '6', '1', '1', 'view', '0', '1', '2019-08-05 02:59:18', '1', '2019-08-05 02:59:19', '0');
INSERT INTO `page_layout_fields` (`id`, `page_layout_id`, `type`, `object_field_id`, `label`, `order`, `colspan`, `is_mandatory`, `is_readonly`, `display_mode`, `deleted`, `created_by`, `created_on`, `modified_by`, `modified_on`, `is_with_stars_mask`) VALUES ('610647c0-2533-a448-b9ff-4ce42209bfca', 'e30c36cf-6836-11e6-aa82-5cc5d4d378cb', 'field', 'a7b7e5e1-5ed9-11e6-933b-5cc5d4d378cb', '活动类型', '4', '6', '1', '1', 'view', '0', '1', '2019-08-05 02:59:18', '1', '2019-08-05 02:59:19', '0');
INSERT INTO `page_layout_fields` (`id`, `page_layout_id`, `type`, `object_field_id`, `label`, `order`, `colspan`, `is_mandatory`, `is_readonly`, `display_mode`, `deleted`, `created_by`, `created_on`, `modified_by`, `modified_on`, `is_with_stars_mask`) VALUES ('7fd50744-9a5f-db4f-a5a3-9646ab649d60', 'e57e91e8-3e66-4c1f-badf-7a296cb474cb', 'field', 'a7b7e5e1-5ed9-11e6-933b-5cc5d4d378cb', '活动类型', '4', '6', '1', '1', 'view', '0', '1', '2019-08-05 02:59:18', '1', '2019-08-05 02:59:19', '0');
INSERT INTO `page_layout_fields` (`id`, `page_layout_id`, `type`, `object_field_id`, `label`, `order`, `colspan`, `is_mandatory`, `is_readonly`, `display_mode`, `deleted`, `created_by`, `created_on`, `modified_by`, `modified_on`, `is_with_stars_mask`) VALUES ('22f68dbe-702a-8b48-a228-eefd08c75473', 'f8f8494a-b146-400c-91b3-ab9f3091e1f0', 'field', 'a7b7e5e1-5ed9-11e6-933b-5cc5d4d378cb', '活动类型', '4', '6', '1', '1', 'both', '0', '1', '2019-08-05 02:59:18', '1', '2019-08-05 02:59:18', '0');
INSERT INTO `page_layout_fields` (`id`, `page_layout_id`, `type`, `object_field_id`, `label`, `order`, `colspan`, `is_mandatory`, `is_readonly`, `display_mode`, `deleted`, `created_by`, `created_on`, `modified_by`, `modified_on`, `is_with_stars_mask`) VALUES ('a5eb1751-4858-6648-9fb5-e2ed030981a7', '0b9f751f-1af5-4443-aa1d-d3a9e9560b88', 'field', 'c19b8d8f-5ed9-11e6-a6f7-5cc5d4d378cb', '活动形式', '5', '6', '1', '0', 'both', '0', '1', '2019-08-05 02:59:18', '1', '2019-08-05 02:59:22', '0');
INSERT INTO `page_layout_fields` (`id`, `page_layout_id`, `type`, `object_field_id`, `label`, `order`, `colspan`, `is_mandatory`, `is_readonly`, `display_mode`, `deleted`, `created_by`, `created_on`, `modified_by`, `modified_on`, `is_with_stars_mask`) VALUES ('e31ba8e8-e5a0-5449-8aed-a805748bbe72', '1459544f-6310-4975-bc0f-749aacab69c8', 'field', 'c19b8d8f-5ed9-11e6-a6f7-5cc5d4d378cb', '活动形式', '5', '6', '1', '1', 'both', '0', '1', '2019-08-05 02:59:18', '1', '2019-08-05 02:59:22', '0');
INSERT INTO `page_layout_fields` (`id`, `page_layout_id`, `type`, `object_field_id`, `label`, `order`, `colspan`, `is_mandatory`, `is_readonly`, `display_mode`, `deleted`, `created_by`, `created_on`, `modified_by`, `modified_on`, `is_with_stars_mask`) VALUES ('74e71d1c-6b90-c848-b533-b05f62af1b3b', '2a397209-b538-4be9-a34b-917fb72da029', 'field', 'c19b8d8f-5ed9-11e6-a6f7-5cc5d4d378cb', '活动形式', '5', '6', '1', '1', 'both', '0', '1', '2019-08-05 02:59:18', '1', '2019-08-05 02:59:22', '0');
INSERT INTO `page_layout_fields` (`id`, `page_layout_id`, `type`, `object_field_id`, `label`, `order`, `colspan`, `is_mandatory`, `is_readonly`, `display_mode`, `deleted`, `created_by`, `created_on`, `modified_by`, `modified_on`, `is_with_stars_mask`) VALUES ('106ed88b-cee7-9142-91f5-3c98c772f0e1', '2a397209-b538-4be9-a34b-917fb72da030', 'field', 'c19b8d8f-5ed9-11e6-a6f7-5cc5d4d378cb', '活动形式', '5', '6', '1', '1', 'both', '0', '1', '2019-08-05 02:59:27', '1', '2019-08-05 02:59:27', '0');
INSERT INTO `page_layout_fields` (`id`, `page_layout_id`, `type`, `object_field_id`, `label`, `order`, `colspan`, `is_mandatory`, `is_readonly`, `display_mode`, `deleted`, `created_by`, `created_on`, `modified_by`, `modified_on`, `is_with_stars_mask`) VALUES ('3b05b3c5-3ca5-b646-bc00-bcdf3c8a460e', '4053abdf-5690-4a8b-ba63-f29c72057f05', 'field', 'c19b8d8f-5ed9-11e6-a6f7-5cc5d4d378cb', '活动形式', '5', '6', '1', '1', 'both', '0', '1', '2019-08-05 02:59:18', '1', '2019-08-05 02:59:22', '0');
INSERT INTO `page_layout_fields` (`id`, `page_layout_id`, `type`, `object_field_id`, `label`, `order`, `colspan`, `is_mandatory`, `is_readonly`, `display_mode`, `deleted`, `created_by`, `created_on`, `modified_by`, `modified_on`, `is_with_stars_mask`) VALUES ('e3dc3a44-05cb-5446-ab89-35a1a2111656', '43d6fda3-1c47-42bd-9f4a-23c56fed2757', 'field', 'c19b8d8f-5ed9-11e6-a6f7-5cc5d4d378cb', '活动形式', '5', '6', '1', '0', 'both', '0', '1', '2019-08-05 02:59:18', '1', '2019-08-05 02:59:22', '0');
INSERT INTO `page_layout_fields` (`id`, `page_layout_id`, `type`, `object_field_id`, `label`, `order`, `colspan`, `is_mandatory`, `is_readonly`, `display_mode`, `deleted`, `created_by`, `created_on`, `modified_by`, `modified_on`, `is_with_stars_mask`) VALUES ('5b01be59-60a5-f349-831b-172773d8e188', '4671365b-7746-408c-92b0-50ae6856cdc6', 'field', 'c19b8d8f-5ed9-11e6-a6f7-5cc5d4d378cb', '活动形式', '5', '6', '1', '1', 'both', '0', '1', '2019-08-05 02:59:18', '1', '2019-08-05 02:59:22', '0');
INSERT INTO `page_layout_fields` (`id`, `page_layout_id`, `type`, `object_field_id`, `label`, `order`, `colspan`, `is_mandatory`, `is_readonly`, `display_mode`, `deleted`, `created_by`, `created_on`, `modified_by`, `modified_on`, `is_with_stars_mask`) VALUES ('de881e27-91e5-1d49-8876-d76b50adebeb', '79eca707-3a5a-40b2-af98-f6bfc666c585', 'field', 'c19b8d8f-5ed9-11e6-a6f7-5cc5d4d378cb', '活动形式', '5', '6', '1', '1', 'both', '0', '1', '2019-08-05 02:59:18', '1', '2019-08-05 02:59:22', '0');
INSERT INTO `page_layout_fields` (`id`, `page_layout_id`, `type`, `object_field_id`, `label`, `order`, `colspan`, `is_mandatory`, `is_readonly`, `display_mode`, `deleted`, `created_by`, `created_on`, `modified_by`, `modified_on`, `is_with_stars_mask`) VALUES ('12f13509-9ca0-8f40-b64b-8c6ed5546dbf', '7b04e7f0-5f6a-11e6-bb52-5cc5d4d378cb', 'field', 'c19b8d8f-5ed9-11e6-a6f7-5cc5d4d378cb', '活动形式', '5', '6', '1', '0', 'both', '0', '1', '2019-08-05 02:59:18', '1', '2019-08-05 02:59:22', '0');
INSERT INTO `page_layout_fields` (`id`, `page_layout_id`, `type`, `object_field_id`, `label`, `order`, `colspan`, `is_mandatory`, `is_readonly`, `display_mode`, `deleted`, `created_by`, `created_on`, `modified_by`, `modified_on`, `is_with_stars_mask`) VALUES ('6fdbe138-0205-5841-926f-72e5acc428b6', '7c15bbb0-5f6a-11e6-a554-5cc5d4d378cb', 'field', 'c19b8d8f-5ed9-11e6-a6f7-5cc5d4d378cb', '活动形式', '5', '6', '1', '0', 'both', '0', '1', '2019-08-05 02:59:18', '1', '2019-08-05 02:59:22', '0');
INSERT INTO `page_layout_fields` (`id`, `page_layout_id`, `type`, `object_field_id`, `label`, `order`, `colspan`, `is_mandatory`, `is_readonly`, `display_mode`, `deleted`, `created_by`, `created_on`, `modified_by`, `modified_on`, `is_with_stars_mask`) VALUES ('d233c68d-3d11-d64d-ac9a-ea114330bbeb', '7d11f600-5f6a-11e6-b27d-5cc5d4d378cb', 'field', 'c19b8d8f-5ed9-11e6-a6f7-5cc5d4d378cb', '活动形式', '5', '6', '1', '1', 'both', '0', '1', '2019-08-05 02:59:18', '1', '2019-08-05 02:59:22', '0');
INSERT INTO `page_layout_fields` (`id`, `page_layout_id`, `type`, `object_field_id`, `label`, `order`, `colspan`, `is_mandatory`, `is_readonly`, `display_mode`, `deleted`, `created_by`, `created_on`, `modified_by`, `modified_on`, `is_with_stars_mask`) VALUES ('33ebc2d1-1319-3b44-8e36-c648ab980b79', 'bc537adc-4e19-4940-bde6-bfe5e0897202', 'field', 'c19b8d8f-5ed9-11e6-a6f7-5cc5d4d378cb', '活动形式', '5', '6', '1', '1', 'both', '0', '1', '2019-08-05 02:59:18', '1', '2019-08-05 02:59:22', '0');
INSERT INTO `page_layout_fields` (`id`, `page_layout_id`, `type`, `object_field_id`, `label`, `order`, `colspan`, `is_mandatory`, `is_readonly`, `display_mode`, `deleted`, `created_by`, `created_on`, `modified_by`, `modified_on`, `is_with_stars_mask`) VALUES ('b79d683c-af13-374b-9162-79de8e3c3f91', 'dcb147ee-69e2-11e6-9a63-5cc5d4d378cb', 'field', 'c19b8d8f-5ed9-11e6-a6f7-5cc5d4d378cb', '活动形式', '5', '6', '1', '0', 'both', '0', '1', '2019-08-05 02:59:18', '1', '2019-08-05 02:59:22', '0');
INSERT INTO `page_layout_fields` (`id`, `page_layout_id`, `type`, `object_field_id`, `label`, `order`, `colspan`, `is_mandatory`, `is_readonly`, `display_mode`, `deleted`, `created_by`, `created_on`, `modified_by`, `modified_on`, `is_with_stars_mask`) VALUES ('8282601c-5d74-1444-affb-0a17611a67cf', 'e30c36cf-6836-11e6-aa82-5cc5d4d378cb', 'field', 'c19b8d8f-5ed9-11e6-a6f7-5cc5d4d378cb', '活动形式', '5', '6', '1', '0', 'both', '0', '1', '2019-08-05 02:59:18', '1', '2019-08-05 02:59:22', '0');
INSERT INTO `page_layout_fields` (`id`, `page_layout_id`, `type`, `object_field_id`, `label`, `order`, `colspan`, `is_mandatory`, `is_readonly`, `display_mode`, `deleted`, `created_by`, `created_on`, `modified_by`, `modified_on`, `is_with_stars_mask`) VALUES ('db993766-e569-1547-a825-0e1cba921213', 'e57e91e8-3e66-4c1f-badf-7a296cb474cb', 'field', 'c19b8d8f-5ed9-11e6-a6f7-5cc5d4d378cb', '活动形式', '5', '6', '1', '0', 'both', '0', '1', '2019-08-05 02:59:18', '1', '2019-08-05 02:59:22', '0');
INSERT INTO `page_layout_fields` (`id`, `page_layout_id`, `type`, `object_field_id`, `label`, `order`, `colspan`, `is_mandatory`, `is_readonly`, `display_mode`, `deleted`, `created_by`, `created_on`, `modified_by`, `modified_on`, `is_with_stars_mask`) VALUES ('22c45bfc-53dc-9146-9459-c3b3bfb061f4', 'f8f8494a-b146-400c-91b3-ab9f3091e1f0', 'field', 'c19b8d8f-5ed9-11e6-a6f7-5cc5d4d378cb', '活动形式', '5', '6', '1', '1', 'both', '0', '1', '2019-08-05 02:59:18', '1', '2019-08-05 02:59:22', '0');
INSERT INTO `page_layout_fields` (`id`, `page_layout_id`, `type`, `object_field_id`, `label`, `order`, `colspan`, `is_mandatory`, `is_readonly`, `display_mode`, `deleted`, `created_by`, `created_on`, `modified_by`, `modified_on`, `is_with_stars_mask`) VALUES ('c9634774-f79f-8b4a-aef0-b4fc70fa84bb', '0b9f751f-1af5-4443-aa1d-d3a9e9560b88', 'field', 'aa05cd80-5ed9-11e6-9861-5cc5d4d378cb', '开始时间', '6', '6', '1', '0', 'both', '0', '1', '2019-08-05 02:59:18', '1', '2019-08-05 02:59:18', '0');
INSERT INTO `page_layout_fields` (`id`, `page_layout_id`, `type`, `object_field_id`, `label`, `order`, `colspan`, `is_mandatory`, `is_readonly`, `display_mode`, `deleted`, `created_by`, `created_on`, `modified_by`, `modified_on`, `is_with_stars_mask`) VALUES ('f0d49c5c-9117-c542-9fae-407c0cec5bd1', '1459544f-6310-4975-bc0f-749aacab69c8', 'field', 'aa05cd80-5ed9-11e6-9861-5cc5d4d378cb', '开始时间', '6', '6', '1', '0', 'both', '0', '1', '2019-08-05 02:59:18', '1', '2019-08-05 02:59:18', '0');
INSERT INTO `page_layout_fields` (`id`, `page_layout_id`, `type`, `object_field_id`, `label`, `order`, `colspan`, `is_mandatory`, `is_readonly`, `display_mode`, `deleted`, `created_by`, `created_on`, `modified_by`, `modified_on`, `is_with_stars_mask`) VALUES ('67975b87-a00a-e748-9c6c-a28702742643', '2a397209-b538-4be9-a34b-917fb72da029', 'field', 'aa05cd80-5ed9-11e6-9861-5cc5d4d378cb', '开始时间', '6', '6', '1', '0', 'both', '0', '1', '2019-08-05 02:59:18', '1', '2019-08-05 02:59:18', '0');
INSERT INTO `page_layout_fields` (`id`, `page_layout_id`, `type`, `object_field_id`, `label`, `order`, `colspan`, `is_mandatory`, `is_readonly`, `display_mode`, `deleted`, `created_by`, `created_on`, `modified_by`, `modified_on`, `is_with_stars_mask`) VALUES ('a07b7715-de74-124a-8cd0-b2393a0a8e26', '2a397209-b538-4be9-a34b-917fb72da030', 'field', 'aa05cd80-5ed9-11e6-9861-5cc5d4d378cb', '开始时间', '6', '6', '1', '1', 'both', '0', '1', '2019-08-05 02:59:27', '1', '2019-08-05 02:59:27', '0');
INSERT INTO `page_layout_fields` (`id`, `page_layout_id`, `type`, `object_field_id`, `label`, `order`, `colspan`, `is_mandatory`, `is_readonly`, `display_mode`, `deleted`, `created_by`, `created_on`, `modified_by`, `modified_on`, `is_with_stars_mask`) VALUES ('b10be52c-08ef-d149-ac3e-89880a41cbe3', '4053abdf-5690-4a8b-ba63-f29c72057f05', 'field', 'aa05cd80-5ed9-11e6-9861-5cc5d4d378cb', '开始时间', '6', '6', '1', '0', 'both', '0', '1', '2019-08-05 02:59:18', '1', '2019-08-05 02:59:18', '0');
INSERT INTO `page_layout_fields` (`id`, `page_layout_id`, `type`, `object_field_id`, `label`, `order`, `colspan`, `is_mandatory`, `is_readonly`, `display_mode`, `deleted`, `created_by`, `created_on`, `modified_by`, `modified_on`, `is_with_stars_mask`) VALUES ('2a3c17c3-1777-384c-b579-bdeedceb7400', '43d6fda3-1c47-42bd-9f4a-23c56fed2757', 'field', 'aa05cd80-5ed9-11e6-9861-5cc5d4d378cb', '开始时间', '6', '6', '1', '0', 'both', '0', '1', '2019-08-05 02:59:18', '1', '2019-08-05 02:59:18', '0');
INSERT INTO `page_layout_fields` (`id`, `page_layout_id`, `type`, `object_field_id`, `label`, `order`, `colspan`, `is_mandatory`, `is_readonly`, `display_mode`, `deleted`, `created_by`, `created_on`, `modified_by`, `modified_on`, `is_with_stars_mask`) VALUES ('93dcbbcc-039c-1942-befc-ba78a15016f3', '4671365b-7746-408c-92b0-50ae6856cdc6', 'field', 'aa05cd80-5ed9-11e6-9861-5cc5d4d378cb', '开始时间', '6', '6', '1', '0', 'both', '0', '1', '2019-08-05 02:59:18', '1', '2019-08-05 02:59:18', '0');
INSERT INTO `page_layout_fields` (`id`, `page_layout_id`, `type`, `object_field_id`, `label`, `order`, `colspan`, `is_mandatory`, `is_readonly`, `display_mode`, `deleted`, `created_by`, `created_on`, `modified_by`, `modified_on`, `is_with_stars_mask`) VALUES ('37440e82-3ec7-f746-a367-267cf7cc57f5', '79eca707-3a5a-40b2-af98-f6bfc666c585', 'field', 'aa05cd80-5ed9-11e6-9861-5cc5d4d378cb', '开始时间', '6', '6', '1', '0', 'both', '0', '1', '2019-08-05 02:59:18', '1', '2019-08-05 02:59:18', '0');
INSERT INTO `page_layout_fields` (`id`, `page_layout_id`, `type`, `object_field_id`, `label`, `order`, `colspan`, `is_mandatory`, `is_readonly`, `display_mode`, `deleted`, `created_by`, `created_on`, `modified_by`, `modified_on`, `is_with_stars_mask`) VALUES ('1d64d93d-3790-ce40-a0f2-e36565ca18f1', '7b04e7f0-5f6a-11e6-bb52-5cc5d4d378cb', 'field', 'aa05cd80-5ed9-11e6-9861-5cc5d4d378cb', '开始时间', '6', '6', '1', '0', 'both', '0', '1', '2019-08-05 02:59:18', '1', '2019-08-05 02:59:18', '0');
INSERT INTO `page_layout_fields` (`id`, `page_layout_id`, `type`, `object_field_id`, `label`, `order`, `colspan`, `is_mandatory`, `is_readonly`, `display_mode`, `deleted`, `created_by`, `created_on`, `modified_by`, `modified_on`, `is_with_stars_mask`) VALUES ('51772103-34be-ee4a-96df-129cfe1dc40b', '7c15bbb0-5f6a-11e6-a554-5cc5d4d378cb', 'field', 'aa05cd80-5ed9-11e6-9861-5cc5d4d378cb', '开始时间', '6', '6', '1', '0', 'both', '0', '1', '2019-08-05 02:59:18', '1', '2019-08-05 02:59:18', '0');
INSERT INTO `page_layout_fields` (`id`, `page_layout_id`, `type`, `object_field_id`, `label`, `order`, `colspan`, `is_mandatory`, `is_readonly`, `display_mode`, `deleted`, `created_by`, `created_on`, `modified_by`, `modified_on`, `is_with_stars_mask`) VALUES ('c8810d32-fe41-1042-8920-2d688b5b2621', '7d11f600-5f6a-11e6-b27d-5cc5d4d378cb', 'field', 'aa05cd80-5ed9-11e6-9861-5cc5d4d378cb', '开始时间', '6', '6', '1', '0', 'both', '0', '1', '2019-08-05 02:59:18', '1', '2019-08-05 02:59:18', '0');
INSERT INTO `page_layout_fields` (`id`, `page_layout_id`, `type`, `object_field_id`, `label`, `order`, `colspan`, `is_mandatory`, `is_readonly`, `display_mode`, `deleted`, `created_by`, `created_on`, `modified_by`, `modified_on`, `is_with_stars_mask`) VALUES ('d33b6ab4-cea2-8d44-9a7d-cdc05deeb0c4', 'bc537adc-4e19-4940-bde6-bfe5e0897202', 'field', 'aa05cd80-5ed9-11e6-9861-5cc5d4d378cb', '开始时间', '6', '6', '1', '0', 'both', '0', '1', '2019-08-05 02:59:18', '1', '2019-08-05 02:59:18', '0');
INSERT INTO `page_layout_fields` (`id`, `page_layout_id`, `type`, `object_field_id`, `label`, `order`, `colspan`, `is_mandatory`, `is_readonly`, `display_mode`, `deleted`, `created_by`, `created_on`, `modified_by`, `modified_on`, `is_with_stars_mask`) VALUES ('dbb1b2c7-17a3-2b47-8675-693318360111', 'dcb147ee-69e2-11e6-9a63-5cc5d4d378cb', 'field', 'aa05cd80-5ed9-11e6-9861-5cc5d4d378cb', '开始时间', '6', '6', '1', '0', 'both', '0', '1', '2019-08-05 02:59:18', '1', '2019-08-05 02:59:18', '0');
INSERT INTO `page_layout_fields` (`id`, `page_layout_id`, `type`, `object_field_id`, `label`, `order`, `colspan`, `is_mandatory`, `is_readonly`, `display_mode`, `deleted`, `created_by`, `created_on`, `modified_by`, `modified_on`, `is_with_stars_mask`) VALUES ('f6bc9088-7563-2b4f-8736-26da49a9342a', 'e30c36cf-6836-11e6-aa82-5cc5d4d378cb', 'field', 'aa05cd80-5ed9-11e6-9861-5cc5d4d378cb', '开始时间', '6', '6', '1', '0', 'both', '0', '1', '2019-08-05 02:59:18', '1', '2019-08-05 02:59:18', '0');
INSERT INTO `page_layout_fields` (`id`, `page_layout_id`, `type`, `object_field_id`, `label`, `order`, `colspan`, `is_mandatory`, `is_readonly`, `display_mode`, `deleted`, `created_by`, `created_on`, `modified_by`, `modified_on`, `is_with_stars_mask`) VALUES ('8ccb380b-c215-3548-8676-d4e96ad87a22', 'e57e91e8-3e66-4c1f-badf-7a296cb474cb', 'field', 'aa05cd80-5ed9-11e6-9861-5cc5d4d378cb', '开始时间', '6', '6', '1', '0', 'both', '0', '1', '2019-08-05 02:59:18', '1', '2019-08-05 02:59:18', '0');
INSERT INTO `page_layout_fields` (`id`, `page_layout_id`, `type`, `object_field_id`, `label`, `order`, `colspan`, `is_mandatory`, `is_readonly`, `display_mode`, `deleted`, `created_by`, `created_on`, `modified_by`, `modified_on`, `is_with_stars_mask`) VALUES ('556dfedc-4f0e-c446-a509-8376d719a068', 'f8f8494a-b146-400c-91b3-ab9f3091e1f0', 'field', 'aa05cd80-5ed9-11e6-9861-5cc5d4d378cb', '开始时间', '6', '6', '1', '0', 'both', '0', '1', '2019-08-05 02:59:18', '1', '2019-08-05 02:59:18', '0');
INSERT INTO `page_layout_fields` (`id`, `page_layout_id`, `type`, `object_field_id`, `label`, `order`, `colspan`, `is_mandatory`, `is_readonly`, `display_mode`, `deleted`, `created_by`, `created_on`, `modified_by`, `modified_on`, `is_with_stars_mask`) VALUES ('84296b55-a793-a24b-aece-5a9c53abdfbb', '0b9f751f-1af5-4443-aa1d-d3a9e9560b88', 'field', 'aa95634f-5ed9-11e6-a265-5cc5d4d378cb', '结束时间', '7', '6', '1', '0', 'both', '0', '1', '2019-08-05 02:59:18', '1', '2019-08-05 02:59:18', '0');
INSERT INTO `page_layout_fields` (`id`, `page_layout_id`, `type`, `object_field_id`, `label`, `order`, `colspan`, `is_mandatory`, `is_readonly`, `display_mode`, `deleted`, `created_by`, `created_on`, `modified_by`, `modified_on`, `is_with_stars_mask`) VALUES ('d49bd08c-894b-7649-9e2c-33bfa8875d9c', '1459544f-6310-4975-bc0f-749aacab69c8', 'field', 'aa95634f-5ed9-11e6-a265-5cc5d4d378cb', '结束时间', '7', '6', '1', '0', 'both', '0', '1', '2019-08-05 02:59:18', '1', '2019-08-05 02:59:18', '0');
INSERT INTO `page_layout_fields` (`id`, `page_layout_id`, `type`, `object_field_id`, `label`, `order`, `colspan`, `is_mandatory`, `is_readonly`, `display_mode`, `deleted`, `created_by`, `created_on`, `modified_by`, `modified_on`, `is_with_stars_mask`) VALUES ('997cea8f-9761-eb47-b89f-cb0e2ab7d3fa', '2a397209-b538-4be9-a34b-917fb72da029', 'field', 'aa95634f-5ed9-11e6-a265-5cc5d4d378cb', '结束时间', '7', '6', '1', '0', 'both', '0', '1', '2019-08-05 02:59:18', '1', '2019-08-05 02:59:18', '0');
INSERT INTO `page_layout_fields` (`id`, `page_layout_id`, `type`, `object_field_id`, `label`, `order`, `colspan`, `is_mandatory`, `is_readonly`, `display_mode`, `deleted`, `created_by`, `created_on`, `modified_by`, `modified_on`, `is_with_stars_mask`) VALUES ('2fa6e6fa-0628-1e4e-8c58-49cf4e0f87fe', '2a397209-b538-4be9-a34b-917fb72da030', 'field', 'aa95634f-5ed9-11e6-a265-5cc5d4d378cb', '结束时间', '7', '6', '1', '1', 'both', '0', '1', '2019-08-05 02:59:27', '1', '2019-08-05 02:59:27', '0');
INSERT INTO `page_layout_fields` (`id`, `page_layout_id`, `type`, `object_field_id`, `label`, `order`, `colspan`, `is_mandatory`, `is_readonly`, `display_mode`, `deleted`, `created_by`, `created_on`, `modified_by`, `modified_on`, `is_with_stars_mask`) VALUES ('f70e08e0-81ab-ce48-850e-4e6d8fe863ad', '4053abdf-5690-4a8b-ba63-f29c72057f05', 'field', 'aa95634f-5ed9-11e6-a265-5cc5d4d378cb', '结束时间', '7', '6', '1', '0', 'both', '0', '1', '2019-08-05 02:59:18', '1', '2019-08-05 02:59:18', '0');
INSERT INTO `page_layout_fields` (`id`, `page_layout_id`, `type`, `object_field_id`, `label`, `order`, `colspan`, `is_mandatory`, `is_readonly`, `display_mode`, `deleted`, `created_by`, `created_on`, `modified_by`, `modified_on`, `is_with_stars_mask`) VALUES ('a4db48e4-fa76-1d42-a914-db1b2a08f0bc', '43d6fda3-1c47-42bd-9f4a-23c56fed2757', 'field', 'aa95634f-5ed9-11e6-a265-5cc5d4d378cb', '结束时间', '7', '6', '1', '0', 'both', '0', '1', '2019-08-05 02:59:18', '1', '2019-08-05 02:59:18', '0');
INSERT INTO `page_layout_fields` (`id`, `page_layout_id`, `type`, `object_field_id`, `label`, `order`, `colspan`, `is_mandatory`, `is_readonly`, `display_mode`, `deleted`, `created_by`, `created_on`, `modified_by`, `modified_on`, `is_with_stars_mask`) VALUES ('daa50ac5-07ce-1146-bf2c-6dd4c0f25486', '4671365b-7746-408c-92b0-50ae6856cdc6', 'field', 'aa95634f-5ed9-11e6-a265-5cc5d4d378cb', '结束时间', '7', '6', '1', '0', 'both', '0', '1', '2019-08-05 02:59:18', '1', '2019-08-05 02:59:18', '0');
INSERT INTO `page_layout_fields` (`id`, `page_layout_id`, `type`, `object_field_id`, `label`, `order`, `colspan`, `is_mandatory`, `is_readonly`, `display_mode`, `deleted`, `created_by`, `created_on`, `modified_by`, `modified_on`, `is_with_stars_mask`) VALUES ('daa8ab94-56ef-cf49-b396-b60d3251b454', '79eca707-3a5a-40b2-af98-f6bfc666c585', 'field', 'aa95634f-5ed9-11e6-a265-5cc5d4d378cb', '结束时间', '7', '6', '1', '0', 'both', '0', '1', '2019-08-05 02:59:18', '1', '2019-08-05 02:59:18', '0');
INSERT INTO `page_layout_fields` (`id`, `page_layout_id`, `type`, `object_field_id`, `label`, `order`, `colspan`, `is_mandatory`, `is_readonly`, `display_mode`, `deleted`, `created_by`, `created_on`, `modified_by`, `modified_on`, `is_with_stars_mask`) VALUES ('9db0a0ef-6319-5042-ad75-066cffff7cf0', '7b04e7f0-5f6a-11e6-bb52-5cc5d4d378cb', 'field', 'aa95634f-5ed9-11e6-a265-5cc5d4d378cb', '结束时间', '7', '6', '1', '0', 'both', '0', '1', '2019-08-05 02:59:18', '1', '2019-08-05 02:59:18', '0');
INSERT INTO `page_layout_fields` (`id`, `page_layout_id`, `type`, `object_field_id`, `label`, `order`, `colspan`, `is_mandatory`, `is_readonly`, `display_mode`, `deleted`, `created_by`, `created_on`, `modified_by`, `modified_on`, `is_with_stars_mask`) VALUES ('e96f005f-fad6-7040-bc07-33014fc51fcd', '7c15bbb0-5f6a-11e6-a554-5cc5d4d378cb', 'field', 'aa95634f-5ed9-11e6-a265-5cc5d4d378cb', '结束时间', '7', '6', '1', '0', 'both', '0', '1', '2019-08-05 02:59:18', '1', '2019-08-05 02:59:18', '0');
INSERT INTO `page_layout_fields` (`id`, `page_layout_id`, `type`, `object_field_id`, `label`, `order`, `colspan`, `is_mandatory`, `is_readonly`, `display_mode`, `deleted`, `created_by`, `created_on`, `modified_by`, `modified_on`, `is_with_stars_mask`) VALUES ('5de42065-49fb-3a40-982f-cd67ea24f578', '7d11f600-5f6a-11e6-b27d-5cc5d4d378cb', 'field', 'aa95634f-5ed9-11e6-a265-5cc5d4d378cb', '结束时间', '7', '6', '1', '0', 'both', '0', '1', '2019-08-05 02:59:18', '1', '2019-08-05 02:59:18', '0');
INSERT INTO `page_layout_fields` (`id`, `page_layout_id`, `type`, `object_field_id`, `label`, `order`, `colspan`, `is_mandatory`, `is_readonly`, `display_mode`, `deleted`, `created_by`, `created_on`, `modified_by`, `modified_on`, `is_with_stars_mask`) VALUES ('60b10db3-9219-aa45-8847-74094fb3061a', 'bc537adc-4e19-4940-bde6-bfe5e0897202', 'field', 'aa95634f-5ed9-11e6-a265-5cc5d4d378cb', '结束时间', '7', '6', '1', '0', 'both', '0', '1', '2019-08-05 02:59:18', '1', '2019-08-05 02:59:18', '0');
INSERT INTO `page_layout_fields` (`id`, `page_layout_id`, `type`, `object_field_id`, `label`, `order`, `colspan`, `is_mandatory`, `is_readonly`, `display_mode`, `deleted`, `created_by`, `created_on`, `modified_by`, `modified_on`, `is_with_stars_mask`) VALUES ('8b6b4c24-4406-554a-a720-9f3716cf59b1', 'dcb147ee-69e2-11e6-9a63-5cc5d4d378cb', 'field', 'aa95634f-5ed9-11e6-a265-5cc5d4d378cb', '结束时间', '7', '6', '1', '0', 'both', '0', '1', '2019-08-05 02:59:18', '1', '2019-08-05 02:59:18', '0');
INSERT INTO `page_layout_fields` (`id`, `page_layout_id`, `type`, `object_field_id`, `label`, `order`, `colspan`, `is_mandatory`, `is_readonly`, `display_mode`, `deleted`, `created_by`, `created_on`, `modified_by`, `modified_on`, `is_with_stars_mask`) VALUES ('89c69114-3c30-e24a-ada5-17543b2fc73b', 'e30c36cf-6836-11e6-aa82-5cc5d4d378cb', 'field', 'aa95634f-5ed9-11e6-a265-5cc5d4d378cb', '结束时间', '7', '6', '1', '0', 'both', '0', '1', '2019-08-05 02:59:18', '1', '2019-08-05 02:59:18', '0');
INSERT INTO `page_layout_fields` (`id`, `page_layout_id`, `type`, `object_field_id`, `label`, `order`, `colspan`, `is_mandatory`, `is_readonly`, `display_mode`, `deleted`, `created_by`, `created_on`, `modified_by`, `modified_on`, `is_with_stars_mask`) VALUES ('ebc05314-1714-4b4a-af44-32fa25608ffc', 'e57e91e8-3e66-4c1f-badf-7a296cb474cb', 'field', 'aa95634f-5ed9-11e6-a265-5cc5d4d378cb', '结束时间', '7', '6', '1', '0', 'both', '0', '1', '2019-08-05 02:59:18', '1', '2019-08-05 02:59:18', '0');
INSERT INTO `page_layout_fields` (`id`, `page_layout_id`, `type`, `object_field_id`, `label`, `order`, `colspan`, `is_mandatory`, `is_readonly`, `display_mode`, `deleted`, `created_by`, `created_on`, `modified_by`, `modified_on`, `is_with_stars_mask`) VALUES ('900dcf95-12ca-fc46-ba5c-9f64b1183f83', 'f8f8494a-b146-400c-91b3-ab9f3091e1f0', 'field', 'aa95634f-5ed9-11e6-a265-5cc5d4d378cb', '结束时间', '7', '6', '1', '0', 'both', '0', '1', '2019-08-05 02:59:18', '1', '2019-08-05 02:59:18', '0');
INSERT INTO `page_layout_fields` (`id`, `page_layout_id`, `type`, `object_field_id`, `label`, `order`, `colspan`, `is_mandatory`, `is_readonly`, `display_mode`, `deleted`, `created_by`, `created_on`, `modified_by`, `modified_on`, `is_with_stars_mask`) VALUES ('a87a6eea-994f-204d-994e-97e4a8e17786', '0b9f751f-1af5-4443-aa1d-d3a9e9560b88', 'field', '689cd001-6f9f-11e7-bc2f-e4b318c6b596', '活动城市', '8', '6', '1', '0', 'both', '0', '1', '2019-08-05 02:59:18', '1', '2019-08-05 02:59:20', '0');
INSERT INTO `page_layout_fields` (`id`, `page_layout_id`, `type`, `object_field_id`, `label`, `order`, `colspan`, `is_mandatory`, `is_readonly`, `display_mode`, `deleted`, `created_by`, `created_on`, `modified_by`, `modified_on`, `is_with_stars_mask`) VALUES ('ff400edb-58c8-5848-846f-a2242f8bbf77', '1459544f-6310-4975-bc0f-749aacab69c8', 'field', '689cd001-6f9f-11e7-bc2f-e4b318c6b596', '活动城市', '8', '6', '1', '1', 'both', '0', '1', '2019-08-05 02:59:18', '1', '2019-08-05 02:59:21', '0');
INSERT INTO `page_layout_fields` (`id`, `page_layout_id`, `type`, `object_field_id`, `label`, `order`, `colspan`, `is_mandatory`, `is_readonly`, `display_mode`, `deleted`, `created_by`, `created_on`, `modified_by`, `modified_on`, `is_with_stars_mask`) VALUES ('a82864f9-6e69-3b44-9d8f-4fd4116143c2', '2a397209-b538-4be9-a34b-917fb72da029', 'field', '689cd001-6f9f-11e7-bc2f-e4b318c6b596', '活动城市', '8', '6', '1', '1', 'both', '0', '1', '2019-08-05 02:59:18', '1', '2019-08-05 02:59:21', '0');
INSERT INTO `page_layout_fields` (`id`, `page_layout_id`, `type`, `object_field_id`, `label`, `order`, `colspan`, `is_mandatory`, `is_readonly`, `display_mode`, `deleted`, `created_by`, `created_on`, `modified_by`, `modified_on`, `is_with_stars_mask`) VALUES ('ecfdf669-06d2-8240-84e1-6596437f5930', '2a397209-b538-4be9-a34b-917fb72da030', 'field', '689cd001-6f9f-11e7-bc2f-e4b318c6b596', '活动城市', '8', '6', '1', '1', 'both', '0', '1', '2019-08-05 02:59:27', '1', '2019-08-05 02:59:27', '0');
INSERT INTO `page_layout_fields` (`id`, `page_layout_id`, `type`, `object_field_id`, `label`, `order`, `colspan`, `is_mandatory`, `is_readonly`, `display_mode`, `deleted`, `created_by`, `created_on`, `modified_by`, `modified_on`, `is_with_stars_mask`) VALUES ('e838eac2-2b4e-d84e-96ad-c9987d432363', '4053abdf-5690-4a8b-ba63-f29c72057f05', 'field', '689cd001-6f9f-11e7-bc2f-e4b318c6b596', '活动城市', '8', '6', '1', '0', 'both', '0', '1', '2019-08-05 02:59:18', '1', '2019-08-05 02:59:22', '0');
INSERT INTO `page_layout_fields` (`id`, `page_layout_id`, `type`, `object_field_id`, `label`, `order`, `colspan`, `is_mandatory`, `is_readonly`, `display_mode`, `deleted`, `created_by`, `created_on`, `modified_by`, `modified_on`, `is_with_stars_mask`) VALUES ('253c0acf-543a-574e-98ae-629052bcb0c4', '43d6fda3-1c47-42bd-9f4a-23c56fed2757', 'field', '689cd001-6f9f-11e7-bc2f-e4b318c6b596', '活动城市', '8', '6', '1', '0', 'both', '0', '1', '2019-08-05 02:59:18', '1', '2019-08-05 02:59:20', '0');
INSERT INTO `page_layout_fields` (`id`, `page_layout_id`, `type`, `object_field_id`, `label`, `order`, `colspan`, `is_mandatory`, `is_readonly`, `display_mode`, `deleted`, `created_by`, `created_on`, `modified_by`, `modified_on`, `is_with_stars_mask`) VALUES ('033fdfec-ec7f-644e-80ce-4185b3230ecf', '4671365b-7746-408c-92b0-50ae6856cdc6', 'field', '689cd001-6f9f-11e7-bc2f-e4b318c6b596', '活动城市', '8', '6', '1', '1', 'both', '0', '1', '2019-08-05 02:59:18', '1', '2019-08-05 02:59:21', '0');
INSERT INTO `page_layout_fields` (`id`, `page_layout_id`, `type`, `object_field_id`, `label`, `order`, `colspan`, `is_mandatory`, `is_readonly`, `display_mode`, `deleted`, `created_by`, `created_on`, `modified_by`, `modified_on`, `is_with_stars_mask`) VALUES ('736e09a7-282c-7642-9a5d-24d98caa043e', '79eca707-3a5a-40b2-af98-f6bfc666c585', 'field', '689cd001-6f9f-11e7-bc2f-e4b318c6b596', '活动城市', '8', '6', '1', '0', 'both', '0', '1', '2019-08-05 02:59:18', '1', '2019-08-05 02:59:22', '0');
INSERT INTO `page_layout_fields` (`id`, `page_layout_id`, `type`, `object_field_id`, `label`, `order`, `colspan`, `is_mandatory`, `is_readonly`, `display_mode`, `deleted`, `created_by`, `created_on`, `modified_by`, `modified_on`, `is_with_stars_mask`) VALUES ('03200756-6ecc-3147-8f84-0da828123aae', '7b04e7f0-5f6a-11e6-bb52-5cc5d4d378cb', 'field', '689cd001-6f9f-11e7-bc2f-e4b318c6b596', '活动城市', '8', '6', '1', '0', 'both', '0', '1', '2019-08-05 02:59:18', '1', '2019-08-05 02:59:20', '0');
INSERT INTO `page_layout_fields` (`id`, `page_layout_id`, `type`, `object_field_id`, `label`, `order`, `colspan`, `is_mandatory`, `is_readonly`, `display_mode`, `deleted`, `created_by`, `created_on`, `modified_by`, `modified_on`, `is_with_stars_mask`) VALUES ('d1e16a07-ace8-5741-a176-e30232e03a22', '7c15bbb0-5f6a-11e6-a554-5cc5d4d378cb', 'field', '689cd001-6f9f-11e7-bc2f-e4b318c6b596', '活动城市', '8', '6', '1', '0', 'both', '0', '1', '2019-08-05 02:59:18', '1', '2019-08-05 02:59:20', '0');
INSERT INTO `page_layout_fields` (`id`, `page_layout_id`, `type`, `object_field_id`, `label`, `order`, `colspan`, `is_mandatory`, `is_readonly`, `display_mode`, `deleted`, `created_by`, `created_on`, `modified_by`, `modified_on`, `is_with_stars_mask`) VALUES ('5246cd36-5440-834e-b150-61f067af9d75', '7d11f600-5f6a-11e6-b27d-5cc5d4d378cb', 'field', '689cd001-6f9f-11e7-bc2f-e4b318c6b596', '活动城市', '8', '6', '1', '1', 'both', '0', '1', '2019-08-05 02:59:18', '1', '2019-08-05 02:59:21', '0');
INSERT INTO `page_layout_fields` (`id`, `page_layout_id`, `type`, `object_field_id`, `label`, `order`, `colspan`, `is_mandatory`, `is_readonly`, `display_mode`, `deleted`, `created_by`, `created_on`, `modified_by`, `modified_on`, `is_with_stars_mask`) VALUES ('3e485fc1-c353-b448-aa3c-8f4b613631f1', 'bc537adc-4e19-4940-bde6-bfe5e0897202', 'field', '689cd001-6f9f-11e7-bc2f-e4b318c6b596', '活动城市', '8', '6', '1', '1', 'both', '0', '1', '2019-08-05 02:59:18', '1', '2019-08-05 02:59:21', '0');
INSERT INTO `page_layout_fields` (`id`, `page_layout_id`, `type`, `object_field_id`, `label`, `order`, `colspan`, `is_mandatory`, `is_readonly`, `display_mode`, `deleted`, `created_by`, `created_on`, `modified_by`, `modified_on`, `is_with_stars_mask`) VALUES ('86d1889c-c9be-704d-97c6-eec7e900801e', 'dcb147ee-69e2-11e6-9a63-5cc5d4d378cb', 'field', '689cd001-6f9f-11e7-bc2f-e4b318c6b596', '活动城市', '8', '6', '1', '0', 'both', '0', '1', '2019-08-05 02:59:18', '1', '2019-08-05 02:59:20', '0');
INSERT INTO `page_layout_fields` (`id`, `page_layout_id`, `type`, `object_field_id`, `label`, `order`, `colspan`, `is_mandatory`, `is_readonly`, `display_mode`, `deleted`, `created_by`, `created_on`, `modified_by`, `modified_on`, `is_with_stars_mask`) VALUES ('bf37dc75-7014-4a43-bda5-9afa2eff45c0', 'e30c36cf-6836-11e6-aa82-5cc5d4d378cb', 'field', '689cd001-6f9f-11e7-bc2f-e4b318c6b596', '活动城市', '8', '6', '1', '0', 'both', '0', '1', '2019-08-05 02:59:18', '1', '2019-08-05 02:59:20', '0');
INSERT INTO `page_layout_fields` (`id`, `page_layout_id`, `type`, `object_field_id`, `label`, `order`, `colspan`, `is_mandatory`, `is_readonly`, `display_mode`, `deleted`, `created_by`, `created_on`, `modified_by`, `modified_on`, `is_with_stars_mask`) VALUES ('9d88db8b-6bcc-e14a-8633-0eccf521dd85', 'e57e91e8-3e66-4c1f-badf-7a296cb474cb', 'field', '689cd001-6f9f-11e7-bc2f-e4b318c6b596', '活动城市', '8', '6', '1', '0', 'both', '0', '1', '2019-08-05 02:59:18', '1', '2019-08-05 02:59:20', '0');
INSERT INTO `page_layout_fields` (`id`, `page_layout_id`, `type`, `object_field_id`, `label`, `order`, `colspan`, `is_mandatory`, `is_readonly`, `display_mode`, `deleted`, `created_by`, `created_on`, `modified_by`, `modified_on`, `is_with_stars_mask`) VALUES ('175250c5-b5b5-3746-a68e-a803cdf11133', 'f8f8494a-b146-400c-91b3-ab9f3091e1f0', 'field', '689cd001-6f9f-11e7-bc2f-e4b318c6b596', '活动城市', '8', '6', '1', '1', 'both', '0', '1', '2019-08-05 02:59:18', '1', '2019-08-05 02:59:21', '0');
INSERT INTO `page_layout_fields` (`id`, `page_layout_id`, `type`, `object_field_id`, `label`, `order`, `colspan`, `is_mandatory`, `is_readonly`, `display_mode`, `deleted`, `created_by`, `created_on`, `modified_by`, `modified_on`, `is_with_stars_mask`) VALUES ('cf2710bb-7f9c-1547-9a2a-db43bb95ca11', '0b9f751f-1af5-4443-aa1d-d3a9e9560b88', 'field', 'a8e59070-5ed9-11e6-9c89-5cc5d4d378cb', '活动地点', '9', '6', '0', '0', 'both', '0', '1', '2019-08-05 02:59:18', '1', '2019-08-05 02:59:18', '0');
INSERT INTO `page_layout_fields` (`id`, `page_layout_id`, `type`, `object_field_id`, `label`, `order`, `colspan`, `is_mandatory`, `is_readonly`, `display_mode`, `deleted`, `created_by`, `created_on`, `modified_by`, `modified_on`, `is_with_stars_mask`) VALUES ('08155571-fa1a-2c4a-a53b-9f3b8e6f6a52', '1459544f-6310-4975-bc0f-749aacab69c8', 'field', 'a8e59070-5ed9-11e6-9c89-5cc5d4d378cb', '活动地点', '9', '6', '0', '1', 'both', '0', '1', '2019-08-05 02:59:18', '1', '2019-08-05 02:59:21', '0');
INSERT INTO `page_layout_fields` (`id`, `page_layout_id`, `type`, `object_field_id`, `label`, `order`, `colspan`, `is_mandatory`, `is_readonly`, `display_mode`, `deleted`, `created_by`, `created_on`, `modified_by`, `modified_on`, `is_with_stars_mask`) VALUES ('b4ca6c36-9e6d-fb46-a6db-e30b4fb12afd', '2a397209-b538-4be9-a34b-917fb72da029', 'field', 'a8e59070-5ed9-11e6-9c89-5cc5d4d378cb', '活动地点', '9', '6', '0', '1', 'both', '0', '1', '2019-08-05 02:59:18', '1', '2019-08-05 02:59:21', '0');
INSERT INTO `page_layout_fields` (`id`, `page_layout_id`, `type`, `object_field_id`, `label`, `order`, `colspan`, `is_mandatory`, `is_readonly`, `display_mode`, `deleted`, `created_by`, `created_on`, `modified_by`, `modified_on`, `is_with_stars_mask`) VALUES ('5cf219c3-69a7-924e-a7aa-5eaa1c4a15fd', '2a397209-b538-4be9-a34b-917fb72da030', 'field', 'a8e59070-5ed9-11e6-9c89-5cc5d4d378cb', '活动地点', '9', '6', '0', '1', 'both', '0', '1', '2019-08-05 02:59:27', '1', '2019-08-05 02:59:27', '0');
INSERT INTO `page_layout_fields` (`id`, `page_layout_id`, `type`, `object_field_id`, `label`, `order`, `colspan`, `is_mandatory`, `is_readonly`, `display_mode`, `deleted`, `created_by`, `created_on`, `modified_by`, `modified_on`, `is_with_stars_mask`) VALUES ('ff592251-16f6-ad46-91a9-3693924c6a22', '4053abdf-5690-4a8b-ba63-f29c72057f05', 'field', 'a8e59070-5ed9-11e6-9c89-5cc5d4d378cb', '活动地点', '9', '6', '0', '0', 'both', '0', '1', '2019-08-05 02:59:18', '1', '2019-08-05 02:59:22', '0');
INSERT INTO `page_layout_fields` (`id`, `page_layout_id`, `type`, `object_field_id`, `label`, `order`, `colspan`, `is_mandatory`, `is_readonly`, `display_mode`, `deleted`, `created_by`, `created_on`, `modified_by`, `modified_on`, `is_with_stars_mask`) VALUES ('0a3274d9-4c84-ca4b-b78b-3748dc873bd8', '43d6fda3-1c47-42bd-9f4a-23c56fed2757', 'field', 'a8e59070-5ed9-11e6-9c89-5cc5d4d378cb', '活动地点', '9', '6', '0', '0', 'both', '0', '1', '2019-08-05 02:59:18', '1', '2019-08-05 02:59:18', '0');
INSERT INTO `page_layout_fields` (`id`, `page_layout_id`, `type`, `object_field_id`, `label`, `order`, `colspan`, `is_mandatory`, `is_readonly`, `display_mode`, `deleted`, `created_by`, `created_on`, `modified_by`, `modified_on`, `is_with_stars_mask`) VALUES ('45f2fe37-77e6-f842-8a69-5bf6fcaa1d68', '4671365b-7746-408c-92b0-50ae6856cdc6', 'field', 'a8e59070-5ed9-11e6-9c89-5cc5d4d378cb', '活动地点', '9', '6', '0', '1', 'both', '0', '1', '2019-08-05 02:59:18', '1', '2019-08-05 02:59:21', '0');
INSERT INTO `page_layout_fields` (`id`, `page_layout_id`, `type`, `object_field_id`, `label`, `order`, `colspan`, `is_mandatory`, `is_readonly`, `display_mode`, `deleted`, `created_by`, `created_on`, `modified_by`, `modified_on`, `is_with_stars_mask`) VALUES ('1d40046a-d195-054d-87e3-0a0caa459a3c', '79eca707-3a5a-40b2-af98-f6bfc666c585', 'field', 'a8e59070-5ed9-11e6-9c89-5cc5d4d378cb', '活动地点', '9', '6', '0', '0', 'both', '0', '1', '2019-08-05 02:59:18', '1', '2019-08-05 02:59:22', '0');
INSERT INTO `page_layout_fields` (`id`, `page_layout_id`, `type`, `object_field_id`, `label`, `order`, `colspan`, `is_mandatory`, `is_readonly`, `display_mode`, `deleted`, `created_by`, `created_on`, `modified_by`, `modified_on`, `is_with_stars_mask`) VALUES ('d6c434ef-86dd-744d-b854-621c21937ac9', '7b04e7f0-5f6a-11e6-bb52-5cc5d4d378cb', 'field', 'a8e59070-5ed9-11e6-9c89-5cc5d4d378cb', '活动地点', '9', '6', '0', '0', 'both', '0', '1', '2019-08-05 02:59:18', '1', '2019-08-05 02:59:18', '0');
INSERT INTO `page_layout_fields` (`id`, `page_layout_id`, `type`, `object_field_id`, `label`, `order`, `colspan`, `is_mandatory`, `is_readonly`, `display_mode`, `deleted`, `created_by`, `created_on`, `modified_by`, `modified_on`, `is_with_stars_mask`) VALUES ('a505da92-87a0-724f-8582-d237013d2994', '7c15bbb0-5f6a-11e6-a554-5cc5d4d378cb', 'field', 'a8e59070-5ed9-11e6-9c89-5cc5d4d378cb', '活动地点', '9', '6', '0', '0', 'both', '0', '1', '2019-08-05 02:59:18', '1', '2019-08-05 02:59:18', '0');
INSERT INTO `page_layout_fields` (`id`, `page_layout_id`, `type`, `object_field_id`, `label`, `order`, `colspan`, `is_mandatory`, `is_readonly`, `display_mode`, `deleted`, `created_by`, `created_on`, `modified_by`, `modified_on`, `is_with_stars_mask`) VALUES ('b83b2823-bbc4-6741-a295-4c7d5f9cb5d8', '7d11f600-5f6a-11e6-b27d-5cc5d4d378cb', 'field', 'a8e59070-5ed9-11e6-9c89-5cc5d4d378cb', '活动地点', '9', '6', '0', '1', 'both', '0', '1', '2019-08-05 02:59:18', '1', '2019-08-05 02:59:21', '0');
INSERT INTO `page_layout_fields` (`id`, `page_layout_id`, `type`, `object_field_id`, `label`, `order`, `colspan`, `is_mandatory`, `is_readonly`, `display_mode`, `deleted`, `created_by`, `created_on`, `modified_by`, `modified_on`, `is_with_stars_mask`) VALUES ('35cb41b3-bbfd-414c-833a-4fcc5142c073', 'bc537adc-4e19-4940-bde6-bfe5e0897202', 'field', 'a8e59070-5ed9-11e6-9c89-5cc5d4d378cb', '活动地点', '9', '6', '0', '1', 'both', '0', '1', '2019-08-05 02:59:18', '1', '2019-08-05 02:59:21', '0');
INSERT INTO `page_layout_fields` (`id`, `page_layout_id`, `type`, `object_field_id`, `label`, `order`, `colspan`, `is_mandatory`, `is_readonly`, `display_mode`, `deleted`, `created_by`, `created_on`, `modified_by`, `modified_on`, `is_with_stars_mask`) VALUES ('bec71c2c-95b3-e94a-9c86-b3bf3c99ecd2', 'dcb147ee-69e2-11e6-9a63-5cc5d4d378cb', 'field', 'a8e59070-5ed9-11e6-9c89-5cc5d4d378cb', '活动地点', '9', '6', '0', '0', 'both', '0', '1', '2019-08-05 02:59:18', '1', '2019-08-05 02:59:18', '0');
INSERT INTO `page_layout_fields` (`id`, `page_layout_id`, `type`, `object_field_id`, `label`, `order`, `colspan`, `is_mandatory`, `is_readonly`, `display_mode`, `deleted`, `created_by`, `created_on`, `modified_by`, `modified_on`, `is_with_stars_mask`) VALUES ('51df1451-caf1-1849-99eb-c9bab95a3a2e', 'e30c36cf-6836-11e6-aa82-5cc5d4d378cb', 'field', 'a8e59070-5ed9-11e6-9c89-5cc5d4d378cb', '活动地点', '9', '6', '0', '0', 'both', '0', '1', '2019-08-05 02:59:18', '1', '2019-08-05 02:59:18', '0');
INSERT INTO `page_layout_fields` (`id`, `page_layout_id`, `type`, `object_field_id`, `label`, `order`, `colspan`, `is_mandatory`, `is_readonly`, `display_mode`, `deleted`, `created_by`, `created_on`, `modified_by`, `modified_on`, `is_with_stars_mask`) VALUES ('09a4e2f4-1259-6744-bb13-1746ba8ffc6a', 'e57e91e8-3e66-4c1f-badf-7a296cb474cb', 'field', 'a8e59070-5ed9-11e6-9c89-5cc5d4d378cb', '活动地点', '9', '6', '0', '0', 'both', '0', '1', '2019-08-05 02:59:18', '1', '2019-08-05 02:59:18', '0');
INSERT INTO `page_layout_fields` (`id`, `page_layout_id`, `type`, `object_field_id`, `label`, `order`, `colspan`, `is_mandatory`, `is_readonly`, `display_mode`, `deleted`, `created_by`, `created_on`, `modified_by`, `modified_on`, `is_with_stars_mask`) VALUES ('312f0094-f75a-4e46-82d0-f2e54667600f', 'f8f8494a-b146-400c-91b3-ab9f3091e1f0', 'field', 'a8e59070-5ed9-11e6-9c89-5cc5d4d378cb', '活动地点', '9', '6', '0', '1', 'both', '0', '1', '2019-08-05 02:59:18', '1', '2019-08-05 02:59:21', '0');
INSERT INTO `page_layout_fields` (`id`, `page_layout_id`, `type`, `object_field_id`, `label`, `order`, `colspan`, `is_mandatory`, `is_readonly`, `display_mode`, `deleted`, `created_by`, `created_on`, `modified_by`, `modified_on`, `is_with_stars_mask`) VALUES ('c98fc1cb-156d-2b4e-bf70-3388a584c562', '0b9f751f-1af5-4443-aa1d-d3a9e9560b88', 'field', 'cd17018f-5ed9-11e6-8db7-5cc5d4d378cb', '活动日程', '10', '6', '0', '0', 'both', '0', '1', '2019-08-05 02:59:18', '1', '2019-08-05 02:59:23', '0');
INSERT INTO `page_layout_fields` (`id`, `page_layout_id`, `type`, `object_field_id`, `label`, `order`, `colspan`, `is_mandatory`, `is_readonly`, `display_mode`, `deleted`, `created_by`, `created_on`, `modified_by`, `modified_on`, `is_with_stars_mask`) VALUES ('7404d861-9678-7b4a-9b46-d5133353f95a', '1459544f-6310-4975-bc0f-749aacab69c8', 'field', 'cd17018f-5ed9-11e6-8db7-5cc5d4d378cb', '活动日程', '10', '6', '0', '1', 'both', '0', '1', '2019-08-05 02:59:18', '1', '2019-08-05 02:59:23', '0');
INSERT INTO `page_layout_fields` (`id`, `page_layout_id`, `type`, `object_field_id`, `label`, `order`, `colspan`, `is_mandatory`, `is_readonly`, `display_mode`, `deleted`, `created_by`, `created_on`, `modified_by`, `modified_on`, `is_with_stars_mask`) VALUES ('823875f3-4888-644e-bcf3-869a0536a792', '2a397209-b538-4be9-a34b-917fb72da029', 'field', 'cd17018f-5ed9-11e6-8db7-5cc5d4d378cb', '活动日程', '10', '6', '0', '1', 'both', '0', '1', '2019-08-05 02:59:18', '1', '2019-08-05 02:59:23', '0');
INSERT INTO `page_layout_fields` (`id`, `page_layout_id`, `type`, `object_field_id`, `label`, `order`, `colspan`, `is_mandatory`, `is_readonly`, `display_mode`, `deleted`, `created_by`, `created_on`, `modified_by`, `modified_on`, `is_with_stars_mask`) VALUES ('1879ae19-3703-344b-b756-d66a9e59d99e', '2a397209-b538-4be9-a34b-917fb72da030', 'field', 'cd17018f-5ed9-11e6-8db7-5cc5d4d378cb', '活动日程', '10', '6', '0', '1', 'both', '0', '1', '2019-08-05 02:59:27', '1', '2019-08-05 02:59:27', '0');
INSERT INTO `page_layout_fields` (`id`, `page_layout_id`, `type`, `object_field_id`, `label`, `order`, `colspan`, `is_mandatory`, `is_readonly`, `display_mode`, `deleted`, `created_by`, `created_on`, `modified_by`, `modified_on`, `is_with_stars_mask`) VALUES ('db7f8d44-0b4e-9046-aacb-8a2e7a4e6806', '4053abdf-5690-4a8b-ba63-f29c72057f05', 'field', 'cd17018f-5ed9-11e6-8db7-5cc5d4d378cb', '活动日程', '10', '6', '0', '0', 'both', '0', '1', '2019-08-05 02:59:18', '1', '2019-08-05 02:59:23', '0');
INSERT INTO `page_layout_fields` (`id`, `page_layout_id`, `type`, `object_field_id`, `label`, `order`, `colspan`, `is_mandatory`, `is_readonly`, `display_mode`, `deleted`, `created_by`, `created_on`, `modified_by`, `modified_on`, `is_with_stars_mask`) VALUES ('0ac30204-9f80-9a4f-9f08-132de345dd3b', '43d6fda3-1c47-42bd-9f4a-23c56fed2757', 'field', 'cd17018f-5ed9-11e6-8db7-5cc5d4d378cb', '活动日程', '10', '6', '0', '0', 'both', '0', '1', '2019-08-05 02:59:18', '1', '2019-08-05 02:59:23', '0');
INSERT INTO `page_layout_fields` (`id`, `page_layout_id`, `type`, `object_field_id`, `label`, `order`, `colspan`, `is_mandatory`, `is_readonly`, `display_mode`, `deleted`, `created_by`, `created_on`, `modified_by`, `modified_on`, `is_with_stars_mask`) VALUES ('2ece084b-7554-5d46-8d58-1071af1a49d2', '4671365b-7746-408c-92b0-50ae6856cdc6', 'field', 'cd17018f-5ed9-11e6-8db7-5cc5d4d378cb', '活动日程', '10', '6', '0', '1', 'both', '0', '1', '2019-08-05 02:59:18', '1', '2019-08-05 02:59:23', '0');
INSERT INTO `page_layout_fields` (`id`, `page_layout_id`, `type`, `object_field_id`, `label`, `order`, `colspan`, `is_mandatory`, `is_readonly`, `display_mode`, `deleted`, `created_by`, `created_on`, `modified_by`, `modified_on`, `is_with_stars_mask`) VALUES ('c89b0488-e524-d548-84b3-eb9bfbc6df0c', '79eca707-3a5a-40b2-af98-f6bfc666c585', 'field', 'cd17018f-5ed9-11e6-8db7-5cc5d4d378cb', '活动日程', '10', '6', '0', '0', 'both', '0', '1', '2019-08-05 02:59:18', '1', '2019-08-05 02:59:23', '0');
INSERT INTO `page_layout_fields` (`id`, `page_layout_id`, `type`, `object_field_id`, `label`, `order`, `colspan`, `is_mandatory`, `is_readonly`, `display_mode`, `deleted`, `created_by`, `created_on`, `modified_by`, `modified_on`, `is_with_stars_mask`) VALUES ('d11ab1bf-0931-134a-ac51-bedcf63229fc', '7b04e7f0-5f6a-11e6-bb52-5cc5d4d378cb', 'field', 'cd17018f-5ed9-11e6-8db7-5cc5d4d378cb', '活动日程', '10', '6', '0', '0', 'both', '0', '1', '2019-08-05 02:59:18', '1', '2019-08-05 02:59:23', '0');
INSERT INTO `page_layout_fields` (`id`, `page_layout_id`, `type`, `object_field_id`, `label`, `order`, `colspan`, `is_mandatory`, `is_readonly`, `display_mode`, `deleted`, `created_by`, `created_on`, `modified_by`, `modified_on`, `is_with_stars_mask`) VALUES ('1570df84-9f7a-0a4f-a9a9-94e59c2e98d3', '7c15bbb0-5f6a-11e6-a554-5cc5d4d378cb', 'field', 'cd17018f-5ed9-11e6-8db7-5cc5d4d378cb', '活动日程', '10', '6', '0', '0', 'both', '0', '1', '2019-08-05 02:59:18', '1', '2019-08-05 02:59:23', '0');
INSERT INTO `page_layout_fields` (`id`, `page_layout_id`, `type`, `object_field_id`, `label`, `order`, `colspan`, `is_mandatory`, `is_readonly`, `display_mode`, `deleted`, `created_by`, `created_on`, `modified_by`, `modified_on`, `is_with_stars_mask`) VALUES ('1f5078ab-20bb-1e47-ae31-dffca2d12631', '7d11f600-5f6a-11e6-b27d-5cc5d4d378cb', 'field', 'cd17018f-5ed9-11e6-8db7-5cc5d4d378cb', '活动日程', '10', '6', '0', '1', 'both', '0', '1', '2019-08-05 02:59:18', '1', '2019-08-05 02:59:23', '0');
INSERT INTO `page_layout_fields` (`id`, `page_layout_id`, `type`, `object_field_id`, `label`, `order`, `colspan`, `is_mandatory`, `is_readonly`, `display_mode`, `deleted`, `created_by`, `created_on`, `modified_by`, `modified_on`, `is_with_stars_mask`) VALUES ('67079778-61e7-9a4a-863f-d3656ceb3df3', 'bc537adc-4e19-4940-bde6-bfe5e0897202', 'field', 'cd17018f-5ed9-11e6-8db7-5cc5d4d378cb', '活动日程', '10', '6', '0', '1', 'both', '0', '1', '2019-08-05 02:59:18', '1', '2019-08-05 02:59:23', '0');
INSERT INTO `page_layout_fields` (`id`, `page_layout_id`, `type`, `object_field_id`, `label`, `order`, `colspan`, `is_mandatory`, `is_readonly`, `display_mode`, `deleted`, `created_by`, `created_on`, `modified_by`, `modified_on`, `is_with_stars_mask`) VALUES ('b75b752a-88a0-4e4b-9059-85a3edc135c5', 'dcb147ee-69e2-11e6-9a63-5cc5d4d378cb', 'field', 'cd17018f-5ed9-11e6-8db7-5cc5d4d378cb', '活动日程', '10', '6', '0', '0', 'both', '0', '1', '2019-08-05 02:59:18', '1', '2019-08-05 02:59:23', '0');
INSERT INTO `page_layout_fields` (`id`, `page_layout_id`, `type`, `object_field_id`, `label`, `order`, `colspan`, `is_mandatory`, `is_readonly`, `display_mode`, `deleted`, `created_by`, `created_on`, `modified_by`, `modified_on`, `is_with_stars_mask`) VALUES ('11e34bbd-c3ef-8543-b007-814d2c2ff235', 'e30c36cf-6836-11e6-aa82-5cc5d4d378cb', 'field', 'cd17018f-5ed9-11e6-8db7-5cc5d4d378cb', '活动日程', '10', '6', '0', '0', 'both', '0', '1', '2019-08-05 02:59:18', '1', '2019-08-05 02:59:23', '0');
INSERT INTO `page_layout_fields` (`id`, `page_layout_id`, `type`, `object_field_id`, `label`, `order`, `colspan`, `is_mandatory`, `is_readonly`, `display_mode`, `deleted`, `created_by`, `created_on`, `modified_by`, `modified_on`, `is_with_stars_mask`) VALUES ('ed4c1568-989b-b147-8957-ff3a767faa94', 'e57e91e8-3e66-4c1f-badf-7a296cb474cb', 'field', 'cd17018f-5ed9-11e6-8db7-5cc5d4d378cb', '活动日程', '10', '6', '0', '0', 'both', '0', '1', '2019-08-05 02:59:18', '1', '2019-08-05 02:59:23', '0');
INSERT INTO `page_layout_fields` (`id`, `page_layout_id`, `type`, `object_field_id`, `label`, `order`, `colspan`, `is_mandatory`, `is_readonly`, `display_mode`, `deleted`, `created_by`, `created_on`, `modified_by`, `modified_on`, `is_with_stars_mask`) VALUES ('5b64f61a-cc71-c74f-9009-93a09148a7d6', 'f8f8494a-b146-400c-91b3-ab9f3091e1f0', 'field', 'cd17018f-5ed9-11e6-8db7-5cc5d4d378cb', '活动日程', '10', '6', '0', '1', 'both', '0', '1', '2019-08-05 02:59:18', '1', '2019-08-05 02:59:23', '0');
INSERT INTO `page_layout_fields` (`id`, `page_layout_id`, `type`, `object_field_id`, `label`, `order`, `colspan`, `is_mandatory`, `is_readonly`, `display_mode`, `deleted`, `created_by`, `created_on`, `modified_by`, `modified_on`, `is_with_stars_mask`) VALUES ('2a488ae2-ade5-ac42-b441-70e18adc149f', '0b9f751f-1af5-4443-aa1d-d3a9e9560b88', 'field', '0058228f-36c6-11e7-ac35-34f39ab71988', '活动产品', '11', '6', '1', '0', 'both', '0', '1', '2019-08-05 02:59:18', '1', '2019-08-05 02:59:18', '0');
INSERT INTO `page_layout_fields` (`id`, `page_layout_id`, `type`, `object_field_id`, `label`, `order`, `colspan`, `is_mandatory`, `is_readonly`, `display_mode`, `deleted`, `created_by`, `created_on`, `modified_by`, `modified_on`, `is_with_stars_mask`) VALUES ('3ee3f280-f3b6-c548-bcb1-6b6a49b706cb', '1459544f-6310-4975-bc0f-749aacab69c8', 'field', '0058228f-36c6-11e7-ac35-34f39ab71988', '活动产品', '11', '6', '1', '1', 'both', '0', '1', '2019-08-05 02:59:18', '1', '2019-08-05 02:59:21', '0');
INSERT INTO `page_layout_fields` (`id`, `page_layout_id`, `type`, `object_field_id`, `label`, `order`, `colspan`, `is_mandatory`, `is_readonly`, `display_mode`, `deleted`, `created_by`, `created_on`, `modified_by`, `modified_on`, `is_with_stars_mask`) VALUES ('cae6a4a7-5aca-9e41-9ce5-5b937c8276da', '2a397209-b538-4be9-a34b-917fb72da029', 'field', '0058228f-36c6-11e7-ac35-34f39ab71988', '活动产品', '11', '6', '1', '1', 'both', '0', '1', '2019-08-05 02:59:18', '1', '2019-08-05 02:59:21', '0');
INSERT INTO `page_layout_fields` (`id`, `page_layout_id`, `type`, `object_field_id`, `label`, `order`, `colspan`, `is_mandatory`, `is_readonly`, `display_mode`, `deleted`, `created_by`, `created_on`, `modified_by`, `modified_on`, `is_with_stars_mask`) VALUES ('0b0c8170-89ec-a648-a63e-3ed1735ecc8c', '2a397209-b538-4be9-a34b-917fb72da030', 'field', '0058228f-36c6-11e7-ac35-34f39ab71988', '活动产品', '11', '6', '1', '1', 'both', '0', '1', '2019-08-05 02:59:27', '1', '2019-08-05 02:59:27', '0');
INSERT INTO `page_layout_fields` (`id`, `page_layout_id`, `type`, `object_field_id`, `label`, `order`, `colspan`, `is_mandatory`, `is_readonly`, `display_mode`, `deleted`, `created_by`, `created_on`, `modified_by`, `modified_on`, `is_with_stars_mask`) VALUES ('0e1cd41f-8ae2-e34b-b35c-3126dedd25c6', '4053abdf-5690-4a8b-ba63-f29c72057f05', 'field', '0058228f-36c6-11e7-ac35-34f39ab71988', '活动产品', '11', '6', '1', '0', 'both', '0', '1', '2019-08-05 02:59:18', '1', '2019-08-05 02:59:22', '0');
INSERT INTO `page_layout_fields` (`id`, `page_layout_id`, `type`, `object_field_id`, `label`, `order`, `colspan`, `is_mandatory`, `is_readonly`, `display_mode`, `deleted`, `created_by`, `created_on`, `modified_by`, `modified_on`, `is_with_stars_mask`) VALUES ('66ada53b-911f-264a-bae1-bea287fff70c', '43d6fda3-1c47-42bd-9f4a-23c56fed2757', 'field', '0058228f-36c6-11e7-ac35-34f39ab71988', '活动产品', '11', '6', '1', '0', 'both', '0', '1', '2019-08-05 02:59:18', '1', '2019-08-05 02:59:18', '0');
INSERT INTO `page_layout_fields` (`id`, `page_layout_id`, `type`, `object_field_id`, `label`, `order`, `colspan`, `is_mandatory`, `is_readonly`, `display_mode`, `deleted`, `created_by`, `created_on`, `modified_by`, `modified_on`, `is_with_stars_mask`) VALUES ('13a3ba70-ce52-e848-9af6-b8c46d0f03e1', '4671365b-7746-408c-92b0-50ae6856cdc6', 'field', '0058228f-36c6-11e7-ac35-34f39ab71988', '活动产品', '11', '6', '1', '1', 'both', '0', '1', '2019-08-05 02:59:18', '1', '2019-08-05 02:59:21', '0');
INSERT INTO `page_layout_fields` (`id`, `page_layout_id`, `type`, `object_field_id`, `label`, `order`, `colspan`, `is_mandatory`, `is_readonly`, `display_mode`, `deleted`, `created_by`, `created_on`, `modified_by`, `modified_on`, `is_with_stars_mask`) VALUES ('b79c808a-1b60-1649-a88a-812d1f1f5c09', '79eca707-3a5a-40b2-af98-f6bfc666c585', 'field', '0058228f-36c6-11e7-ac35-34f39ab71988', '活动产品', '11', '6', '1', '0', 'both', '0', '1', '2019-08-05 02:59:18', '1', '2019-08-05 02:59:22', '0');
INSERT INTO `page_layout_fields` (`id`, `page_layout_id`, `type`, `object_field_id`, `label`, `order`, `colspan`, `is_mandatory`, `is_readonly`, `display_mode`, `deleted`, `created_by`, `created_on`, `modified_by`, `modified_on`, `is_with_stars_mask`) VALUES ('f4ee1b82-0e89-034f-bf5b-3a78d93b76f6', '7b04e7f0-5f6a-11e6-bb52-5cc5d4d378cb', 'field', '0058228f-36c6-11e7-ac35-34f39ab71988', '活动产品', '11', '6', '1', '0', 'both', '0', '1', '2019-08-05 02:59:18', '1', '2019-08-05 02:59:18', '0');
INSERT INTO `page_layout_fields` (`id`, `page_layout_id`, `type`, `object_field_id`, `label`, `order`, `colspan`, `is_mandatory`, `is_readonly`, `display_mode`, `deleted`, `created_by`, `created_on`, `modified_by`, `modified_on`, `is_with_stars_mask`) VALUES ('b8694a0c-f6c6-974d-95e5-0212df3244f4', '7c15bbb0-5f6a-11e6-a554-5cc5d4d378cb', 'field', '0058228f-36c6-11e7-ac35-34f39ab71988', '活动产品', '11', '6', '1', '0', 'both', '0', '1', '2019-08-05 02:59:18', '1', '2019-08-05 02:59:18', '0');
INSERT INTO `page_layout_fields` (`id`, `page_layout_id`, `type`, `object_field_id`, `label`, `order`, `colspan`, `is_mandatory`, `is_readonly`, `display_mode`, `deleted`, `created_by`, `created_on`, `modified_by`, `modified_on`, `is_with_stars_mask`) VALUES ('dda31db3-2a33-0b4d-9b99-66d4cd4088d7', '7d11f600-5f6a-11e6-b27d-5cc5d4d378cb', 'field', '0058228f-36c6-11e7-ac35-34f39ab71988', '活动产品', '11', '6', '1', '1', 'both', '0', '1', '2019-08-05 02:59:18', '1', '2019-08-05 02:59:21', '0');
INSERT INTO `page_layout_fields` (`id`, `page_layout_id`, `type`, `object_field_id`, `label`, `order`, `colspan`, `is_mandatory`, `is_readonly`, `display_mode`, `deleted`, `created_by`, `created_on`, `modified_by`, `modified_on`, `is_with_stars_mask`) VALUES ('26fc41d8-b886-1a4e-84cd-f3d643b937dd', 'bc537adc-4e19-4940-bde6-bfe5e0897202', 'field', '0058228f-36c6-11e7-ac35-34f39ab71988', '活动产品', '11', '6', '1', '1', 'both', '0', '1', '2019-08-05 02:59:18', '1', '2019-08-05 02:59:21', '0');
INSERT INTO `page_layout_fields` (`id`, `page_layout_id`, `type`, `object_field_id`, `label`, `order`, `colspan`, `is_mandatory`, `is_readonly`, `display_mode`, `deleted`, `created_by`, `created_on`, `modified_by`, `modified_on`, `is_with_stars_mask`) VALUES ('3259ce1b-bfd6-6f48-bd3c-bbc3248c894e', 'dcb147ee-69e2-11e6-9a63-5cc5d4d378cb', 'field', '0058228f-36c6-11e7-ac35-34f39ab71988', '活动产品', '11', '6', '1', '0', 'both', '0', '1', '2019-08-05 02:59:18', '1', '2019-08-05 02:59:18', '0');
INSERT INTO `page_layout_fields` (`id`, `page_layout_id`, `type`, `object_field_id`, `label`, `order`, `colspan`, `is_mandatory`, `is_readonly`, `display_mode`, `deleted`, `created_by`, `created_on`, `modified_by`, `modified_on`, `is_with_stars_mask`) VALUES ('ae3f0776-7b86-664f-9940-9f7a67996df8', 'e30c36cf-6836-11e6-aa82-5cc5d4d378cb', 'field', '0058228f-36c6-11e7-ac35-34f39ab71988', '活动产品', '11', '6', '1', '0', 'both', '0', '1', '2019-08-05 02:59:18', '1', '2019-08-05 02:59:18', '0');
INSERT INTO `page_layout_fields` (`id`, `page_layout_id`, `type`, `object_field_id`, `label`, `order`, `colspan`, `is_mandatory`, `is_readonly`, `display_mode`, `deleted`, `created_by`, `created_on`, `modified_by`, `modified_on`, `is_with_stars_mask`) VALUES ('30754425-4a0d-554c-bf69-9cba09a8c51a', 'e57e91e8-3e66-4c1f-badf-7a296cb474cb', 'field', '0058228f-36c6-11e7-ac35-34f39ab71988', '活动产品', '11', '6', '1', '0', 'both', '0', '1', '2019-08-05 02:59:18', '1', '2019-08-05 02:59:18', '0');
INSERT INTO `page_layout_fields` (`id`, `page_layout_id`, `type`, `object_field_id`, `label`, `order`, `colspan`, `is_mandatory`, `is_readonly`, `display_mode`, `deleted`, `created_by`, `created_on`, `modified_by`, `modified_on`, `is_with_stars_mask`) VALUES ('174cff0c-02e7-6e41-a929-99aa180d3864', 'f8f8494a-b146-400c-91b3-ab9f3091e1f0', 'field', '0058228f-36c6-11e7-ac35-34f39ab71988', '活动产品', '11', '6', '1', '1', 'both', '0', '1', '2019-08-05 02:59:18', '1', '2019-08-05 02:59:21', '0');
INSERT INTO `page_layout_fields` (`id`, `page_layout_id`, `type`, `object_field_id`, `label`, `order`, `colspan`, `is_mandatory`, `is_readonly`, `display_mode`, `deleted`, `created_by`, `created_on`, `modified_by`, `modified_on`, `is_with_stars_mask`) VALUES ('36dbcaf7-ab26-6b49-90de-7d31662833b5', '0b9f751f-1af5-4443-aa1d-d3a9e9560b88', 'field', 'eee173de-a59d-dsac-b11b-5cc5d4d378cb', '活动讲者', '12', '12', '1', '0', 'both', '0', '1', '2019-08-05 02:59:18', '1', '2019-08-05 02:59:22', '0');
INSERT INTO `page_layout_fields` (`id`, `page_layout_id`, `type`, `object_field_id`, `label`, `order`, `colspan`, `is_mandatory`, `is_readonly`, `display_mode`, `deleted`, `created_by`, `created_on`, `modified_by`, `modified_on`, `is_with_stars_mask`) VALUES ('f2883c91-e2a1-094c-8261-acffc97d505b', '1459544f-6310-4975-bc0f-749aacab69c8', 'field', 'eee173de-a59d-dsac-b11b-5cc5d4d378cb', '活动讲者', '12', '12', '1', '1', 'both', '0', '1', '2019-08-05 02:59:18', '1', '2019-08-05 02:59:22', '0');
INSERT INTO `page_layout_fields` (`id`, `page_layout_id`, `type`, `object_field_id`, `label`, `order`, `colspan`, `is_mandatory`, `is_readonly`, `display_mode`, `deleted`, `created_by`, `created_on`, `modified_by`, `modified_on`, `is_with_stars_mask`) VALUES ('f82ee748-ad08-674f-a15f-78aa83846f4e', '2a397209-b538-4be9-a34b-917fb72da029', 'field', 'eee173de-a59d-dsac-b11b-5cc5d4d378cb', '活动讲者', '12', '12', '1', '1', 'both', '0', '1', '2019-08-05 02:59:18', '1', '2019-08-05 02:59:22', '0');
INSERT INTO `page_layout_fields` (`id`, `page_layout_id`, `type`, `object_field_id`, `label`, `order`, `colspan`, `is_mandatory`, `is_readonly`, `display_mode`, `deleted`, `created_by`, `created_on`, `modified_by`, `modified_on`, `is_with_stars_mask`) VALUES ('feb47287-38da-7646-8f9e-a0f3a09aec7e', '2a397209-b538-4be9-a34b-917fb72da030', 'field', 'eee173de-a59d-dsac-b11b-5cc5d4d378cb', '活动讲者', '12', '12', '1', '1', 'both', '0', '1', '2019-08-05 02:59:27', '1', '2019-08-05 02:59:27', '0');
INSERT INTO `page_layout_fields` (`id`, `page_layout_id`, `type`, `object_field_id`, `label`, `order`, `colspan`, `is_mandatory`, `is_readonly`, `display_mode`, `deleted`, `created_by`, `created_on`, `modified_by`, `modified_on`, `is_with_stars_mask`) VALUES ('a4e3e0e4-42b7-714d-a60a-5db4b0abb829', '4053abdf-5690-4a8b-ba63-f29c72057f05', 'field', 'eee173de-a59d-dsac-b11b-5cc5d4d378cb', '活动讲者', '12', '12', '1', '0', 'both', '0', '1', '2019-08-05 02:59:18', '1', '2019-08-05 02:59:22', '0');
INSERT INTO `page_layout_fields` (`id`, `page_layout_id`, `type`, `object_field_id`, `label`, `order`, `colspan`, `is_mandatory`, `is_readonly`, `display_mode`, `deleted`, `created_by`, `created_on`, `modified_by`, `modified_on`, `is_with_stars_mask`) VALUES ('90a42174-73d4-dc41-aeed-2244ca729138', '43d6fda3-1c47-42bd-9f4a-23c56fed2757', 'field', 'eee173de-a59d-dsac-b11b-5cc5d4d378cb', '活动讲者', '12', '12', '1', '0', 'both', '0', '1', '2019-08-05 02:59:18', '1', '2019-08-05 02:59:22', '0');
INSERT INTO `page_layout_fields` (`id`, `page_layout_id`, `type`, `object_field_id`, `label`, `order`, `colspan`, `is_mandatory`, `is_readonly`, `display_mode`, `deleted`, `created_by`, `created_on`, `modified_by`, `modified_on`, `is_with_stars_mask`) VALUES ('76df2d96-3c48-0b40-8ee6-64be066ac5d3', '4671365b-7746-408c-92b0-50ae6856cdc6', 'field', 'eee173de-a59d-dsac-b11b-5cc5d4d378cb', '活动讲者', '12', '12', '1', '1', 'both', '0', '1', '2019-08-05 02:59:18', '1', '2019-08-05 02:59:22', '0');
INSERT INTO `page_layout_fields` (`id`, `page_layout_id`, `type`, `object_field_id`, `label`, `order`, `colspan`, `is_mandatory`, `is_readonly`, `display_mode`, `deleted`, `created_by`, `created_on`, `modified_by`, `modified_on`, `is_with_stars_mask`) VALUES ('6d7abf34-2b2c-dd43-ad09-8cbbe818c0e0', '79eca707-3a5a-40b2-af98-f6bfc666c585', 'field', 'eee173de-a59d-dsac-b11b-5cc5d4d378cb', '活动讲者', '12', '12', '1', '0', 'both', '0', '1', '2019-08-05 02:59:18', '1', '2019-08-05 02:59:22', '0');
INSERT INTO `page_layout_fields` (`id`, `page_layout_id`, `type`, `object_field_id`, `label`, `order`, `colspan`, `is_mandatory`, `is_readonly`, `display_mode`, `deleted`, `created_by`, `created_on`, `modified_by`, `modified_on`, `is_with_stars_mask`) VALUES ('89028cd0-353e-884a-8605-7ec64ebf5eb7', '7b04e7f0-5f6a-11e6-bb52-5cc5d4d378cb', 'field', 'eee173de-a59d-dsac-b11b-5cc5d4d378cb', '活动讲者', '12', '12', '1', '0', 'both', '0', '1', '2019-08-05 02:59:18', '1', '2019-08-05 02:59:22', '0');
INSERT INTO `page_layout_fields` (`id`, `page_layout_id`, `type`, `object_field_id`, `label`, `order`, `colspan`, `is_mandatory`, `is_readonly`, `display_mode`, `deleted`, `created_by`, `created_on`, `modified_by`, `modified_on`, `is_with_stars_mask`) VALUES ('a14d77b8-757d-7642-8423-707b781f4590', '7c15bbb0-5f6a-11e6-a554-5cc5d4d378cb', 'field', 'eee173de-a59d-dsac-b11b-5cc5d4d378cb', '活动讲者', '12', '12', '1', '0', 'both', '0', '1', '2019-08-05 02:59:18', '1', '2019-08-05 02:59:22', '0');
INSERT INTO `page_layout_fields` (`id`, `page_layout_id`, `type`, `object_field_id`, `label`, `order`, `colspan`, `is_mandatory`, `is_readonly`, `display_mode`, `deleted`, `created_by`, `created_on`, `modified_by`, `modified_on`, `is_with_stars_mask`) VALUES ('4faad60e-ffe7-dc47-a959-df288d8b4faf', '7d11f600-5f6a-11e6-b27d-5cc5d4d378cb', 'field', 'eee173de-a59d-dsac-b11b-5cc5d4d378cb', '活动讲者', '12', '12', '1', '1', 'both', '0', '1', '2019-08-05 02:59:18', '1', '2019-08-05 02:59:22', '0');
INSERT INTO `page_layout_fields` (`id`, `page_layout_id`, `type`, `object_field_id`, `label`, `order`, `colspan`, `is_mandatory`, `is_readonly`, `display_mode`, `deleted`, `created_by`, `created_on`, `modified_by`, `modified_on`, `is_with_stars_mask`) VALUES ('24e20b75-69cc-5941-a347-778d5ad3094b', 'bc537adc-4e19-4940-bde6-bfe5e0897202', 'field', 'eee173de-a59d-dsac-b11b-5cc5d4d378cb', '活动讲者', '12', '12', '1', '1', 'both', '0', '1', '2019-08-05 02:59:18', '1', '2019-08-05 02:59:22', '0');
INSERT INTO `page_layout_fields` (`id`, `page_layout_id`, `type`, `object_field_id`, `label`, `order`, `colspan`, `is_mandatory`, `is_readonly`, `display_mode`, `deleted`, `created_by`, `created_on`, `modified_by`, `modified_on`, `is_with_stars_mask`) VALUES ('c5c3293e-49bc-2940-8f1b-69062154d1f0', 'dcb147ee-69e2-11e6-9a63-5cc5d4d378cb', 'field', 'eee173de-a59d-dsac-b11b-5cc5d4d378cb', '活动讲者', '12', '12', '1', '0', 'both', '0', '1', '2019-08-05 02:59:18', '1', '2019-08-05 02:59:22', '0');
INSERT INTO `page_layout_fields` (`id`, `page_layout_id`, `type`, `object_field_id`, `label`, `order`, `colspan`, `is_mandatory`, `is_readonly`, `display_mode`, `deleted`, `created_by`, `created_on`, `modified_by`, `modified_on`, `is_with_stars_mask`) VALUES ('4ab2a97d-a3c0-6242-8893-a931ed2dd15c', 'e30c36cf-6836-11e6-aa82-5cc5d4d378cb', 'field', 'eee173de-a59d-dsac-b11b-5cc5d4d378cb', '活动讲者', '12', '12', '1', '0', 'both', '0', '1', '2019-08-05 02:59:18', '1', '2019-08-05 02:59:22', '0');
INSERT INTO `page_layout_fields` (`id`, `page_layout_id`, `type`, `object_field_id`, `label`, `order`, `colspan`, `is_mandatory`, `is_readonly`, `display_mode`, `deleted`, `created_by`, `created_on`, `modified_by`, `modified_on`, `is_with_stars_mask`) VALUES ('262941df-bc57-7748-8f19-11919535e791', 'e57e91e8-3e66-4c1f-badf-7a296cb474cb', 'field', 'eee173de-a59d-dsac-b11b-5cc5d4d378cb', '活动讲者', '12', '12', '1', '0', 'both', '0', '1', '2019-08-05 02:59:18', '1', '2019-08-05 02:59:22', '0');
INSERT INTO `page_layout_fields` (`id`, `page_layout_id`, `type`, `object_field_id`, `label`, `order`, `colspan`, `is_mandatory`, `is_readonly`, `display_mode`, `deleted`, `created_by`, `created_on`, `modified_by`, `modified_on`, `is_with_stars_mask`) VALUES ('38a66870-fd1f-df46-9485-b612da4c1cbb', 'f8f8494a-b146-400c-91b3-ab9f3091e1f0', 'field', 'eee173de-a59d-dsac-b11b-5cc5d4d378cb', '活动讲者', '12', '12', '1', '1', 'both', '0', '1', '2019-08-05 02:59:18', '1', '2019-08-05 02:59:22', '0');
INSERT INTO `page_layout_fields` (`id`, `page_layout_id`, `type`, `object_field_id`, `label`, `order`, `colspan`, `is_mandatory`, `is_readonly`, `display_mode`, `deleted`, `created_by`, `created_on`, `modified_by`, `modified_on`, `is_with_stars_mask`, `disable_click`) VALUES ('6411d860-bde8-2247-ae83-07464dff5847', '0b9f751f-1af5-4443-aa1d-d3a9e9560b88', 'field', '42bf888f-639e-11e6-94ed-5cc5d4d378cb', '协办人', '13', '6', '0', '0', 'both', '0', '1', '2019-08-05 02:59:18', '1', '2019-08-05 02:59:21', '0', '1');
INSERT INTO `page_layout_fields` (`id`, `page_layout_id`, `type`, `object_field_id`, `label`, `order`, `colspan`, `is_mandatory`, `is_readonly`, `display_mode`, `deleted`, `created_by`, `created_on`, `modified_by`, `modified_on`, `is_with_stars_mask`, `disable_click`) VALUES ('e6b1f1a0-1c05-0247-9939-377f72ceba3d', '1459544f-6310-4975-bc0f-749aacab69c8', 'field', '42bf888f-639e-11e6-94ed-5cc5d4d378cb', '协办人', '13', '6', '0', '1', 'both', '0', '1', '2019-08-05 02:59:18', '1', '2019-08-05 02:59:21', '0', '1');
INSERT INTO `page_layout_fields` (`id`, `page_layout_id`, `type`, `object_field_id`, `label`, `order`, `colspan`, `is_mandatory`, `is_readonly`, `display_mode`, `deleted`, `created_by`, `created_on`, `modified_by`, `modified_on`, `is_with_stars_mask`) VALUES ('a48c7792-e7c8-aa49-8e1b-d624ef959b47', '2a397209-b538-4be9-a34b-917fb72da029', 'field', '42bf888f-639e-11e6-94ed-5cc5d4d378cb', '协办人', '13', '6', '0', '1', 'both', '0', '1', '2019-08-05 02:59:18', '1', '2019-08-05 02:59:21', '0');
INSERT INTO `page_layout_fields` (`id`, `page_layout_id`, `type`, `object_field_id`, `label`, `order`, `colspan`, `is_mandatory`, `is_readonly`, `display_mode`, `deleted`, `created_by`, `created_on`, `modified_by`, `modified_on`, `is_with_stars_mask`) VALUES ('0a2031dc-c824-bb45-9aa5-77e800e89344', '2a397209-b538-4be9-a34b-917fb72da030', 'field', '42bf888f-639e-11e6-94ed-5cc5d4d378cb', '协办人', '13', '6', '0', '1', 'both', '0', '1', '2019-08-05 02:59:27', '1', '2019-08-05 02:59:27', '0');
INSERT INTO `page_layout_fields` (`id`, `page_layout_id`, `type`, `object_field_id`, `label`, `order`, `colspan`, `is_mandatory`, `is_readonly`, `display_mode`, `deleted`, `created_by`, `created_on`, `modified_by`, `modified_on`, `is_with_stars_mask`, `disable_click`) VALUES ('fc29c646-2319-6c4c-84df-70d589ced430', '4053abdf-5690-4a8b-ba63-f29c72057f05', 'field', '42bf888f-639e-11e6-94ed-5cc5d4d378cb', '协办人', '13', '6', '0', '1', 'both', '0', '1', '2019-08-05 02:59:18', '1', '2019-08-05 02:59:21', '0', '1');
INSERT INTO `page_layout_fields` (`id`, `page_layout_id`, `type`, `object_field_id`, `label`, `order`, `colspan`, `is_mandatory`, `is_readonly`, `display_mode`, `deleted`, `created_by`, `created_on`, `modified_by`, `modified_on`, `is_with_stars_mask`, `disable_click`) VALUES ('95d1cbbe-cd25-8644-9a60-937c469c9608', '43d6fda3-1c47-42bd-9f4a-23c56fed2757', 'field', '42bf888f-639e-11e6-94ed-5cc5d4d378cb', '协办人', '13', '6', '0', '0', 'both', '0', '1', '2019-08-05 02:59:18', '1', '2019-08-05 02:59:21', '0', '1');
INSERT INTO `page_layout_fields` (`id`, `page_layout_id`, `type`, `object_field_id`, `label`, `order`, `colspan`, `is_mandatory`, `is_readonly`, `display_mode`, `deleted`, `created_by`, `created_on`, `modified_by`, `modified_on`, `is_with_stars_mask`, `disable_click`) VALUES ('15f3fffa-c0a5-f846-bfca-2ed5b6af600f', '4671365b-7746-408c-92b0-50ae6856cdc6', 'field', '42bf888f-639e-11e6-94ed-5cc5d4d378cb', '协办人', '13', '6', '0', '1', 'both', '0', '1', '2019-08-05 02:59:18', '1', '2019-08-05 02:59:21', '0', '1');
INSERT INTO `page_layout_fields` (`id`, `page_layout_id`, `type`, `object_field_id`, `label`, `order`, `colspan`, `is_mandatory`, `is_readonly`, `display_mode`, `deleted`, `created_by`, `created_on`, `modified_by`, `modified_on`, `is_with_stars_mask`, `disable_click`) VALUES ('cd096e2d-87b6-d844-98ee-29382c19f1b1', '79eca707-3a5a-40b2-af98-f6bfc666c585', 'field', '42bf888f-639e-11e6-94ed-5cc5d4d378cb', '协办人', '13', '6', '0', '1', 'both', '0', '1', '2019-08-05 02:59:18', '1', '2019-08-05 02:59:21', '0', '1');
INSERT INTO `page_layout_fields` (`id`, `page_layout_id`, `type`, `object_field_id`, `label`, `order`, `colspan`, `is_mandatory`, `is_readonly`, `display_mode`, `deleted`, `created_by`, `created_on`, `modified_by`, `modified_on`, `is_with_stars_mask`, `disable_click`) VALUES ('1fbcd662-577a-814f-b8de-6da8b4e70a21', '7b04e7f0-5f6a-11e6-bb52-5cc5d4d378cb', 'field', '42bf888f-639e-11e6-94ed-5cc5d4d378cb', '协办人', '13', '6', '0', '0', 'both', '0', '1', '2019-08-05 02:59:18', '1', '2019-08-05 02:59:21', '0', '1');
INSERT INTO `page_layout_fields` (`id`, `page_layout_id`, `type`, `object_field_id`, `label`, `order`, `colspan`, `is_mandatory`, `is_readonly`, `display_mode`, `deleted`, `created_by`, `created_on`, `modified_by`, `modified_on`, `is_with_stars_mask`, `disable_click`) VALUES ('2e01f212-c808-6d49-a024-79c1f4825289', '7c15bbb0-5f6a-11e6-a554-5cc5d4d378cb', 'field', '42bf888f-639e-11e6-94ed-5cc5d4d378cb', '协办人', '13', '6', '0', '0', 'both', '0', '1', '2019-08-05 02:59:18', '1', '2019-08-05 02:59:21', '0', '1');
INSERT INTO `page_layout_fields` (`id`, `page_layout_id`, `type`, `object_field_id`, `label`, `order`, `colspan`, `is_mandatory`, `is_readonly`, `display_mode`, `deleted`, `created_by`, `created_on`, `modified_by`, `modified_on`, `is_with_stars_mask`, `disable_click`) VALUES ('82baff84-e49a-e84f-bc81-d81d1147a9eb', '7d11f600-5f6a-11e6-b27d-5cc5d4d378cb', 'field', '42bf888f-639e-11e6-94ed-5cc5d4d378cb', '协办人', '13', '6', '0', '1', 'both', '0', '1', '2019-08-05 02:59:18', '1', '2019-08-05 02:59:21', '0', '1');
INSERT INTO `page_layout_fields` (`id`, `page_layout_id`, `type`, `object_field_id`, `label`, `order`, `colspan`, `is_mandatory`, `is_readonly`, `display_mode`, `deleted`, `created_by`, `created_on`, `modified_by`, `modified_on`, `is_with_stars_mask`, `disable_click`) VALUES ('c1bb8a18-21ba-1147-a151-44906e6997d3', 'bc537adc-4e19-4940-bde6-bfe5e0897202', 'field', '42bf888f-639e-11e6-94ed-5cc5d4d378cb', '协办人', '13', '6', '0', '1', 'both', '0', '1', '2019-08-05 02:59:18', '1', '2019-08-05 02:59:21', '0', '1');
INSERT INTO `page_layout_fields` (`id`, `page_layout_id`, `type`, `object_field_id`, `label`, `order`, `colspan`, `is_mandatory`, `is_readonly`, `display_mode`, `deleted`, `created_by`, `created_on`, `modified_by`, `modified_on`, `is_with_stars_mask`, `disable_click`) VALUES ('68801431-2325-9c46-8a8c-e9d8232fbfc8', 'dcb147ee-69e2-11e6-9a63-5cc5d4d378cb', 'field', '42bf888f-639e-11e6-94ed-5cc5d4d378cb', '协办人', '13', '6', '0', '0', 'both', '0', '1', '2019-08-05 02:59:18', '1', '2019-08-05 02:59:21', '0', '1');
INSERT INTO `page_layout_fields` (`id`, `page_layout_id`, `type`, `object_field_id`, `label`, `order`, `colspan`, `is_mandatory`, `is_readonly`, `display_mode`, `deleted`, `created_by`, `created_on`, `modified_by`, `modified_on`, `is_with_stars_mask`, `disable_click`) VALUES ('542b49ef-e778-8641-993d-8c2cdb95cc44', 'e30c36cf-6836-11e6-aa82-5cc5d4d378cb', 'field', '42bf888f-639e-11e6-94ed-5cc5d4d378cb', '协办人', '13', '6', '0', '0', 'both', '0', '1', '2019-08-05 02:59:18', '1', '2019-08-05 02:59:21', '0', '1');
INSERT INTO `page_layout_fields` (`id`, `page_layout_id`, `type`, `object_field_id`, `label`, `order`, `colspan`, `is_mandatory`, `is_readonly`, `display_mode`, `deleted`, `created_by`, `created_on`, `modified_by`, `modified_on`, `is_with_stars_mask`) VALUES ('b58d1067-f27e-874c-b329-40076e315454', 'e57e91e8-3e66-4c1f-badf-7a296cb474cb', 'field', '42bf888f-639e-11e6-94ed-5cc5d4d378cb', '协办人', '13', '6', '0', '0', 'both', '0', '1', '2019-08-05 02:59:18', '1', '2019-08-05 02:59:18', '0');
INSERT INTO `page_layout_fields` (`id`, `page_layout_id`, `type`, `object_field_id`, `label`, `order`, `colspan`, `is_mandatory`, `is_readonly`, `display_mode`, `deleted`, `created_by`, `created_on`, `modified_by`, `modified_on`, `is_with_stars_mask`, `disable_click`) VALUES ('9e8d4da1-c45e-0141-a07a-555def0d6391', 'f8f8494a-b146-400c-91b3-ab9f3091e1f0', 'field', '42bf888f-639e-11e6-94ed-5cc5d4d378cb', '协办人', '13', '6', '0', '1', 'both', '0', '1', '2019-08-05 02:59:18', '1', '2019-08-05 02:59:21', '0', '1');
INSERT INTO `page_layout_fields` (`id`, `page_layout_id`, `type`, `object_field_id`, `label`, `order`, `colspan`, `is_mandatory`, `is_readonly`, `display_mode`, `deleted`, `created_by`, `created_on`, `modified_by`, `modified_on`, `is_with_stars_mask`) VALUES ('b6ccddb9-e7b4-5643-a943-53e75c95ae1f', '0b9f751f-1af5-4443-aa1d-d3a9e9560b88', 'field', 'a9772211-5ed9-11e6-b175-5cc5d4d378cb', '总预算', '14', '6', '0', '1', 'view', '0', '1', '2019-08-05 02:59:18', '1', '2019-08-05 02:59:19', '0');
INSERT INTO `page_layout_fields` (`id`, `page_layout_id`, `type`, `object_field_id`, `label`, `order`, `colspan`, `is_mandatory`, `is_readonly`, `display_mode`, `deleted`, `created_by`, `created_on`, `modified_by`, `modified_on`, `is_with_stars_mask`) VALUES ('f75c23de-f798-6c47-ae93-596fe09f6903', '1459544f-6310-4975-bc0f-749aacab69c8', 'field', 'a9772211-5ed9-11e6-b175-5cc5d4d378cb', '总预算', '14', '6', '0', '1', 'view', '0', '1', '2019-08-05 02:59:18', '1', '2019-08-05 02:59:19', '0');
INSERT INTO `page_layout_fields` (`id`, `page_layout_id`, `type`, `object_field_id`, `label`, `order`, `colspan`, `is_mandatory`, `is_readonly`, `display_mode`, `deleted`, `created_by`, `created_on`, `modified_by`, `modified_on`, `is_with_stars_mask`) VALUES ('5ae08aa3-00d6-e64c-8992-6bda93bb58e1', '2a397209-b538-4be9-a34b-917fb72da029', 'field', 'a9772211-5ed9-11e6-b175-5cc5d4d378cb', '总预算', '14', '6', '0', '1', 'view', '0', '1', '2019-08-05 02:59:18', '1', '2019-08-05 02:59:19', '0');
INSERT INTO `page_layout_fields` (`id`, `page_layout_id`, `type`, `object_field_id`, `label`, `order`, `colspan`, `is_mandatory`, `is_readonly`, `display_mode`, `deleted`, `created_by`, `created_on`, `modified_by`, `modified_on`, `is_with_stars_mask`) VALUES ('5ce01f67-c16c-af42-b435-7817493a0423', '2a397209-b538-4be9-a34b-917fb72da030', 'field', 'a9772211-5ed9-11e6-b175-5cc5d4d378cb', '总预算', '14', '6', '0', '1', 'both', '0', '1', '2019-08-05 02:59:27', '1', '2019-08-05 02:59:27', '0');
INSERT INTO `page_layout_fields` (`id`, `page_layout_id`, `type`, `object_field_id`, `label`, `order`, `colspan`, `is_mandatory`, `is_readonly`, `display_mode`, `deleted`, `created_by`, `created_on`, `modified_by`, `modified_on`, `is_with_stars_mask`) VALUES ('ba4b8bea-c4a2-6f49-b012-dec39ce80061', '4053abdf-5690-4a8b-ba63-f29c72057f05', 'field', 'a9772211-5ed9-11e6-b175-5cc5d4d378cb', '总预算', '14', '6', '0', '1', 'view', '0', '1', '2019-08-05 02:59:18', '1', '2019-08-05 02:59:19', '0');
INSERT INTO `page_layout_fields` (`id`, `page_layout_id`, `type`, `object_field_id`, `label`, `order`, `colspan`, `is_mandatory`, `is_readonly`, `display_mode`, `deleted`, `created_by`, `created_on`, `modified_by`, `modified_on`, `is_with_stars_mask`) VALUES ('59d2a13d-3b78-9048-88a6-a85feb3cf31b', '43d6fda3-1c47-42bd-9f4a-23c56fed2757', 'field', 'a9772211-5ed9-11e6-b175-5cc5d4d378cb', '总预算', '14', '6', '0', '1', 'view', '0', '1', '2019-08-05 02:59:18', '1', '2019-08-05 02:59:19', '0');
INSERT INTO `page_layout_fields` (`id`, `page_layout_id`, `type`, `object_field_id`, `label`, `order`, `colspan`, `is_mandatory`, `is_readonly`, `display_mode`, `deleted`, `created_by`, `created_on`, `modified_by`, `modified_on`, `is_with_stars_mask`) VALUES ('bdf9dd83-b181-9a4d-9293-2f85e827e8d6', '4671365b-7746-408c-92b0-50ae6856cdc6', 'field', 'a9772211-5ed9-11e6-b175-5cc5d4d378cb', '总预算', '14', '6', '0', '1', 'view', '0', '1', '2019-08-05 02:59:18', '1', '2019-08-05 02:59:19', '0');
INSERT INTO `page_layout_fields` (`id`, `page_layout_id`, `type`, `object_field_id`, `label`, `order`, `colspan`, `is_mandatory`, `is_readonly`, `display_mode`, `deleted`, `created_by`, `created_on`, `modified_by`, `modified_on`, `is_with_stars_mask`) VALUES ('6c7f2854-f0bb-024b-9541-996c28584a1f', '79eca707-3a5a-40b2-af98-f6bfc666c585', 'field', 'a9772211-5ed9-11e6-b175-5cc5d4d378cb', '总预算', '14', '6', '0', '1', 'view', '0', '1', '2019-08-05 02:59:18', '1', '2019-08-05 02:59:19', '0');
INSERT INTO `page_layout_fields` (`id`, `page_layout_id`, `type`, `object_field_id`, `label`, `order`, `colspan`, `is_mandatory`, `is_readonly`, `display_mode`, `deleted`, `created_by`, `created_on`, `modified_by`, `modified_on`, `is_with_stars_mask`) VALUES ('4fb17f1b-b353-8f4d-b8ee-e9cd6d4c8a75', '7b04e7f0-5f6a-11e6-bb52-5cc5d4d378cb', 'field', 'a9772211-5ed9-11e6-b175-5cc5d4d378cb', '总预算', '14', '6', '0', '1', 'view', '0', '1', '2019-08-05 02:59:18', '1', '2019-08-05 02:59:19', '0');
INSERT INTO `page_layout_fields` (`id`, `page_layout_id`, `type`, `object_field_id`, `label`, `order`, `colspan`, `is_mandatory`, `is_readonly`, `display_mode`, `deleted`, `created_by`, `created_on`, `modified_by`, `modified_on`, `is_with_stars_mask`) VALUES ('09724099-4364-c44a-9433-2641aa9d9255', '7c15bbb0-5f6a-11e6-a554-5cc5d4d378cb', 'field', 'a9772211-5ed9-11e6-b175-5cc5d4d378cb', '总预算', '14', '6', '0', '1', 'view', '0', '1', '2019-08-05 02:59:18', '1', '2019-08-05 02:59:19', '0');
INSERT INTO `page_layout_fields` (`id`, `page_layout_id`, `type`, `object_field_id`, `label`, `order`, `colspan`, `is_mandatory`, `is_readonly`, `display_mode`, `deleted`, `created_by`, `created_on`, `modified_by`, `modified_on`, `is_with_stars_mask`) VALUES ('aee5bc9d-ce17-3548-a152-14c4ce3aa959', '7d11f600-5f6a-11e6-b27d-5cc5d4d378cb', 'field', 'a9772211-5ed9-11e6-b175-5cc5d4d378cb', '总预算', '14', '6', '0', '1', 'view', '0', '1', '2019-08-05 02:59:18', '1', '2019-08-05 02:59:19', '0');
INSERT INTO `page_layout_fields` (`id`, `page_layout_id`, `type`, `object_field_id`, `label`, `order`, `colspan`, `is_mandatory`, `is_readonly`, `display_mode`, `deleted`, `created_by`, `created_on`, `modified_by`, `modified_on`, `is_with_stars_mask`) VALUES ('774f76b6-24fa-c349-b77a-44924f954a1c', 'bc537adc-4e19-4940-bde6-bfe5e0897202', 'field', 'a9772211-5ed9-11e6-b175-5cc5d4d378cb', '总预算', '14', '6', '0', '1', 'view', '0', '1', '2019-08-05 02:59:18', '1', '2019-08-05 02:59:19', '0');
INSERT INTO `page_layout_fields` (`id`, `page_layout_id`, `type`, `object_field_id`, `label`, `order`, `colspan`, `is_mandatory`, `is_readonly`, `display_mode`, `deleted`, `created_by`, `created_on`, `modified_by`, `modified_on`, `is_with_stars_mask`) VALUES ('979b3370-79b6-c741-9ead-cb7560bcc288', 'dcb147ee-69e2-11e6-9a63-5cc5d4d378cb', 'field', 'a9772211-5ed9-11e6-b175-5cc5d4d378cb', '总预算', '14', '6', '0', '1', 'view', '0', '1', '2019-08-05 02:59:18', '1', '2019-08-05 02:59:19', '0');
INSERT INTO `page_layout_fields` (`id`, `page_layout_id`, `type`, `object_field_id`, `label`, `order`, `colspan`, `is_mandatory`, `is_readonly`, `display_mode`, `deleted`, `created_by`, `created_on`, `modified_by`, `modified_on`, `is_with_stars_mask`) VALUES ('675c162e-511f-ec4c-b178-e9e18a7346e2', 'e30c36cf-6836-11e6-aa82-5cc5d4d378cb', 'field', 'a9772211-5ed9-11e6-b175-5cc5d4d378cb', '总预算', '14', '6', '0', '1', 'view', '0', '1', '2019-08-05 02:59:18', '1', '2019-08-05 02:59:19', '0');
INSERT INTO `page_layout_fields` (`id`, `page_layout_id`, `type`, `object_field_id`, `label`, `order`, `colspan`, `is_mandatory`, `is_readonly`, `display_mode`, `deleted`, `created_by`, `created_on`, `modified_by`, `modified_on`, `is_with_stars_mask`) VALUES ('9c038150-a5b4-6548-8749-1969bc3e764a', 'e57e91e8-3e66-4c1f-badf-7a296cb474cb', 'field', 'a9772211-5ed9-11e6-b175-5cc5d4d378cb', '总预算', '14', '6', '0', '1', 'view', '0', '1', '2019-08-05 02:59:18', '1', '2019-08-05 02:59:19', '0');
INSERT INTO `page_layout_fields` (`id`, `page_layout_id`, `type`, `object_field_id`, `label`, `order`, `colspan`, `is_mandatory`, `is_readonly`, `display_mode`, `deleted`, `created_by`, `created_on`, `modified_by`, `modified_on`, `is_with_stars_mask`) VALUES ('5a552d32-cb13-ec42-b8a8-dd6f13ff4ef4', 'f8f8494a-b146-400c-91b3-ab9f3091e1f0', 'field', 'a9772211-5ed9-11e6-b175-5cc5d4d378cb', '总预算', '14', '6', '0', '1', 'view', '0', '1', '2019-08-05 02:59:18', '1', '2019-08-05 02:59:19', '0');
INSERT INTO `page_layout_fields` (`id`, `page_layout_id`, `type`, `object_field_id`, `label`, `order`, `colspan`, `is_mandatory`, `is_readonly`, `display_mode`, `deleted`, `created_by`, `created_on`, `modified_by`, `modified_on`, `is_with_stars_mask`) VALUES ('da4e0b13-9d79-3148-ac46-86c8b8955bcb', '1459544f-6310-4975-bc0f-749aacab69c8', 'field', 'af05679e-5ed9-11e6-ac5c-5cc5d4d378cb', '总费用', '16', '6', '0', '1', 'view', '0', '1', '2019-08-05 02:59:18', '1', '2019-08-05 02:59:19', '0');
INSERT INTO `page_layout_fields` (`id`, `page_layout_id`, `type`, `object_field_id`, `label`, `order`, `colspan`, `is_mandatory`, `is_readonly`, `display_mode`, `deleted`, `created_by`, `created_on`, `modified_by`, `modified_on`, `is_with_stars_mask`) VALUES ('3ed32ec7-da20-f247-a045-759c1b5eaa23', '2a397209-b538-4be9-a34b-917fb72da029', 'field', 'af05679e-5ed9-11e6-ac5c-5cc5d4d378cb', '总费用', '16', '6', '0', '1', 'view', '0', '1', '2019-08-05 02:59:18', '1', '2019-08-05 02:59:19', '0');
INSERT INTO `page_layout_fields` (`id`, `page_layout_id`, `type`, `object_field_id`, `label`, `order`, `colspan`, `is_mandatory`, `is_readonly`, `display_mode`, `deleted`, `created_by`, `created_on`, `modified_by`, `modified_on`, `is_with_stars_mask`) VALUES ('e7cae7ad-be08-c248-94c1-46227549d20b', '2a397209-b538-4be9-a34b-917fb72da030', 'field', 'af05679e-5ed9-11e6-ac5c-5cc5d4d378cb', '总费用', '16', '6', '0', '1', 'both', '0', '1', '2019-08-05 02:59:27', '1', '2019-08-05 02:59:27', '0');
INSERT INTO `page_layout_fields` (`id`, `page_layout_id`, `type`, `object_field_id`, `label`, `order`, `colspan`, `is_mandatory`, `is_readonly`, `display_mode`, `deleted`, `created_by`, `created_on`, `modified_by`, `modified_on`, `is_with_stars_mask`) VALUES ('0ca78708-99a1-9c4a-9f86-0280937f5393', '4053abdf-5690-4a8b-ba63-f29c72057f05', 'field', 'af05679e-5ed9-11e6-ac5c-5cc5d4d378cb', '总费用', '16', '6', '0', '1', 'view', '0', '1', '2019-08-05 02:59:18', '1', '2019-08-05 02:59:19', '0');
INSERT INTO `page_layout_fields` (`id`, `page_layout_id`, `type`, `object_field_id`, `label`, `order`, `colspan`, `is_mandatory`, `is_readonly`, `display_mode`, `deleted`, `created_by`, `created_on`, `modified_by`, `modified_on`, `is_with_stars_mask`) VALUES ('5641230c-2554-994a-a4a4-360be9dc33e1', '4671365b-7746-408c-92b0-50ae6856cdc6', 'field', 'af05679e-5ed9-11e6-ac5c-5cc5d4d378cb', '总费用', '16', '6', '0', '1', 'view', '0', '1', '2019-08-05 02:59:18', '1', '2019-08-05 02:59:19', '0');
INSERT INTO `page_layout_fields` (`id`, `page_layout_id`, `type`, `object_field_id`, `label`, `order`, `colspan`, `is_mandatory`, `is_readonly`, `display_mode`, `deleted`, `created_by`, `created_on`, `modified_by`, `modified_on`, `is_with_stars_mask`) VALUES ('9bd7ce8c-a6a0-0a4c-a81c-6a699b11e494', '79eca707-3a5a-40b2-af98-f6bfc666c585', 'field', 'af05679e-5ed9-11e6-ac5c-5cc5d4d378cb', '总费用', '16', '6', '0', '1', 'view', '0', '1', '2019-08-05 02:59:18', '1', '2019-08-05 02:59:19', '0');
INSERT INTO `page_layout_fields` (`id`, `page_layout_id`, `type`, `object_field_id`, `label`, `order`, `colspan`, `is_mandatory`, `is_readonly`, `display_mode`, `deleted`, `created_by`, `created_on`, `modified_by`, `modified_on`, `is_with_stars_mask`) VALUES ('01110842-f89d-9a41-95fb-ec25d1ba96d5', 'bc537adc-4e19-4940-bde6-bfe5e0897202', 'field', 'af05679e-5ed9-11e6-ac5c-5cc5d4d378cb', '总费用', '16', '6', '0', '1', 'view', '0', '1', '2019-08-05 02:59:18', '1', '2019-08-05 02:59:19', '0');
INSERT INTO `page_layout_fields` (`id`, `page_layout_id`, `type`, `object_field_id`, `label`, `order`, `colspan`, `is_mandatory`, `is_readonly`, `display_mode`, `deleted`, `created_by`, `created_on`, `modified_by`, `modified_on`, `is_with_stars_mask`) VALUES ('bdf13c44-01a3-544f-85fb-f5e9feac42a2', 'f8f8494a-b146-400c-91b3-ab9f3091e1f0', 'field', 'af05679e-5ed9-11e6-ac5c-5cc5d4d378cb', '总费用', '16', '6', '0', '1', 'view', '0', '1', '2019-08-05 02:59:18', '1', '2019-08-05 02:59:19', '0');
INSERT INTO `page_layout_fields` (`id`, `page_layout_id`, `type`, `object_field_id`, `label`, `order`, `colspan`, `is_mandatory`, `is_readonly`, `display_mode`, `deleted`, `created_by`, `created_on`, `modified_by`, `modified_on`, `is_with_stars_mask`) VALUES ('8d3913c5-ae4e-c346-87bc-a07b25393f31', '1459544f-6310-4975-bc0f-749aacab69c8', 'field', 'b0b20630-5ed9-11e6-a51f-5cc5d4d378cb', '参会率', '17', '6', '0', '1', 'view', '1', '1', '2019-08-05 02:59:18', '1', '2019-08-05 02:59:23', '0');
INSERT INTO `page_layout_fields` (`id`, `page_layout_id`, `type`, `object_field_id`, `label`, `order`, `colspan`, `is_mandatory`, `is_readonly`, `display_mode`, `deleted`, `created_by`, `created_on`, `modified_by`, `modified_on`, `is_with_stars_mask`) VALUES ('1325bec3-5fad-a94d-98b6-b9fa3d813b61', '2a397209-b538-4be9-a34b-917fb72da029', 'field', 'b0b20630-5ed9-11e6-a51f-5cc5d4d378cb', '参会率', '17', '6', '0', '1', 'view', '1', '1', '2019-08-05 02:59:18', '1', '2019-08-05 02:59:23', '0');
INSERT INTO `page_layout_fields` (`id`, `page_layout_id`, `type`, `object_field_id`, `label`, `order`, `colspan`, `is_mandatory`, `is_readonly`, `display_mode`, `deleted`, `created_by`, `created_on`, `modified_by`, `modified_on`, `is_with_stars_mask`) VALUES ('257c4504-51fc-3140-8e5d-cfb8af70f400', '2a397209-b538-4be9-a34b-917fb72da030', 'field', 'b0b20630-5ed9-11e6-a51f-5cc5d4d378cb', '参会率', '17', '6', '0', '1', 'both', '0', '1', '2019-08-05 02:59:27', '1', '2019-08-05 02:59:27', '0');
INSERT INTO `page_layout_fields` (`id`, `page_layout_id`, `type`, `object_field_id`, `label`, `order`, `colspan`, `is_mandatory`, `is_readonly`, `display_mode`, `deleted`, `created_by`, `created_on`, `modified_by`, `modified_on`, `is_with_stars_mask`) VALUES ('ca312c05-1c75-254c-bddc-a435e3b76a1f', '4053abdf-5690-4a8b-ba63-f29c72057f05', 'field', 'b0b20630-5ed9-11e6-a51f-5cc5d4d378cb', '参会率', '17', '6', '0', '1', 'view', '1', '1', '2019-08-05 02:59:18', '1', '2019-08-05 02:59:23', '0');
INSERT INTO `page_layout_fields` (`id`, `page_layout_id`, `type`, `object_field_id`, `label`, `order`, `colspan`, `is_mandatory`, `is_readonly`, `display_mode`, `deleted`, `created_by`, `created_on`, `modified_by`, `modified_on`, `is_with_stars_mask`) VALUES ('1b466927-47cf-bc40-ab39-cec4f094b6d9', '4671365b-7746-408c-92b0-50ae6856cdc6', 'field', 'b0b20630-5ed9-11e6-a51f-5cc5d4d378cb', '参会率', '17', '6', '0', '1', 'view', '1', '1', '2019-08-05 02:59:18', '1', '2019-08-05 02:59:23', '0');
INSERT INTO `page_layout_fields` (`id`, `page_layout_id`, `type`, `object_field_id`, `label`, `order`, `colspan`, `is_mandatory`, `is_readonly`, `display_mode`, `deleted`, `created_by`, `created_on`, `modified_by`, `modified_on`, `is_with_stars_mask`) VALUES ('fe186aca-cebc-b24d-a570-a8dd4fd9259f', '79eca707-3a5a-40b2-af98-f6bfc666c585', 'field', 'b0b20630-5ed9-11e6-a51f-5cc5d4d378cb', '参会率', '17', '6', '0', '1', 'view', '1', '1', '2019-08-05 02:59:18', '1', '2019-08-05 02:59:23', '0');
INSERT INTO `page_layout_fields` (`id`, `page_layout_id`, `type`, `object_field_id`, `label`, `order`, `colspan`, `is_mandatory`, `is_readonly`, `display_mode`, `deleted`, `created_by`, `created_on`, `modified_by`, `modified_on`, `is_with_stars_mask`) VALUES ('9e16ccb8-91f4-2b46-a5f9-b073c7ceeb94', 'bc537adc-4e19-4940-bde6-bfe5e0897202', 'field', 'b0b20630-5ed9-11e6-a51f-5cc5d4d378cb', '参会率', '17', '6', '0', '1', 'view', '1', '1', '2019-08-05 02:59:18', '1', '2019-08-05 02:59:23', '0');
INSERT INTO `page_layout_fields` (`id`, `page_layout_id`, `type`, `object_field_id`, `label`, `order`, `colspan`, `is_mandatory`, `is_readonly`, `display_mode`, `deleted`, `created_by`, `created_on`, `modified_by`, `modified_on`, `is_with_stars_mask`) VALUES ('87de78f4-ab0c-7945-8489-b562bff9af9d', 'f8f8494a-b146-400c-91b3-ab9f3091e1f0', 'field', 'b0b20630-5ed9-11e6-a51f-5cc5d4d378cb', '参会率', '17', '6', '0', '1', 'view', '1', '1', '2019-08-05 02:59:18', '1', '2019-08-05 02:59:23', '0');
INSERT INTO `page_layout_fields` (`id`, `page_layout_id`, `type`, `object_field_id`, `label`, `order`, `colspan`, `is_mandatory`, `is_readonly`, `display_mode`, `deleted`, `created_by`, `created_on`, `modified_by`, `modified_on`, `is_with_stars_mask`) VALUES ('84c9a0d4-635f-6843-abb9-ba8cdaadfedc', '1459544f-6310-4975-bc0f-749aacab69c8', 'field', 'dd16e1f2-405d-11e7-9975-34f39ab71988', '预算报销差异率', '18', '6', '0', '1', 'view', '0', '1', '2019-08-05 02:59:18', '1', '2019-08-05 02:59:19', '0');
INSERT INTO `page_layout_fields` (`id`, `page_layout_id`, `type`, `object_field_id`, `label`, `order`, `colspan`, `is_mandatory`, `is_readonly`, `display_mode`, `deleted`, `created_by`, `created_on`, `modified_by`, `modified_on`, `is_with_stars_mask`) VALUES ('691994f5-a0a1-444c-a9b1-081ba1e898d5', '2a397209-b538-4be9-a34b-917fb72da029', 'field', 'dd16e1f2-405d-11e7-9975-34f39ab71988', '预算报销差异率', '18', '6', '0', '1', 'view', '0', '1', '2019-08-05 02:59:18', '1', '2019-08-05 02:59:19', '0');
INSERT INTO `page_layout_fields` (`id`, `page_layout_id`, `type`, `object_field_id`, `label`, `order`, `colspan`, `is_mandatory`, `is_readonly`, `display_mode`, `deleted`, `created_by`, `created_on`, `modified_by`, `modified_on`, `is_with_stars_mask`) VALUES ('4e860bbb-3963-9b48-bb8b-b16bd049170e', '2a397209-b538-4be9-a34b-917fb72da030', 'field', 'dd16e1f2-405d-11e7-9975-34f39ab71988', '预算报销差异率', '18', '6', '0', '1', 'both', '0', '1', '2019-08-05 02:59:27', '1', '2019-08-05 02:59:27', '0');
INSERT INTO `page_layout_fields` (`id`, `page_layout_id`, `type`, `object_field_id`, `label`, `order`, `colspan`, `is_mandatory`, `is_readonly`, `display_mode`, `deleted`, `created_by`, `created_on`, `modified_by`, `modified_on`, `is_with_stars_mask`) VALUES ('20e89715-2ebc-4d49-b39d-3b80d9ff1a5f', '4053abdf-5690-4a8b-ba63-f29c72057f05', 'field', 'dd16e1f2-405d-11e7-9975-34f39ab71988', '预算报销差异率', '18', '6', '0', '1', 'view', '0', '1', '2019-08-05 02:59:18', '1', '2019-08-05 02:59:19', '0');
INSERT INTO `page_layout_fields` (`id`, `page_layout_id`, `type`, `object_field_id`, `label`, `order`, `colspan`, `is_mandatory`, `is_readonly`, `display_mode`, `deleted`, `created_by`, `created_on`, `modified_by`, `modified_on`, `is_with_stars_mask`) VALUES ('45506c3c-8ab8-4d47-91bb-4a2aedb6e350', '4671365b-7746-408c-92b0-50ae6856cdc6', 'field', 'dd16e1f2-405d-11e7-9975-34f39ab71988', '预算报销差异率', '18', '6', '0', '1', 'view', '0', '1', '2019-08-05 02:59:18', '1', '2019-08-05 02:59:19', '0');
INSERT INTO `page_layout_fields` (`id`, `page_layout_id`, `type`, `object_field_id`, `label`, `order`, `colspan`, `is_mandatory`, `is_readonly`, `display_mode`, `deleted`, `created_by`, `created_on`, `modified_by`, `modified_on`, `is_with_stars_mask`) VALUES ('70f8cc15-2909-bd41-aeae-90088829f920', '79eca707-3a5a-40b2-af98-f6bfc666c585', 'field', 'dd16e1f2-405d-11e7-9975-34f39ab71988', '预算报销差异率', '18', '6', '0', '1', 'view', '0', '1', '2019-08-05 02:59:18', '1', '2019-08-05 02:59:19', '0');
INSERT INTO `page_layout_fields` (`id`, `page_layout_id`, `type`, `object_field_id`, `label`, `order`, `colspan`, `is_mandatory`, `is_readonly`, `display_mode`, `deleted`, `created_by`, `created_on`, `modified_by`, `modified_on`, `is_with_stars_mask`) VALUES ('4d1d59d1-0a74-d544-9539-f69d3fb50b6f', 'bc537adc-4e19-4940-bde6-bfe5e0897202', 'field', 'dd16e1f2-405d-11e7-9975-34f39ab71988', '预算报销差异率', '18', '6', '0', '1', 'view', '0', '1', '2019-08-05 02:59:18', '1', '2019-08-05 02:59:19', '0');
INSERT INTO `page_layout_fields` (`id`, `page_layout_id`, `type`, `object_field_id`, `label`, `order`, `colspan`, `is_mandatory`, `is_readonly`, `display_mode`, `deleted`, `created_by`, `created_on`, `modified_by`, `modified_on`, `is_with_stars_mask`) VALUES ('799520c7-faf0-a24d-8724-1ba03344a931', 'f8f8494a-b146-400c-91b3-ab9f3091e1f0', 'field', 'dd16e1f2-405d-11e7-9975-34f39ab71988', '预算报销差异率', '18', '6', '0', '1', 'view', '0', '1', '2019-08-05 02:59:18', '1', '2019-08-05 02:59:19', '0');
INSERT INTO `page_layout_fields` (`id`, `page_layout_id`, `type`, `object_field_id`, `label`, `order`, `colspan`, `is_mandatory`, `is_readonly`, `display_mode`, `deleted`, `created_by`, `created_on`, `modified_by`, `modified_on`, `is_with_stars_mask`) VALUES ('ee8fc190-61c4-2348-b857-9e41f6a4ec62', '1459544f-6310-4975-bc0f-749aacab69c8', 'field', '3c79980b-ee5c-49da-8c40-38c025ba5e22', 'GPS签到和签到时间记录', '19', '6', '0', '0', 'both', '0', '1', '2019-08-05 02:59:18', '1', '2019-08-05 02:59:21', '0');
INSERT INTO `page_layout_fields` (`id`, `page_layout_id`, `type`, `object_field_id`, `label`, `order`, `colspan`, `is_mandatory`, `is_readonly`, `display_mode`, `deleted`, `created_by`, `created_on`, `modified_by`, `modified_on`, `is_with_stars_mask`) VALUES ('3cff87a0-8967-9147-8b0e-0e47244de71b', '2a397209-b538-4be9-a34b-917fb72da029', 'field', '3c79980b-ee5c-49da-8c40-38c025ba5e22', 'GPS签到和签到时间记录', '19', '6', '0', '0', 'both', '0', '1', '2019-08-05 02:59:18', '1', '2019-08-05 02:59:21', '0');
INSERT INTO `page_layout_fields` (`id`, `page_layout_id`, `type`, `object_field_id`, `label`, `order`, `colspan`, `is_mandatory`, `is_readonly`, `display_mode`, `deleted`, `created_by`, `created_on`, `modified_by`, `modified_on`, `is_with_stars_mask`) VALUES ('fbbcc9e0-fe5b-2348-9523-4cc58137c292', '2a397209-b538-4be9-a34b-917fb72da030', 'field', '3c79980b-ee5c-49da-8c40-38c025ba5e22', 'GPS签到和签到时间记录', '19', '6', '0', '1', 'both', '0', '1', '2019-08-05 02:59:27', '1', '2019-08-05 02:59:27', '0');
INSERT INTO `page_layout_fields` (`id`, `page_layout_id`, `type`, `object_field_id`, `label`, `order`, `colspan`, `is_mandatory`, `is_readonly`, `display_mode`, `deleted`, `created_by`, `created_on`, `modified_by`, `modified_on`, `is_with_stars_mask`) VALUES ('31c43c7a-0f55-db43-8b61-b02a722e59f8', '4053abdf-5690-4a8b-ba63-f29c72057f05', 'field', '3c79980b-ee5c-49da-8c40-38c025ba5e22', 'GPS签到和签到时间记录', '19', '6', '0', '0', 'both', '0', '1', '2019-08-05 02:59:18', '1', '2019-08-05 02:59:21', '0');
INSERT INTO `page_layout_fields` (`id`, `page_layout_id`, `type`, `object_field_id`, `label`, `order`, `colspan`, `is_mandatory`, `is_readonly`, `display_mode`, `deleted`, `created_by`, `created_on`, `modified_by`, `modified_on`, `is_with_stars_mask`) VALUES ('0bba03b6-c4b2-4745-adad-6476d06a63f7', '4671365b-7746-408c-92b0-50ae6856cdc6', 'field', '3c79980b-ee5c-49da-8c40-38c025ba5e22', 'GPS签到和签到时间记录', '19', '6', '0', '0', 'both', '0', '1', '2019-08-05 02:59:18', '1', '2019-08-05 02:59:21', '0');
INSERT INTO `page_layout_fields` (`id`, `page_layout_id`, `type`, `object_field_id`, `label`, `order`, `colspan`, `is_mandatory`, `is_readonly`, `display_mode`, `deleted`, `created_by`, `created_on`, `modified_by`, `modified_on`, `is_with_stars_mask`) VALUES ('1180fd73-79d7-8b42-ad01-29b184ee3cc5', '79eca707-3a5a-40b2-af98-f6bfc666c585', 'field', '3c79980b-ee5c-49da-8c40-38c025ba5e22', 'GPS签到和签到时间记录', '19', '6', '0', '0', 'both', '0', '1', '2019-08-05 02:59:18', '1', '2019-08-05 02:59:21', '0');
INSERT INTO `page_layout_fields` (`id`, `page_layout_id`, `type`, `object_field_id`, `label`, `order`, `colspan`, `is_mandatory`, `is_readonly`, `display_mode`, `deleted`, `created_by`, `created_on`, `modified_by`, `modified_on`, `is_with_stars_mask`) VALUES ('cee79e1d-66bd-9e4d-9209-028d2c0c1396', 'bc537adc-4e19-4940-bde6-bfe5e0897202', 'field', '3c79980b-ee5c-49da-8c40-38c025ba5e22', 'GPS签到和签到时间记录', '19', '6', '0', '0', 'both', '0', '1', '2019-08-05 02:59:18', '1', '2019-08-05 02:59:21', '0');
INSERT INTO `page_layout_fields` (`id`, `page_layout_id`, `type`, `object_field_id`, `label`, `order`, `colspan`, `is_mandatory`, `is_readonly`, `display_mode`, `deleted`, `created_by`, `created_on`, `modified_by`, `modified_on`, `is_with_stars_mask`) VALUES ('26061739-e505-9145-b89d-09f247d2b221', 'f8f8494a-b146-400c-91b3-ab9f3091e1f0', 'field', '3c79980b-ee5c-49da-8c40-38c025ba5e22', 'GPS签到和签到时间记录', '19', '6', '0', '0', 'both', '0', '1', '2019-08-05 02:59:18', '1', '2019-08-05 02:59:21', '0');
INSERT INTO `page_layout_fields` (`id`, `page_layout_id`, `type`, `object_field_id`, `label`, `order`, `colspan`, `is_mandatory`, `is_readonly`, `display_mode`, `deleted`, `created_by`, `created_on`, `modified_by`, `modified_on`, `is_with_stars_mask`) VALUES ('0128893f-ce66-2949-8abb-4eda472373f7', '1459544f-6310-4975-bc0f-749aacab69c8', 'field', 'd434fa50-6e01-4474-a51b-27288a7d252e', '活动计划', '26', '6', '0', '1', 'both', '0', '1', '2019-08-05 02:59:18', '1', '2019-08-05 02:59:18', '0');
INSERT INTO `page_layout_fields` (`id`, `page_layout_id`, `type`, `object_field_id`, `label`, `order`, `colspan`, `is_mandatory`, `is_readonly`, `display_mode`, `deleted`, `created_by`, `created_on`, `modified_by`, `modified_on`, `is_with_stars_mask`) VALUES ('ed8d8004-0708-0442-8a8b-e09102c26367', '2a397209-b538-4be9-a34b-917fb72da029', 'field', 'd434fa50-6e01-4474-a51b-27288a7d252e', '活动计划', '26', '6', '0', '1', 'both', '0', '1', '2019-08-05 02:59:18', '1', '2019-08-05 02:59:18', '0');
INSERT INTO `page_layout_fields` (`id`, `page_layout_id`, `type`, `object_field_id`, `label`, `order`, `colspan`, `is_mandatory`, `is_readonly`, `display_mode`, `deleted`, `created_by`, `created_on`, `modified_by`, `modified_on`, `is_with_stars_mask`) VALUES ('4bd9f978-2290-3f4a-b95e-43f7f68f07f8', '2a397209-b538-4be9-a34b-917fb72da030', 'field', 'd434fa50-6e01-4474-a51b-27288a7d252e', '活动计划', '26', '6', '0', '1', 'both', '0', '1', '2019-08-05 02:59:27', '1', '2019-08-05 02:59:27', '0');
INSERT INTO `page_layout_fields` (`id`, `page_layout_id`, `type`, `object_field_id`, `label`, `order`, `colspan`, `is_mandatory`, `is_readonly`, `display_mode`, `deleted`, `created_by`, `created_on`, `modified_by`, `modified_on`, `is_with_stars_mask`) VALUES ('cf6dbc4b-7a50-314e-9f19-fea528b3f3f3', '4053abdf-5690-4a8b-ba63-f29c72057f05', 'field', 'd434fa50-6e01-4474-a51b-27288a7d252e', '活动计划', '26', '6', '0', '1', 'both', '0', '1', '2019-08-05 02:59:18', '1', '2019-08-05 02:59:18', '0');
INSERT INTO `page_layout_fields` (`id`, `page_layout_id`, `type`, `object_field_id`, `label`, `order`, `colspan`, `is_mandatory`, `is_readonly`, `display_mode`, `deleted`, `created_by`, `created_on`, `modified_by`, `modified_on`, `is_with_stars_mask`) VALUES ('7525af7a-7811-ff47-a733-0482d64ae5c4', '4671365b-7746-408c-92b0-50ae6856cdc6', 'field', 'd434fa50-6e01-4474-a51b-27288a7d252e', '活动计划', '26', '6', '0', '1', 'both', '0', '1', '2019-08-05 02:59:18', '1', '2019-08-05 02:59:18', '0');
INSERT INTO `page_layout_fields` (`id`, `page_layout_id`, `type`, `object_field_id`, `label`, `order`, `colspan`, `is_mandatory`, `is_readonly`, `display_mode`, `deleted`, `created_by`, `created_on`, `modified_by`, `modified_on`, `is_with_stars_mask`) VALUES ('a982ccd4-f49d-e14e-a06a-4c1bfee5e2be', '79eca707-3a5a-40b2-af98-f6bfc666c585', 'field', 'd434fa50-6e01-4474-a51b-27288a7d252e', '活动计划', '26', '6', '0', '1', 'both', '0', '1', '2019-08-05 02:59:18', '1', '2019-08-05 02:59:18', '0');
INSERT INTO `page_layout_fields` (`id`, `page_layout_id`, `type`, `object_field_id`, `label`, `order`, `colspan`, `is_mandatory`, `is_readonly`, `display_mode`, `deleted`, `created_by`, `created_on`, `modified_by`, `modified_on`, `is_with_stars_mask`) VALUES ('2ddf9114-15bf-eb40-bb09-5e8d391e7e2e', 'bc537adc-4e19-4940-bde6-bfe5e0897202', 'field', 'd434fa50-6e01-4474-a51b-27288a7d252e', '活动计划', '26', '6', '0', '1', 'both', '0', '1', '2019-08-05 02:59:18', '1', '2019-08-05 02:59:18', '0');
INSERT INTO `page_layout_fields` (`id`, `page_layout_id`, `type`, `object_field_id`, `label`, `order`, `colspan`, `is_mandatory`, `is_readonly`, `display_mode`, `deleted`, `created_by`, `created_on`, `modified_by`, `modified_on`, `is_with_stars_mask`) VALUES ('14b6feab-eb0e-104c-bece-32367d2ee9b2', 'f8f8494a-b146-400c-91b3-ab9f3091e1f0', 'field', 'd434fa50-6e01-4474-a51b-27288a7d252e', '活动计划', '26', '6', '0', '1', 'both', '0', '1', '2019-08-05 02:59:18', '1', '2019-08-05 02:59:18', '0');
INSERT INTO `page_layout_fields` (`id`, `page_layout_id`, `type`, `object_field_id`, `label`, `order`, `colspan`, `is_mandatory`, `is_readonly`, `display_mode`, `deleted`, `created_by`, `created_on`, `modified_by`, `modified_on`, `is_with_stars_mask`) VALUES ('627b2086-3de3-7946-a59b-4a56dc3e8673', '0b9f751f-1af5-4443-aa1d-d3a9e9560b88', 'field', '3ebf1fcc-9cbb-4950-9150-1ac1e12aa5fb', '计划参会人数', '40', '6', '1', '1', 'both', '0', '1', '2019-08-05 02:59:22', '1', '2019-08-05 02:59:22', '0');
INSERT INTO `page_layout_fields` (`id`, `page_layout_id`, `type`, `object_field_id`, `label`, `order`, `colspan`, `is_mandatory`, `is_readonly`, `display_mode`, `deleted`, `created_by`, `created_on`, `modified_by`, `modified_on`, `is_with_stars_mask`) VALUES ('8b1ff9db-5951-b34b-8e76-b7306c16b822', '1459544f-6310-4975-bc0f-749aacab69c8', 'field', '3ebf1fcc-9cbb-4950-9150-1ac1e12aa5fb', '计划参会人数', '40', '6', '0', '1', 'both', '0', '1', '2019-08-05 02:59:22', '1', '2019-08-05 02:59:22', '0');
INSERT INTO `page_layout_fields` (`id`, `page_layout_id`, `type`, `object_field_id`, `label`, `order`, `colspan`, `is_mandatory`, `is_readonly`, `display_mode`, `deleted`, `created_by`, `created_on`, `modified_by`, `modified_on`, `is_with_stars_mask`) VALUES ('876ce1c1-4662-2644-b268-1e8760875d20', '2a397209-b538-4be9-a34b-917fb72da029', 'field', '3ebf1fcc-9cbb-4950-9150-1ac1e12aa5fb', '计划参会人数', '40', '6', '0', '1', 'both', '0', '1', '2019-08-05 02:59:22', '1', '2019-08-05 02:59:22', '0');
INSERT INTO `page_layout_fields` (`id`, `page_layout_id`, `type`, `object_field_id`, `label`, `order`, `colspan`, `is_mandatory`, `is_readonly`, `display_mode`, `deleted`, `created_by`, `created_on`, `modified_by`, `modified_on`, `is_with_stars_mask`) VALUES ('9af0ed75-c172-cc45-b6bb-2f1348fde607', '2a397209-b538-4be9-a34b-917fb72da030', 'field', '3ebf1fcc-9cbb-4950-9150-1ac1e12aa5fb', '计划参会人数', '40', '6', '0', '1', 'both', '0', '1', '2019-08-05 02:59:27', '1', '2019-08-05 02:59:27', '0');
INSERT INTO `page_layout_fields` (`id`, `page_layout_id`, `type`, `object_field_id`, `label`, `order`, `colspan`, `is_mandatory`, `is_readonly`, `display_mode`, `deleted`, `created_by`, `created_on`, `modified_by`, `modified_on`, `is_with_stars_mask`) VALUES ('338cadcd-2a3a-3249-b8b0-bd4597d46171', '4053abdf-5690-4a8b-ba63-f29c72057f05', 'field', '3ebf1fcc-9cbb-4950-9150-1ac1e12aa5fb', '计划参会人数', '40', '6', '0', '1', 'both', '0', '1', '2019-08-05 02:59:22', '1', '2019-08-05 02:59:22', '0');
INSERT INTO `page_layout_fields` (`id`, `page_layout_id`, `type`, `object_field_id`, `label`, `order`, `colspan`, `is_mandatory`, `is_readonly`, `display_mode`, `deleted`, `created_by`, `created_on`, `modified_by`, `modified_on`, `is_with_stars_mask`) VALUES ('8608ff3b-f61f-1541-8b2a-bb361ff3c07a', '43d6fda3-1c47-42bd-9f4a-23c56fed2757', 'field', '3ebf1fcc-9cbb-4950-9150-1ac1e12aa5fb', '计划参会人数', '40', '6', '1', '1', 'both', '0', '1', '2019-08-05 02:59:22', '1', '2019-08-05 02:59:22', '0');
INSERT INTO `page_layout_fields` (`id`, `page_layout_id`, `type`, `object_field_id`, `label`, `order`, `colspan`, `is_mandatory`, `is_readonly`, `display_mode`, `deleted`, `created_by`, `created_on`, `modified_by`, `modified_on`, `is_with_stars_mask`) VALUES ('e2158484-70db-fe43-af46-d2e694b19406', '4671365b-7746-408c-92b0-50ae6856cdc6', 'field', '3ebf1fcc-9cbb-4950-9150-1ac1e12aa5fb', '计划参会人数', '40', '6', '0', '1', 'both', '0', '1', '2019-08-05 02:59:22', '1', '2019-08-05 02:59:22', '0');
INSERT INTO `page_layout_fields` (`id`, `page_layout_id`, `type`, `object_field_id`, `label`, `order`, `colspan`, `is_mandatory`, `is_readonly`, `display_mode`, `deleted`, `created_by`, `created_on`, `modified_by`, `modified_on`, `is_with_stars_mask`) VALUES ('74ee6568-cecb-5847-b1c5-14457f2e204f', '79eca707-3a5a-40b2-af98-f6bfc666c585', 'field', '3ebf1fcc-9cbb-4950-9150-1ac1e12aa5fb', '计划参会人数', '40', '6', '0', '1', 'both', '0', '1', '2019-08-05 02:59:22', '1', '2019-08-05 02:59:22', '0');
INSERT INTO `page_layout_fields` (`id`, `page_layout_id`, `type`, `object_field_id`, `label`, `order`, `colspan`, `is_mandatory`, `is_readonly`, `display_mode`, `deleted`, `created_by`, `created_on`, `modified_by`, `modified_on`, `is_with_stars_mask`) VALUES ('a362c022-b206-c147-91c3-d2f4a2889e48', '7b04e7f0-5f6a-11e6-bb52-5cc5d4d378cb', 'field', '3ebf1fcc-9cbb-4950-9150-1ac1e12aa5fb', '计划参会人数', '40', '6', '1', '0', 'both', '0', '1', '2019-08-05 02:59:22', '1', '2019-08-05 02:59:22', '0');
INSERT INTO `page_layout_fields` (`id`, `page_layout_id`, `type`, `object_field_id`, `label`, `order`, `colspan`, `is_mandatory`, `is_readonly`, `display_mode`, `deleted`, `created_by`, `created_on`, `modified_by`, `modified_on`, `is_with_stars_mask`) VALUES ('67828846-a0b7-0f40-93cb-61ee4f1f78d1', '7c15bbb0-5f6a-11e6-a554-5cc5d4d378cb', 'field', '3ebf1fcc-9cbb-4950-9150-1ac1e12aa5fb', '计划参会人数', '40', '6', '1', '1', 'both', '0', '1', '2019-08-05 02:59:22', '1', '2019-08-05 02:59:22', '0');
INSERT INTO `page_layout_fields` (`id`, `page_layout_id`, `type`, `object_field_id`, `label`, `order`, `colspan`, `is_mandatory`, `is_readonly`, `display_mode`, `deleted`, `created_by`, `created_on`, `modified_by`, `modified_on`, `is_with_stars_mask`) VALUES ('44c50022-2be0-de4d-ab98-a59a7386d9ce', '7d11f600-5f6a-11e6-b27d-5cc5d4d378cb', 'field', '3ebf1fcc-9cbb-4950-9150-1ac1e12aa5fb', '计划参会人数', '40', '6', '1', '0', 'both', '0', '1', '2019-08-05 02:59:22', '1', '2019-08-05 02:59:22', '0');
INSERT INTO `page_layout_fields` (`id`, `page_layout_id`, `type`, `object_field_id`, `label`, `order`, `colspan`, `is_mandatory`, `is_readonly`, `display_mode`, `deleted`, `created_by`, `created_on`, `modified_by`, `modified_on`, `is_with_stars_mask`) VALUES ('dc98051a-5508-a341-9cfb-0acd51b23d1c', 'bc537adc-4e19-4940-bde6-bfe5e0897202', 'field', '3ebf1fcc-9cbb-4950-9150-1ac1e12aa5fb', '计划参会人数', '40', '6', '0', '1', 'both', '0', '1', '2019-08-05 02:59:22', '1', '2019-08-05 02:59:22', '0');
INSERT INTO `page_layout_fields` (`id`, `page_layout_id`, `type`, `object_field_id`, `label`, `order`, `colspan`, `is_mandatory`, `is_readonly`, `display_mode`, `deleted`, `created_by`, `created_on`, `modified_by`, `modified_on`, `is_with_stars_mask`) VALUES ('555ba901-b9ec-5f45-998f-53463dfd6765', 'dcb147ee-69e2-11e6-9a63-5cc5d4d378cb', 'field', '3ebf1fcc-9cbb-4950-9150-1ac1e12aa5fb', '计划参会人数', '40', '6', '1', '0', 'both', '0', '1', '2019-08-05 02:59:22', '1', '2019-08-05 02:59:22', '0');
INSERT INTO `page_layout_fields` (`id`, `page_layout_id`, `type`, `object_field_id`, `label`, `order`, `colspan`, `is_mandatory`, `is_readonly`, `display_mode`, `deleted`, `created_by`, `created_on`, `modified_by`, `modified_on`, `is_with_stars_mask`) VALUES ('1c468506-ad86-ee49-b0cc-5031831e6ca4', 'e30c36cf-6836-11e6-aa82-5cc5d4d378cb', 'field', '3ebf1fcc-9cbb-4950-9150-1ac1e12aa5fb', '计划参会人数', '40', '6', '1', '1', 'both', '0', '1', '2019-08-05 02:59:22', '1', '2019-08-05 02:59:22', '0');
INSERT INTO `page_layout_fields` (`id`, `page_layout_id`, `type`, `object_field_id`, `label`, `order`, `colspan`, `is_mandatory`, `is_readonly`, `display_mode`, `deleted`, `created_by`, `created_on`, `modified_by`, `modified_on`, `is_with_stars_mask`) VALUES ('454735d3-de2d-c041-a76f-173dd447d4c2', 'e57e91e8-3e66-4c1f-badf-7a296cb474cb', 'field', '3ebf1fcc-9cbb-4950-9150-1ac1e12aa5fb', '计划参会人数', '40', '6', '1', '1', 'both', '0', '1', '2019-08-05 02:59:22', '1', '2019-08-05 02:59:22', '0');
INSERT INTO `page_layout_fields` (`id`, `page_layout_id`, `type`, `object_field_id`, `label`, `order`, `colspan`, `is_mandatory`, `is_readonly`, `display_mode`, `deleted`, `created_by`, `created_on`, `modified_by`, `modified_on`, `is_with_stars_mask`) VALUES ('c285cc0a-0bfd-6b47-bacd-d13d7fe2ea4d', 'f8f8494a-b146-400c-91b3-ab9f3091e1f0', 'field', '3ebf1fcc-9cbb-4950-9150-1ac1e12aa5fb', '计划参会人数', '40', '6', '0', '1', 'both', '0', '1', '2019-08-05 02:59:22', '1', '2019-08-05 02:59:22', '0');
INSERT INTO `page_layout_fields` (`id`, `page_layout_id`, `type`, `object_field_id`, `label`, `order`, `colspan`, `is_mandatory`, `is_readonly`, `display_mode`, `deleted`, `created_by`, `created_on`, `modified_by`, `modified_on`, `is_with_stars_mask`) VALUES ('2c06788a-85b6-ce42-b8da-8f78b868eba8', '0b9f751f-1af5-4443-aa1d-d3a9e9560b88', 'field', 'acf5c180-5ed9-11e6-83c8-5cc5d4d378cb', '备注', '50', '6', '0', '0', 'both', '0', '1', '2019-08-05 02:59:18', '1', '2019-08-05 02:59:22', '0');
INSERT INTO `page_layout_fields` (`id`, `page_layout_id`, `type`, `object_field_id`, `label`, `order`, `colspan`, `is_mandatory`, `is_readonly`, `display_mode`, `deleted`, `created_by`, `created_on`, `modified_by`, `modified_on`, `is_with_stars_mask`) VALUES ('167ada54-6943-224d-9419-3d22a54f0c17', '1459544f-6310-4975-bc0f-749aacab69c8', 'field', 'acf5c180-5ed9-11e6-83c8-5cc5d4d378cb', '备注', '50', '6', '0', '1', 'both', '0', '1', '2019-08-05 02:59:18', '1', '2019-08-05 02:59:22', '0');
INSERT INTO `page_layout_fields` (`id`, `page_layout_id`, `type`, `object_field_id`, `label`, `order`, `colspan`, `is_mandatory`, `is_readonly`, `display_mode`, `deleted`, `created_by`, `created_on`, `modified_by`, `modified_on`, `is_with_stars_mask`) VALUES ('926520a3-ea39-a54c-9d29-8567521965ec', '2a397209-b538-4be9-a34b-917fb72da029', 'field', 'acf5c180-5ed9-11e6-83c8-5cc5d4d378cb', '备注', '50', '6', '0', '1', 'both', '0', '1', '2019-08-05 02:59:18', '1', '2019-08-05 02:59:22', '0');
INSERT INTO `page_layout_fields` (`id`, `page_layout_id`, `type`, `object_field_id`, `label`, `order`, `colspan`, `is_mandatory`, `is_readonly`, `display_mode`, `deleted`, `created_by`, `created_on`, `modified_by`, `modified_on`, `is_with_stars_mask`) VALUES ('83fdb428-7c69-8f4e-ac75-ceb23b99d684', '2a397209-b538-4be9-a34b-917fb72da030', 'field', 'acf5c180-5ed9-11e6-83c8-5cc5d4d378cb', '备注', '50', '6', '0', '1', 'both', '0', '1', '2019-08-05 02:59:27', '1', '2019-08-05 02:59:27', '0');
INSERT INTO `page_layout_fields` (`id`, `page_layout_id`, `type`, `object_field_id`, `label`, `order`, `colspan`, `is_mandatory`, `is_readonly`, `display_mode`, `deleted`, `created_by`, `created_on`, `modified_by`, `modified_on`, `is_with_stars_mask`) VALUES ('2a81c752-6f41-5c40-82e5-b510b38374a4', '4053abdf-5690-4a8b-ba63-f29c72057f05', 'field', 'acf5c180-5ed9-11e6-83c8-5cc5d4d378cb', '备注', '50', '6', '0', '0', 'both', '0', '1', '2019-08-05 02:59:18', '1', '2019-08-05 02:59:22', '0');
INSERT INTO `page_layout_fields` (`id`, `page_layout_id`, `type`, `object_field_id`, `label`, `order`, `colspan`, `is_mandatory`, `is_readonly`, `display_mode`, `deleted`, `created_by`, `created_on`, `modified_by`, `modified_on`, `is_with_stars_mask`) VALUES ('c040cd5a-e51e-af42-bd55-48f0566f33f2', '43d6fda3-1c47-42bd-9f4a-23c56fed2757', 'field', 'acf5c180-5ed9-11e6-83c8-5cc5d4d378cb', '备注', '50', '6', '0', '0', 'both', '0', '1', '2019-08-05 02:59:18', '1', '2019-08-05 02:59:22', '0');
INSERT INTO `page_layout_fields` (`id`, `page_layout_id`, `type`, `object_field_id`, `label`, `order`, `colspan`, `is_mandatory`, `is_readonly`, `display_mode`, `deleted`, `created_by`, `created_on`, `modified_by`, `modified_on`, `is_with_stars_mask`) VALUES ('10b97154-87f1-7e41-a42f-45a8d7616f03', '4671365b-7746-408c-92b0-50ae6856cdc6', 'field', 'acf5c180-5ed9-11e6-83c8-5cc5d4d378cb', '备注', '50', '6', '0', '1', 'both', '0', '1', '2019-08-05 02:59:18', '1', '2019-08-05 02:59:22', '0');
INSERT INTO `page_layout_fields` (`id`, `page_layout_id`, `type`, `object_field_id`, `label`, `order`, `colspan`, `is_mandatory`, `is_readonly`, `display_mode`, `deleted`, `created_by`, `created_on`, `modified_by`, `modified_on`, `is_with_stars_mask`) VALUES ('a90f9bb7-0abf-5c4f-82f3-98911e7f6903', '79eca707-3a5a-40b2-af98-f6bfc666c585', 'field', 'acf5c180-5ed9-11e6-83c8-5cc5d4d378cb', '备注', '50', '6', '0', '0', 'both', '0', '1', '2019-08-05 02:59:18', '1', '2019-08-05 02:59:22', '0');
INSERT INTO `page_layout_fields` (`id`, `page_layout_id`, `type`, `object_field_id`, `label`, `order`, `colspan`, `is_mandatory`, `is_readonly`, `display_mode`, `deleted`, `created_by`, `created_on`, `modified_by`, `modified_on`, `is_with_stars_mask`) VALUES ('102880b4-c0e7-4442-9701-4ff85e169af7', '7b04e7f0-5f6a-11e6-bb52-5cc5d4d378cb', 'field', 'acf5c180-5ed9-11e6-83c8-5cc5d4d378cb', '备注', '50', '6', '0', '0', 'both', '0', '1', '2019-08-05 02:59:18', '1', '2019-08-05 02:59:22', '0');
INSERT INTO `page_layout_fields` (`id`, `page_layout_id`, `type`, `object_field_id`, `label`, `order`, `colspan`, `is_mandatory`, `is_readonly`, `display_mode`, `deleted`, `created_by`, `created_on`, `modified_by`, `modified_on`, `is_with_stars_mask`) VALUES ('e3424ed8-a41f-aa48-a64a-f668e5369e30', '7c15bbb0-5f6a-11e6-a554-5cc5d4d378cb', 'field', 'acf5c180-5ed9-11e6-83c8-5cc5d4d378cb', '备注', '50', '6', '0', '0', 'both', '0', '1', '2019-08-05 02:59:18', '1', '2019-08-05 02:59:22', '0');
INSERT INTO `page_layout_fields` (`id`, `page_layout_id`, `type`, `object_field_id`, `label`, `order`, `colspan`, `is_mandatory`, `is_readonly`, `display_mode`, `deleted`, `created_by`, `created_on`, `modified_by`, `modified_on`, `is_with_stars_mask`) VALUES ('b76508bb-98ec-5040-a16e-ee538dc88a2b', '7d11f600-5f6a-11e6-b27d-5cc5d4d378cb', 'field', 'acf5c180-5ed9-11e6-83c8-5cc5d4d378cb', '备注', '50', '6', '0', '1', 'both', '0', '1', '2019-08-05 02:59:18', '1', '2019-08-05 02:59:22', '0');
INSERT INTO `page_layout_fields` (`id`, `page_layout_id`, `type`, `object_field_id`, `label`, `order`, `colspan`, `is_mandatory`, `is_readonly`, `display_mode`, `deleted`, `created_by`, `created_on`, `modified_by`, `modified_on`, `is_with_stars_mask`) VALUES ('0b44a89d-5515-e242-97cd-db512315e95b', 'bc537adc-4e19-4940-bde6-bfe5e0897202', 'field', 'acf5c180-5ed9-11e6-83c8-5cc5d4d378cb', '备注', '50', '6', '0', '1', 'both', '0', '1', '2019-08-05 02:59:18', '1', '2019-08-05 02:59:22', '0');
INSERT INTO `page_layout_fields` (`id`, `page_layout_id`, `type`, `object_field_id`, `label`, `order`, `colspan`, `is_mandatory`, `is_readonly`, `display_mode`, `deleted`, `created_by`, `created_on`, `modified_by`, `modified_on`, `is_with_stars_mask`) VALUES ('821b6c0b-57cb-a74b-ab1d-52afb65e0c23', 'dcb147ee-69e2-11e6-9a63-5cc5d4d378cb', 'field', 'acf5c180-5ed9-11e6-83c8-5cc5d4d378cb', '备注', '50', '6', '0', '0', 'both', '0', '1', '2019-08-05 02:59:18', '1', '2019-08-05 02:59:22', '0');
INSERT INTO `page_layout_fields` (`id`, `page_layout_id`, `type`, `object_field_id`, `label`, `order`, `colspan`, `is_mandatory`, `is_readonly`, `display_mode`, `deleted`, `created_by`, `created_on`, `modified_by`, `modified_on`, `is_with_stars_mask`) VALUES ('c11cd9f2-9c43-6d4e-aa01-4004bd14fe50', 'e30c36cf-6836-11e6-aa82-5cc5d4d378cb', 'field', 'acf5c180-5ed9-11e6-83c8-5cc5d4d378cb', '备注', '50', '6', '0', '0', 'both', '0', '1', '2019-08-05 02:59:18', '1', '2019-08-05 02:59:22', '0');
INSERT INTO `page_layout_fields` (`id`, `page_layout_id`, `type`, `object_field_id`, `label`, `order`, `colspan`, `is_mandatory`, `is_readonly`, `display_mode`, `deleted`, `created_by`, `created_on`, `modified_by`, `modified_on`, `is_with_stars_mask`) VALUES ('49bf42d0-d207-4e4f-af0e-625024a3e93b', 'e57e91e8-3e66-4c1f-badf-7a296cb474cb', 'field', 'acf5c180-5ed9-11e6-83c8-5cc5d4d378cb', '备注', '50', '6', '0', '0', 'both', '0', '1', '2019-08-05 02:59:18', '1', '2019-08-05 02:59:22', '0');
INSERT INTO `page_layout_fields` (`id`, `page_layout_id`, `type`, `object_field_id`, `label`, `order`, `colspan`, `is_mandatory`, `is_readonly`, `display_mode`, `deleted`, `created_by`, `created_on`, `modified_by`, `modified_on`, `is_with_stars_mask`) VALUES ('b2ba5a7e-c09c-e64f-b6fd-c5aa7e045ec4', 'f8f8494a-b146-400c-91b3-ab9f3091e1f0', 'field', 'acf5c180-5ed9-11e6-83c8-5cc5d4d378cb', '备注', '50', '6', '0', '1', 'both', '0', '1', '2019-08-05 02:59:18', '1', '2019-08-05 02:59:22', '0');
INSERT INTO `page_layout_fields` (`id`, `page_layout_id`, `type`, `object_field_id`, `label`, `order`, `colspan`, `is_mandatory`, `is_readonly`, `display_mode`, `deleted`, `created_by`, `created_on`, `modified_by`, `modified_on`, `is_with_stars_mask`, `disable_click`) VALUES ('10d08de3-0ca8-f54c-9929-9f51e12283f9', '0b9f751f-1af5-4443-aa1d-d3a9e9560b88', 'field', '23bb2247-0e18-11e7-bb8f-e4b318c6b596', '创建人', '51', '6', '1', '1', 'view', '0', '1', '2019-08-05 02:59:18', '1', '2019-08-05 02:59:22', '0', '1');
INSERT INTO `page_layout_fields` (`id`, `page_layout_id`, `type`, `object_field_id`, `label`, `order`, `colspan`, `is_mandatory`, `is_readonly`, `display_mode`, `deleted`, `created_by`, `created_on`, `modified_by`, `modified_on`, `is_with_stars_mask`, `disable_click`) VALUES ('865422a1-7c60-514d-9cbc-b1667d02f42f', '1459544f-6310-4975-bc0f-749aacab69c8', 'field', '23bb2247-0e18-11e7-bb8f-e4b318c6b596', '创建人', '51', '6', '1', '1', 'both', '0', '1', '2019-08-05 02:59:18', '1', '2019-08-05 02:59:22', '0', '1');
INSERT INTO `page_layout_fields` (`id`, `page_layout_id`, `type`, `object_field_id`, `label`, `order`, `colspan`, `is_mandatory`, `is_readonly`, `display_mode`, `deleted`, `created_by`, `created_on`, `modified_by`, `modified_on`, `is_with_stars_mask`, `disable_click`) VALUES ('6e4479a9-96f2-ba4e-bf67-20bc81bef127', '2a397209-b538-4be9-a34b-917fb72da029', 'field', '23bb2247-0e18-11e7-bb8f-e4b318c6b596', '创建人', '51', '6', '1', '1', 'both', '0', '1', '2019-08-05 02:59:18', '1', '2019-08-05 02:59:23', '0', '1');
INSERT INTO `page_layout_fields` (`id`, `page_layout_id`, `type`, `object_field_id`, `label`, `order`, `colspan`, `is_mandatory`, `is_readonly`, `display_mode`, `deleted`, `created_by`, `created_on`, `modified_by`, `modified_on`, `is_with_stars_mask`) VALUES ('5228d9e9-4731-2e41-abe5-b6503184fecf', '2a397209-b538-4be9-a34b-917fb72da030', 'field', '23bb2247-0e18-11e7-bb8f-e4b318c6b596', '创建人', '51', '6', '1', '1', 'both', '0', '1', '2019-08-05 02:59:27', '1', '2019-08-05 02:59:27', '0');
INSERT INTO `page_layout_fields` (`id`, `page_layout_id`, `type`, `object_field_id`, `label`, `order`, `colspan`, `is_mandatory`, `is_readonly`, `display_mode`, `deleted`, `created_by`, `created_on`, `modified_by`, `modified_on`, `is_with_stars_mask`, `disable_click`) VALUES ('631eff4b-754f-7a4d-8043-a43f9af69e60', '4053abdf-5690-4a8b-ba63-f29c72057f05', 'field', '23bb2247-0e18-11e7-bb8f-e4b318c6b596', '创建人', '51', '6', '1', '1', 'both', '0', '1', '2019-08-05 02:59:18', '1', '2019-08-05 02:59:22', '0', '1');
INSERT INTO `page_layout_fields` (`id`, `page_layout_id`, `type`, `object_field_id`, `label`, `order`, `colspan`, `is_mandatory`, `is_readonly`, `display_mode`, `deleted`, `created_by`, `created_on`, `modified_by`, `modified_on`, `is_with_stars_mask`, `disable_click`) VALUES ('bdad79a8-8fe7-0140-84e4-0650e062b15b', '43d6fda3-1c47-42bd-9f4a-23c56fed2757', 'field', '23bb2247-0e18-11e7-bb8f-e4b318c6b596', '创建人', '51', '6', '1', '1', 'view', '0', '1', '2019-08-05 02:59:18', '1', '2019-08-05 02:59:22', '0', '1');
INSERT INTO `page_layout_fields` (`id`, `page_layout_id`, `type`, `object_field_id`, `label`, `order`, `colspan`, `is_mandatory`, `is_readonly`, `display_mode`, `deleted`, `created_by`, `created_on`, `modified_by`, `modified_on`, `is_with_stars_mask`, `disable_click`) VALUES ('cf47c77e-35d8-ed4c-829f-f57b8da198ad', '4671365b-7746-408c-92b0-50ae6856cdc6', 'field', '23bb2247-0e18-11e7-bb8f-e4b318c6b596', '创建人', '51', '6', '1', '1', 'both', '0', '1', '2019-08-05 02:59:18', '1', '2019-08-05 02:59:22', '0', '1');
INSERT INTO `page_layout_fields` (`id`, `page_layout_id`, `type`, `object_field_id`, `label`, `order`, `colspan`, `is_mandatory`, `is_readonly`, `display_mode`, `deleted`, `created_by`, `created_on`, `modified_by`, `modified_on`, `is_with_stars_mask`, `disable_click`) VALUES ('f1bd5710-b98e-1a48-ba66-62297c58c127', '79eca707-3a5a-40b2-af98-f6bfc666c585', 'field', '23bb2247-0e18-11e7-bb8f-e4b318c6b596', '创建人', '51', '6', '1', '1', 'both', '0', '1', '2019-08-05 02:59:18', '1', '2019-08-05 02:59:22', '0', '1');
INSERT INTO `page_layout_fields` (`id`, `page_layout_id`, `type`, `object_field_id`, `label`, `order`, `colspan`, `is_mandatory`, `is_readonly`, `display_mode`, `deleted`, `created_by`, `created_on`, `modified_by`, `modified_on`, `is_with_stars_mask`, `disable_click`) VALUES ('cc4e7a65-598c-b743-8977-f5bfe80dfdcf', '7b04e7f0-5f6a-11e6-bb52-5cc5d4d378cb', 'field', '23bb2247-0e18-11e7-bb8f-e4b318c6b596', '创建人', '51', '6', '1', '1', 'view', '0', '1', '2019-08-05 02:59:18', '1', '2019-08-05 02:59:22', '0', '1');
INSERT INTO `page_layout_fields` (`id`, `page_layout_id`, `type`, `object_field_id`, `label`, `order`, `colspan`, `is_mandatory`, `is_readonly`, `display_mode`, `deleted`, `created_by`, `created_on`, `modified_by`, `modified_on`, `is_with_stars_mask`, `disable_click`) VALUES ('34605bba-3cfa-6140-9489-ef12adfac179', '7c15bbb0-5f6a-11e6-a554-5cc5d4d378cb', 'field', '23bb2247-0e18-11e7-bb8f-e4b318c6b596', '创建人', '51', '6', '1', '1', 'view', '0', '1', '2019-08-05 02:59:18', '1', '2019-08-05 02:59:22', '0', '1');
INSERT INTO `page_layout_fields` (`id`, `page_layout_id`, `type`, `object_field_id`, `label`, `order`, `colspan`, `is_mandatory`, `is_readonly`, `display_mode`, `deleted`, `created_by`, `created_on`, `modified_by`, `modified_on`, `is_with_stars_mask`, `disable_click`) VALUES ('4d0f2050-30ea-864d-8b0b-00e4d74d6497', '7d11f600-5f6a-11e6-b27d-5cc5d4d378cb', 'field', '23bb2247-0e18-11e7-bb8f-e4b318c6b596', '创建人', '51', '6', '1', '1', 'view', '0', '1', '2019-08-05 02:59:18', '1', '2019-08-05 02:59:22', '0', '1');
INSERT INTO `page_layout_fields` (`id`, `page_layout_id`, `type`, `object_field_id`, `label`, `order`, `colspan`, `is_mandatory`, `is_readonly`, `display_mode`, `deleted`, `created_by`, `created_on`, `modified_by`, `modified_on`, `is_with_stars_mask`, `disable_click`) VALUES ('12f0405a-fcd6-9247-9b37-7257c126c8e1', 'bc537adc-4e19-4940-bde6-bfe5e0897202', 'field', '23bb2247-0e18-11e7-bb8f-e4b318c6b596', '创建人', '51', '6', '1', '1', 'both', '0', '1', '2019-08-05 02:59:18', '1', '2019-08-05 02:59:22', '0', '1');
INSERT INTO `page_layout_fields` (`id`, `page_layout_id`, `type`, `object_field_id`, `label`, `order`, `colspan`, `is_mandatory`, `is_readonly`, `display_mode`, `deleted`, `created_by`, `created_on`, `modified_by`, `modified_on`, `is_with_stars_mask`, `disable_click`) VALUES ('d91bb034-5e1a-4d4f-acf0-e70d87c9561b', 'dcb147ee-69e2-11e6-9a63-5cc5d4d378cb', 'field', '23bb2247-0e18-11e7-bb8f-e4b318c6b596', '创建人', '51', '6', '1', '1', 'view', '0', '1', '2019-08-05 02:59:18', '1', '2019-08-05 02:59:22', '0', '1');
INSERT INTO `page_layout_fields` (`id`, `page_layout_id`, `type`, `object_field_id`, `label`, `order`, `colspan`, `is_mandatory`, `is_readonly`, `display_mode`, `deleted`, `created_by`, `created_on`, `modified_by`, `modified_on`, `is_with_stars_mask`, `disable_click`) VALUES ('f2ebe395-95b9-1f40-b105-9260aeaa843c', 'e30c36cf-6836-11e6-aa82-5cc5d4d378cb', 'field', '23bb2247-0e18-11e7-bb8f-e4b318c6b596', '创建人', '51', '6', '1', '1', 'view', '0', '1', '2019-08-05 02:59:18', '1', '2019-08-05 02:59:22', '0', '1');
INSERT INTO `page_layout_fields` (`id`, `page_layout_id`, `type`, `object_field_id`, `label`, `order`, `colspan`, `is_mandatory`, `is_readonly`, `display_mode`, `deleted`, `created_by`, `created_on`, `modified_by`, `modified_on`, `is_with_stars_mask`, `disable_click`) VALUES ('7231727d-c077-0f40-9362-8c283dd80a9a', 'e57e91e8-3e66-4c1f-badf-7a296cb474cb', 'field', '23bb2247-0e18-11e7-bb8f-e4b318c6b596', '创建人', '51', '6', '1', '1', 'view', '0', '1', '2019-08-05 02:59:18', '1', '2019-08-05 02:59:23', '0', '1');
INSERT INTO `page_layout_fields` (`id`, `page_layout_id`, `type`, `object_field_id`, `label`, `order`, `colspan`, `is_mandatory`, `is_readonly`, `display_mode`, `deleted`, `created_by`, `created_on`, `modified_by`, `modified_on`, `is_with_stars_mask`, `disable_click`) VALUES ('0077e298-8fbd-1f47-b40d-62897b9c50dd', 'f8f8494a-b146-400c-91b3-ab9f3091e1f0', 'field', '23bb2247-0e18-11e7-bb8f-e4b318c6b596', '创建人', '51', '6', '1', '1', 'both', '0', '1', '2019-08-05 02:59:18', '1', '2019-08-05 02:59:22', '0', '1');
INSERT INTO `page_layout_fields` (`id`, `page_layout_id`, `type`, `object_field_id`, `label`, `order`, `colspan`, `is_mandatory`, `is_readonly`, `display_mode`, `deleted`, `created_by`, `created_on`, `modified_by`, `modified_on`, `is_with_stars_mask`) VALUES ('8818c419-adc8-aa4c-ac47-844bf40e1b87', '0b9f751f-1af5-4443-aa1d-d3a9e9560b88', 'field', '23bb2245-0e18-11e7-8254-e4b318c6b596', '创建时间', '52', '6', '1', '1', 'view', '0', '1', '2019-08-05 02:59:18', '1', '2019-08-05 02:59:22', '0');
INSERT INTO `page_layout_fields` (`id`, `page_layout_id`, `type`, `object_field_id`, `label`, `order`, `colspan`, `is_mandatory`, `is_readonly`, `display_mode`, `deleted`, `created_by`, `created_on`, `modified_by`, `modified_on`, `is_with_stars_mask`) VALUES ('d9679c0e-4e28-a641-af44-4e682713f120', '1459544f-6310-4975-bc0f-749aacab69c8', 'field', '23bb2245-0e18-11e7-8254-e4b318c6b596', '创建时间', '52', '6', '1', '1', 'both', '0', '1', '2019-08-05 02:59:18', '1', '2019-08-05 02:59:22', '0');
INSERT INTO `page_layout_fields` (`id`, `page_layout_id`, `type`, `object_field_id`, `label`, `order`, `colspan`, `is_mandatory`, `is_readonly`, `display_mode`, `deleted`, `created_by`, `created_on`, `modified_by`, `modified_on`, `is_with_stars_mask`) VALUES ('744641c0-3217-f045-8e50-e6f5399a46a6', '2a397209-b538-4be9-a34b-917fb72da029', 'field', '23bb2245-0e18-11e7-8254-e4b318c6b596', '创建时间', '52', '6', '1', '1', 'both', '0', '1', '2019-08-05 02:59:18', '1', '2019-08-05 02:59:22', '0');
INSERT INTO `page_layout_fields` (`id`, `page_layout_id`, `type`, `object_field_id`, `label`, `order`, `colspan`, `is_mandatory`, `is_readonly`, `display_mode`, `deleted`, `created_by`, `created_on`, `modified_by`, `modified_on`, `is_with_stars_mask`) VALUES ('0f0812ce-1db9-5445-b94d-f856d4358177', '2a397209-b538-4be9-a34b-917fb72da030', 'field', '23bb2245-0e18-11e7-8254-e4b318c6b596', '创建时间', '52', '6', '1', '1', 'both', '0', '1', '2019-08-05 02:59:27', '1', '2019-08-05 02:59:27', '0');
INSERT INTO `page_layout_fields` (`id`, `page_layout_id`, `type`, `object_field_id`, `label`, `order`, `colspan`, `is_mandatory`, `is_readonly`, `display_mode`, `deleted`, `created_by`, `created_on`, `modified_by`, `modified_on`, `is_with_stars_mask`) VALUES ('2d71e1d2-d50e-294a-a446-8a78bf544d95', '4053abdf-5690-4a8b-ba63-f29c72057f05', 'field', '23bb2245-0e18-11e7-8254-e4b318c6b596', '创建时间', '52', '6', '1', '1', 'both', '0', '1', '2019-08-05 02:59:18', '1', '2019-08-05 02:59:22', '0');
INSERT INTO `page_layout_fields` (`id`, `page_layout_id`, `type`, `object_field_id`, `label`, `order`, `colspan`, `is_mandatory`, `is_readonly`, `display_mode`, `deleted`, `created_by`, `created_on`, `modified_by`, `modified_on`, `is_with_stars_mask`) VALUES ('2a9570ef-3433-704d-a4a9-609fe4507dc3', '43d6fda3-1c47-42bd-9f4a-23c56fed2757', 'field', '23bb2245-0e18-11e7-8254-e4b318c6b596', '创建时间', '52', '6', '1', '1', 'view', '0', '1', '2019-08-05 02:59:18', '1', '2019-08-05 02:59:22', '0');
INSERT INTO `page_layout_fields` (`id`, `page_layout_id`, `type`, `object_field_id`, `label`, `order`, `colspan`, `is_mandatory`, `is_readonly`, `display_mode`, `deleted`, `created_by`, `created_on`, `modified_by`, `modified_on`, `is_with_stars_mask`) VALUES ('9f77590e-a64f-b040-b785-f9ff5f374b94', '4671365b-7746-408c-92b0-50ae6856cdc6', 'field', '23bb2245-0e18-11e7-8254-e4b318c6b596', '创建时间', '52', '6', '1', '1', 'both', '0', '1', '2019-08-05 02:59:18', '1', '2019-08-05 02:59:22', '0');
INSERT INTO `page_layout_fields` (`id`, `page_layout_id`, `type`, `object_field_id`, `label`, `order`, `colspan`, `is_mandatory`, `is_readonly`, `display_mode`, `deleted`, `created_by`, `created_on`, `modified_by`, `modified_on`, `is_with_stars_mask`) VALUES ('92413fed-4e10-3b4c-b820-2a2cc353fffb', '79eca707-3a5a-40b2-af98-f6bfc666c585', 'field', '23bb2245-0e18-11e7-8254-e4b318c6b596', '创建时间', '52', '6', '1', '1', 'both', '0', '1', '2019-08-05 02:59:18', '1', '2019-08-05 02:59:22', '0');
INSERT INTO `page_layout_fields` (`id`, `page_layout_id`, `type`, `object_field_id`, `label`, `order`, `colspan`, `is_mandatory`, `is_readonly`, `display_mode`, `deleted`, `created_by`, `created_on`, `modified_by`, `modified_on`, `is_with_stars_mask`) VALUES ('721153d5-5cfa-d145-9d70-7d389fbd4c5c', '7b04e7f0-5f6a-11e6-bb52-5cc5d4d378cb', 'field', '23bb2245-0e18-11e7-8254-e4b318c6b596', '创建时间', '52', '6', '1', '1', 'view', '0', '1', '2019-08-05 02:59:18', '1', '2019-08-05 02:59:22', '0');
INSERT INTO `page_layout_fields` (`id`, `page_layout_id`, `type`, `object_field_id`, `label`, `order`, `colspan`, `is_mandatory`, `is_readonly`, `display_mode`, `deleted`, `created_by`, `created_on`, `modified_by`, `modified_on`, `is_with_stars_mask`) VALUES ('815150c7-b6e0-f940-b4b5-87744a817883', '7c15bbb0-5f6a-11e6-a554-5cc5d4d378cb', 'field', '23bb2245-0e18-11e7-8254-e4b318c6b596', '创建时间', '52', '6', '1', '1', 'view', '0', '1', '2019-08-05 02:59:18', '1', '2019-08-05 02:59:22', '0');
INSERT INTO `page_layout_fields` (`id`, `page_layout_id`, `type`, `object_field_id`, `label`, `order`, `colspan`, `is_mandatory`, `is_readonly`, `display_mode`, `deleted`, `created_by`, `created_on`, `modified_by`, `modified_on`, `is_with_stars_mask`) VALUES ('fb471c10-ca35-6c46-999e-f874e074d5e8', '7d11f600-5f6a-11e6-b27d-5cc5d4d378cb', 'field', '23bb2245-0e18-11e7-8254-e4b318c6b596', '创建时间', '52', '6', '1', '1', 'view', '0', '1', '2019-08-05 02:59:18', '1', '2019-08-05 02:59:22', '0');
INSERT INTO `page_layout_fields` (`id`, `page_layout_id`, `type`, `object_field_id`, `label`, `order`, `colspan`, `is_mandatory`, `is_readonly`, `display_mode`, `deleted`, `created_by`, `created_on`, `modified_by`, `modified_on`, `is_with_stars_mask`) VALUES ('bc8c6f6f-c1a2-bf43-bee0-5b51e3bc36f3', 'bc537adc-4e19-4940-bde6-bfe5e0897202', 'field', '23bb2245-0e18-11e7-8254-e4b318c6b596', '创建时间', '52', '6', '1', '1', 'both', '0', '1', '2019-08-05 02:59:18', '1', '2019-08-05 02:59:22', '0');
INSERT INTO `page_layout_fields` (`id`, `page_layout_id`, `type`, `object_field_id`, `label`, `order`, `colspan`, `is_mandatory`, `is_readonly`, `display_mode`, `deleted`, `created_by`, `created_on`, `modified_by`, `modified_on`, `is_with_stars_mask`) VALUES ('b79c1c38-37af-b843-8ddd-9b08781243e6', 'dcb147ee-69e2-11e6-9a63-5cc5d4d378cb', 'field', '23bb2245-0e18-11e7-8254-e4b318c6b596', '创建时间', '52', '6', '1', '1', 'view', '0', '1', '2019-08-05 02:59:18', '1', '2019-08-05 02:59:22', '0');
INSERT INTO `page_layout_fields` (`id`, `page_layout_id`, `type`, `object_field_id`, `label`, `order`, `colspan`, `is_mandatory`, `is_readonly`, `display_mode`, `deleted`, `created_by`, `created_on`, `modified_by`, `modified_on`, `is_with_stars_mask`) VALUES ('07779d1d-dc51-fe4b-8e3a-9929aa1560df', 'e30c36cf-6836-11e6-aa82-5cc5d4d378cb', 'field', '23bb2245-0e18-11e7-8254-e4b318c6b596', '创建时间', '52', '6', '1', '1', 'view', '0', '1', '2019-08-05 02:59:18', '1', '2019-08-05 02:59:22', '0');
INSERT INTO `page_layout_fields` (`id`, `page_layout_id`, `type`, `object_field_id`, `label`, `order`, `colspan`, `is_mandatory`, `is_readonly`, `display_mode`, `deleted`, `created_by`, `created_on`, `modified_by`, `modified_on`, `is_with_stars_mask`) VALUES ('c12eed01-00e6-fa46-9db4-06709ed31326', 'e57e91e8-3e66-4c1f-badf-7a296cb474cb', 'field', '23bb2245-0e18-11e7-8254-e4b318c6b596', '创建时间', '52', '6', '1', '1', 'view', '0', '1', '2019-08-05 02:59:18', '1', '2019-08-05 02:59:22', '0');
INSERT INTO `page_layout_fields` (`id`, `page_layout_id`, `type`, `object_field_id`, `label`, `order`, `colspan`, `is_mandatory`, `is_readonly`, `display_mode`, `deleted`, `created_by`, `created_on`, `modified_by`, `modified_on`, `is_with_stars_mask`) VALUES ('00485fee-9037-a34f-acc2-75233e53cfc0', 'f8f8494a-b146-400c-91b3-ab9f3091e1f0', 'field', '23bb2245-0e18-11e7-8254-e4b318c6b596', '创建时间', '52', '6', '1', '1', 'both', '0', '1', '2019-08-05 02:59:18', '1', '2019-08-05 02:59:22', '0');
INSERT INTO `page_layout_fields` (`id`, `page_layout_id`, `type`, `object_field_id`, `label`, `order`, `colspan`, `is_mandatory`, `is_readonly`, `display_mode`, `deleted`, `created_by`, `created_on`, `modified_by`, `modified_on`, `is_with_stars_mask`, `disable_click`) VALUES ('9eb04a31-9833-7749-8dab-5376c37e4765', '0b9f751f-1af5-4443-aa1d-d3a9e9560b88', 'field', '23bb705e-0e18-11e7-b67e-e4b318c6b596', '修改人', '53', '6', '1', '1', 'view', '0', '1', '2019-08-05 02:59:18', '1', '2019-08-05 02:59:22', '0', '1');
INSERT INTO `page_layout_fields` (`id`, `page_layout_id`, `type`, `object_field_id`, `label`, `order`, `colspan`, `is_mandatory`, `is_readonly`, `display_mode`, `deleted`, `created_by`, `created_on`, `modified_by`, `modified_on`, `is_with_stars_mask`, `disable_click`) VALUES ('e2eb90c6-566f-4942-82b7-30edd6e22178', '1459544f-6310-4975-bc0f-749aacab69c8', 'field', '23bb705e-0e18-11e7-b67e-e4b318c6b596', '修改人', '53', '6', '1', '1', 'both', '0', '1', '2019-08-05 02:59:18', '1', '2019-08-05 02:59:22', '0', '1');
INSERT INTO `page_layout_fields` (`id`, `page_layout_id`, `type`, `object_field_id`, `label`, `order`, `colspan`, `is_mandatory`, `is_readonly`, `display_mode`, `deleted`, `created_by`, `created_on`, `modified_by`, `modified_on`, `is_with_stars_mask`, `disable_click`) VALUES ('1c72573a-9cca-a34d-a6a4-45db7d59bd81', '2a397209-b538-4be9-a34b-917fb72da029', 'field', '23bb705e-0e18-11e7-b67e-e4b318c6b596', '修改人', '53', '6', '1', '1', 'both', '0', '1', '2019-08-05 02:59:18', '1', '2019-08-05 02:59:23', '0', '1');
INSERT INTO `page_layout_fields` (`id`, `page_layout_id`, `type`, `object_field_id`, `label`, `order`, `colspan`, `is_mandatory`, `is_readonly`, `display_mode`, `deleted`, `created_by`, `created_on`, `modified_by`, `modified_on`, `is_with_stars_mask`) VALUES ('244f32a2-4b6b-e94b-9d1d-7e0c70bdf7ee', '2a397209-b538-4be9-a34b-917fb72da030', 'field', '23bb705e-0e18-11e7-b67e-e4b318c6b596', '修改人', '53', '6', '1', '1', 'both', '0', '1', '2019-08-05 02:59:27', '1', '2019-08-05 02:59:27', '0');
INSERT INTO `page_layout_fields` (`id`, `page_layout_id`, `type`, `object_field_id`, `label`, `order`, `colspan`, `is_mandatory`, `is_readonly`, `display_mode`, `deleted`, `created_by`, `created_on`, `modified_by`, `modified_on`, `is_with_stars_mask`, `disable_click`) VALUES ('97281c03-11ec-834f-9b79-335e40999568', '4053abdf-5690-4a8b-ba63-f29c72057f05', 'field', '23bb705e-0e18-11e7-b67e-e4b318c6b596', '修改人', '53', '6', '1', '1', 'both', '0', '1', '2019-08-05 02:59:18', '1', '2019-08-05 02:59:22', '0', '1');
INSERT INTO `page_layout_fields` (`id`, `page_layout_id`, `type`, `object_field_id`, `label`, `order`, `colspan`, `is_mandatory`, `is_readonly`, `display_mode`, `deleted`, `created_by`, `created_on`, `modified_by`, `modified_on`, `is_with_stars_mask`, `disable_click`) VALUES ('95548158-b75a-9747-8d57-9078e57302d0', '43d6fda3-1c47-42bd-9f4a-23c56fed2757', 'field', '23bb705e-0e18-11e7-b67e-e4b318c6b596', '修改人', '53', '6', '1', '1', 'view', '0', '1', '2019-08-05 02:59:18', '1', '2019-08-05 02:59:22', '0', '1');
INSERT INTO `page_layout_fields` (`id`, `page_layout_id`, `type`, `object_field_id`, `label`, `order`, `colspan`, `is_mandatory`, `is_readonly`, `display_mode`, `deleted`, `created_by`, `created_on`, `modified_by`, `modified_on`, `is_with_stars_mask`, `disable_click`) VALUES ('f63519de-7119-fa4b-b952-4748710c86c0', '4671365b-7746-408c-92b0-50ae6856cdc6', 'field', '23bb705e-0e18-11e7-b67e-e4b318c6b596', '修改人', '53', '6', '1', '1', 'both', '0', '1', '2019-08-05 02:59:18', '1', '2019-08-05 02:59:22', '0', '1');
INSERT INTO `page_layout_fields` (`id`, `page_layout_id`, `type`, `object_field_id`, `label`, `order`, `colspan`, `is_mandatory`, `is_readonly`, `display_mode`, `deleted`, `created_by`, `created_on`, `modified_by`, `modified_on`, `is_with_stars_mask`, `disable_click`) VALUES ('cf6091bf-8a2a-eb44-9547-0dcb7990daa9', '79eca707-3a5a-40b2-af98-f6bfc666c585', 'field', '23bb705e-0e18-11e7-b67e-e4b318c6b596', '修改人', '53', '6', '1', '1', 'both', '0', '1', '2019-08-05 02:59:18', '1', '2019-08-05 02:59:22', '0', '1');
INSERT INTO `page_layout_fields` (`id`, `page_layout_id`, `type`, `object_field_id`, `label`, `order`, `colspan`, `is_mandatory`, `is_readonly`, `display_mode`, `deleted`, `created_by`, `created_on`, `modified_by`, `modified_on`, `is_with_stars_mask`, `disable_click`) VALUES ('278a71aa-82cd-c042-88c2-6a1e5bf575e6', '7b04e7f0-5f6a-11e6-bb52-5cc5d4d378cb', 'field', '23bb705e-0e18-11e7-b67e-e4b318c6b596', '修改人', '53', '6', '1', '1', 'view', '0', '1', '2019-08-05 02:59:18', '1', '2019-08-05 02:59:22', '0', '1');
INSERT INTO `page_layout_fields` (`id`, `page_layout_id`, `type`, `object_field_id`, `label`, `order`, `colspan`, `is_mandatory`, `is_readonly`, `display_mode`, `deleted`, `created_by`, `created_on`, `modified_by`, `modified_on`, `is_with_stars_mask`, `disable_click`) VALUES ('40bb7406-75dc-f24b-9dd8-6cf955198820', '7c15bbb0-5f6a-11e6-a554-5cc5d4d378cb', 'field', '23bb705e-0e18-11e7-b67e-e4b318c6b596', '修改人', '53', '6', '1', '1', 'view', '0', '1', '2019-08-05 02:59:18', '1', '2019-08-05 02:59:22', '0', '1');
INSERT INTO `page_layout_fields` (`id`, `page_layout_id`, `type`, `object_field_id`, `label`, `order`, `colspan`, `is_mandatory`, `is_readonly`, `display_mode`, `deleted`, `created_by`, `created_on`, `modified_by`, `modified_on`, `is_with_stars_mask`, `disable_click`) VALUES ('7cbd5c43-9f9a-bf48-9050-c3e6e9095025', '7d11f600-5f6a-11e6-b27d-5cc5d4d378cb', 'field', '23bb705e-0e18-11e7-b67e-e4b318c6b596', '修改人', '53', '6', '1', '1', 'view', '0', '1', '2019-08-05 02:59:18', '1', '2019-08-05 02:59:22', '0', '1');
INSERT INTO `page_layout_fields` (`id`, `page_layout_id`, `type`, `object_field_id`, `label`, `order`, `colspan`, `is_mandatory`, `is_readonly`, `display_mode`, `deleted`, `created_by`, `created_on`, `modified_by`, `modified_on`, `is_with_stars_mask`, `disable_click`) VALUES ('7aa84ec3-79fd-8d4b-b243-f0d058b84525', 'bc537adc-4e19-4940-bde6-bfe5e0897202', 'field', '23bb705e-0e18-11e7-b67e-e4b318c6b596', '修改人', '53', '6', '1', '1', 'both', '0', '1', '2019-08-05 02:59:18', '1', '2019-08-05 02:59:22', '0', '1');
INSERT INTO `page_layout_fields` (`id`, `page_layout_id`, `type`, `object_field_id`, `label`, `order`, `colspan`, `is_mandatory`, `is_readonly`, `display_mode`, `deleted`, `created_by`, `created_on`, `modified_by`, `modified_on`, `is_with_stars_mask`, `disable_click`) VALUES ('819b1bc6-72f6-6840-a2fa-bbe3e7c1f115', 'dcb147ee-69e2-11e6-9a63-5cc5d4d378cb', 'field', '23bb705e-0e18-11e7-b67e-e4b318c6b596', '修改人', '53', '6', '1', '1', 'view', '0', '1', '2019-08-05 02:59:18', '1', '2019-08-05 02:59:22', '0', '1');
INSERT INTO `page_layout_fields` (`id`, `page_layout_id`, `type`, `object_field_id`, `label`, `order`, `colspan`, `is_mandatory`, `is_readonly`, `display_mode`, `deleted`, `created_by`, `created_on`, `modified_by`, `modified_on`, `is_with_stars_mask`, `disable_click`) VALUES ('10cbfbb4-b448-3442-9ece-7fb7389ba038', 'e30c36cf-6836-11e6-aa82-5cc5d4d378cb', 'field', '23bb705e-0e18-11e7-b67e-e4b318c6b596', '修改人', '53', '6', '1', '1', 'view', '0', '1', '2019-08-05 02:59:18', '1', '2019-08-05 02:59:22', '0', '1');
INSERT INTO `page_layout_fields` (`id`, `page_layout_id`, `type`, `object_field_id`, `label`, `order`, `colspan`, `is_mandatory`, `is_readonly`, `display_mode`, `deleted`, `created_by`, `created_on`, `modified_by`, `modified_on`, `is_with_stars_mask`, `disable_click`) VALUES ('baf88add-cac3-b542-8937-6c007d61c944', 'e57e91e8-3e66-4c1f-badf-7a296cb474cb', 'field', '23bb705e-0e18-11e7-b67e-e4b318c6b596', '修改人', '53', '6', '1', '1', 'view', '0', '1', '2019-08-05 02:59:18', '1', '2019-08-05 02:59:23', '0', '1');
INSERT INTO `page_layout_fields` (`id`, `page_layout_id`, `type`, `object_field_id`, `label`, `order`, `colspan`, `is_mandatory`, `is_readonly`, `display_mode`, `deleted`, `created_by`, `created_on`, `modified_by`, `modified_on`, `is_with_stars_mask`, `disable_click`) VALUES ('d45e48e7-7242-704f-97d2-94ac7dd767ba', 'f8f8494a-b146-400c-91b3-ab9f3091e1f0', 'field', '23bb705e-0e18-11e7-b67e-e4b318c6b596', '修改人', '53', '6', '1', '1', 'both', '0', '1', '2019-08-05 02:59:18', '1', '2019-08-05 02:59:22', '0', '1');
INSERT INTO `page_layout_fields` (`id`, `page_layout_id`, `type`, `object_field_id`, `label`, `order`, `colspan`, `is_mandatory`, `is_readonly`, `display_mode`, `deleted`, `created_by`, `created_on`, `modified_by`, `modified_on`, `is_with_stars_mask`) VALUES ('f986c358-048a-994c-b805-92789f1c6f97', '0b9f751f-1af5-4443-aa1d-d3a9e9560b88', 'field', '23bb2246-0e18-11e7-8147-e4b318c6b596', '最新修改时间', '54', '6', '1', '1', 'view', '0', '1', '2019-08-05 02:59:18', '1', '2019-08-05 02:59:22', '0');
INSERT INTO `page_layout_fields` (`id`, `page_layout_id`, `type`, `object_field_id`, `label`, `order`, `colspan`, `is_mandatory`, `is_readonly`, `display_mode`, `deleted`, `created_by`, `created_on`, `modified_by`, `modified_on`, `is_with_stars_mask`) VALUES ('083a22a5-6257-9146-967f-c6810b27d4cb', '1459544f-6310-4975-bc0f-749aacab69c8', 'field', '23bb2246-0e18-11e7-8147-e4b318c6b596', '最新修改时间', '54', '6', '1', '1', 'both', '0', '1', '2019-08-05 02:59:18', '1', '2019-08-05 02:59:22', '0');
INSERT INTO `page_layout_fields` (`id`, `page_layout_id`, `type`, `object_field_id`, `label`, `order`, `colspan`, `is_mandatory`, `is_readonly`, `display_mode`, `deleted`, `created_by`, `created_on`, `modified_by`, `modified_on`, `is_with_stars_mask`) VALUES ('9813f579-f7c6-6f46-b9f9-90d96fe33465', '2a397209-b538-4be9-a34b-917fb72da029', 'field', '23bb2246-0e18-11e7-8147-e4b318c6b596', '最新修改时间', '54', '6', '1', '1', 'both', '0', '1', '2019-08-05 02:59:18', '1', '2019-08-05 02:59:22', '0');
INSERT INTO `page_layout_fields` (`id`, `page_layout_id`, `type`, `object_field_id`, `label`, `order`, `colspan`, `is_mandatory`, `is_readonly`, `display_mode`, `deleted`, `created_by`, `created_on`, `modified_by`, `modified_on`, `is_with_stars_mask`) VALUES ('62c328f0-94d5-c046-a1ba-cbec80587afe', '2a397209-b538-4be9-a34b-917fb72da030', 'field', '23bb2246-0e18-11e7-8147-e4b318c6b596', '最新修改时间', '54', '6', '1', '1', 'both', '0', '1', '2019-08-05 02:59:27', '1', '2019-08-05 02:59:27', '0');
INSERT INTO `page_layout_fields` (`id`, `page_layout_id`, `type`, `object_field_id`, `label`, `order`, `colspan`, `is_mandatory`, `is_readonly`, `display_mode`, `deleted`, `created_by`, `created_on`, `modified_by`, `modified_on`, `is_with_stars_mask`) VALUES ('7bd2775a-639d-7147-a3be-690b52c5f696', '4053abdf-5690-4a8b-ba63-f29c72057f05', 'field', '23bb2246-0e18-11e7-8147-e4b318c6b596', '最新修改时间', '54', '6', '1', '1', 'both', '0', '1', '2019-08-05 02:59:18', '1', '2019-08-05 02:59:22', '0');
INSERT INTO `page_layout_fields` (`id`, `page_layout_id`, `type`, `object_field_id`, `label`, `order`, `colspan`, `is_mandatory`, `is_readonly`, `display_mode`, `deleted`, `created_by`, `created_on`, `modified_by`, `modified_on`, `is_with_stars_mask`) VALUES ('ebd28b36-4f5c-7c4a-bd96-bcdc4160a292', '43d6fda3-1c47-42bd-9f4a-23c56fed2757', 'field', '23bb2246-0e18-11e7-8147-e4b318c6b596', '最新修改时间', '54', '6', '1', '1', 'view', '0', '1', '2019-08-05 02:59:18', '1', '2019-08-05 02:59:22', '0');
INSERT INTO `page_layout_fields` (`id`, `page_layout_id`, `type`, `object_field_id`, `label`, `order`, `colspan`, `is_mandatory`, `is_readonly`, `display_mode`, `deleted`, `created_by`, `created_on`, `modified_by`, `modified_on`, `is_with_stars_mask`) VALUES ('f39139ce-031f-3048-842f-c6af817850b8', '4671365b-7746-408c-92b0-50ae6856cdc6', 'field', '23bb2246-0e18-11e7-8147-e4b318c6b596', '最新修改时间', '54', '6', '1', '1', 'both', '0', '1', '2019-08-05 02:59:18', '1', '2019-08-05 02:59:22', '0');
INSERT INTO `page_layout_fields` (`id`, `page_layout_id`, `type`, `object_field_id`, `label`, `order`, `colspan`, `is_mandatory`, `is_readonly`, `display_mode`, `deleted`, `created_by`, `created_on`, `modified_by`, `modified_on`, `is_with_stars_mask`) VALUES ('e950e119-cf1e-dc43-bdcc-66d78198a8e0', '79eca707-3a5a-40b2-af98-f6bfc666c585', 'field', '23bb2246-0e18-11e7-8147-e4b318c6b596', '最新修改时间', '54', '6', '1', '1', 'both', '0', '1', '2019-08-05 02:59:18', '1', '2019-08-05 02:59:22', '0');
INSERT INTO `page_layout_fields` (`id`, `page_layout_id`, `type`, `object_field_id`, `label`, `order`, `colspan`, `is_mandatory`, `is_readonly`, `display_mode`, `deleted`, `created_by`, `created_on`, `modified_by`, `modified_on`, `is_with_stars_mask`) VALUES ('aa37b403-d9d3-9b47-8d1f-e0960b389904', '7b04e7f0-5f6a-11e6-bb52-5cc5d4d378cb', 'field', '23bb2246-0e18-11e7-8147-e4b318c6b596', '最新修改时间', '54', '6', '1', '1', 'view', '0', '1', '2019-08-05 02:59:18', '1', '2019-08-05 02:59:22', '0');
INSERT INTO `page_layout_fields` (`id`, `page_layout_id`, `type`, `object_field_id`, `label`, `order`, `colspan`, `is_mandatory`, `is_readonly`, `display_mode`, `deleted`, `created_by`, `created_on`, `modified_by`, `modified_on`, `is_with_stars_mask`) VALUES ('1b71a1a4-fcef-7349-a0a0-fc64202c1f9d', '7c15bbb0-5f6a-11e6-a554-5cc5d4d378cb', 'field', '23bb2246-0e18-11e7-8147-e4b318c6b596', '最新修改时间', '54', '6', '1', '1', 'view', '0', '1', '2019-08-05 02:59:18', '1', '2019-08-05 02:59:22', '0');
INSERT INTO `page_layout_fields` (`id`, `page_layout_id`, `type`, `object_field_id`, `label`, `order`, `colspan`, `is_mandatory`, `is_readonly`, `display_mode`, `deleted`, `created_by`, `created_on`, `modified_by`, `modified_on`, `is_with_stars_mask`) VALUES ('6e66405a-fa43-dd47-b511-6998a3fa5500', '7d11f600-5f6a-11e6-b27d-5cc5d4d378cb', 'field', '23bb2246-0e18-11e7-8147-e4b318c6b596', '最新修改时间', '54', '6', '1', '1', 'view', '0', '1', '2019-08-05 02:59:18', '1', '2019-08-05 02:59:22', '0');
INSERT INTO `page_layout_fields` (`id`, `page_layout_id`, `type`, `object_field_id`, `label`, `order`, `colspan`, `is_mandatory`, `is_readonly`, `display_mode`, `deleted`, `created_by`, `created_on`, `modified_by`, `modified_on`, `is_with_stars_mask`) VALUES ('fa1f40b0-70a4-0348-9dc5-a4e783208190', 'bc537adc-4e19-4940-bde6-bfe5e0897202', 'field', '23bb2246-0e18-11e7-8147-e4b318c6b596', '最新修改时间', '54', '6', '1', '1', 'both', '0', '1', '2019-08-05 02:59:18', '1', '2019-08-05 02:59:22', '0');
INSERT INTO `page_layout_fields` (`id`, `page_layout_id`, `type`, `object_field_id`, `label`, `order`, `colspan`, `is_mandatory`, `is_readonly`, `display_mode`, `deleted`, `created_by`, `created_on`, `modified_by`, `modified_on`, `is_with_stars_mask`) VALUES ('5b694ff3-85f7-254c-9fa2-55e6bdb4f58a', 'dcb147ee-69e2-11e6-9a63-5cc5d4d378cb', 'field', '23bb2246-0e18-11e7-8147-e4b318c6b596', '最新修改时间', '54', '6', '1', '1', 'view', '0', '1', '2019-08-05 02:59:18', '1', '2019-08-05 02:59:22', '0');
INSERT INTO `page_layout_fields` (`id`, `page_layout_id`, `type`, `object_field_id`, `label`, `order`, `colspan`, `is_mandatory`, `is_readonly`, `display_mode`, `deleted`, `created_by`, `created_on`, `modified_by`, `modified_on`, `is_with_stars_mask`) VALUES ('2f1de51a-b998-1240-910d-ce9613172afb', 'e30c36cf-6836-11e6-aa82-5cc5d4d378cb', 'field', '23bb2246-0e18-11e7-8147-e4b318c6b596', '最新修改时间', '54', '6', '1', '1', 'view', '0', '1', '2019-08-05 02:59:18', '1', '2019-08-05 02:59:22', '0');
INSERT INTO `page_layout_fields` (`id`, `page_layout_id`, `type`, `object_field_id`, `label`, `order`, `colspan`, `is_mandatory`, `is_readonly`, `display_mode`, `deleted`, `created_by`, `created_on`, `modified_by`, `modified_on`, `is_with_stars_mask`) VALUES ('392ce594-04e3-2f40-8b2f-c51e8b44a4c6', 'e57e91e8-3e66-4c1f-badf-7a296cb474cb', 'field', '23bb2246-0e18-11e7-8147-e4b318c6b596', '最新修改时间', '54', '6', '1', '1', 'view', '0', '1', '2019-08-05 02:59:18', '1', '2019-08-05 02:59:22', '0');
INSERT INTO `page_layout_fields` (`id`, `page_layout_id`, `type`, `object_field_id`, `label`, `order`, `colspan`, `is_mandatory`, `is_readonly`, `display_mode`, `deleted`, `created_by`, `created_on`, `modified_by`, `modified_on`, `is_with_stars_mask`) VALUES ('59c3c44f-cb7d-b24e-8ede-30509308c002', 'f8f8494a-b146-400c-91b3-ab9f3091e1f0', 'field', '23bb2246-0e18-11e7-8147-e4b318c6b596', '最新修改时间', '54', '6', '1', '1', 'both', '0', '1', '2019-08-05 02:59:18', '1', '2019-08-05 02:59:22', '0');

UPDATE `page_layouts` SET `name` = 'approval_non_department_conference_s' WHERE (`id` = '7c15bbb0-5f6a-11e6-a554-5cc5d4d378cb');
UPDATE `page_layouts` SET `name` = 'approval_non_department_conference_s_report' WHERE (`id` = '4671365b-7746-408c-92b0-50ae6856cdc6');
UPDATE `page_layouts` SET `name` = 'approved_non_department_conference_s' WHERE (`id` = '7d11f600-5f6a-11e6-b27d-5cc5d4d378cb');
UPDATE `page_layouts` SET `name` = 'approved_non_department_conference_s_report' WHERE (`id` = 'bc537adc-4e19-4940-bde6-bfe5e0897202');
UPDATE `page_layouts` SET `name` = 'cancelled_non_department_conference_s' WHERE (`id` = '0b9f751f-1af5-4443-aa1d-d3a9e9560b88');
UPDATE `page_layouts` SET `name` = 'finished_non_department_conference_s' WHERE (`id` = 'e30c36cf-6836-11e6-aa82-5cc5d4d378cb');
UPDATE `page_layouts` SET `name` = 'finished_non_department_conference_s_report' WHERE (`id` = 'f8f8494a-b146-400c-91b3-ab9f3091e1f0');
UPDATE `page_layouts` SET `name` = 'locked_non_department_conference_s' WHERE (`id` = '43d6fda3-1c47-42bd-9f4a-23c56fed2757');
UPDATE `page_layouts` SET `name` = 'locked_non_department_conference_s_report' WHERE (`id` = '1459544f-6310-4975-bc0f-749aacab69c8');
UPDATE `page_layouts` SET `name` = 'plan_non_department_conference_s' WHERE (`id` = '7b04e7f0-5f6a-11e6-bb52-5cc5d4d378cb');
UPDATE `page_layouts` SET `name` = 'plan_non_department_conference_s_report' WHERE (`id` = '4053abdf-5690-4a8b-ba63-f29c72057f05');
UPDATE `page_layouts` SET `name` = 'reject_non_department_conference_s' WHERE (`id` = 'dcb147ee-69e2-11e6-9a63-5cc5d4d378cb');
UPDATE `page_layouts` SET `name` = 'reject_non_department_conference_s_report' WHERE (`id` = '79eca707-3a5a-40b2-af98-f6bfc666c585');
UPDATE `page_layouts` SET `name` = 'approval_non_department_conference_l_report' WHERE (`id` = '2a397209-b538-4be9-a34b-917fb72da029');
UPDATE `page_layouts` SET `name` = 'approval_non_department_conference_l_report_with_edit' WHERE (`id` = '2a397209-b538-4be9-a34b-917fb72da030');
UPDATE `page_layouts` SET `name` = 'approval_non_department_conference_l' WHERE (`id` = 'e57e91e8-3e66-4c1f-badf-7a296cb474cb');
UPDATE `object_record_types` SET `name` = 'non_department' WHERE (`id` = 'e2481288-d806-446d-97f8-f82f57e201ce');
UPDATE `object_record_types` SET `name` = 'non_department__report' WHERE (`id` = '40165833-480b-4839-b91c-52da49df11e3');

INSERT INTO page_layout_assignments(`id`, `role_id`, `object_record_type_id`, `object_state_id`, `page_layout_id`, `deleted`, `created_by`, `created_on`, `modified_by`, `modified_on`, `is_locked_by_state`, `allow_enter_mini_layout`, `mini_layout_section`, `tips`) VALUES 
('0a709400-1158-d74f-b6a1-774af8f5bdc8','53de6f5e-1da3-11e6-b011-5cc5d4b57134', 'e2481288-d806-446d-97f8-f82f57e201ce', 'ba579c2e-5eee-11e6-80bf-5cc5d4d378cb', '7b04e7f0-5f6a-11e6-bb52-5cc5d4d378cb', 0, 1, NOW(), 1, NOW(), NULL, NULL, NULL, NULL),
('65cc70d9-b9ad-3943-a266-720fdd672b31','53de6f5e-1da3-11e6-b011-5cc5d4b57134', 'e2481288-d806-446d-97f8-f82f57e201ce', 'ba956880-5eee-11e6-8728-5cc5d4d378cb', '7c15bbb0-5f6a-11e6-a554-5cc5d4d378cb', 0, 1, NOW(), 1, NOW(), NULL, NULL, NULL, NULL),
('1cff3cc4-b3ed-3647-b90b-f3ad82fbe922','53de6f5e-1da3-11e6-b011-5cc5d4b57134', 'e2481288-d806-446d-97f8-f82f57e201ce', 'badc3580-5eee-11e6-a6b2-5cc5d4d378cb', '7d11f600-5f6a-11e6-b27d-5cc5d4d378cb', 0, 1, NOW(), 1, NOW(), NULL, NULL, NULL, NULL),
('ce354875-7c98-1f47-8f51-e6984336ff37','53de6f5e-1da3-11e6-b011-5cc5d4b57134', 'e2481288-d806-446d-97f8-f82f57e201ce', 'bb21a2f0-5eee-11e6-9c65-5cc5d4d378cb', 'dcb147ee-69e2-11e6-9a63-5cc5d4d378cb', 0, 1, NOW(), 1, NOW(), NULL, NULL, NULL, NULL),
('19e1cdae-811b-6c42-80ad-e59b3f0a9753','53de6f5e-1da3-11e6-b011-5cc5d4b57134', 'e2481288-d806-446d-97f8-f82f57e201ce', '2cd331a1-e360-11e9-b9aa-0298a739dec0', '0b9f751f-1af5-4443-aa1d-d3a9e9560b88', 0, 1, NOW(), 1, NOW(), NULL, NULL, NULL, NULL),
('00759f8a-629d-d143-bcb8-db628a6c3f68','53de6f5e-1da3-11e6-b011-5cc5d4b57134', 'e2481288-d806-446d-97f8-f82f57e201ce', 'bb603291-5eee-11e6-b868-5cc5d4d378cb', 'e30c36cf-6836-11e6-aa82-5cc5d4d378cb', 0, 1, NOW(), 1, NOW(), NULL, NULL, NULL, NULL),
('2ce764b5-0c3d-6148-8996-46b437e21a14','53de6f5e-1da3-11e6-b011-5cc5d4b57134', '40165833-480b-4839-b91c-52da49df11e3', 'ba579c2e-5eee-11e6-80bf-5cc5d4d378cb', '4053abdf-5690-4a8b-ba63-f29c72057f05', 0, 1, NOW(), 1, NOW(), NULL, NULL, NULL, NULL),
('1ac27e70-d2c4-2e43-a137-883f640ef800','53de6f5e-1da3-11e6-b011-5cc5d4b57134', '40165833-480b-4839-b91c-52da49df11e3', 'ba956880-5eee-11e6-8728-5cc5d4d378cb', '4671365b-7746-408c-92b0-50ae6856cdc6', 0, 1, NOW(), 1, NOW(), NULL, NULL, NULL, NULL),
('8a48882f-f9e1-1a44-9f52-f3b80ad52a32','53de6f5e-1da3-11e6-b011-5cc5d4b57134', '40165833-480b-4839-b91c-52da49df11e3', 'badc3580-5eee-11e6-a6b2-5cc5d4d378cb', 'bc537adc-4e19-4940-bde6-bfe5e0897202', 0, 1, NOW(), 1, NOW(), NULL, NULL, NULL, NULL),
('6877f542-4615-3348-9b57-d82993f4d841','53de6f5e-1da3-11e6-b011-5cc5d4b57134', '40165833-480b-4839-b91c-52da49df11e3', 'bb21a2f0-5eee-11e6-9c65-5cc5d4d378cb', '79eca707-3a5a-40b2-af98-f6bfc666c585', 0, 1, NOW(), 1, NOW(), NULL, NULL, NULL, NULL),
('16b29ff8-9e7e-6648-91b5-f1985828fedd','53de6f5e-1da3-11e6-b011-5cc5d4b57134', '40165833-480b-4839-b91c-52da49df11e3', '2cd331a1-e360-11e9-b9aa-0298a739dec0', '1459544f-6310-4975-bc0f-749aacab69c8', 0, 1, NOW(), 1, NOW(), NULL, NULL, NULL, NULL),
('affbd0d1-a855-7d4c-bd67-177df8e26883','53de6f5e-1da3-11e6-b011-5cc5d4b57134', '40165833-480b-4839-b91c-52da49df11e3', '577ca18d-e360-11e9-b9aa-0298a739dec0', 'f8f8494a-b146-400c-91b3-ab9f3091e1f0', 0, 1, NOW(), 1, NOW(), NULL, NULL, NULL, NULL),
('f13792ad-aa34-2646-b111-75fc3f0da538','53de9670-1da3-11e6-961c-5cc5d4b57135', 'e2481288-d806-446d-97f8-f82f57e201ce', 'ba579c2e-5eee-11e6-80bf-5cc5d4d378cb', '7b04e7f0-5f6a-11e6-bb52-5cc5d4d378cb', 0, 1, NOW(), 1, NOW(), NULL, NULL, NULL, NULL),
('71658ab7-6cd9-3a4e-9764-297178009bab','53de9670-1da3-11e6-961c-5cc5d4b57135', 'e2481288-d806-446d-97f8-f82f57e201ce', 'ba956880-5eee-11e6-8728-5cc5d4d378cb', '7c15bbb0-5f6a-11e6-a554-5cc5d4d378cb', 0, 1, NOW(), 1, NOW(), NULL, NULL, NULL, NULL),
('010e637c-7e82-7f40-97b0-39a7ac0decca','53de9670-1da3-11e6-961c-5cc5d4b57135', 'e2481288-d806-446d-97f8-f82f57e201ce', 'badc3580-5eee-11e6-a6b2-5cc5d4d378cb', '7d11f600-5f6a-11e6-b27d-5cc5d4d378cb', 0, 1, NOW(), 1, NOW(), NULL, NULL, NULL, NULL),
('5fed4d7f-6bc1-eb45-8402-abd9ee0089fc','53de9670-1da3-11e6-961c-5cc5d4b57135', 'e2481288-d806-446d-97f8-f82f57e201ce', 'bb21a2f0-5eee-11e6-9c65-5cc5d4d378cb', 'dcb147ee-69e2-11e6-9a63-5cc5d4d378cb', 0, 1, NOW(), 1, NOW(), NULL, NULL, NULL, NULL),
('336fce66-ab36-3a47-80c1-6fde7f1c7975','53de9670-1da3-11e6-961c-5cc5d4b57135', 'e2481288-d806-446d-97f8-f82f57e201ce', '2cd331a1-e360-11e9-b9aa-0298a739dec0', '0b9f751f-1af5-4443-aa1d-d3a9e9560b88', 0, 1, NOW(), 1, NOW(), NULL, NULL, NULL, NULL),
('9dc8fac3-55a1-3d4a-8cf7-d36c12f30ab7','53de9670-1da3-11e6-961c-5cc5d4b57135', 'e2481288-d806-446d-97f8-f82f57e201ce', 'bb603291-5eee-11e6-b868-5cc5d4d378cb', 'e30c36cf-6836-11e6-aa82-5cc5d4d378cb', 0, 1, NOW(), 1, NOW(), NULL, NULL, NULL, NULL),
('582fad7d-4644-3b45-9c5d-920747b304c8','53de9670-1da3-11e6-961c-5cc5d4b57135', '40165833-480b-4839-b91c-52da49df11e3', 'ba579c2e-5eee-11e6-80bf-5cc5d4d378cb', '4053abdf-5690-4a8b-ba63-f29c72057f05', 0, 1, NOW(), 1, NOW(), NULL, NULL, NULL, NULL),
('722cc7c6-d0da-8948-9e62-401ad7c54a3f','53de9670-1da3-11e6-961c-5cc5d4b57135', '40165833-480b-4839-b91c-52da49df11e3', 'ba956880-5eee-11e6-8728-5cc5d4d378cb', '4671365b-7746-408c-92b0-50ae6856cdc6', 0, 1, NOW(), 1, NOW(), NULL, NULL, NULL, NULL),
('847c6c79-c375-8248-9649-62858a5ac7d7','53de9670-1da3-11e6-961c-5cc5d4b57135', '40165833-480b-4839-b91c-52da49df11e3', 'badc3580-5eee-11e6-a6b2-5cc5d4d378cb', 'bc537adc-4e19-4940-bde6-bfe5e0897202', 0, 1, NOW(), 1, NOW(), NULL, NULL, NULL, NULL),
('3f71cdcf-fe71-884a-accb-06475fad4b02','53de9670-1da3-11e6-961c-5cc5d4b57135', '40165833-480b-4839-b91c-52da49df11e3', 'bb21a2f0-5eee-11e6-9c65-5cc5d4d378cb', '79eca707-3a5a-40b2-af98-f6bfc666c585', 0, 1, NOW(), 1, NOW(), NULL, NULL, NULL, NULL),
('ed1fdca3-42c0-b047-882a-7ced42218bb9','53de9670-1da3-11e6-961c-5cc5d4b57135', '40165833-480b-4839-b91c-52da49df11e3', '2cd331a1-e360-11e9-b9aa-0298a739dec0', '1459544f-6310-4975-bc0f-749aacab69c8', 0, 1, NOW(), 1, NOW(), NULL, NULL, NULL, NULL),
('c6b6a5b4-975d-954f-8f52-ee18022d935b','53de9670-1da3-11e6-961c-5cc5d4b57135', '40165833-480b-4839-b91c-52da49df11e3', '577ca18d-e360-11e9-b9aa-0298a739dec0', 'f8f8494a-b146-400c-91b3-ab9f3091e1f0', 0, 1, NOW(), 1, NOW(), NULL, NULL, NULL, NULL),
('4294d939-3af2-124a-b05d-eb6adf3ffe74','53de9671-1da3-11e6-93fb-5cc5d4b57136', 'e2481288-d806-446d-97f8-f82f57e201ce', 'ba579c2e-5eee-11e6-80bf-5cc5d4d378cb', '7b04e7f0-5f6a-11e6-bb52-5cc5d4d378cb', 0, 1, NOW(), 1, NOW(), NULL, NULL, NULL, NULL),
('390ac674-8569-3c49-87c2-11b314c0cad3','53de9671-1da3-11e6-93fb-5cc5d4b57136', 'e2481288-d806-446d-97f8-f82f57e201ce', 'ba956880-5eee-11e6-8728-5cc5d4d378cb', '7c15bbb0-5f6a-11e6-a554-5cc5d4d378cb', 0, 1, NOW(), 1, NOW(), NULL, NULL, NULL, NULL),
('be6619cd-eb7a-5a48-998d-0954d1b3671e','53de9671-1da3-11e6-93fb-5cc5d4b57136', 'e2481288-d806-446d-97f8-f82f57e201ce', 'badc3580-5eee-11e6-a6b2-5cc5d4d378cb', '7d11f600-5f6a-11e6-b27d-5cc5d4d378cb', 0, 1, NOW(), 1, NOW(), NULL, NULL, NULL, NULL),
('6db1ff15-9d17-8043-8474-4ea4f735aed1','53de9671-1da3-11e6-93fb-5cc5d4b57136', 'e2481288-d806-446d-97f8-f82f57e201ce', 'bb21a2f0-5eee-11e6-9c65-5cc5d4d378cb', 'dcb147ee-69e2-11e6-9a63-5cc5d4d378cb', 0, 1, NOW(), 1, NOW(), NULL, NULL, NULL, NULL),
('a34357a7-d547-0e4d-859a-26e6315b6b82','53de9671-1da3-11e6-93fb-5cc5d4b57136', 'e2481288-d806-446d-97f8-f82f57e201ce', '2cd331a1-e360-11e9-b9aa-0298a739dec0', '0b9f751f-1af5-4443-aa1d-d3a9e9560b88', 0, 1, NOW(), 1, NOW(), NULL, NULL, NULL, NULL),
('0a8ef3a1-ad7c-944b-9ad6-4853cf49136a','53de9671-1da3-11e6-93fb-5cc5d4b57136', 'e2481288-d806-446d-97f8-f82f57e201ce', 'bb603291-5eee-11e6-b868-5cc5d4d378cb', 'e30c36cf-6836-11e6-aa82-5cc5d4d378cb', 0, 1, NOW(), 1, NOW(), NULL, NULL, NULL, NULL),
('f4726b73-65bc-ee40-a388-5c3181b00aa7','53de9671-1da3-11e6-93fb-5cc5d4b57136', '40165833-480b-4839-b91c-52da49df11e3', 'ba579c2e-5eee-11e6-80bf-5cc5d4d378cb', '4053abdf-5690-4a8b-ba63-f29c72057f05', 0, 1, NOW(), 1, NOW(), NULL, NULL, NULL, NULL),
('9d87ec82-556f-c44f-8faa-c7af429af190','53de9671-1da3-11e6-93fb-5cc5d4b57136', '40165833-480b-4839-b91c-52da49df11e3', 'ba956880-5eee-11e6-8728-5cc5d4d378cb', '4671365b-7746-408c-92b0-50ae6856cdc6', 0, 1, NOW(), 1, NOW(), NULL, NULL, NULL, NULL),
('abed2f46-7f02-724f-af23-a85d2dc249d3','53de9671-1da3-11e6-93fb-5cc5d4b57136', '40165833-480b-4839-b91c-52da49df11e3', 'badc3580-5eee-11e6-a6b2-5cc5d4d378cb', 'bc537adc-4e19-4940-bde6-bfe5e0897202', 0, 1, NOW(), 1, NOW(), NULL, NULL, NULL, NULL),
('ce39f645-623c-294e-960d-f1e52911ed62','53de9671-1da3-11e6-93fb-5cc5d4b57136', '40165833-480b-4839-b91c-52da49df11e3', 'bb21a2f0-5eee-11e6-9c65-5cc5d4d378cb', '79eca707-3a5a-40b2-af98-f6bfc666c585', 0, 1, NOW(), 1, NOW(), NULL, NULL, NULL, NULL),
('365e4c52-2a14-d944-bc83-4087371b1476','53de9671-1da3-11e6-93fb-5cc5d4b57136', '40165833-480b-4839-b91c-52da49df11e3', '2cd331a1-e360-11e9-b9aa-0298a739dec0', '1459544f-6310-4975-bc0f-749aacab69c8', 0, 1, NOW(), 1, NOW(), NULL, NULL, NULL, NULL),
('79acc0ff-ad2f-ce49-8fad-fe74c0988b38','53de9671-1da3-11e6-93fb-5cc5d4b57136', '40165833-480b-4839-b91c-52da49df11e3', '577ca18d-e360-11e9-b9aa-0298a739dec0', 'f8f8494a-b146-400c-91b3-ab9f3091e1f0', 0, 1, NOW(), 1, NOW(), NULL, NULL, NULL, NULL),
('a598c6a4-653b-a840-9e4e-7c8ce20a6f82','53de9671-1da3-11e6-93fb-5cc5d4b57136', 'e2481288-d806-446d-97f8-f82f57e201ce', 'ba579c2e-5eee-11e6-80bf-5cc5d4d378cb', '7b04e7f0-5f6a-11e6-bb52-5cc5d4d378cb', 0, 1, NOW(), 1, NOW(), NULL, NULL, NULL, NULL),
('64cb2747-ba94-bf43-935b-ae7062cb0e67','53de9671-1da3-11e6-93fb-5cc5d4b57136', 'e2481288-d806-446d-97f8-f82f57e201ce', 'ba956880-5eee-11e6-8728-5cc5d4d378cb', '7c15bbb0-5f6a-11e6-a554-5cc5d4d378cb', 0, 1, NOW(), 1, NOW(), NULL, NULL, NULL, NULL),
('666ef6b1-640f-944e-9559-6ede508b2136','53de9671-1da3-11e6-93fb-5cc5d4b57136', 'e2481288-d806-446d-97f8-f82f57e201ce', 'badc3580-5eee-11e6-a6b2-5cc5d4d378cb', '7d11f600-5f6a-11e6-b27d-5cc5d4d378cb', 0, 1, NOW(), 1, NOW(), NULL, NULL, NULL, NULL),
('9d70aa17-1cc9-1548-a679-bf6c4bcef85a','53de9671-1da3-11e6-93fb-5cc5d4b57136', 'e2481288-d806-446d-97f8-f82f57e201ce', 'bb21a2f0-5eee-11e6-9c65-5cc5d4d378cb', 'dcb147ee-69e2-11e6-9a63-5cc5d4d378cb', 0, 1, NOW(), 1, NOW(), NULL, NULL, NULL, NULL),
('cd86c951-4c6f-6d4e-a3ac-23c143fbb02e','53de9671-1da3-11e6-93fb-5cc5d4b57136', 'e2481288-d806-446d-97f8-f82f57e201ce', '2cd331a1-e360-11e9-b9aa-0298a739dec0', '0b9f751f-1af5-4443-aa1d-d3a9e9560b88', 0, 1, NOW(), 1, NOW(), NULL, NULL, NULL, NULL),
('ba6a6ee3-5e09-e849-b772-548d925717bf','53de9671-1da3-11e6-93fb-5cc5d4b57136', 'e2481288-d806-446d-97f8-f82f57e201ce', 'bb603291-5eee-11e6-b868-5cc5d4d378cb', 'e30c36cf-6836-11e6-aa82-5cc5d4d378cb', 0, 1, NOW(), 1, NOW(), NULL, NULL, NULL, NULL),
('257bec48-599f-274a-a009-0ce37c53d555','53de9671-1da3-11e6-93fb-5cc5d4b57136', '40165833-480b-4839-b91c-52da49df11e3', 'ba579c2e-5eee-11e6-80bf-5cc5d4d378cb', '4053abdf-5690-4a8b-ba63-f29c72057f05', 0, 1, NOW(), 1, NOW(), NULL, NULL, NULL, NULL),
('c8bc7183-8a32-a74e-b4ad-650b893f77f9','53de9671-1da3-11e6-93fb-5cc5d4b57136', '40165833-480b-4839-b91c-52da49df11e3', 'ba956880-5eee-11e6-8728-5cc5d4d378cb', '4671365b-7746-408c-92b0-50ae6856cdc6', 0, 1, NOW(), 1, NOW(), NULL, NULL, NULL, NULL),
('d36aa499-318f-dd4e-90ad-20a9799ed1d5','53de9671-1da3-11e6-93fb-5cc5d4b57136', '40165833-480b-4839-b91c-52da49df11e3', 'badc3580-5eee-11e6-a6b2-5cc5d4d378cb', 'bc537adc-4e19-4940-bde6-bfe5e0897202', 0, 1, NOW(), 1, NOW(), NULL, NULL, NULL, NULL),
('83b225e9-1a72-c042-99d9-fed9c2f03fcf','53de9671-1da3-11e6-93fb-5cc5d4b57136', '40165833-480b-4839-b91c-52da49df11e3', 'bb21a2f0-5eee-11e6-9c65-5cc5d4d378cb', '79eca707-3a5a-40b2-af98-f6bfc666c585', 0, 1, NOW(), 1, NOW(), NULL, NULL, NULL, NULL),
('e8426375-dcf6-d244-ba8e-d99f0792d4e0','53de9671-1da3-11e6-93fb-5cc5d4b57136', '40165833-480b-4839-b91c-52da49df11e3', '2cd331a1-e360-11e9-b9aa-0298a739dec0', '1459544f-6310-4975-bc0f-749aacab69c8', 0, 1, NOW(), 1, NOW(), NULL, NULL, NULL, NULL),
('a347d2bb-f171-6043-98bf-1be55a7cd4bb','53de9671-1da3-11e6-93fb-5cc5d4b57136', '40165833-480b-4839-b91c-52da49df11e3', '577ca18d-e360-11e9-b9aa-0298a739dec0', 'f8f8494a-b146-400c-91b3-ab9f3091e1f0', 0, 1, NOW(), 1, NOW(), NULL, NULL, NULL, NULL),
('1ac025c9-6ed5-934a-a4ee-ec2abeae952a','b72453fc-efdb-11e9-b9aa-0298a739dec0', 'e2481288-d806-446d-97f8-f82f57e201ce', 'ba579c2e-5eee-11e6-80bf-5cc5d4d378cb', '7b04e7f0-5f6a-11e6-bb52-5cc5d4d378cb', 0, 1, NOW(), 1, NOW(), NULL, NULL, NULL, NULL),
('aebbd030-699a-0949-b3c5-2543e588df21','b72453fc-efdb-11e9-b9aa-0298a739dec0', 'e2481288-d806-446d-97f8-f82f57e201ce', 'ba956880-5eee-11e6-8728-5cc5d4d378cb', '7c15bbb0-5f6a-11e6-a554-5cc5d4d378cb', 0, 1, NOW(), 1, NOW(), NULL, NULL, NULL, NULL),
('e99be4f9-6c29-d54d-b4e5-22e64d687a0c','b72453fc-efdb-11e9-b9aa-0298a739dec0', 'e2481288-d806-446d-97f8-f82f57e201ce', 'badc3580-5eee-11e6-a6b2-5cc5d4d378cb', '7d11f600-5f6a-11e6-b27d-5cc5d4d378cb', 0, 1, NOW(), 1, NOW(), NULL, NULL, NULL, NULL),
('a53e7b65-642d-fa42-a827-5f8018aa9d32','b72453fc-efdb-11e9-b9aa-0298a739dec0', 'e2481288-d806-446d-97f8-f82f57e201ce', 'bb21a2f0-5eee-11e6-9c65-5cc5d4d378cb', 'dcb147ee-69e2-11e6-9a63-5cc5d4d378cb', 0, 1, NOW(), 1, NOW(), NULL, NULL, NULL, NULL),
('29c7f004-ce23-0b47-8ecf-edf9165cbadc','b72453fc-efdb-11e9-b9aa-0298a739dec0', 'e2481288-d806-446d-97f8-f82f57e201ce', '2cd331a1-e360-11e9-b9aa-0298a739dec0', '0b9f751f-1af5-4443-aa1d-d3a9e9560b88', 0, 1, NOW(), 1, NOW(), NULL, NULL, NULL, NULL),
('5f4f64e7-17d6-5f42-b996-922326a9f972','b72453fc-efdb-11e9-b9aa-0298a739dec0', 'e2481288-d806-446d-97f8-f82f57e201ce', 'bb603291-5eee-11e6-b868-5cc5d4d378cb', 'e30c36cf-6836-11e6-aa82-5cc5d4d378cb', 0, 1, NOW(), 1, NOW(), NULL, NULL, NULL, NULL),
('fb62dabd-42ee-1f48-b569-c7e8dccd63ce','b72453fc-efdb-11e9-b9aa-0298a739dec0', '40165833-480b-4839-b91c-52da49df11e3', 'ba579c2e-5eee-11e6-80bf-5cc5d4d378cb', '4053abdf-5690-4a8b-ba63-f29c72057f05', 0, 1, NOW(), 1, NOW(), NULL, NULL, NULL, NULL),
('5df05e11-5cba-fe47-92a3-afa653d9dc84','b72453fc-efdb-11e9-b9aa-0298a739dec0', '40165833-480b-4839-b91c-52da49df11e3', 'ba956880-5eee-11e6-8728-5cc5d4d378cb', '4671365b-7746-408c-92b0-50ae6856cdc6', 0, 1, NOW(), 1, NOW(), NULL, NULL, NULL, NULL),
('488ba709-4ca9-0142-b1d4-5f32b27fbf6b','b72453fc-efdb-11e9-b9aa-0298a739dec0', '40165833-480b-4839-b91c-52da49df11e3', 'badc3580-5eee-11e6-a6b2-5cc5d4d378cb', 'bc537adc-4e19-4940-bde6-bfe5e0897202', 0, 1, NOW(), 1, NOW(), NULL, NULL, NULL, NULL),
('981f3865-aafd-5047-bddf-16af927c334f','b72453fc-efdb-11e9-b9aa-0298a739dec0', '40165833-480b-4839-b91c-52da49df11e3', 'bb21a2f0-5eee-11e6-9c65-5cc5d4d378cb', '79eca707-3a5a-40b2-af98-f6bfc666c585', 0, 1, NOW(), 1, NOW(), NULL, NULL, NULL, NULL),
('3c328a43-9b00-384f-9eff-0edb8542572c','b72453fc-efdb-11e9-b9aa-0298a739dec0', '40165833-480b-4839-b91c-52da49df11e3', '2cd331a1-e360-11e9-b9aa-0298a739dec0', '1459544f-6310-4975-bc0f-749aacab69c8', 0, 1, NOW(), 1, NOW(), NULL, NULL, NULL, NULL),
('7da7b2fb-1724-7a4c-9cac-11f6282801da','b72453fc-efdb-11e9-b9aa-0298a739dec0', '40165833-480b-4839-b91c-52da49df11e3', '577ca18d-e360-11e9-b9aa-0298a739dec0', 'f8f8494a-b146-400c-91b3-ab9f3091e1f0', 0, 1, NOW(), 1, NOW(), NULL, NULL, NULL, NULL),
('f40f6b85-2721-1640-b590-914392f86940','b72453fc-efdb-11e9-b9aa-0298a739dec0', 'e2481288-d806-446d-97f8-f82f57e201ce', 'ba579c2e-5eee-11e6-80bf-5cc5d4d378cb', '7b04e7f0-5f6a-11e6-bb52-5cc5d4d378cb', 0, 1, NOW(), 1, NOW(), NULL, NULL, NULL, NULL),
('eb12e2a8-2f9d-7e47-bd88-292ca96551eb','b72453fc-efdb-11e9-b9aa-0298a739dec0', 'e2481288-d806-446d-97f8-f82f57e201ce', 'ba956880-5eee-11e6-8728-5cc5d4d378cb', '7c15bbb0-5f6a-11e6-a554-5cc5d4d378cb', 0, 1, NOW(), 1, NOW(), NULL, NULL, NULL, NULL),
('4117a048-74ab-3545-b85d-ce2b1312eba1','b72453fc-efdb-11e9-b9aa-0298a739dec0', 'e2481288-d806-446d-97f8-f82f57e201ce', 'badc3580-5eee-11e6-a6b2-5cc5d4d378cb', '7d11f600-5f6a-11e6-b27d-5cc5d4d378cb', 0, 1, NOW(), 1, NOW(), NULL, NULL, NULL, NULL),
('fbd47ad4-ebd8-ca49-824a-fa8cf462f2d2','b72453fc-efdb-11e9-b9aa-0298a739dec0', 'e2481288-d806-446d-97f8-f82f57e201ce', 'bb21a2f0-5eee-11e6-9c65-5cc5d4d378cb', 'dcb147ee-69e2-11e6-9a63-5cc5d4d378cb', 0, 1, NOW(), 1, NOW(), NULL, NULL, NULL, NULL),
('01592a04-69e4-f447-a82f-d6cde069e152','b72453fc-efdb-11e9-b9aa-0298a739dec0', 'e2481288-d806-446d-97f8-f82f57e201ce', '2cd331a1-e360-11e9-b9aa-0298a739dec0', '0b9f751f-1af5-4443-aa1d-d3a9e9560b88', 0, 1, NOW(), 1, NOW(), NULL, NULL, NULL, NULL),
('5637e028-f059-654d-a405-8be549953a67','b72453fc-efdb-11e9-b9aa-0298a739dec0', 'e2481288-d806-446d-97f8-f82f57e201ce', 'bb603291-5eee-11e6-b868-5cc5d4d378cb', 'e30c36cf-6836-11e6-aa82-5cc5d4d378cb', 0, 1, NOW(), 1, NOW(), NULL, NULL, NULL, NULL),
('b9b3ed54-5fcb-bf4e-9cbc-af6559d27056','b72453fc-efdb-11e9-b9aa-0298a739dec0', '40165833-480b-4839-b91c-52da49df11e3', 'ba579c2e-5eee-11e6-80bf-5cc5d4d378cb', '4053abdf-5690-4a8b-ba63-f29c72057f05', 0, 1, NOW(), 1, NOW(), NULL, NULL, NULL, NULL),
('4b0ff791-ea96-6141-9b20-a72209c0085b','b72453fc-efdb-11e9-b9aa-0298a739dec0', '40165833-480b-4839-b91c-52da49df11e3', 'ba956880-5eee-11e6-8728-5cc5d4d378cb', '4671365b-7746-408c-92b0-50ae6856cdc6', 0, 1, NOW(), 1, NOW(), NULL, NULL, NULL, NULL),
('d333dda5-0a98-2b46-9986-bf0276b03795','b72453fc-efdb-11e9-b9aa-0298a739dec0', '40165833-480b-4839-b91c-52da49df11e3', 'badc3580-5eee-11e6-a6b2-5cc5d4d378cb', 'bc537adc-4e19-4940-bde6-bfe5e0897202', 0, 1, NOW(), 1, NOW(), NULL, NULL, NULL, NULL),
('c4e0e97a-44c5-bf4e-b3c9-7089d57103ab','b72453fc-efdb-11e9-b9aa-0298a739dec0', '40165833-480b-4839-b91c-52da49df11e3', 'bb21a2f0-5eee-11e6-9c65-5cc5d4d378cb', '79eca707-3a5a-40b2-af98-f6bfc666c585', 0, 1, NOW(), 1, NOW(), NULL, NULL, NULL, NULL),
('650b8ad1-a664-4241-97ee-2d848bedccc3','b72453fc-efdb-11e9-b9aa-0298a739dec0', '40165833-480b-4839-b91c-52da49df11e3', '2cd331a1-e360-11e9-b9aa-0298a739dec0', '1459544f-6310-4975-bc0f-749aacab69c8', 0, 1, NOW(), 1, NOW(), NULL, NULL, NULL, NULL),
('3f708918-560d-e247-92fc-e9e22a38d8b1','b72453fc-efdb-11e9-b9aa-0298a739dec0', '40165833-480b-4839-b91c-52da49df11e3', '577ca18d-e360-11e9-b9aa-0298a739dec0', 'f8f8494a-b146-400c-91b3-ab9f3091e1f0', 0, 1, NOW(), 1, NOW(), NULL, NULL, NULL, NULL),
('294bfb2c-6ab2-3b41-b970-38eceaf225df','53de9674-1da3-11e6-ac97-5cc5d4b57138', 'e2481288-d806-446d-97f8-f82f57e201ce', 'ba579c2e-5eee-11e6-80bf-5cc5d4d378cb', 'e57e91e8-3e66-4c1f-badf-7a296cb474cb', 0, 1, NOW(), 1, NOW(), NULL, NULL, NULL, NULL),
('6931474d-3d90-584d-aa5a-7cb9bfd081c3','53de9674-1da3-11e6-ac97-5cc5d4b57138', 'e2481288-d806-446d-97f8-f82f57e201ce', 'ba956880-5eee-11e6-8728-5cc5d4d378cb', 'e57e91e8-3e66-4c1f-badf-7a296cb474cb', 0, 1, NOW(), 1, NOW(), NULL, NULL, NULL, NULL),
('08844549-9e73-874b-8d0c-1d3914ca218d','53de9674-1da3-11e6-ac97-5cc5d4b57138', 'e2481288-d806-446d-97f8-f82f57e201ce', 'badc3580-5eee-11e6-a6b2-5cc5d4d378cb', 'e57e91e8-3e66-4c1f-badf-7a296cb474cb', 0, 1, NOW(), 1, NOW(), NULL, NULL, NULL, NULL),
('72345862-95f1-d74b-b26b-37295196c3a5','53de9674-1da3-11e6-ac97-5cc5d4b57138', 'e2481288-d806-446d-97f8-f82f57e201ce', 'bb21a2f0-5eee-11e6-9c65-5cc5d4d378cb', 'e57e91e8-3e66-4c1f-badf-7a296cb474cb', 0, 1, NOW(), 1, NOW(), NULL, NULL, NULL, NULL),
('d782ffc1-edce-374e-b523-3c3a22b04368','53de9674-1da3-11e6-ac97-5cc5d4b57138', 'e2481288-d806-446d-97f8-f82f57e201ce', '2cd331a1-e360-11e9-b9aa-0298a739dec0', 'e57e91e8-3e66-4c1f-badf-7a296cb474cb', 0, 1, NOW(), 1, NOW(), NULL, NULL, NULL, NULL),
('499a76f9-d33c-b641-9b66-db6e21abe6c3','53de9674-1da3-11e6-ac97-5cc5d4b57138', 'e2481288-d806-446d-97f8-f82f57e201ce', 'bb603291-5eee-11e6-b868-5cc5d4d378cb', 'e57e91e8-3e66-4c1f-badf-7a296cb474cb', 0, 1, NOW(), 1, NOW(), NULL, NULL, NULL, NULL),
('1d48b76c-e1ed-9a4e-98d6-534f770da2c6','53de9674-1da3-11e6-ac97-5cc5d4b57138', '40165833-480b-4839-b91c-52da49df11e3', 'ba579c2e-5eee-11e6-80bf-5cc5d4d378cb', '2a397209-b538-4be9-a34b-917fb72da029', 0, 1, NOW(), 1, NOW(), NULL, NULL, NULL, NULL),
('f5856787-2925-b84f-a7c4-edd4cd4bfc88','53de9674-1da3-11e6-ac97-5cc5d4b57138', '40165833-480b-4839-b91c-52da49df11e3', 'ba956880-5eee-11e6-8728-5cc5d4d378cb', '2a397209-b538-4be9-a34b-917fb72da029', 0, 1, NOW(), 1, NOW(), NULL, NULL, NULL, NULL),
('6ca7feea-2afe-6c49-b9b6-de6578940d92','53de9674-1da3-11e6-ac97-5cc5d4b57138', '40165833-480b-4839-b91c-52da49df11e3', 'badc3580-5eee-11e6-a6b2-5cc5d4d378cb', '2a397209-b538-4be9-a34b-917fb72da029', 0, 1, NOW(), 1, NOW(), NULL, NULL, NULL, NULL),
('3a20c669-ca96-f749-b552-46020e0214ac','53de9674-1da3-11e6-ac97-5cc5d4b57138', '40165833-480b-4839-b91c-52da49df11e3', 'bb21a2f0-5eee-11e6-9c65-5cc5d4d378cb', '2a397209-b538-4be9-a34b-917fb72da029', 0, 1, NOW(), 1, NOW(), NULL, NULL, NULL, NULL),
('82e7b5a1-10f0-0f42-876a-03fa8fa15e27','53de9674-1da3-11e6-ac97-5cc5d4b57138', '40165833-480b-4839-b91c-52da49df11e3', '2cd331a1-e360-11e9-b9aa-0298a739dec0', '2a397209-b538-4be9-a34b-917fb72da029', 0, 1, NOW(), 1, NOW(), NULL, NULL, NULL, NULL),
('a9fd332c-7700-2049-8c91-71f9e913a0a9','53de9674-1da3-11e6-ac97-5cc5d4b57138', '40165833-480b-4839-b91c-52da49df11e3', '577ca18d-e360-11e9-b9aa-0298a739dec0', '2a397209-b538-4be9-a34b-917fb72da029', 0, 1, NOW(), 1, NOW(), NULL, NULL, NULL, NULL),
('e9441590-9268-804a-9620-bfd06b49983c','53de9674-1da3-11e6-ac97-5cc5d4b57137', 'e2481288-d806-446d-97f8-f82f57e201ce', 'badc3580-5eee-11e6-a6b2-5cc5d4d378cb', 'e57e91e8-3e66-4c1f-badf-7a296cb474cb', 0, 1, NOW(), 1, NOW(), NULL, NULL, NULL, NULL),
('33882cf5-4095-3242-a2af-3ac473f02765','53de9674-1da3-11e6-ac97-5cc5d4b57137', 'e2481288-d806-446d-97f8-f82f57e201ce', 'bb21a2f0-5eee-11e6-9c65-5cc5d4d378cb', 'e57e91e8-3e66-4c1f-badf-7a296cb474cb', 0, 1, NOW(), 1, NOW(), NULL, NULL, NULL, NULL),
('8f6d0d47-0826-314d-be50-5d382fd86042','53de9674-1da3-11e6-ac97-5cc5d4b57137', 'e2481288-d806-446d-97f8-f82f57e201ce', '2cd331a1-e360-11e9-b9aa-0298a739dec0', 'e57e91e8-3e66-4c1f-badf-7a296cb474cb', 0, 1, NOW(), 1, NOW(), NULL, NULL, NULL, NULL),
('8fab41f3-6341-2946-b7d6-0c5151119695','53de9674-1da3-11e6-ac97-5cc5d4b57137', 'e2481288-d806-446d-97f8-f82f57e201ce', 'bb603291-5eee-11e6-b868-5cc5d4d378cb', 'e57e91e8-3e66-4c1f-badf-7a296cb474cb', 0, 1, NOW(), 1, NOW(), NULL, NULL, NULL, NULL),
('c6fd8606-266c-b94e-89b7-831d1c65250f','53de9674-1da3-11e6-ac97-5cc5d4b57137', '40165833-480b-4839-b91c-52da49df11e3', 'ba579c2e-5eee-11e6-80bf-5cc5d4d378cb', '2a397209-b538-4be9-a34b-917fb72da029', 0, 1, NOW(), 1, NOW(), NULL, NULL, NULL, NULL),
('c5bd3357-4597-ee47-9286-df3bf1a811ed','53de9674-1da3-11e6-ac97-5cc5d4b57137', '40165833-480b-4839-b91c-52da49df11e3', 'ba956880-5eee-11e6-8728-5cc5d4d378cb', '2a397209-b538-4be9-a34b-917fb72da029', 0, 1, NOW(), 1, NOW(), NULL, NULL, NULL, NULL),
('ec2c696d-247c-e349-9f86-45d0f7067034','53de9674-1da3-11e6-ac97-5cc5d4b57137', '40165833-480b-4839-b91c-52da49df11e3', 'badc3580-5eee-11e6-a6b2-5cc5d4d378cb', '2a397209-b538-4be9-a34b-917fb72da029', 0, 1, NOW(), 1, NOW(), NULL, NULL, NULL, NULL),
('be6b7699-9992-0e40-b6ed-a36f8e07aa12','53de9674-1da3-11e6-ac97-5cc5d4b57137', '40165833-480b-4839-b91c-52da49df11e3', 'bb21a2f0-5eee-11e6-9c65-5cc5d4d378cb', '2a397209-b538-4be9-a34b-917fb72da029', 0, 1, NOW(), 1, NOW(), NULL, NULL, NULL, NULL),
('eefdaeef-1297-ef47-9355-f19430e64a51','53de9674-1da3-11e6-ac97-5cc5d4b57137', '40165833-480b-4839-b91c-52da49df11e3', '2cd331a1-e360-11e9-b9aa-0298a739dec0', '2a397209-b538-4be9-a34b-917fb72da029', 0, 1, NOW(), 1, NOW(), NULL, NULL, NULL, NULL),
('36739fb9-d288-3a41-96bc-23497c8a7115','53de9674-1da3-11e6-ac97-5cc5d4b57137', '40165833-480b-4839-b91c-52da49df11e3', '577ca18d-e360-11e9-b9aa-0298a739dec0', '2a397209-b538-4be9-a34b-917fb72da029', 0, 1, NOW(), 1, NOW(), NULL, NULL, NULL, NULL);

update page_layout_fields
set deleted = 1
where object_field_id = 'c19b8d8f-5ed9-11e6-a6f7-5cc5d4d378cb';

update page_layout_fields
set object_field_id = 'b0b20630-5ed9-11e6-a51f-5cc5d4d378cb'
where object_field_id = '3ebf1fcc-9cbb-4950-9150-1ac1e12aa5fb';

INSERT INTO `page_layout_tabs` (`id`, `page_layout_id`, `order`, `deleted`, `created_by`, `created_on`, `modified_by`, `modified_on`, `object_tab_id`, `is_readonly`) VALUES ('0dae51de-e655-4a6d-bd43-6241315fea39', '0b9f751f-1af5-4443-aa1d-d3a9e9560b88', '2', '0', '1', '2019-08-05 02:59:14.000000', '1', '2019-08-05 02:59:14.000000', 'de78128f-5f8c-wsce-861e-5cc5d4d378cb', '1');
INSERT INTO `page_layout_tabs` (`id`, `page_layout_id`, `order`, `deleted`, `created_by`, `created_on`, `modified_by`, `modified_on`, `object_tab_id`, `is_readonly`) VALUES ('1f967f81-5d4b-4356-bd1a-6b4b52e7d43f', '0b9f751f-1af5-4443-aa1d-d3a9e9560b88', '3', '0', '1', '2019-08-05 02:59:14.000000', '1', '2019-08-05 02:59:14.000000', 'de6aa50f-5f8c-11e6-981f-5cc5d4d378c1', '1');
INSERT INTO `page_layout_tabs` (`id`, `page_layout_id`, `order`, `deleted`, `created_by`, `created_on`, `modified_by`, `modified_on`, `object_tab_id`, `is_readonly`) VALUES ('586595f8-a46e-49e3-8da5-65af77b6e9c0', '0b9f751f-1af5-4443-aa1d-d3a9e9560b88', '1', '0', '1', '2019-08-05 02:59:14.000000', '1', '2019-08-05 02:59:14.000000', 'de58558f-5f8c-11e6-99b7-5cc5d4d378cb', '1');
INSERT INTO `page_layout_tabs` (`id`, `page_layout_id`, `order`, `deleted`, `created_by`, `created_on`, `modified_by`, `modified_on`, `object_tab_id`, `configurations`, `is_readonly`) VALUES ('c1627e15-7a55-4d2b-b064-1c80cdd90a5c', '0b9f751f-1af5-4443-aa1d-d3a9e9560b88', '4', '0', '1', '2019-08-05 02:59:14.000000', '1', '2019-08-05 02:59:14.000000', 'de78128f-5f8c-11e6-861e-5cc5d4d378cb', '{\"enable_check_in\": false, \"enable_check_in_button\": false, \"enable_electric_invitation_button\": false, \"enable_tencent_state_display\": false, \"enable_electric_invitation\": false}', '0');
INSERT INTO `page_layout_tabs` (`id`, `page_layout_id`, `order`, `deleted`, `created_by`, `created_on`, `modified_by`, `modified_on`, `object_tab_id`, `configurations`, `is_readonly`) VALUES ('28b8e525-6c71-472b-a3c1-babd8e55ffc9', '1459544f-6310-4975-bc0f-749aacab69c8', '4', '0', '1', '2019-07-05 07:18:18.000000', '1', '2019-07-05 07:18:18.000000', 'de78128f-5f8c-11e6-861e-5cc5d4d378cb', '{\"enable_check_in\": false, \"enable_check_in_button\": false, \"enable_electric_invitation_button\": false, \"enable_tencent_state_display\": false, \"enable_electric_invitation\": false}', '1');
INSERT INTO `page_layout_tabs` (`id`, `page_layout_id`, `order`, `deleted`, `created_by`, `created_on`, `modified_by`, `modified_on`, `object_tab_id`, `is_readonly`) VALUES ('2b401c97-8202-4cdd-b525-8c51a03c6c83', '1459544f-6310-4975-bc0f-749aacab69c8', '3', '0', '1', '2019-07-05 07:18:18.000000', '1', '2019-07-05 07:18:18.000000', 'de6aa50f-5f8c-11e6-981f-5cc5d4d378cb', '1');
INSERT INTO `page_layout_tabs` (`id`, `page_layout_id`, `order`, `deleted`, `created_by`, `created_on`, `modified_by`, `modified_on`, `object_tab_id`, `is_readonly`) VALUES ('8550b3c7-3a88-4484-8b7a-3a8fb39a561e', '1459544f-6310-4975-bc0f-749aacab69c8', '1', '0', '1', '2019-07-05 07:18:18.000000', '1', '2019-07-05 07:18:18.000000', 'de58558f-5f8c-11e6-99b7-5cc5d4d378cb', '1');
INSERT INTO `page_layout_tabs` (`id`, `page_layout_id`, `order`, `deleted`, `created_by`, `created_on`, `modified_by`, `modified_on`, `object_tab_id`, `is_readonly`) VALUES ('8a621e9a-f5a5-4f35-a020-d91738af28af', '1459544f-6310-4975-bc0f-749aacab69c8', '2', '0', '1', '2019-07-05 07:18:18.000000', '1', '2019-07-05 07:18:18.000000', 'de78128f-5f8c-wsce-861e-5cc5d4d378cb', '1');
INSERT INTO `page_layout_tabs` (`id`, `page_layout_id`, `order`, `deleted`, `created_by`, `created_on`, `modified_by`, `modified_on`, `object_tab_id`, `is_readonly`) VALUES ('0f701a68-1fad-44f2-adaf-52d97eb05097', '2a397209-b538-4be9-a34b-917fb72da029', '2', '0', '1', '2019-08-05 02:59:14.000000', '1', '2019-08-05 02:59:14.000000', 'de78128f-5f8c-wsce-861e-5cc5d4d378cb', '1');
INSERT INTO `page_layout_tabs` (`id`, `page_layout_id`, `order`, `deleted`, `created_by`, `created_on`, `modified_by`, `modified_on`, `object_tab_id`, `configurations`, `is_readonly`) VALUES ('12fd5ae3-4063-4b30-b26e-a95419a4203a', '2a397209-b538-4be9-a34b-917fb72da029', '4', '0', '1', '2019-08-05 02:59:14.000000', '1', '2019-08-05 02:59:14.000000', 'de78128f-5f8c-11e6-861e-5cc5d4d378cb', '{\"enable_check_in\": false, \"enable_check_in_button\": false, \"enable_electric_invitation_button\": false, \"enable_tencent_state_display\": false, \"enable_electric_invitation\": false}', '0');
INSERT INTO `page_layout_tabs` (`id`, `page_layout_id`, `order`, `deleted`, `created_by`, `created_on`, `modified_by`, `modified_on`, `object_tab_id`, `is_readonly`) VALUES ('66dbb0ec-a8b1-487d-9893-04c6af59106c', '2a397209-b538-4be9-a34b-917fb72da029', '3', '0', '1', '2019-08-05 02:59:14.000000', '1', '2019-08-05 02:59:14.000000', 'de6aa50f-5f8c-11e6-981f-5cc5d4d378cb', '1');
INSERT INTO `page_layout_tabs` (`id`, `page_layout_id`, `order`, `deleted`, `created_by`, `created_on`, `modified_by`, `modified_on`, `object_tab_id`, `is_readonly`) VALUES ('7a625608-fb7e-45fc-8a11-da4aa757b3dd', '2a397209-b538-4be9-a34b-917fb72da029', '1', '0', '1', '2019-08-05 02:59:14.000000', '1', '2019-08-05 02:59:14.000000', '8e72198e-2803-4108-bf19-66b48cb43c90', '1');
INSERT INTO `page_layout_tabs` (`id`, `page_layout_id`, `order`, `deleted`, `created_by`, `created_on`, `modified_by`, `modified_on`, `object_tab_id`, `is_readonly`) VALUES ('4ce362cc-4fc7-4210-8b64-f4cb99ec1837', '2a397209-b538-4be9-a34b-917fb72da030', '2', '0', '1', '2019-07-26 17:43:19.000000', '1', '2019-07-26 17:43:19.000000', 'de78128f-5f8c-wsce-861e-5cc5d4d378cb', '1');
INSERT INTO `page_layout_tabs` (`id`, `page_layout_id`, `order`, `deleted`, `created_by`, `created_on`, `modified_by`, `modified_on`, `object_tab_id`, `is_readonly`) VALUES ('6eb65042-2e9d-44f2-82b1-52e29c706f8c', '2a397209-b538-4be9-a34b-917fb72da030', '1', '0', '1', '2019-07-26 17:43:19.000000', '1', '2019-07-26 17:43:19.000000', '8e72198e-2803-4108-bf19-66b48cb43c90', '1');
INSERT INTO `page_layout_tabs` (`id`, `page_layout_id`, `order`, `deleted`, `created_by`, `created_on`, `modified_by`, `modified_on`, `object_tab_id`, `configurations`, `is_readonly`) VALUES ('a75a3a4c-9f0e-42a2-b8c1-b76c7c28bc00', '2a397209-b538-4be9-a34b-917fb72da030', '4', '0', '1', '2019-07-26 17:43:19.000000', '1', '2019-07-26 17:43:19.000000', 'de78128f-5f8c-11e6-861e-5cc5d4d378cb', '{\"enable_check_in\": false, \"enable_check_in_button\": false, \"enable_electric_invitation_button\": false, \"enable_tencent_state_display\": false, \"enable_electric_invitation\": false}', '0');
INSERT INTO `page_layout_tabs` (`id`, `page_layout_id`, `order`, `deleted`, `created_by`, `created_on`, `modified_by`, `modified_on`, `object_tab_id`, `is_readonly`) VALUES ('e854df98-480a-4d4a-b069-ccbb495c7d4d', '2a397209-b538-4be9-a34b-917fb72da030', '3', '0', '1', '2019-07-26 17:43:19.000000', '1', '2019-07-26 17:43:19.000000', 'de6aa50f-5f8c-11e6-981f-5cc5d4d378cb', '1');
INSERT INTO `page_layout_tabs` (`id`, `page_layout_id`, `order`, `deleted`, `created_by`, `created_on`, `modified_by`, `modified_on`, `object_tab_id`, `configurations`, `is_readonly`) VALUES ('214b20d1-d726-45ef-ba6e-a3d492d4bb99', '4053abdf-5690-4a8b-ba63-f29c72057f05', '4', '0', '1', '2019-08-05 02:59:14.000000', '1', '2019-08-05 02:59:14.000000', 'de78128f-5f8c-11e6-861e-5cc5d4d378cb', '{\"enable_check_in\": false, \"enable_check_in_button\": false, \"enable_electric_invitation_button\": false, \"enable_tencent_state_display\": false, \"enable_electric_invitation\": false}', '0');
INSERT INTO `page_layout_tabs` (`id`, `page_layout_id`, `order`, `deleted`, `created_by`, `created_on`, `modified_by`, `modified_on`, `object_tab_id`, `is_readonly`) VALUES ('b9107fb8-56df-4618-91e0-4edddc828437', '4053abdf-5690-4a8b-ba63-f29c72057f05', '1', '0', '1', '2019-08-05 02:59:14.000000', '1', '2019-08-05 02:59:14.000000', '8e72198e-2803-4108-bf19-66b48cb43c90', '0');
INSERT INTO `page_layout_tabs` (`id`, `page_layout_id`, `order`, `deleted`, `created_by`, `created_on`, `modified_by`, `modified_on`, `object_tab_id`, `is_readonly`) VALUES ('d5cf2b3c-d0fd-40f3-81ae-254bb71f3927', '4053abdf-5690-4a8b-ba63-f29c72057f05', '3', '0', '1', '2019-08-05 02:59:14.000000', '1', '2019-08-05 02:59:14.000000', 'de6aa50f-5f8c-11e6-981f-5cc5d4d378cb', '0');
INSERT INTO `page_layout_tabs` (`id`, `page_layout_id`, `order`, `deleted`, `created_by`, `created_on`, `modified_by`, `modified_on`, `object_tab_id`, `is_readonly`) VALUES ('ec2816e4-6406-4145-9664-cd8aa03b9bd7', '4053abdf-5690-4a8b-ba63-f29c72057f05', '2', '0', '1', '2019-08-05 02:59:14.000000', '1', '2019-08-05 02:59:14.000000', 'de78128f-5f8c-wsce-861e-5cc5d4d378cb', '0');
INSERT INTO `page_layout_tabs` (`id`, `page_layout_id`, `order`, `deleted`, `created_by`, `created_on`, `modified_by`, `modified_on`, `object_tab_id`, `configurations`, `is_readonly`) VALUES ('7886237c-aa97-4f86-aae5-a4c732d27805', '43d6fda3-1c47-42bd-9f4a-23c56fed2757', '4', '0', '1', '2019-07-05 07:18:18.000000', '1', '2019-07-05 07:18:18.000000', 'de78128f-5f8c-11e6-861e-5cc5d4d378cb', '{\"enable_check_in\": false, \"enable_check_in_button\": false, \"enable_electric_invitation_button\": false, \"enable_tencent_state_display\": false, \"enable_electric_invitation\": false}', '1');
INSERT INTO `page_layout_tabs` (`id`, `page_layout_id`, `order`, `deleted`, `created_by`, `created_on`, `modified_by`, `modified_on`, `object_tab_id`, `is_readonly`) VALUES ('8b1a068f-c5e1-4629-b7d3-da332cfcce3d', '43d6fda3-1c47-42bd-9f4a-23c56fed2757', '1', '0', '1', '2019-07-05 07:18:18.000000', '1', '2019-07-05 07:18:18.000000', 'de58558f-5f8c-11e6-99b7-5cc5d4d378cb', '1');
INSERT INTO `page_layout_tabs` (`id`, `page_layout_id`, `order`, `deleted`, `created_by`, `created_on`, `modified_by`, `modified_on`, `object_tab_id`, `is_readonly`) VALUES ('abc7b424-e586-4b2a-8c60-6d8f950e4a0d', '43d6fda3-1c47-42bd-9f4a-23c56fed2757', '3', '0', '1', '2019-07-05 07:18:18.000000', '1', '2019-07-05 07:18:18.000000', 'de6aa50f-5f8c-11e6-981f-5cc5d4d378cb', '1');
INSERT INTO `page_layout_tabs` (`id`, `page_layout_id`, `order`, `deleted`, `created_by`, `created_on`, `modified_by`, `modified_on`, `object_tab_id`, `is_readonly`) VALUES ('c61fec8c-735b-400d-bbe6-6e6b80ac10fd', '43d6fda3-1c47-42bd-9f4a-23c56fed2757', '2', '0', '1', '2019-07-05 07:18:18.000000', '1', '2019-07-05 07:18:18.000000', 'de78128f-5f8c-wsce-861e-5cc5d4d378cb', '1');
INSERT INTO `page_layout_tabs` (`id`, `page_layout_id`, `order`, `deleted`, `created_by`, `created_on`, `modified_by`, `modified_on`, `object_tab_id`, `is_readonly`) VALUES ('5d9a0cca-d34f-44ed-a348-e7cd17c8f0d1', '4671365b-7746-408c-92b0-50ae6856cdc6', '1', '0', '1', '2019-08-05 02:59:14.000000', '1', '2019-08-05 02:59:14.000000', '8e72198e-2803-4108-bf19-66b48cb43c90', '1');
INSERT INTO `page_layout_tabs` (`id`, `page_layout_id`, `order`, `deleted`, `created_by`, `created_on`, `modified_by`, `modified_on`, `object_tab_id`, `configurations`, `is_readonly`) VALUES ('8f765577-1d21-4b6d-a5df-a6af5d7479b6', '4671365b-7746-408c-92b0-50ae6856cdc6', '4', '0', '1', '2019-08-05 02:59:14.000000', '1', '2019-08-05 02:59:14.000000', 'de78128f-5f8c-11e6-861e-5cc5d4d378cb', '{\"enable_check_in\": false, \"enable_check_in_button\": false, \"enable_electric_invitation_button\": false, \"enable_tencent_state_display\": false, \"enable_electric_invitation\": false}', '0');
INSERT INTO `page_layout_tabs` (`id`, `page_layout_id`, `order`, `deleted`, `created_by`, `created_on`, `modified_by`, `modified_on`, `object_tab_id`, `is_readonly`) VALUES ('a9da85bd-37c2-4d21-b580-22ef0af127c6', '4671365b-7746-408c-92b0-50ae6856cdc6', '2', '0', '1', '2019-08-05 02:59:14.000000', '1', '2019-08-05 02:59:14.000000', 'de78128f-5f8c-wsce-861e-5cc5d4d378cb', '1');
INSERT INTO `page_layout_tabs` (`id`, `page_layout_id`, `order`, `deleted`, `created_by`, `created_on`, `modified_by`, `modified_on`, `object_tab_id`, `is_readonly`) VALUES ('dcae3283-f629-483c-9e65-a34a02a3cd7f', '4671365b-7746-408c-92b0-50ae6856cdc6', '3', '0', '1', '2019-08-05 02:59:14.000000', '1', '2019-08-05 02:59:14.000000', 'de6aa50f-5f8c-11e6-981f-5cc5d4d378cb', '1');
INSERT INTO `page_layout_tabs` (`id`, `page_layout_id`, `order`, `deleted`, `created_by`, `created_on`, `modified_by`, `modified_on`, `object_tab_id`, `is_readonly`) VALUES ('69c74609-ced1-49b6-901e-173898128d2e', '79eca707-3a5a-40b2-af98-f6bfc666c585', '3', '0', '1', '2019-08-05 02:59:14.000000', '1', '2019-08-05 02:59:14.000000', 'de6aa50f-5f8c-11e6-981f-5cc5d4d378cb', '0');
INSERT INTO `page_layout_tabs` (`id`, `page_layout_id`, `order`, `deleted`, `created_by`, `created_on`, `modified_by`, `modified_on`, `object_tab_id`, `is_readonly`) VALUES ('784a4a1f-15f4-4278-bdf4-8f7ec9806514', '79eca707-3a5a-40b2-af98-f6bfc666c585', '1', '0', '1', '2019-08-05 02:59:14.000000', '1', '2019-08-05 02:59:14.000000', '8e72198e-2803-4108-bf19-66b48cb43c90', '0');
INSERT INTO `page_layout_tabs` (`id`, `page_layout_id`, `order`, `deleted`, `created_by`, `created_on`, `modified_by`, `modified_on`, `object_tab_id`, `configurations`, `is_readonly`) VALUES ('b37065b3-e795-4aaa-9301-d30a38432dc9', '79eca707-3a5a-40b2-af98-f6bfc666c585', '4', '0', '1', '2019-08-05 02:59:14.000000', '1', '2019-08-05 02:59:14.000000', 'de78128f-5f8c-11e6-861e-5cc5d4d378cb', '{\"enable_check_in\": false, \"enable_check_in_button\": false, \"enable_electric_invitation_button\": false, \"enable_tencent_state_display\": false, \"enable_electric_invitation\": false}', '0');
INSERT INTO `page_layout_tabs` (`id`, `page_layout_id`, `order`, `deleted`, `created_by`, `created_on`, `modified_by`, `modified_on`, `object_tab_id`, `is_readonly`) VALUES ('dd6b6ba9-c8b2-43a8-ae83-fa533531822f', '79eca707-3a5a-40b2-af98-f6bfc666c585', '2', '0', '1', '2019-08-05 02:59:14.000000', '1', '2019-08-05 02:59:14.000000', 'de78128f-5f8c-wsce-861e-5cc5d4d378cb', '0');
INSERT INTO `page_layout_tabs` (`id`, `page_layout_id`, `order`, `deleted`, `created_by`, `created_on`, `modified_by`, `modified_on`, `object_tab_id`, `is_readonly`) VALUES ('1cbd8e32-2c2e-473e-9cc9-7ffc64f15486', '7b04e7f0-5f6a-11e6-bb52-5cc5d4d378cb', '2', '0', '1', '2019-08-05 02:59:14.000000', '1', '2019-08-05 02:59:14.000000', 'de78128f-5f8c-wsce-861e-5cc5d4d378cb', '0');
INSERT INTO `page_layout_tabs` (`id`, `page_layout_id`, `order`, `deleted`, `created_by`, `created_on`, `modified_by`, `modified_on`, `object_tab_id`, `is_readonly`) VALUES ('44a2e394-16e1-4a0e-a7e7-87d51076e592', '7b04e7f0-5f6a-11e6-bb52-5cc5d4d378cb', '1', '0', '1', '2019-08-05 02:59:14.000000', '1', '2019-08-05 02:59:14.000000', 'de58558f-5f8c-11e6-99b7-5cc5d4d378cb', '0');
INSERT INTO `page_layout_tabs` (`id`, `page_layout_id`, `order`, `deleted`, `created_by`, `created_on`, `modified_by`, `modified_on`, `object_tab_id`, `configurations`, `is_readonly`) VALUES ('4aa613cc-cb19-4d4f-8b41-ba8eb3bb5615', '7b04e7f0-5f6a-11e6-bb52-5cc5d4d378cb', '4', '0', '1', '2019-08-05 02:59:14.000000', '1', '2019-08-05 02:59:14.000000', 'de78128f-5f8c-11e6-861e-5cc5d4d378cb', '{\"enable_check_in\": false, \"enable_check_in_button\": false, \"enable_electric_invitation_button\": false, \"enable_tencent_state_display\": false, \"enable_electric_invitation\": false}', '0');
INSERT INTO `page_layout_tabs` (`id`, `page_layout_id`, `order`, `deleted`, `created_by`, `created_on`, `modified_by`, `modified_on`, `object_tab_id`, `is_readonly`) VALUES ('90ea2d36-588c-418b-bb6e-50f1a4c0a2ff', '7b04e7f0-5f6a-11e6-bb52-5cc5d4d378cb', '3', '0', '1', '2019-08-05 02:59:14.000000', '1', '2019-08-05 02:59:14.000000', 'de6aa50f-5f8c-11e6-981f-5cc5d4d378c1', '0');
INSERT INTO `page_layout_tabs` (`id`, `page_layout_id`, `order`, `deleted`, `created_by`, `created_on`, `modified_by`, `modified_on`, `object_tab_id`, `is_readonly`) VALUES ('6c5998ad-d7e1-4966-af44-d3bf3036304e', '7c15bbb0-5f6a-11e6-a554-5cc5d4d378cb', '3', '0', '1', '2019-08-05 02:59:14.000000', '1', '2019-08-05 02:59:14.000000', 'de6aa50f-5f8c-11e6-981f-5cc5d4d378c1', '1');
INSERT INTO `page_layout_tabs` (`id`, `page_layout_id`, `order`, `deleted`, `created_by`, `created_on`, `modified_by`, `modified_on`, `object_tab_id`, `is_readonly`) VALUES ('7e128ba1-545b-4ab8-bce8-b7e75e468054', '7c15bbb0-5f6a-11e6-a554-5cc5d4d378cb', '1', '0', '1', '2019-08-05 02:59:14.000000', '1', '2019-08-05 02:59:14.000000', 'de58558f-5f8c-11e6-99b7-5cc5d4d378cb', '1');
INSERT INTO `page_layout_tabs` (`id`, `page_layout_id`, `order`, `deleted`, `created_by`, `created_on`, `modified_by`, `modified_on`, `object_tab_id`, `configurations`, `is_readonly`) VALUES ('daf702ab-f92a-4b22-98bc-f802827fd1e5', '7c15bbb0-5f6a-11e6-a554-5cc5d4d378cb', '4', '0', '1', '2019-08-05 02:59:14.000000', '1', '2019-08-05 02:59:14.000000', 'de78128f-5f8c-11e6-861e-5cc5d4d378cb', '{\"enable_check_in\": false, \"enable_check_in_button\": false, \"enable_electric_invitation_button\": false, \"enable_tencent_state_display\": false, \"enable_electric_invitation\": false}', '0');
INSERT INTO `page_layout_tabs` (`id`, `page_layout_id`, `order`, `deleted`, `created_by`, `created_on`, `modified_by`, `modified_on`, `object_tab_id`, `is_readonly`) VALUES ('e83c8d26-dcf7-48c3-a69c-8bf442e550bf', '7c15bbb0-5f6a-11e6-a554-5cc5d4d378cb', '2', '0', '1', '2019-08-05 02:59:14.000000', '1', '2019-08-05 02:59:14.000000', 'de78128f-5f8c-wsce-861e-5cc5d4d378cb', '1');
INSERT INTO `page_layout_tabs` (`id`, `page_layout_id`, `order`, `deleted`, `created_by`, `created_on`, `modified_by`, `modified_on`, `object_tab_id`, `is_readonly`) VALUES ('54eeee6c-357a-462b-8ae6-8b521d52240f', '7d11f600-5f6a-11e6-b27d-5cc5d4d378cb', '1', '0', '1', '2019-08-05 02:59:14.000000', '1', '2019-08-05 02:59:14.000000', 'de58558f-5f8c-11e6-99b7-5cc5d4d378cb', '1');
INSERT INTO `page_layout_tabs` (`id`, `page_layout_id`, `order`, `deleted`, `created_by`, `created_on`, `modified_by`, `modified_on`, `object_tab_id`, `is_readonly`) VALUES ('81afd261-2ea8-44f5-abc2-2772f28a2b81', '7d11f600-5f6a-11e6-b27d-5cc5d4d378cb', '2', '0', '1', '2019-08-05 02:59:14.000000', '1', '2019-08-05 02:59:14.000000', 'de78128f-5f8c-wsce-861e-5cc5d4d378cb', '1');
INSERT INTO `page_layout_tabs` (`id`, `page_layout_id`, `order`, `deleted`, `created_by`, `created_on`, `modified_by`, `modified_on`, `object_tab_id`, `is_readonly`) VALUES ('9464959d-0843-4891-b979-c52a8a7a1e62', '7d11f600-5f6a-11e6-b27d-5cc5d4d378cb', '3', '0', '1', '2019-08-05 02:59:14.000000', '1', '2019-08-05 02:59:14.000000', 'de6aa50f-5f8c-11e6-981f-5cc5d4d378c1', '1');
INSERT INTO `page_layout_tabs` (`id`, `page_layout_id`, `order`, `deleted`, `created_by`, `created_on`, `modified_by`, `modified_on`, `object_tab_id`, `configurations`, `is_readonly`) VALUES ('c0f76762-7d14-4c0d-97e8-ba8d52732eb3', '7d11f600-5f6a-11e6-b27d-5cc5d4d378cb', '4', '0', '1', '2019-08-05 02:59:14.000000', '1', '2019-08-05 02:59:14.000000', 'de78128f-5f8c-11e6-861e-5cc5d4d378cb', '{\"enable_check_in\": false, \"enable_check_in_button\": false, \"enable_electric_invitation_button\": false, \"enable_tencent_state_display\": false, \"enable_electric_invitation\": false}', '0');
INSERT INTO `page_layout_tabs` (`id`, `page_layout_id`, `order`, `deleted`, `created_by`, `created_on`, `modified_by`, `modified_on`, `object_tab_id`, `configurations`, `is_readonly`) VALUES ('3a3a8880-5c96-4428-9adb-a6373e8481e1', 'bc537adc-4e19-4940-bde6-bfe5e0897202', '4', '0', '1', '2019-08-05 02:59:14.000000', '1', '2019-08-05 02:59:14.000000', 'de78128f-5f8c-11e6-861e-5cc5d4d378cb', '{\"enable_check_in\": false, \"enable_check_in_button\": false, \"enable_electric_invitation_button\": false, \"enable_tencent_state_display\": false, \"enable_electric_invitation\": false}', '1');
INSERT INTO `page_layout_tabs` (`id`, `page_layout_id`, `order`, `deleted`, `created_by`, `created_on`, `modified_by`, `modified_on`, `object_tab_id`, `is_readonly`) VALUES ('a86a2bc2-6d74-47dc-8b18-ec643637b594', 'bc537adc-4e19-4940-bde6-bfe5e0897202', '3', '0', '1', '2019-08-05 02:59:14.000000', '1', '2019-08-05 02:59:14.000000', 'de6aa50f-5f8c-11e6-981f-5cc5d4d378cb', '1');
INSERT INTO `page_layout_tabs` (`id`, `page_layout_id`, `order`, `deleted`, `created_by`, `created_on`, `modified_by`, `modified_on`, `object_tab_id`, `is_readonly`) VALUES ('bbe58058-50b1-4966-b718-1a7d462fec79', 'bc537adc-4e19-4940-bde6-bfe5e0897202', '1', '0', '1', '2019-08-05 02:59:14.000000', '1', '2019-08-05 02:59:14.000000', '8e72198e-2803-4108-bf19-66b48cb43c90', '1');
INSERT INTO `page_layout_tabs` (`id`, `page_layout_id`, `order`, `deleted`, `created_by`, `created_on`, `modified_by`, `modified_on`, `object_tab_id`, `is_readonly`) VALUES ('bd661806-4ab3-4d19-8e3e-1ff2489c3374', 'bc537adc-4e19-4940-bde6-bfe5e0897202', '2', '0', '1', '2019-08-05 02:59:14.000000', '1', '2019-08-05 02:59:14.000000', 'de78128f-5f8c-wsce-861e-5cc5d4d378cb', '1');
INSERT INTO `page_layout_tabs` (`id`, `page_layout_id`, `order`, `deleted`, `created_by`, `created_on`, `modified_by`, `modified_on`, `object_tab_id`, `configurations`, `is_readonly`) VALUES ('08d2f929-6dff-461c-ab27-53822cb8dad4', 'dcb147ee-69e2-11e6-9a63-5cc5d4d378cb', '4', '0', '1', '2019-08-05 02:59:14.000000', '1', '2019-08-05 02:59:14.000000', 'de78128f-5f8c-11e6-861e-5cc5d4d378cb', '{\"enable_check_in\": false, \"enable_check_in_button\": false, \"enable_electric_invitation_button\": false, \"enable_tencent_state_display\": false, \"enable_electric_invitation\": false}', '0');
INSERT INTO `page_layout_tabs` (`id`, `page_layout_id`, `order`, `deleted`, `created_by`, `created_on`, `modified_by`, `modified_on`, `object_tab_id`, `is_readonly`) VALUES ('23950334-8f60-4eb7-8527-5f8b5b0dc710', 'dcb147ee-69e2-11e6-9a63-5cc5d4d378cb', '2', '0', '1', '2019-08-05 02:59:14.000000', '1', '2019-08-05 02:59:14.000000', 'de78128f-5f8c-wsce-861e-5cc5d4d378cb', '0');
INSERT INTO `page_layout_tabs` (`id`, `page_layout_id`, `order`, `deleted`, `created_by`, `created_on`, `modified_by`, `modified_on`, `object_tab_id`, `is_readonly`) VALUES ('70022040-dcbf-46f7-9696-4a5062cf7446', 'dcb147ee-69e2-11e6-9a63-5cc5d4d378cb', '3', '0', '1', '2019-08-05 02:59:14.000000', '1', '2019-08-05 02:59:14.000000', 'de6aa50f-5f8c-11e6-981f-5cc5d4d378c1', '0');
INSERT INTO `page_layout_tabs` (`id`, `page_layout_id`, `order`, `deleted`, `created_by`, `created_on`, `modified_by`, `modified_on`, `object_tab_id`, `is_readonly`) VALUES ('7d5295bb-d864-463d-bcb9-595e05881615', 'dcb147ee-69e2-11e6-9a63-5cc5d4d378cb', '1', '0', '1', '2019-08-05 02:59:14.000000', '1', '2019-08-05 02:59:14.000000', 'de58558f-5f8c-11e6-99b7-5cc5d4d378cb', '0');
INSERT INTO `page_layout_tabs` (`id`, `page_layout_id`, `order`, `deleted`, `created_by`, `created_on`, `modified_by`, `modified_on`, `object_tab_id`, `is_readonly`) VALUES ('0170c7a2-58d0-4f96-a1c5-0856f1d86657', 'e30c36cf-6836-11e6-aa82-5cc5d4d378cb', '3', '0', '1', '2019-08-05 02:59:14.000000', '1', '2019-08-05 02:59:14.000000', 'de6aa50f-5f8c-11e6-981f-5cc5d4d378c1', '1');
INSERT INTO `page_layout_tabs` (`id`, `page_layout_id`, `order`, `deleted`, `created_by`, `created_on`, `modified_by`, `modified_on`, `object_tab_id`, `is_readonly`) VALUES ('20a574fc-e625-4ccc-8c11-fd9b835e99bf', 'e30c36cf-6836-11e6-aa82-5cc5d4d378cb', '1', '0', '1', '2019-08-05 02:59:14.000000', '1', '2019-08-05 02:59:14.000000', 'de58558f-5f8c-11e6-99b7-5cc5d4d378cb', '1');
INSERT INTO `page_layout_tabs` (`id`, `page_layout_id`, `order`, `deleted`, `created_by`, `created_on`, `modified_by`, `modified_on`, `object_tab_id`, `configurations`, `is_readonly`) VALUES ('428b59d5-3b74-4ae8-8f8e-5e55b9edf96b', 'e30c36cf-6836-11e6-aa82-5cc5d4d378cb', '4', '0', '1', '2019-08-05 02:59:14.000000', '1', '2019-08-05 02:59:14.000000', 'de78128f-5f8c-11e6-861e-5cc5d4d378cb', '{\"enable_check_in\": false, \"enable_check_in_button\": false, \"enable_electric_invitation_button\": false, \"enable_tencent_state_display\": false, \"enable_electric_invitation\": false}', '1');
INSERT INTO `page_layout_tabs` (`id`, `page_layout_id`, `order`, `deleted`, `created_by`, `created_on`, `modified_by`, `modified_on`, `object_tab_id`, `is_readonly`) VALUES ('b6375db1-be53-4451-b54d-d734d8e1dd03', 'e30c36cf-6836-11e6-aa82-5cc5d4d378cb', '2', '0', '1', '2019-08-05 02:59:14.000000', '1', '2019-08-05 02:59:14.000000', 'de78128f-5f8c-wsce-861e-5cc5d4d378cb', '1');
INSERT INTO `page_layout_tabs` (`id`, `page_layout_id`, `order`, `deleted`, `created_by`, `created_on`, `modified_by`, `modified_on`, `object_tab_id`, `is_readonly`) VALUES ('1cf0cf5a-cc18-4faa-8dde-58fdac69bc34', 'e57e91e8-3e66-4c1f-badf-7a296cb474cb', '1', '0', '1', '2019-08-05 02:59:14.000000', '1', '2019-08-05 02:59:14.000000', 'de58558f-5f8c-11e6-99b7-5cc5d4d378cb', '1');
INSERT INTO `page_layout_tabs` (`id`, `page_layout_id`, `order`, `deleted`, `created_by`, `created_on`, `modified_by`, `modified_on`, `object_tab_id`, `is_readonly`) VALUES ('3b7d25c6-355e-4ba4-b95f-7c8fe20b78f4', 'e57e91e8-3e66-4c1f-badf-7a296cb474cb', '3', '0', '1', '2019-08-05 02:59:14.000000', '1', '2019-08-05 02:59:14.000000', 'de6aa50f-5f8c-11e6-981f-5cc5d4d378c1', '1');
INSERT INTO `page_layout_tabs` (`id`, `page_layout_id`, `order`, `deleted`, `created_by`, `created_on`, `modified_by`, `modified_on`, `object_tab_id`, `is_readonly`) VALUES ('579bf1f5-c264-466c-a57f-a4045d6b8c68', 'e57e91e8-3e66-4c1f-badf-7a296cb474cb', '2', '0', '1', '2019-08-05 02:59:14.000000', '1', '2019-08-05 02:59:14.000000', 'de78128f-5f8c-wsce-861e-5cc5d4d378cb', '1');
INSERT INTO `page_layout_tabs` (`id`, `page_layout_id`, `order`, `deleted`, `created_by`, `created_on`, `modified_by`, `modified_on`, `object_tab_id`, `configurations`, `is_readonly`) VALUES ('89ad3596-5868-47ae-aa7c-50f75f8dbfb1', 'e57e91e8-3e66-4c1f-badf-7a296cb474cb', '4', '0', '1', '2019-08-05 02:59:14.000000', '1', '2019-08-05 02:59:14.000000', 'de78128f-5f8c-11e6-861e-5cc5d4d378cb', '{\"enable_check_in\": false, \"enable_check_in_button\": false, \"enable_electric_invitation_button\": false, \"enable_tencent_state_display\": false, \"enable_electric_invitation\": false}', '0');
INSERT INTO `page_layout_tabs` (`id`, `page_layout_id`, `order`, `deleted`, `created_by`, `created_on`, `modified_by`, `modified_on`, `object_tab_id`, `configurations`, `is_readonly`) VALUES ('5b5f0c80-3214-460b-938a-953ccb161cb2', 'f8f8494a-b146-400c-91b3-ab9f3091e1f0', '4', '0', '1', '2019-08-05 02:59:14.000000', '1', '2019-08-05 02:59:14.000000', 'de78128f-5f8c-11e6-861e-5cc5d4d378cb', '{\"enable_check_in\": false, \"enable_check_in_button\": false, \"enable_electric_invitation_button\": false, \"enable_tencent_state_display\": false, \"enable_electric_invitation\": false}', '1');
INSERT INTO `page_layout_tabs` (`id`, `page_layout_id`, `order`, `deleted`, `created_by`, `created_on`, `modified_by`, `modified_on`, `object_tab_id`, `is_readonly`) VALUES ('703c0c7b-d0f5-4e64-9079-1796b478a466', 'f8f8494a-b146-400c-91b3-ab9f3091e1f0', '3', '0', '1', '2019-08-05 02:59:14.000000', '1', '2019-08-05 02:59:14.000000', 'de6aa50f-5f8c-11e6-981f-5cc5d4d378cb', '1');
INSERT INTO `page_layout_tabs` (`id`, `page_layout_id`, `order`, `deleted`, `created_by`, `created_on`, `modified_by`, `modified_on`, `object_tab_id`, `is_readonly`) VALUES ('b55f2854-cfc6-4880-b2cb-00d04e7b4629', 'f8f8494a-b146-400c-91b3-ab9f3091e1f0', '1', '0', '1', '2019-08-05 02:59:14.000000', '1', '2019-08-05 02:59:14.000000', '8e72198e-2803-4108-bf19-66b48cb43c90', '1');
INSERT INTO `page_layout_tabs` (`id`, `page_layout_id`, `order`, `deleted`, `created_by`, `created_on`, `modified_by`, `modified_on`, `object_tab_id`, `is_readonly`) VALUES ('e6f8e590-4a7e-4df3-90eb-a5699c548cd2', 'f8f8494a-b146-400c-91b3-ab9f3091e1f0', '2', '0', '1', '2019-08-05 02:59:14.000000', '1', '2019-08-05 02:59:14.000000', 'de78128f-5f8c-wsce-861e-5cc5d4d378cb', '1');

INSERT INTO `page_layout_actions` (`id`, `page_layout_id`, `object_action_id`, `display_mode`, `order`, `deleted`, `created_by`, `created_on`, `modified_by`, `modified_on`, `is_need_pre_check`, `pre_check_label`) VALUES ('5af37477-a4b9-4fd7-b315-8f9fa5f4ee14', '0b9f751f-1af5-4443-aa1d-d3a9e9560b88', 'ee135a73-e05d-46b4-ad96-da4d77a5aa44', 'view', '1', '0', '1', '2018-01-09 09:21:13', '1', '2018-01-09 09:21:13', '0', '0');
INSERT INTO `page_layout_actions` (`id`, `page_layout_id`, `object_action_id`, `display_mode`, `order`, `deleted`, `created_by`, `created_on`, `modified_by`, `modified_on`, `is_need_pre_check`, `pre_check_label`) VALUES ('f961681a-3283-44b9-81c5-c3894f722ca2', '2a397209-b538-4be9-a34b-917fb72da030', '40264861-5f72-11e6-a2af-5cc5d4d378cc', 'view', '1', '0', '1', '2017-10-19 07:59:33', '1', '2019-08-05 02:59:27', '0', '0');
INSERT INTO `page_layout_actions` (`id`, `page_layout_id`, `object_action_id`, `display_mode`, `order`, `deleted`, `created_by`, `created_on`, `modified_by`, `modified_on`, `is_need_pre_check`, `pre_check_label`) VALUES ('f961681a-3283-44b9-81c5-c3894f722ca3', '2a397209-b538-4be9-a34b-917fb72da030', '3fde42de-5f72-11e6-bb90-5cc5d4d378cb', 'edit', '1', '0', '1', '2017-10-19 07:59:33', '1', '2019-08-04 10:01:17', '0', '0');
INSERT INTO `page_layout_actions` (`id`, `page_layout_id`, `object_action_id`, `display_mode`, `order`, `deleted`, `created_by`, `created_on`, `modified_by`, `modified_on`, `is_need_pre_check`, `pre_check_label`) VALUES ('1025438d-05a5-46ab-b70d-ebe2108413ea', '4053abdf-5690-4a8b-ba63-f29c72057f05', '40683361-5f72-11e6-bfa7-5cc5d4d378cb', 'view', '4', '1', '1', '2018-01-09 09:21:13', '1', '2019-08-05 02:59:21', '0', '0');
INSERT INTO `page_layout_actions` (`id`, `page_layout_id`, `object_action_id`, `display_mode`, `order`, `deleted`, `created_by`, `created_on`, `modified_by`, `modified_on`, `is_need_pre_check`, `pre_check_label`) VALUES ('25c6581a-21a9-40fc-b2d5-11e46d3bcbf5', '4053abdf-5690-4a8b-ba63-f29c72057f05', '40264861-5f72-11e6-a2af-5cc5d4d378cb', 'view', '3', '0', '1', '2018-01-09 09:21:13', '1', '2018-01-09 09:21:13', '0', '0');
INSERT INTO `page_layout_actions` (`id`, `page_layout_id`, `object_action_id`, `display_mode`, `order`, `deleted`, `created_by`, `created_on`, `modified_by`, `modified_on`, `is_need_pre_check`, `pre_check_label`) VALUES ('2a81977d-2282-40a2-ab11-16b1db95dbc3', '4053abdf-5690-4a8b-ba63-f29c72057f05', '3fde42de-5f72-11e6-bb90-5cc5d4d378cb', 'edit', '2', '0', '1', '2018-01-09 09:21:13', '1', '2018-01-09 09:21:13', '0', '0');
INSERT INTO `page_layout_actions` (`id`, `page_layout_id`, `object_action_id`, `display_mode`, `order`, `deleted`, `created_by`, `created_on`, `modified_by`, `modified_on`, `is_need_pre_check`, `pre_check_label`) VALUES ('c5195a8d-0a82-488d-bdbe-25d2ded99994', '4053abdf-5690-4a8b-ba63-f29c72057f05', '41792e30-5f72-11e6-805e-5cc5d4d378cb', 'view', '1', '0', '1', '2018-01-09 09:21:13', '1', '2018-01-09 09:21:13', '0', '0');
INSERT INTO `page_layout_actions` (`id`, `page_layout_id`, `object_action_id`, `display_mode`, `order`, `deleted`, `created_by`, `created_on`, `modified_by`, `modified_on`, `is_need_pre_check`, `pre_check_label`) VALUES ('fc7c2dfa-e18b-4fb2-8e5f-309fbfc80c11', '4053abdf-5690-4a8b-ba63-f29c72057f05', '611eb771-c645-4e2f-9a33-3b66f1bdca46', 'view', '1', '0', '1', '2018-01-09 09:21:13', '1', '2018-01-09 09:21:13', '0', '0');
INSERT INTO `page_layout_actions` (`id`, `page_layout_id`, `object_action_id`, `display_mode`, `order`, `deleted`, `created_by`, `created_on`, `modified_by`, `modified_on`, `is_need_pre_check`, `pre_check_label`) VALUES ('af1e7b3b-f3ea-4cc3-bec0-16fc5397dd55', '4671365b-7746-408c-92b0-50ae6856cdc6', '611eb771-c645-4e2f-9a33-3b66f1bdca46', 'view', '1', '0', '1', '2018-01-09 09:21:13', '1', '2018-01-09 09:21:13', '0', '0');
INSERT INTO `page_layout_actions` (`id`, `page_layout_id`, `object_action_id`, `display_mode`, `order`, `deleted`, `created_by`, `created_on`, `modified_by`, `modified_on`, `is_need_pre_check`, `pre_check_label`) VALUES ('575f257b-a93c-47bd-89c2-90d4af8a7fd4', '79eca707-3a5a-40b2-af98-f6bfc666c585', '611eb771-c645-4e2f-9a33-3b66f1bdca46', 'view', '1', '0', '1', '2018-01-09 09:21:13', '1', '2018-01-09 09:21:13', '0', '0');
INSERT INTO `page_layout_actions` (`id`, `page_layout_id`, `object_action_id`, `display_mode`, `order`, `deleted`, `created_by`, `created_on`, `modified_by`, `modified_on`, `is_need_pre_check`, `pre_check_label`) VALUES ('6ae1535e-fc25-4aa8-97d7-718ef315903b', '79eca707-3a5a-40b2-af98-f6bfc666c585', '41792e30-5f72-11e6-805e-5cc5d4d378cb', 'view', '1', '0', '1', '2018-01-09 09:21:13', '1', '2018-01-09 09:21:13', '0', '0');
INSERT INTO `page_layout_actions` (`id`, `page_layout_id`, `object_action_id`, `display_mode`, `order`, `deleted`, `created_by`, `created_on`, `modified_by`, `modified_on`, `is_need_pre_check`, `pre_check_label`) VALUES ('b9ad3697-08e6-4084-b392-b1522bd7f14a', '79eca707-3a5a-40b2-af98-f6bfc666c585', '3fde42de-5f72-11e6-bb90-5cc5d4d378cb', 'edit', '2', '0', '1', '2018-01-09 09:21:13', '1', '2018-01-09 09:21:13', '0', '0');
INSERT INTO `page_layout_actions` (`id`, `page_layout_id`, `object_action_id`, `display_mode`, `order`, `deleted`, `created_by`, `created_on`, `modified_by`, `modified_on`, `is_need_pre_check`, `pre_check_label`) VALUES ('be72f8fc-40a2-4d39-b89f-b916dcd58826', '79eca707-3a5a-40b2-af98-f6bfc666c585', '40683361-5f72-11e6-bfa7-5cc5d4d378cb', 'view', '4', '1', '1', '2018-01-09 09:21:13', '1', '2019-08-05 02:59:21', '0', '0');
INSERT INTO `page_layout_actions` (`id`, `page_layout_id`, `object_action_id`, `display_mode`, `order`, `deleted`, `created_by`, `created_on`, `modified_by`, `modified_on`, `is_need_pre_check`, `pre_check_label`) VALUES ('c54f2557-473b-44da-af6a-bbab077c7e0c', '79eca707-3a5a-40b2-af98-f6bfc666c585', '40264861-5f72-11e6-a2af-5cc5d4d378cb', 'view', '3', '0', '1', '2018-01-09 09:21:13', '1', '2018-01-09 09:21:13', '0', '0');
INSERT INTO `page_layout_actions` (`id`, `page_layout_id`, `object_action_id`, `display_mode`, `order`, `deleted`, `created_by`, `created_on`, `modified_by`, `modified_on`, `is_need_pre_check`, `pre_check_label`) VALUES ('03f96bc8-5248-45d3-af87-0ad504bdead4', '7b04e7f0-5f6a-11e6-bb52-5cc5d4d378cb', '40683361-5f72-11e6-bfa7-5cc5d4d378cb', 'view', '4', '0', '1', '2018-01-09 09:21:13', '1', '2018-01-09 09:21:13', '0', '0');
INSERT INTO `page_layout_actions` (`id`, `page_layout_id`, `object_action_id`, `display_mode`, `order`, `deleted`, `created_by`, `created_on`, `modified_by`, `modified_on`, `is_need_pre_check`, `pre_check_label`) VALUES ('eb8ec7d7-49d8-4161-a420-fe0065d847ad', '7b04e7f0-5f6a-11e6-bb52-5cc5d4d378cb', '40264861-5f72-11e6-a2af-5cc5d4d378cb', 'view', '3', '0', '1', '2018-01-09 09:21:13', '1', '2018-01-09 09:21:13', '0', '0');
INSERT INTO `page_layout_actions` (`id`, `page_layout_id`, `object_action_id`, `display_mode`, `order`, `deleted`, `created_by`, `created_on`, `modified_by`, `modified_on`, `is_need_pre_check`, `pre_check_label`) VALUES ('efabacee-4353-4601-8ae6-b7244d50ba55', '7b04e7f0-5f6a-11e6-bb52-5cc5d4d378cb', '41792e30-5f72-11e6-805e-5cc5d4d378cb', 'view', '1', '0', '1', '2018-01-09 09:21:13', '1', '2018-01-09 09:21:13', '0', '0');
INSERT INTO `page_layout_actions` (`id`, `page_layout_id`, `object_action_id`, `display_mode`, `order`, `deleted`, `created_by`, `created_on`, `modified_by`, `modified_on`, `is_need_pre_check`, `pre_check_label`) VALUES ('fe6f9f92-6a28-485a-aab9-10c2921fe186', '7b04e7f0-5f6a-11e6-bb52-5cc5d4d378cb', '3fde42de-5f72-11e6-bb90-5cc5d4d378cb', 'edit', '2', '0', '1', '2018-01-09 09:21:13', '1', '2018-01-09 09:21:13', '0', '0');
INSERT INTO `page_layout_actions` (`id`, `page_layout_id`, `object_action_id`, `display_mode`, `order`, `deleted`, `created_by`, `created_on`, `modified_by`, `modified_on`, `is_need_pre_check`, `pre_check_label`) VALUES ('5db01634-06fd-4346-9790-f7be38508622', '7c15bbb0-5f6a-11e6-a554-5cc5d4d378cb', 'ee135a73-e05d-46b4-ad96-da4d77a5aa44', 'view', '1', '0', '1', '2018-01-09 09:21:13', '1', '2018-01-09 09:21:13', '0', '0');
INSERT INTO `page_layout_actions` (`id`, `page_layout_id`, `object_action_id`, `display_mode`, `order`, `deleted`, `created_by`, `created_on`, `modified_by`, `modified_on`, `is_need_pre_check`, `pre_check_label`) VALUES ('dccf146a-5a3c-4880-a0e2-a310d2ebc5e5', '7c15bbb0-5f6a-11e6-a554-5cc5d4d378cb', 'b9015917-9be4-4d3d-afe9-bb2672dff213', 'view', '1', '0', '1', '2018-01-09 09:21:13', '1', '2018-01-09 09:21:13', '0', '0');
INSERT INTO `page_layout_actions` (`id`, `page_layout_id`, `object_action_id`, `display_mode`, `order`, `deleted`, `created_by`, `created_on`, `modified_by`, `modified_on`, `is_need_pre_check`, `pre_check_label`) VALUES ('18d461a1-08e6-433f-b882-4451a2dda047', '7d11f600-5f6a-11e6-b27d-5cc5d4d378cb', '168dedc3-c28e-4905-9caa-395efd8d3423', 'view', '5', '0', '1', '2018-01-09 09:21:13', '1', '2018-01-09 09:21:13', '0', '0');
INSERT INTO `page_layout_actions` (`id`, `page_layout_id`, `object_action_id`, `display_mode`, `order`, `deleted`, `created_by`, `created_on`, `modified_by`, `modified_on`, `is_need_pre_check`, `pre_check_label`) VALUES ('30ca1416-99ca-4499-8220-4eaa04822539', '7d11f600-5f6a-11e6-b27d-5cc5d4d378cb', '3fde42de-5f72-11e6-bb90-5cc5d4d378cb', 'edit', '4', '0', '1', '2018-01-09 09:21:13', '1', '2018-01-09 09:21:13', '0', '0');
INSERT INTO `page_layout_actions` (`id`, `page_layout_id`, `object_action_id`, `display_mode`, `order`, `deleted`, `created_by`, `created_on`, `modified_by`, `modified_on`, `is_need_pre_check`, `pre_check_label`) VALUES ('58941544-ac92-4551-90a2-1083046f073f', '7d11f600-5f6a-11e6-b27d-5cc5d4d378cb', '611eb771-c645-4e2f-9a33-3b66f1bdca46', 'view', '1', '0', '1', '2018-01-09 09:21:13', '1', '2018-01-09 09:21:13', '0', '0');
INSERT INTO `page_layout_actions` (`id`, `page_layout_id`, `object_action_id`, `display_mode`, `order`, `deleted`, `created_by`, `created_on`, `modified_by`, `modified_on`, `is_need_pre_check`, `pre_check_label`) VALUES ('72cfd8e8-7b23-4af0-92e9-89a8f24bdaff', '7d11f600-5f6a-11e6-b27d-5cc5d4d378cb', '40264861-5f72-11e6-a2af-5cc5d4d378cb', 'view', '2', '0', '1', '2018-01-09 09:21:13', '1', '2018-01-09 09:21:13', '0', '0');
INSERT INTO `page_layout_actions` (`id`, `page_layout_id`, `object_action_id`, `display_mode`, `order`, `deleted`, `created_by`, `created_on`, `modified_by`, `modified_on`, `is_need_pre_check`, `pre_check_label`) VALUES ('9b6e1939-b682-410f-8f2c-1494c69f1dfd', '7d11f600-5f6a-11e6-b27d-5cc5d4d378cb', 'ee135a73-e05d-46b4-ad96-da4d77a5aa44', 'view', '6', '0', '1', '2018-01-09 09:21:13', '1', '2018-01-09 09:21:13', '0', '0');
INSERT INTO `page_layout_actions` (`id`, `page_layout_id`, `object_action_id`, `display_mode`, `order`, `deleted`, `created_by`, `created_on`, `modified_by`, `modified_on`, `is_need_pre_check`, `pre_check_label`) VALUES ('db381916-f490-4c3d-aa5d-0d50fbcdee7a', '7d11f600-5f6a-11e6-b27d-5cc5d4d378cb', 'b9015917-9be4-4d3d-afe9-bb2672dff213', 'view', '3', '0', '1', '2018-01-09 09:21:13', '1', '2018-01-09 09:21:13', '0', '0');
INSERT INTO `page_layout_actions` (`id`, `page_layout_id`, `object_action_id`, `display_mode`, `order`, `deleted`, `created_by`, `created_on`, `modified_by`, `modified_on`, `is_need_pre_check`, `pre_check_label`) VALUES ('5b61760d-1f1d-4f34-99c3-d15beffa9124', 'bc537adc-4e19-4940-bde6-bfe5e0897202', '611eb771-c645-4e2f-9a33-3b66f1bdca46', 'view', '1', '0', '1', '2018-01-09 09:21:13', '1', '2018-01-09 09:21:13', '0', '0');
INSERT INTO `page_layout_actions` (`id`, `page_layout_id`, `object_action_id`, `display_mode`, `order`, `deleted`, `created_by`, `created_on`, `modified_by`, `modified_on`, `is_need_pre_check`, `pre_check_label`) VALUES ('1c4e773a-6351-4eb8-9426-a6e5c689b7d5', 'dcb147ee-69e2-11e6-9a63-5cc5d4d378cb', 'ee135a73-e05d-46b4-ad96-da4d77a5aa44', 'view', '5', '0', '1', '2018-01-09 09:21:13', '1', '2018-01-09 09:21:13', '0', '0');
INSERT INTO `page_layout_actions` (`id`, `page_layout_id`, `object_action_id`, `display_mode`, `order`, `deleted`, `created_by`, `created_on`, `modified_by`, `modified_on`, `is_need_pre_check`, `pre_check_label`) VALUES ('60cd9a49-17c6-4c32-8e53-40faecf38f72', 'dcb147ee-69e2-11e6-9a63-5cc5d4d378cb', '3fde42de-5f72-11e6-bb90-5cc5d4d378cb', 'edit', '2', '0', '1', '2018-01-09 09:21:13', '1', '2018-01-09 09:21:13', '0', '0');
INSERT INTO `page_layout_actions` (`id`, `page_layout_id`, `object_action_id`, `display_mode`, `order`, `deleted`, `created_by`, `created_on`, `modified_by`, `modified_on`, `is_need_pre_check`, `pre_check_label`) VALUES ('7502b74d-ebe7-424f-b663-c28e3c6fc23f', 'dcb147ee-69e2-11e6-9a63-5cc5d4d378cb', '40264861-5f72-11e6-a2af-5cc5d4d378cb', 'view', '3', '0', '1', '2018-01-09 09:21:13', '1', '2018-01-09 09:21:13', '0', '0');
INSERT INTO `page_layout_actions` (`id`, `page_layout_id`, `object_action_id`, `display_mode`, `order`, `deleted`, `created_by`, `created_on`, `modified_by`, `modified_on`, `is_need_pre_check`, `pre_check_label`) VALUES ('9408efae-ba4c-4d1c-b52d-fa380dae265b', 'dcb147ee-69e2-11e6-9a63-5cc5d4d378cb', '41792e30-5f72-11e6-805e-5cc5d4d378cb', 'view', '1', '0', '1', '2018-01-09 09:21:13', '1', '2018-01-09 09:21:13', '0', '0');
INSERT INTO `page_layout_actions` (`id`, `page_layout_id`, `object_action_id`, `display_mode`, `order`, `deleted`, `created_by`, `created_on`, `modified_by`, `modified_on`, `is_need_pre_check`, `pre_check_label`) VALUES ('afd94fcf-fcec-4a0c-8c83-707d999a1770', 'dcb147ee-69e2-11e6-9a63-5cc5d4d378cb', '40683361-5f72-11e6-bfa7-5cc5d4d378cb', 'view', '4', '0', '1', '2018-01-09 09:21:13', '1', '2018-01-09 09:21:13', '0', '0');
INSERT INTO `page_layout_actions` (`id`, `page_layout_id`, `object_action_id`, `display_mode`, `order`, `deleted`, `created_by`, `created_on`, `modified_by`, `modified_on`, `is_need_pre_check`, `pre_check_label`) VALUES ('259b2ee6-b0b7-4b0f-a6fb-6bd7f583bdd3', 'e30c36cf-6836-11e6-aa82-5cc5d4d378cb', '611eb771-c645-4e2f-9a33-3b66f1bdca46', 'view', '1', '0', '1', '2018-01-09 09:21:13', '1', '2018-01-09 09:21:13', '0', '0');
INSERT INTO `page_layout_actions` (`id`, `page_layout_id`, `object_action_id`, `display_mode`, `order`, `deleted`, `created_by`, `created_on`, `modified_by`, `modified_on`, `is_need_pre_check`, `pre_check_label`) VALUES ('572ef19d-c343-4e3c-ae21-6d58e71251f1', 'e30c36cf-6836-11e6-aa82-5cc5d4d378cb', 'ee135a73-e05d-46b4-ad96-da4d77a5aa44', 'view', '2', '0', '1', '2018-01-09 09:21:13', '1', '2018-01-09 09:21:13', '0', '0');
INSERT INTO `page_layout_actions` (`id`, `page_layout_id`, `object_action_id`, `display_mode`, `order`, `deleted`, `created_by`, `created_on`, `modified_by`, `modified_on`, `is_need_pre_check`, `pre_check_label`) VALUES ('47ead3ab-feba-4ae8-a222-e7db49c3378d', 'f8f8494a-b146-400c-91b3-ab9f3091e1f0', '611eb771-c645-4e2f-9a33-3b66f1bdca46', 'view', '1', '0', '1', '2018-01-09 09:21:13', '1', '2018-01-09 09:21:13', '0', '0');


-- 增加sfe电脑端非科室会 草稿和审批中状态页面关系
INSERT INTO `page_layout_assignments` (`id`, `role_id`, `object_record_type_id`, `object_state_id`, `page_layout_id`, `deleted`, `created_by`, `created_on`, `modified_by`, `modified_on`) VALUES ('4bc81d1a-06a7-11ea-b9aa-0298a739dec0', '53de9674-1da3-11e6-ac97-5cc5d4b57137', 'e2481288-d806-446d-97f8-f82f57e201ce', 'ba579c2e-5eee-11e6-80bf-5cc5d4d378cb', 'e57e91e8-3e66-4c1f-badf-7a296cb474cb', '0', '1', '2019-11-14 06:14:16', '1', '2019-11-14 06:14:16');
INSERT INTO `page_layout_assignments` (`id`, `role_id`, `object_record_type_id`, `object_state_id`, `page_layout_id`, `deleted`, `created_by`, `created_on`, `modified_by`, `modified_on`) VALUES ('66da0bd6-06a7-11ea-b9aa-0298a739dec0', '53de9674-1da3-11e6-ac97-5cc5d4b57137', 'e2481288-d806-446d-97f8-f82f57e201ce', 'ba956880-5eee-11e6-8728-5cc5d4d378cb', 'e57e91e8-3e66-4c1f-badf-7a296cb474cb', '0', '1', '2019-11-14 06:14:16', '1', '2019-11-14 06:14:16');

-- 增加非科室会 创建会议费用 map
UPDATE `custom_settings` SET `value`='{\"05320400-e35f-11e9-b9aa-0298a739dec0;;21f2482f-e35f-11e9-b9aa-0298a739dec0;;bdf5191c-efe8-11e9-b9aa-0298a739dec0;;05b19885-efe9-11e9-b9aa-0298a739dec0;;2c247526-efe9-11e9-b9aa-0298a739dec0;;506b5b72-efe9-11e9-b9aa-0298a739dec0;;e2481288-d806-446d-97f8-f82f57e201ce;;40165833-480b-4839-b91c-52da49df11e3\": [\"8c51ee93-ea66-11e9-b9aa-0298a739dec0\", \"c27358e6-ea66-11e9-b9aa-0298a739dec0\", \"1172573c-ea67-11e9-b9aa-0298a739dec0\",\"2a1fd275-ea67-11e9-b9aa-0298a739dec0\"]}' WHERE `id`='10';


-- 添加代表  地区  大区 sfe经理 对会议费用的授权  20200206 wenlei
INSERT INTO `page_layout_assignments` (`id`, `role_id`, `object_record_type_id`, `object_state_id`, `page_layout_id`, `deleted`, `created_by`, `created_on`, `modified_by`, `modified_on`, `allow_enter_mini_layout`) VALUES ('0195588d-e588-304e-9a32-fe5f1b3d6563', '53de9670-1da3-11e6-961c-5cc5d4b57135', '8c51ee93-ea66-11e9-b9aa-0298a739dec0', 'f2e05b32-9f7f-4818-9947-a369b085c9ae', 'e9328113-ea6a-11e9-b9aa-0298a739dec0', '0', '1', '2019-10-09 09:08:12', '1', '2019-10-09 09:08:12', '1');
INSERT INTO `page_layout_assignments` (`id`, `role_id`, `object_record_type_id`, `object_state_id`, `page_layout_id`, `deleted`, `created_by`, `created_on`, `modified_by`, `modified_on`, `allow_enter_mini_layout`) VALUES ('067e4ede-47be-5344-a33d-32397a5b86ff', '53de9670-1da3-11e6-961c-5cc5d4b57135', '2a1fd275-ea67-11e9-b9aa-0298a739dec0', 'f2e05b32-9f7f-4818-9947-a369b085c9ae', 'e9328113-ea6a-11e9-b9aa-0298a739dec0', '0', '1', '2019-10-09 09:08:12', '1', '2019-10-09 09:08:12', '1');
INSERT INTO `page_layout_assignments` (`id`, `role_id`, `object_record_type_id`, `object_state_id`, `page_layout_id`, `deleted`, `created_by`, `created_on`, `modified_by`, `modified_on`, `allow_enter_mini_layout`) VALUES ('0c72b163-5204-954a-b8f9-843606ca5198', '53de6f5e-1da3-11e6-b011-5cc5d4b57134', '1172573c-ea67-11e9-b9aa-0298a739dec0', 'ac3d97d2-14d8-4ab1-b6b9-99d2fc2df51c', 'e9328113-ea6a-11e9-b9aa-0298a739dec0', '0', '1', '2019-10-09 09:08:12', '1', '2019-10-09 09:08:12', '1');
INSERT INTO `page_layout_assignments` (`id`, `role_id`, `object_record_type_id`, `object_state_id`, `page_layout_id`, `deleted`, `created_by`, `created_on`, `modified_by`, `modified_on`, `allow_enter_mini_layout`) VALUES ('0f5131e3-ec78-2e45-bb3d-3c613f972dc1', '53de9671-1da3-11e6-93fb-5cc5d4b57136', '8c51ee93-ea66-11e9-b9aa-0298a739dec0', 'f2e05b32-9f7f-4818-9947-a369b085c9ae', 'e9328113-ea6a-11e9-b9aa-0298a739dec0', '0', '1', '2019-10-09 09:08:12', '1', '2019-10-09 09:08:12', '1');
INSERT INTO `page_layout_assignments` (`id`, `role_id`, `object_record_type_id`, `object_state_id`, `page_layout_id`, `deleted`, `created_by`, `created_on`, `modified_by`, `modified_on`, `allow_enter_mini_layout`) VALUES ('157cc752-fc0f-6a4d-895b-41fbb683b147', '53de9670-1da3-11e6-961c-5cc5d4b57135', '1172573c-ea67-11e9-b9aa-0298a739dec0', 'f2e05b32-9f7f-4818-9947-a369b085c9ae', 'e9328113-ea6a-11e9-b9aa-0298a739dec0', '0', '1', '2019-10-09 09:08:12', '1', '2019-10-09 09:08:12', '1');
INSERT INTO `page_layout_assignments` (`id`, `role_id`, `object_record_type_id`, `object_state_id`, `page_layout_id`, `deleted`, `created_by`, `created_on`, `modified_by`, `modified_on`, `allow_enter_mini_layout`) VALUES ('18bf1f38-6385-604e-a8e2-2fa8ef6e76b4', '53de9674-1da3-11e6-ac97-5cc5d4b57137', '1172573c-ea67-11e9-b9aa-0298a739dec0', '4f5e8057-ef91-4af0-a940-3d6b438293c6', 'e9328113-ea6a-11e9-b9aa-0298a739dec0', '0', '1', '2019-10-09 09:08:12', '1', '2019-10-09 09:08:12', '1');
INSERT INTO `page_layout_assignments` (`id`, `role_id`, `object_record_type_id`, `object_state_id`, `page_layout_id`, `deleted`, `created_by`, `created_on`, `modified_by`, `modified_on`, `allow_enter_mini_layout`) VALUES ('194a5086-fd46-5d42-ad2f-8fa7f2363062', '53de9670-1da3-11e6-961c-5cc5d4b57135', '1172573c-ea67-11e9-b9aa-0298a739dec0', '4f5e8057-ef91-4af0-a940-3d6b438293c6', 'e9328113-ea6a-11e9-b9aa-0298a739dec0', '0', '1', '2019-10-09 09:08:12', '1', '2019-10-09 09:08:12', '1');
INSERT INTO `page_layout_assignments` (`id`, `role_id`, `object_record_type_id`, `object_state_id`, `page_layout_id`, `deleted`, `created_by`, `created_on`, `modified_by`, `modified_on`, `allow_enter_mini_layout`) VALUES ('1db6f73a-ea55-8541-acf3-954b924b746b', '53de9674-1da3-11e6-ac97-5cc5d4b57137', 'c27358e6-ea66-11e9-b9aa-0298a739dec0', '7539ddde-0985-4396-b4ca-641ae1e291a7', 'e9328113-ea6a-11e9-b9aa-0298a739dec0', '0', '1', '2019-10-09 09:08:12', '1', '2019-10-09 09:08:12', '1');
INSERT INTO `page_layout_assignments` (`id`, `role_id`, `object_record_type_id`, `object_state_id`, `page_layout_id`, `deleted`, `created_by`, `created_on`, `modified_by`, `modified_on`, `allow_enter_mini_layout`) VALUES ('1e6b54c0-ce84-7f4e-81dc-d97efbd98a4b', '53de6f5e-1da3-11e6-b011-5cc5d4b57134', '8c51ee93-ea66-11e9-b9aa-0298a739dec0', 'f2e05b32-9f7f-4818-9947-a369b085c9ae', 'e9328113-ea6a-11e9-b9aa-0298a739dec0', '0', '1', '2019-10-09 09:08:12', '1', '2019-10-09 09:08:12', '1');
INSERT INTO `page_layout_assignments` (`id`, `role_id`, `object_record_type_id`, `object_state_id`, `page_layout_id`, `deleted`, `created_by`, `created_on`, `modified_by`, `modified_on`, `allow_enter_mini_layout`) VALUES ('20bf104b-933f-f04c-9bcb-d5d6bb4afac3', '53de9674-1da3-11e6-ac97-5cc5d4b57137', 'c27358e6-ea66-11e9-b9aa-0298a739dec0', '422631a3-ea73-11e9-b9aa-0298a739dec0', 'e9328113-ea6a-11e9-b9aa-0298a739dec0', '0', '1', '2019-10-09 09:08:12', '1', '2019-10-09 09:08:12', '1');
INSERT INTO `page_layout_assignments` (`id`, `role_id`, `object_record_type_id`, `object_state_id`, `page_layout_id`, `deleted`, `created_by`, `created_on`, `modified_by`, `modified_on`, `allow_enter_mini_layout`) VALUES ('2758d6c7-545b-7e47-9f7d-29e850672c9e', '53de9674-1da3-11e6-ac97-5cc5d4b57137', '8c51ee93-ea66-11e9-b9aa-0298a739dec0', '23a4e271-ea73-11e9-b9aa-0298a739dec0', 'e9328113-ea6a-11e9-b9aa-0298a739dec0', '0', '1', '2019-10-09 09:08:12', '1', '2019-10-09 09:08:12', '1');
INSERT INTO `page_layout_assignments` (`id`, `role_id`, `object_record_type_id`, `object_state_id`, `page_layout_id`, `deleted`, `created_by`, `created_on`, `modified_by`, `modified_on`, `allow_enter_mini_layout`) VALUES ('27fa3934-18c6-8344-8fa5-b21fb56a0cc7', '53de9670-1da3-11e6-961c-5cc5d4b57135', '2a1fd275-ea67-11e9-b9aa-0298a739dec0', '23a4e271-ea73-11e9-b9aa-0298a739dec0', 'e9328113-ea6a-11e9-b9aa-0298a739dec0', '0', '1', '2019-10-09 09:08:12', '1', '2019-10-09 09:08:12', '1');
INSERT INTO `page_layout_assignments` (`id`, `role_id`, `object_record_type_id`, `object_state_id`, `page_layout_id`, `deleted`, `created_by`, `created_on`, `modified_by`, `modified_on`, `allow_enter_mini_layout`) VALUES ('2a14f7bc-cbde-8d49-bd48-88ec8c7e1880', '53de9671-1da3-11e6-93fb-5cc5d4b57136', '2a1fd275-ea67-11e9-b9aa-0298a739dec0', '4f5e8057-ef91-4af0-a940-3d6b438293c6', 'e9328113-ea6a-11e9-b9aa-0298a739dec0', '0', '1', '2019-10-09 09:08:12', '1', '2019-10-09 09:08:12', '1');
INSERT INTO `page_layout_assignments` (`id`, `role_id`, `object_record_type_id`, `object_state_id`, `page_layout_id`, `deleted`, `created_by`, `created_on`, `modified_by`, `modified_on`, `allow_enter_mini_layout`) VALUES ('2ab9576e-b704-eb40-8d1a-f0b37de02ffa', '53de9670-1da3-11e6-961c-5cc5d4b57135', 'c27358e6-ea66-11e9-b9aa-0298a739dec0', 'ac3d97d2-14d8-4ab1-b6b9-99d2fc2df51c', 'e9328113-ea6a-11e9-b9aa-0298a739dec0', '0', '1', '2019-10-09 09:08:12', '1', '2019-10-09 09:08:12', '1');
INSERT INTO `page_layout_assignments` (`id`, `role_id`, `object_record_type_id`, `object_state_id`, `page_layout_id`, `deleted`, `created_by`, `created_on`, `modified_by`, `modified_on`, `allow_enter_mini_layout`) VALUES ('2ec71667-dc5e-104a-8048-bcf23eea8dc6', '53de9674-1da3-11e6-ac97-5cc5d4b57137', '2a1fd275-ea67-11e9-b9aa-0298a739dec0', '7539ddde-0985-4396-b4ca-641ae1e291a7', 'e9328113-ea6a-11e9-b9aa-0298a739dec0', '0', '1', '2019-10-09 09:08:12', '1', '2019-10-09 09:08:12', '1');
INSERT INTO `page_layout_assignments` (`id`, `role_id`, `object_record_type_id`, `object_state_id`, `page_layout_id`, `deleted`, `created_by`, `created_on`, `modified_by`, `modified_on`, `allow_enter_mini_layout`) VALUES ('376afd5f-da92-8c44-9c58-d76545185f53', '53de9671-1da3-11e6-93fb-5cc5d4b57136', '1172573c-ea67-11e9-b9aa-0298a739dec0', 'f2e05b32-9f7f-4818-9947-a369b085c9ae', 'e9328113-ea6a-11e9-b9aa-0298a739dec0', '0', '1', '2019-10-09 09:08:12', '1', '2019-10-09 09:08:12', '1');
INSERT INTO `page_layout_assignments` (`id`, `role_id`, `object_record_type_id`, `object_state_id`, `page_layout_id`, `deleted`, `created_by`, `created_on`, `modified_by`, `modified_on`, `allow_enter_mini_layout`) VALUES ('3d648d74-cc7c-604e-86c4-8d22b702f50c', '53de9670-1da3-11e6-961c-5cc5d4b57135', '2a1fd275-ea67-11e9-b9aa-0298a739dec0', 'ac3d97d2-14d8-4ab1-b6b9-99d2fc2df51c', 'e9328113-ea6a-11e9-b9aa-0298a739dec0', '0', '1', '2019-10-09 09:08:12', '1', '2019-10-09 09:08:12', '1');
INSERT INTO `page_layout_assignments` (`id`, `role_id`, `object_record_type_id`, `object_state_id`, `page_layout_id`, `deleted`, `created_by`, `created_on`, `modified_by`, `modified_on`, `allow_enter_mini_layout`) VALUES ('3e4016a5-e1ca-1a40-b9f2-d87d10d0a0ef', '53de9670-1da3-11e6-961c-5cc5d4b57135', '1172573c-ea67-11e9-b9aa-0298a739dec0', '422631a3-ea73-11e9-b9aa-0298a739dec0', 'e9328113-ea6a-11e9-b9aa-0298a739dec0', '0', '1', '2019-10-09 09:08:12', '1', '2019-10-09 09:08:12', '1');
INSERT INTO `page_layout_assignments` (`id`, `role_id`, `object_record_type_id`, `object_state_id`, `page_layout_id`, `deleted`, `created_by`, `created_on`, `modified_by`, `modified_on`, `allow_enter_mini_layout`) VALUES ('469da9c6-7a3e-9d4b-8c4d-d669d9f09759', '53de9670-1da3-11e6-961c-5cc5d4b57135', '2a1fd275-ea67-11e9-b9aa-0298a739dec0', '4f5e8057-ef91-4af0-a940-3d6b438293c6', 'e9328113-ea6a-11e9-b9aa-0298a739dec0', '0', '1', '2019-10-09 09:08:12', '1', '2019-10-09 09:08:12', '1');
INSERT INTO `page_layout_assignments` (`id`, `role_id`, `object_record_type_id`, `object_state_id`, `page_layout_id`, `deleted`, `created_by`, `created_on`, `modified_by`, `modified_on`, `allow_enter_mini_layout`) VALUES ('48d8718d-6d57-7b4e-93ca-a97fd22c8b85', '53de9674-1da3-11e6-ac97-5cc5d4b57137', 'c27358e6-ea66-11e9-b9aa-0298a739dec0', '23a4e271-ea73-11e9-b9aa-0298a739dec0', 'e9328113-ea6a-11e9-b9aa-0298a739dec0', '0', '1', '2019-10-09 09:08:12', '1', '2019-10-09 09:08:12', '1');
INSERT INTO `page_layout_assignments` (`id`, `role_id`, `object_record_type_id`, `object_state_id`, `page_layout_id`, `deleted`, `created_by`, `created_on`, `modified_by`, `modified_on`, `allow_enter_mini_layout`) VALUES ('4cf84b71-11ca-c941-a65d-4a414eb36ef2', '53de6f5e-1da3-11e6-b011-5cc5d4b57134', '2a1fd275-ea67-11e9-b9aa-0298a739dec0', '4f5e8057-ef91-4af0-a940-3d6b438293c6', 'e9328113-ea6a-11e9-b9aa-0298a739dec0', '0', '1', '2019-10-09 09:08:12', '1', '2019-10-09 09:08:12', '1');
INSERT INTO `page_layout_assignments` (`id`, `role_id`, `object_record_type_id`, `object_state_id`, `page_layout_id`, `deleted`, `created_by`, `created_on`, `modified_by`, `modified_on`, `allow_enter_mini_layout`) VALUES ('4d316661-1fe2-b24f-8b58-4a28fd07c81b', '53de9671-1da3-11e6-93fb-5cc5d4b57136', 'c27358e6-ea66-11e9-b9aa-0298a739dec0', '422631a3-ea73-11e9-b9aa-0298a739dec0', 'e9328113-ea6a-11e9-b9aa-0298a739dec0', '0', '1', '2019-10-09 09:08:12', '1', '2019-10-09 09:08:12', '1');
INSERT INTO `page_layout_assignments` (`id`, `role_id`, `object_record_type_id`, `object_state_id`, `page_layout_id`, `deleted`, `created_by`, `created_on`, `modified_by`, `modified_on`, `allow_enter_mini_layout`) VALUES ('4d62f6b5-ebc0-e742-8a9b-aea26fff8c9a', '53de6f5e-1da3-11e6-b011-5cc5d4b57134', '8c51ee93-ea66-11e9-b9aa-0298a739dec0', 'ac3d97d2-14d8-4ab1-b6b9-99d2fc2df51c', 'e9328113-ea6a-11e9-b9aa-0298a739dec0', '0', '1', '2019-10-09 09:08:12', '1', '2019-10-09 09:08:12', '1');
INSERT INTO `page_layout_assignments` (`id`, `role_id`, `object_record_type_id`, `object_state_id`, `page_layout_id`, `deleted`, `created_by`, `created_on`, `modified_by`, `modified_on`, `allow_enter_mini_layout`) VALUES ('4d962c7f-a894-e244-8c46-5358dfd6f84e', '53de6f5e-1da3-11e6-b011-5cc5d4b57134', '1172573c-ea67-11e9-b9aa-0298a739dec0', 'f3f66e1d-14e0-4527-8bae-b72c1f15ef31', 'e9328113-ea6a-11e9-b9aa-0298a739dec0', '0', '1', '2019-10-09 09:08:12', '1', '2019-10-09 09:08:12', '1');
INSERT INTO `page_layout_assignments` (`id`, `role_id`, `object_record_type_id`, `object_state_id`, `page_layout_id`, `deleted`, `created_by`, `created_on`, `modified_by`, `modified_on`, `allow_enter_mini_layout`) VALUES ('4e5fa9a7-41d0-c74d-8ad0-33198049494b', '53de6f5e-1da3-11e6-b011-5cc5d4b57134', 'c27358e6-ea66-11e9-b9aa-0298a739dec0', '23a4e271-ea73-11e9-b9aa-0298a739dec0', 'e9328113-ea6a-11e9-b9aa-0298a739dec0', '0', '1', '2019-10-09 09:08:12', '1', '2019-10-09 09:08:12', '1');
INSERT INTO `page_layout_assignments` (`id`, `role_id`, `object_record_type_id`, `object_state_id`, `page_layout_id`, `deleted`, `created_by`, `created_on`, `modified_by`, `modified_on`, `allow_enter_mini_layout`) VALUES ('50ad376e-ebf8-7d46-957f-a17f36e3cdd1', '53de9674-1da3-11e6-ac97-5cc5d4b57137', '2a1fd275-ea67-11e9-b9aa-0298a739dec0', 'f3f66e1d-14e0-4527-8bae-b72c1f15ef31', 'e9328113-ea6a-11e9-b9aa-0298a739dec0', '0', '1', '2019-10-09 09:08:12', '1', '2019-10-09 09:08:12', '1');
INSERT INTO `page_layout_assignments` (`id`, `role_id`, `object_record_type_id`, `object_state_id`, `page_layout_id`, `deleted`, `created_by`, `created_on`, `modified_by`, `modified_on`, `allow_enter_mini_layout`) VALUES ('52dce38c-115c-754d-b771-ffb4ded8fd67', '53de6f5e-1da3-11e6-b011-5cc5d4b57134', '1172573c-ea67-11e9-b9aa-0298a739dec0', '7539ddde-0985-4396-b4ca-641ae1e291a7', 'e9328113-ea6a-11e9-b9aa-0298a739dec0', '0', '1', '2019-10-09 09:08:12', '1', '2019-10-09 09:08:12', '1');
INSERT INTO `page_layout_assignments` (`id`, `role_id`, `object_record_type_id`, `object_state_id`, `page_layout_id`, `deleted`, `created_by`, `created_on`, `modified_by`, `modified_on`, `allow_enter_mini_layout`) VALUES ('5406e08b-d30f-b04a-88a3-49cdd6bf57a0', '53de9670-1da3-11e6-961c-5cc5d4b57135', '1172573c-ea67-11e9-b9aa-0298a739dec0', 'f3f66e1d-14e0-4527-8bae-b72c1f15ef31', 'e9328113-ea6a-11e9-b9aa-0298a739dec0', '0', '1', '2019-10-09 09:08:12', '1', '2019-10-09 09:08:12', '1');
INSERT INTO `page_layout_assignments` (`id`, `role_id`, `object_record_type_id`, `object_state_id`, `page_layout_id`, `deleted`, `created_by`, `created_on`, `modified_by`, `modified_on`, `allow_enter_mini_layout`) VALUES ('54ac18b2-ebe6-7540-ae3c-41208d5feea9', '53de6f5e-1da3-11e6-b011-5cc5d4b57134', '8c51ee93-ea66-11e9-b9aa-0298a739dec0', '4f5e8057-ef91-4af0-a940-3d6b438293c6', 'e9328113-ea6a-11e9-b9aa-0298a739dec0', '0', '1', '2019-10-09 09:08:12', '1', '2019-10-09 09:08:12', '1');
INSERT INTO `page_layout_assignments` (`id`, `role_id`, `object_record_type_id`, `object_state_id`, `page_layout_id`, `deleted`, `created_by`, `created_on`, `modified_by`, `modified_on`, `allow_enter_mini_layout`) VALUES ('55763693-42e0-d747-bd4a-8a56f2a53670', '53de9671-1da3-11e6-93fb-5cc5d4b57136', '8c51ee93-ea66-11e9-b9aa-0298a739dec0', 'ac3d97d2-14d8-4ab1-b6b9-99d2fc2df51c', 'e9328113-ea6a-11e9-b9aa-0298a739dec0', '0', '1', '2019-10-09 09:08:12', '1', '2019-10-09 09:08:12', '1');
INSERT INTO `page_layout_assignments` (`id`, `role_id`, `object_record_type_id`, `object_state_id`, `page_layout_id`, `deleted`, `created_by`, `created_on`, `modified_by`, `modified_on`, `allow_enter_mini_layout`) VALUES ('56dc02d6-f7db-cc4f-9d16-f0bbd11e372d', '53de9671-1da3-11e6-93fb-5cc5d4b57136', '1172573c-ea67-11e9-b9aa-0298a739dec0', '422631a3-ea73-11e9-b9aa-0298a739dec0', 'e9328113-ea6a-11e9-b9aa-0298a739dec0', '0', '1', '2019-10-09 09:08:12', '1', '2019-10-09 09:08:12', '1');
INSERT INTO `page_layout_assignments` (`id`, `role_id`, `object_record_type_id`, `object_state_id`, `page_layout_id`, `deleted`, `created_by`, `created_on`, `modified_by`, `modified_on`, `allow_enter_mini_layout`) VALUES ('5b1fe652-a9c4-0f40-8b0c-393d7468c38a', '53de9671-1da3-11e6-93fb-5cc5d4b57136', 'c27358e6-ea66-11e9-b9aa-0298a739dec0', 'ac3d97d2-14d8-4ab1-b6b9-99d2fc2df51c', 'e9328113-ea6a-11e9-b9aa-0298a739dec0', '0', '1', '2019-10-09 09:08:12', '1', '2019-10-09 09:08:12', '1');
INSERT INTO `page_layout_assignments` (`id`, `role_id`, `object_record_type_id`, `object_state_id`, `page_layout_id`, `deleted`, `created_by`, `created_on`, `modified_by`, `modified_on`, `allow_enter_mini_layout`) VALUES ('5d83c393-ddb4-8e42-aa33-bfabbc711c3d', '53de6f5e-1da3-11e6-b011-5cc5d4b57134', '8c51ee93-ea66-11e9-b9aa-0298a739dec0', '422631a3-ea73-11e9-b9aa-0298a739dec0', 'e9328113-ea6a-11e9-b9aa-0298a739dec0', '0', '1', '2019-10-09 09:08:12', '1', '2019-10-09 09:08:12', '1');
INSERT INTO `page_layout_assignments` (`id`, `role_id`, `object_record_type_id`, `object_state_id`, `page_layout_id`, `deleted`, `created_by`, `created_on`, `modified_by`, `modified_on`, `allow_enter_mini_layout`) VALUES ('5e40c9e6-d4e0-a64f-94bb-460b407ed081', '53de9671-1da3-11e6-93fb-5cc5d4b57136', 'c27358e6-ea66-11e9-b9aa-0298a739dec0', '4f5e8057-ef91-4af0-a940-3d6b438293c6', 'e9328113-ea6a-11e9-b9aa-0298a739dec0', '0', '1', '2019-10-09 09:08:12', '1', '2019-10-09 09:08:12', '1');
INSERT INTO `page_layout_assignments` (`id`, `role_id`, `object_record_type_id`, `object_state_id`, `page_layout_id`, `deleted`, `created_by`, `created_on`, `modified_by`, `modified_on`, `allow_enter_mini_layout`) VALUES ('602a6ec7-c909-2442-97dd-eb3861a0da74', '53de6f5e-1da3-11e6-b011-5cc5d4b57134', 'c27358e6-ea66-11e9-b9aa-0298a739dec0', '422631a3-ea73-11e9-b9aa-0298a739dec0', 'e9328113-ea6a-11e9-b9aa-0298a739dec0', '0', '1', '2019-10-09 09:08:12', '1', '2019-10-09 09:08:12', '1');
INSERT INTO `page_layout_assignments` (`id`, `role_id`, `object_record_type_id`, `object_state_id`, `page_layout_id`, `deleted`, `created_by`, `created_on`, `modified_by`, `modified_on`, `allow_enter_mini_layout`) VALUES ('61f010fd-9a2f-8c4d-b1b4-36d8226046d1', '53de9670-1da3-11e6-961c-5cc5d4b57135', '2a1fd275-ea67-11e9-b9aa-0298a739dec0', '422631a3-ea73-11e9-b9aa-0298a739dec0', 'e9328113-ea6a-11e9-b9aa-0298a739dec0', '0', '1', '2019-10-09 09:08:12', '1', '2019-10-09 09:08:12', '1');
INSERT INTO `page_layout_assignments` (`id`, `role_id`, `object_record_type_id`, `object_state_id`, `page_layout_id`, `deleted`, `created_by`, `created_on`, `modified_by`, `modified_on`, `allow_enter_mini_layout`) VALUES ('661d4564-1c40-2b40-811b-3bdb5207dfb7', '53de9674-1da3-11e6-ac97-5cc5d4b57137', '8c51ee93-ea66-11e9-b9aa-0298a739dec0', 'f2e05b32-9f7f-4818-9947-a369b085c9ae', 'e9328113-ea6a-11e9-b9aa-0298a739dec0', '0', '1', '2019-10-09 09:08:12', '1', '2019-10-09 09:08:12', '1');
INSERT INTO `page_layout_assignments` (`id`, `role_id`, `object_record_type_id`, `object_state_id`, `page_layout_id`, `deleted`, `created_by`, `created_on`, `modified_by`, `modified_on`, `allow_enter_mini_layout`) VALUES ('6642c545-a2ca-5f43-9c56-2d9f2e0ff3c0', '53de6f5e-1da3-11e6-b011-5cc5d4b57134', '8c51ee93-ea66-11e9-b9aa-0298a739dec0', '7539ddde-0985-4396-b4ca-641ae1e291a7', 'e9328113-ea6a-11e9-b9aa-0298a739dec0', '0', '1', '2019-10-09 09:08:12', '1', '2019-10-09 09:08:12', '1');
INSERT INTO `page_layout_assignments` (`id`, `role_id`, `object_record_type_id`, `object_state_id`, `page_layout_id`, `deleted`, `created_by`, `created_on`, `modified_by`, `modified_on`, `allow_enter_mini_layout`) VALUES ('686807c5-60c5-3f49-bf82-fcc5398ef2ad', '53de9670-1da3-11e6-961c-5cc5d4b57135', '8c51ee93-ea66-11e9-b9aa-0298a739dec0', 'f3f66e1d-14e0-4527-8bae-b72c1f15ef31', 'e9328113-ea6a-11e9-b9aa-0298a739dec0', '0', '1', '2019-10-09 09:08:12', '1', '2019-10-09 09:08:12', '1');
INSERT INTO `page_layout_assignments` (`id`, `role_id`, `object_record_type_id`, `object_state_id`, `page_layout_id`, `deleted`, `created_by`, `created_on`, `modified_by`, `modified_on`, `allow_enter_mini_layout`) VALUES ('6876c49e-63a5-ee45-af9e-7d23738dd4e0', '53de9671-1da3-11e6-93fb-5cc5d4b57136', '2a1fd275-ea67-11e9-b9aa-0298a739dec0', 'f3f66e1d-14e0-4527-8bae-b72c1f15ef31', 'e9328113-ea6a-11e9-b9aa-0298a739dec0', '0', '1', '2019-10-09 09:08:12', '1', '2019-10-09 09:08:12', '1');
INSERT INTO `page_layout_assignments` (`id`, `role_id`, `object_record_type_id`, `object_state_id`, `page_layout_id`, `deleted`, `created_by`, `created_on`, `modified_by`, `modified_on`, `allow_enter_mini_layout`) VALUES ('69d64fb0-cf43-7849-b617-59842c5efe11', '53de9670-1da3-11e6-961c-5cc5d4b57135', 'c27358e6-ea66-11e9-b9aa-0298a739dec0', '422631a3-ea73-11e9-b9aa-0298a739dec0', 'e9328113-ea6a-11e9-b9aa-0298a739dec0', '0', '1', '2019-10-09 09:08:12', '1', '2019-10-09 09:08:12', '1');
INSERT INTO `page_layout_assignments` (`id`, `role_id`, `object_record_type_id`, `object_state_id`, `page_layout_id`, `deleted`, `created_by`, `created_on`, `modified_by`, `modified_on`, `allow_enter_mini_layout`) VALUES ('6a3e4414-87a5-d148-9346-5123d6d8adf1', '53de9670-1da3-11e6-961c-5cc5d4b57135', 'c27358e6-ea66-11e9-b9aa-0298a739dec0', 'f2e05b32-9f7f-4818-9947-a369b085c9ae', 'e9328113-ea6a-11e9-b9aa-0298a739dec0', '0', '1', '2019-10-09 09:08:12', '1', '2019-10-09 09:08:12', '1');
INSERT INTO `page_layout_assignments` (`id`, `role_id`, `object_record_type_id`, `object_state_id`, `page_layout_id`, `deleted`, `created_by`, `created_on`, `modified_by`, `modified_on`, `allow_enter_mini_layout`) VALUES ('6b95bc07-3f4c-204d-907d-9aa57b45cd46', '53de9670-1da3-11e6-961c-5cc5d4b57135', 'c27358e6-ea66-11e9-b9aa-0298a739dec0', 'f3f66e1d-14e0-4527-8bae-b72c1f15ef31', 'e9328113-ea6a-11e9-b9aa-0298a739dec0', '0', '1', '2019-10-09 09:08:12', '1', '2019-10-09 09:08:12', '1');
INSERT INTO `page_layout_assignments` (`id`, `role_id`, `object_record_type_id`, `object_state_id`, `page_layout_id`, `deleted`, `created_by`, `created_on`, `modified_by`, `modified_on`, `allow_enter_mini_layout`) VALUES ('6bda464f-ae6c-aa4a-aaa8-41cb13c03201', '53de9674-1da3-11e6-ac97-5cc5d4b57137', '8c51ee93-ea66-11e9-b9aa-0298a739dec0', 'ac3d97d2-14d8-4ab1-b6b9-99d2fc2df51c', 'e9328113-ea6a-11e9-b9aa-0298a739dec0', '0', '1', '2019-10-09 09:08:12', '1', '2019-10-09 09:08:12', '1');
INSERT INTO `page_layout_assignments` (`id`, `role_id`, `object_record_type_id`, `object_state_id`, `page_layout_id`, `deleted`, `created_by`, `created_on`, `modified_by`, `modified_on`, `allow_enter_mini_layout`) VALUES ('6f0009ed-faa5-0a4d-bdf0-23d2b721569e', '53de9674-1da3-11e6-ac97-5cc5d4b57137', '2a1fd275-ea67-11e9-b9aa-0298a739dec0', '23a4e271-ea73-11e9-b9aa-0298a739dec0', 'e9328113-ea6a-11e9-b9aa-0298a739dec0', '0', '1', '2019-10-09 09:08:12', '1', '2019-10-09 09:08:12', '1');
INSERT INTO `page_layout_assignments` (`id`, `role_id`, `object_record_type_id`, `object_state_id`, `page_layout_id`, `deleted`, `created_by`, `created_on`, `modified_by`, `modified_on`, `allow_enter_mini_layout`) VALUES ('6f088e40-95f5-cc48-91fb-c487791197bc', '53de9670-1da3-11e6-961c-5cc5d4b57135', '2a1fd275-ea67-11e9-b9aa-0298a739dec0', '7539ddde-0985-4396-b4ca-641ae1e291a7', 'e9328113-ea6a-11e9-b9aa-0298a739dec0', '0', '1', '2019-10-09 09:08:12', '1', '2019-10-09 09:08:12', '1');
INSERT INTO `page_layout_assignments` (`id`, `role_id`, `object_record_type_id`, `object_state_id`, `page_layout_id`, `deleted`, `created_by`, `created_on`, `modified_by`, `modified_on`, `allow_enter_mini_layout`) VALUES ('7173bcf1-2554-434a-87c3-18c3b2a18ed9', '53de6f5e-1da3-11e6-b011-5cc5d4b57134', '1172573c-ea67-11e9-b9aa-0298a739dec0', '422631a3-ea73-11e9-b9aa-0298a739dec0', 'e9328113-ea6a-11e9-b9aa-0298a739dec0', '0', '1', '2019-10-09 09:08:12', '1', '2019-10-09 09:08:12', '1');
INSERT INTO `page_layout_assignments` (`id`, `role_id`, `object_record_type_id`, `object_state_id`, `page_layout_id`, `deleted`, `created_by`, `created_on`, `modified_by`, `modified_on`, `allow_enter_mini_layout`) VALUES ('7268f067-ba21-ae40-83ef-5af29c461aa8', '53de9674-1da3-11e6-ac97-5cc5d4b57137', '8c51ee93-ea66-11e9-b9aa-0298a739dec0', '4f5e8057-ef91-4af0-a940-3d6b438293c6', 'e9328113-ea6a-11e9-b9aa-0298a739dec0', '0', '1', '2019-10-09 09:08:12', '1', '2019-10-09 09:08:12', '1');
INSERT INTO `page_layout_assignments` (`id`, `role_id`, `object_record_type_id`, `object_state_id`, `page_layout_id`, `deleted`, `created_by`, `created_on`, `modified_by`, `modified_on`, `allow_enter_mini_layout`) VALUES ('73698e57-85eb-e047-aa30-f28ec1c2a903', '53de9674-1da3-11e6-ac97-5cc5d4b57137', 'c27358e6-ea66-11e9-b9aa-0298a739dec0', 'f3f66e1d-14e0-4527-8bae-b72c1f15ef31', 'e9328113-ea6a-11e9-b9aa-0298a739dec0', '0', '1', '2019-10-09 09:08:12', '1', '2019-10-09 09:08:12', '1');
INSERT INTO `page_layout_assignments` (`id`, `role_id`, `object_record_type_id`, `object_state_id`, `page_layout_id`, `deleted`, `created_by`, `created_on`, `modified_by`, `modified_on`, `allow_enter_mini_layout`) VALUES ('76cd6008-0c40-af42-b0af-5af69e76f223', '53de9674-1da3-11e6-ac97-5cc5d4b57137', '1172573c-ea67-11e9-b9aa-0298a739dec0', 'ac3d97d2-14d8-4ab1-b6b9-99d2fc2df51c', 'e9328113-ea6a-11e9-b9aa-0298a739dec0', '0', '1', '2019-10-09 09:08:12', '1', '2019-10-09 09:08:12', '1');
INSERT INTO `page_layout_assignments` (`id`, `role_id`, `object_record_type_id`, `object_state_id`, `page_layout_id`, `deleted`, `created_by`, `created_on`, `modified_by`, `modified_on`, `allow_enter_mini_layout`) VALUES ('77647a25-8d3a-8e46-ae55-9852a4b1dd9b', '53de9670-1da3-11e6-961c-5cc5d4b57135', '1172573c-ea67-11e9-b9aa-0298a739dec0', 'ac3d97d2-14d8-4ab1-b6b9-99d2fc2df51c', 'e9328113-ea6a-11e9-b9aa-0298a739dec0', '0', '1', '2019-10-09 09:08:12', '1', '2019-10-09 09:08:12', '1');
INSERT INTO `page_layout_assignments` (`id`, `role_id`, `object_record_type_id`, `object_state_id`, `page_layout_id`, `deleted`, `created_by`, `created_on`, `modified_by`, `modified_on`, `allow_enter_mini_layout`) VALUES ('77ac83c0-1745-e245-b863-a058a7c0c403', '53de9670-1da3-11e6-961c-5cc5d4b57135', '8c51ee93-ea66-11e9-b9aa-0298a739dec0', '422631a3-ea73-11e9-b9aa-0298a739dec0', 'e9328113-ea6a-11e9-b9aa-0298a739dec0', '0', '1', '2019-10-09 09:08:12', '1', '2019-10-09 09:08:12', '1');
INSERT INTO `page_layout_assignments` (`id`, `role_id`, `object_record_type_id`, `object_state_id`, `page_layout_id`, `deleted`, `created_by`, `created_on`, `modified_by`, `modified_on`, `allow_enter_mini_layout`) VALUES ('7bc91a07-c43b-1148-9981-558643362d62', '53de6f5e-1da3-11e6-b011-5cc5d4b57134', 'c27358e6-ea66-11e9-b9aa-0298a739dec0', 'f2e05b32-9f7f-4818-9947-a369b085c9ae', 'e9328113-ea6a-11e9-b9aa-0298a739dec0', '0', '1', '2019-10-09 09:08:12', '1', '2019-10-09 09:08:12', '1');
INSERT INTO `page_layout_assignments` (`id`, `role_id`, `object_record_type_id`, `object_state_id`, `page_layout_id`, `deleted`, `created_by`, `created_on`, `modified_by`, `modified_on`, `allow_enter_mini_layout`) VALUES ('7d1878ab-209f-304a-8d84-d4bf49165898', '53de6f5e-1da3-11e6-b011-5cc5d4b57134', 'c27358e6-ea66-11e9-b9aa-0298a739dec0', '7539ddde-0985-4396-b4ca-641ae1e291a7', 'e9328113-ea6a-11e9-b9aa-0298a739dec0', '0', '1', '2019-10-09 09:08:12', '1', '2019-10-09 09:08:12', '1');
INSERT INTO `page_layout_assignments` (`id`, `role_id`, `object_record_type_id`, `object_state_id`, `page_layout_id`, `deleted`, `created_by`, `created_on`, `modified_by`, `modified_on`, `allow_enter_mini_layout`) VALUES ('7f2f085a-e5d3-9f4a-9dc5-1094e7acee46', '53de9674-1da3-11e6-ac97-5cc5d4b57137', 'c27358e6-ea66-11e9-b9aa-0298a739dec0', 'f2e05b32-9f7f-4818-9947-a369b085c9ae', 'e9328113-ea6a-11e9-b9aa-0298a739dec0', '0', '1', '2019-10-09 09:08:12', '1', '2019-10-09 09:08:12', '1');
INSERT INTO `page_layout_assignments` (`id`, `role_id`, `object_record_type_id`, `object_state_id`, `page_layout_id`, `deleted`, `created_by`, `created_on`, `modified_by`, `modified_on`, `allow_enter_mini_layout`) VALUES ('8264103a-7973-6e44-9de8-01b4a8d7da01', '53de9674-1da3-11e6-ac97-5cc5d4b57137', '2a1fd275-ea67-11e9-b9aa-0298a739dec0', 'f2e05b32-9f7f-4818-9947-a369b085c9ae', 'e9328113-ea6a-11e9-b9aa-0298a739dec0', '0', '1', '2019-10-09 09:08:12', '1', '2019-10-09 09:08:12', '1');
INSERT INTO `page_layout_assignments` (`id`, `role_id`, `object_record_type_id`, `object_state_id`, `page_layout_id`, `deleted`, `created_by`, `created_on`, `modified_by`, `modified_on`, `allow_enter_mini_layout`) VALUES ('83e2501a-86c4-6b4b-9999-a6519060576e', '53de6f5e-1da3-11e6-b011-5cc5d4b57134', '2a1fd275-ea67-11e9-b9aa-0298a739dec0', 'f3f66e1d-14e0-4527-8bae-b72c1f15ef31', 'e9328113-ea6a-11e9-b9aa-0298a739dec0', '0', '1', '2019-10-09 09:08:12', '1', '2019-10-09 09:08:12', '1');
INSERT INTO `page_layout_assignments` (`id`, `role_id`, `object_record_type_id`, `object_state_id`, `page_layout_id`, `deleted`, `created_by`, `created_on`, `modified_by`, `modified_on`, `allow_enter_mini_layout`) VALUES ('84b15c14-9481-7049-97fa-2a857466b05a', '53de6f5e-1da3-11e6-b011-5cc5d4b57134', '2a1fd275-ea67-11e9-b9aa-0298a739dec0', 'f2e05b32-9f7f-4818-9947-a369b085c9ae', 'e9328113-ea6a-11e9-b9aa-0298a739dec0', '0', '1', '2019-10-09 09:08:12', '1', '2019-10-09 09:08:12', '1');
INSERT INTO `page_layout_assignments` (`id`, `role_id`, `object_record_type_id`, `object_state_id`, `page_layout_id`, `deleted`, `created_by`, `created_on`, `modified_by`, `modified_on`, `allow_enter_mini_layout`) VALUES ('85907212-d4f9-524d-bbfa-19397bfd3cfc', '53de9671-1da3-11e6-93fb-5cc5d4b57136', '1172573c-ea67-11e9-b9aa-0298a739dec0', 'ac3d97d2-14d8-4ab1-b6b9-99d2fc2df51c', 'e9328113-ea6a-11e9-b9aa-0298a739dec0', '0', '1', '2019-10-09 09:08:12', '1', '2019-10-09 09:08:12', '1');
INSERT INTO `page_layout_assignments` (`id`, `role_id`, `object_record_type_id`, `object_state_id`, `page_layout_id`, `deleted`, `created_by`, `created_on`, `modified_by`, `modified_on`, `allow_enter_mini_layout`) VALUES ('86040ed8-df13-8348-9b91-9830bbb0e2d4', '53de9674-1da3-11e6-ac97-5cc5d4b57137', '1172573c-ea67-11e9-b9aa-0298a739dec0', '7539ddde-0985-4396-b4ca-641ae1e291a7', 'e9328113-ea6a-11e9-b9aa-0298a739dec0', '0', '1', '2019-10-09 09:08:12', '1', '2019-10-09 09:08:12', '1');
INSERT INTO `page_layout_assignments` (`id`, `role_id`, `object_record_type_id`, `object_state_id`, `page_layout_id`, `deleted`, `created_by`, `created_on`, `modified_by`, `modified_on`, `allow_enter_mini_layout`) VALUES ('88745c3e-44f4-064a-8951-2d716d37a393', '53de9671-1da3-11e6-93fb-5cc5d4b57136', '2a1fd275-ea67-11e9-b9aa-0298a739dec0', 'ac3d97d2-14d8-4ab1-b6b9-99d2fc2df51c', 'e9328113-ea6a-11e9-b9aa-0298a739dec0', '0', '1', '2019-10-09 09:08:12', '1', '2019-10-09 09:08:12', '1');
INSERT INTO `page_layout_assignments` (`id`, `role_id`, `object_record_type_id`, `object_state_id`, `page_layout_id`, `deleted`, `created_by`, `created_on`, `modified_by`, `modified_on`, `allow_enter_mini_layout`) VALUES ('894bc89d-0c10-f444-94ec-525acd37d20d', '53de9671-1da3-11e6-93fb-5cc5d4b57136', '8c51ee93-ea66-11e9-b9aa-0298a739dec0', 'f3f66e1d-14e0-4527-8bae-b72c1f15ef31', 'e9328113-ea6a-11e9-b9aa-0298a739dec0', '0', '1', '2019-10-09 09:08:12', '1', '2019-10-09 09:08:12', '1');
INSERT INTO `page_layout_assignments` (`id`, `role_id`, `object_record_type_id`, `object_state_id`, `page_layout_id`, `deleted`, `created_by`, `created_on`, `modified_by`, `modified_on`, `allow_enter_mini_layout`) VALUES ('8e6aad4a-e67f-b94a-b29c-9150615517d4', '53de9671-1da3-11e6-93fb-5cc5d4b57136', '8c51ee93-ea66-11e9-b9aa-0298a739dec0', '4f5e8057-ef91-4af0-a940-3d6b438293c6', 'e9328113-ea6a-11e9-b9aa-0298a739dec0', '0', '1', '2019-10-09 09:08:12', '1', '2019-10-09 09:08:12', '1');
INSERT INTO `page_layout_assignments` (`id`, `role_id`, `object_record_type_id`, `object_state_id`, `page_layout_id`, `deleted`, `created_by`, `created_on`, `modified_by`, `modified_on`, `allow_enter_mini_layout`) VALUES ('8e854692-a686-4a4d-bba2-0a19def097f6', '53de6f5e-1da3-11e6-b011-5cc5d4b57134', 'c27358e6-ea66-11e9-b9aa-0298a739dec0', 'ac3d97d2-14d8-4ab1-b6b9-99d2fc2df51c', 'e9328113-ea6a-11e9-b9aa-0298a739dec0', '0', '1', '2019-10-09 09:08:12', '1', '2019-10-09 09:08:12', '1');
INSERT INTO `page_layout_assignments` (`id`, `role_id`, `object_record_type_id`, `object_state_id`, `page_layout_id`, `deleted`, `created_by`, `created_on`, `modified_by`, `modified_on`, `allow_enter_mini_layout`) VALUES ('8f111b3e-212d-d94d-88fc-596fe9696b88', '53de9671-1da3-11e6-93fb-5cc5d4b57136', '8c51ee93-ea66-11e9-b9aa-0298a739dec0', '23a4e271-ea73-11e9-b9aa-0298a739dec0', 'e9328113-ea6a-11e9-b9aa-0298a739dec0', '0', '1', '2019-10-09 09:08:12', '1', '2019-10-09 09:08:12', '1');
INSERT INTO `page_layout_assignments` (`id`, `role_id`, `object_record_type_id`, `object_state_id`, `page_layout_id`, `deleted`, `created_by`, `created_on`, `modified_by`, `modified_on`, `allow_enter_mini_layout`) VALUES ('9175bc78-fa14-f949-af16-8b95a247ee3a', '53de9671-1da3-11e6-93fb-5cc5d4b57136', '2a1fd275-ea67-11e9-b9aa-0298a739dec0', 'f2e05b32-9f7f-4818-9947-a369b085c9ae', 'e9328113-ea6a-11e9-b9aa-0298a739dec0', '0', '1', '2019-10-09 09:08:12', '1', '2019-10-09 09:08:12', '1');
INSERT INTO `page_layout_assignments` (`id`, `role_id`, `object_record_type_id`, `object_state_id`, `page_layout_id`, `deleted`, `created_by`, `created_on`, `modified_by`, `modified_on`, `allow_enter_mini_layout`) VALUES ('91c4117b-13f3-e04b-93c5-ba712a532070', '53de9670-1da3-11e6-961c-5cc5d4b57135', '1172573c-ea67-11e9-b9aa-0298a739dec0', '7539ddde-0985-4396-b4ca-641ae1e291a7', 'e9328113-ea6a-11e9-b9aa-0298a739dec0', '0', '1', '2019-10-09 09:08:12', '1', '2019-10-09 09:08:12', '1');
INSERT INTO `page_layout_assignments` (`id`, `role_id`, `object_record_type_id`, `object_state_id`, `page_layout_id`, `deleted`, `created_by`, `created_on`, `modified_by`, `modified_on`, `allow_enter_mini_layout`) VALUES ('9362e2a8-c6b9-4e4d-8c74-54fb3e57e851', '53de6f5e-1da3-11e6-b011-5cc5d4b57134', 'c27358e6-ea66-11e9-b9aa-0298a739dec0', '4f5e8057-ef91-4af0-a940-3d6b438293c6', 'e9328113-ea6a-11e9-b9aa-0298a739dec0', '0', '1', '2019-10-09 09:08:12', '1', '2019-10-09 09:08:12', '1');
INSERT INTO `page_layout_assignments` (`id`, `role_id`, `object_record_type_id`, `object_state_id`, `page_layout_id`, `deleted`, `created_by`, `created_on`, `modified_by`, `modified_on`, `allow_enter_mini_layout`) VALUES ('972eeace-887e-f34b-9697-e4b129c2d371', '53de6f5e-1da3-11e6-b011-5cc5d4b57134', '1172573c-ea67-11e9-b9aa-0298a739dec0', '4f5e8057-ef91-4af0-a940-3d6b438293c6', 'e9328113-ea6a-11e9-b9aa-0298a739dec0', '0', '1', '2019-10-09 09:08:12', '1', '2019-10-09 09:08:12', '1');
INSERT INTO `page_layout_assignments` (`id`, `role_id`, `object_record_type_id`, `object_state_id`, `page_layout_id`, `deleted`, `created_by`, `created_on`, `modified_by`, `modified_on`, `allow_enter_mini_layout`) VALUES ('98b47b28-6184-4248-b161-50195a5a9e35', '53de9674-1da3-11e6-ac97-5cc5d4b57137', '2a1fd275-ea67-11e9-b9aa-0298a739dec0', '4f5e8057-ef91-4af0-a940-3d6b438293c6', 'e9328113-ea6a-11e9-b9aa-0298a739dec0', '0', '1', '2019-10-09 09:08:12', '1', '2019-10-09 09:08:12', '1');
INSERT INTO `page_layout_assignments` (`id`, `role_id`, `object_record_type_id`, `object_state_id`, `page_layout_id`, `deleted`, `created_by`, `created_on`, `modified_by`, `modified_on`, `allow_enter_mini_layout`) VALUES ('9cb35a9c-f7d1-054f-a1c8-5f01148d43c5', '53de9674-1da3-11e6-ac97-5cc5d4b57137', '1172573c-ea67-11e9-b9aa-0298a739dec0', 'f2e05b32-9f7f-4818-9947-a369b085c9ae', 'e9328113-ea6a-11e9-b9aa-0298a739dec0', '0', '1', '2019-10-09 09:08:12', '1', '2019-10-09 09:08:12', '1');
INSERT INTO `page_layout_assignments` (`id`, `role_id`, `object_record_type_id`, `object_state_id`, `page_layout_id`, `deleted`, `created_by`, `created_on`, `modified_by`, `modified_on`, `allow_enter_mini_layout`) VALUES ('9eae09cd-b354-b846-8493-20b755aa963e', '53de6f5e-1da3-11e6-b011-5cc5d4b57134', '2a1fd275-ea67-11e9-b9aa-0298a739dec0', 'ac3d97d2-14d8-4ab1-b6b9-99d2fc2df51c', 'e9328113-ea6a-11e9-b9aa-0298a739dec0', '0', '1', '2019-10-09 09:08:12', '1', '2019-10-09 09:08:12', '1');
INSERT INTO `page_layout_assignments` (`id`, `role_id`, `object_record_type_id`, `object_state_id`, `page_layout_id`, `deleted`, `created_by`, `created_on`, `modified_by`, `modified_on`, `allow_enter_mini_layout`) VALUES ('a294f323-f318-964c-b692-f6f0c1bf22bf', '53de9674-1da3-11e6-ac97-5cc5d4b57137', '2a1fd275-ea67-11e9-b9aa-0298a739dec0', 'ac3d97d2-14d8-4ab1-b6b9-99d2fc2df51c', 'e9328113-ea6a-11e9-b9aa-0298a739dec0', '0', '1', '2019-10-09 09:08:12', '1', '2019-10-09 09:08:12', '1');
INSERT INTO `page_layout_assignments` (`id`, `role_id`, `object_record_type_id`, `object_state_id`, `page_layout_id`, `deleted`, `created_by`, `created_on`, `modified_by`, `modified_on`, `allow_enter_mini_layout`) VALUES ('a779373a-7778-884c-adce-5fe8b85a459f', '53de9674-1da3-11e6-ac97-5cc5d4b57137', '2a1fd275-ea67-11e9-b9aa-0298a739dec0', '422631a3-ea73-11e9-b9aa-0298a739dec0', 'e9328113-ea6a-11e9-b9aa-0298a739dec0', '0', '1', '2019-10-09 09:08:12', '1', '2019-10-09 09:08:12', '1');
INSERT INTO `page_layout_assignments` (`id`, `role_id`, `object_record_type_id`, `object_state_id`, `page_layout_id`, `deleted`, `created_by`, `created_on`, `modified_by`, `modified_on`, `allow_enter_mini_layout`) VALUES ('a847fad4-f572-aa42-b302-50f3c52f3b68', '53de9671-1da3-11e6-93fb-5cc5d4b57136', '2a1fd275-ea67-11e9-b9aa-0298a739dec0', '7539ddde-0985-4396-b4ca-641ae1e291a7', 'e9328113-ea6a-11e9-b9aa-0298a739dec0', '0', '1', '2019-10-09 09:08:12', '1', '2019-10-09 09:08:12', '1');
INSERT INTO `page_layout_assignments` (`id`, `role_id`, `object_record_type_id`, `object_state_id`, `page_layout_id`, `deleted`, `created_by`, `created_on`, `modified_by`, `modified_on`, `allow_enter_mini_layout`) VALUES ('aa7b01f4-2b84-c547-a555-7fece81a7245', '53de9671-1da3-11e6-93fb-5cc5d4b57136', '8c51ee93-ea66-11e9-b9aa-0298a739dec0', '422631a3-ea73-11e9-b9aa-0298a739dec0', 'e9328113-ea6a-11e9-b9aa-0298a739dec0', '0', '1', '2019-10-09 09:08:12', '1', '2019-10-09 09:08:12', '1');
INSERT INTO `page_layout_assignments` (`id`, `role_id`, `object_record_type_id`, `object_state_id`, `page_layout_id`, `deleted`, `created_by`, `created_on`, `modified_by`, `modified_on`, `allow_enter_mini_layout`) VALUES ('ac3fcd19-9367-1547-a4d8-dda2143492c2', '53de6f5e-1da3-11e6-b011-5cc5d4b57134', 'c27358e6-ea66-11e9-b9aa-0298a739dec0', 'f3f66e1d-14e0-4527-8bae-b72c1f15ef31', 'e9328113-ea6a-11e9-b9aa-0298a739dec0', '0', '1', '2019-10-09 09:08:12', '1', '2019-10-09 09:08:12', '1');
INSERT INTO `page_layout_assignments` (`id`, `role_id`, `object_record_type_id`, `object_state_id`, `page_layout_id`, `deleted`, `created_by`, `created_on`, `modified_by`, `modified_on`, `allow_enter_mini_layout`) VALUES ('ae878531-fbda-4141-8ca1-1aee4afa01f3', '53de6f5e-1da3-11e6-b011-5cc5d4b57134', '1172573c-ea67-11e9-b9aa-0298a739dec0', '23a4e271-ea73-11e9-b9aa-0298a739dec0', 'e9328113-ea6a-11e9-b9aa-0298a739dec0', '0', '1', '2019-10-09 09:08:12', '1', '2019-10-09 09:08:12', '1');
INSERT INTO `page_layout_assignments` (`id`, `role_id`, `object_record_type_id`, `object_state_id`, `page_layout_id`, `deleted`, `created_by`, `created_on`, `modified_by`, `modified_on`, `allow_enter_mini_layout`) VALUES ('b278fccb-8af8-aa45-a98e-77369b9e9c2a', '53de9670-1da3-11e6-961c-5cc5d4b57135', '2a1fd275-ea67-11e9-b9aa-0298a739dec0', 'f3f66e1d-14e0-4527-8bae-b72c1f15ef31', 'e9328113-ea6a-11e9-b9aa-0298a739dec0', '0', '1', '2019-10-09 09:08:12', '1', '2019-10-09 09:08:12', '1');
INSERT INTO `page_layout_assignments` (`id`, `role_id`, `object_record_type_id`, `object_state_id`, `page_layout_id`, `deleted`, `created_by`, `created_on`, `modified_by`, `modified_on`, `allow_enter_mini_layout`) VALUES ('b7da9bf9-88a1-8a45-ba35-7745c1421f68', '53de9674-1da3-11e6-ac97-5cc5d4b57137', '1172573c-ea67-11e9-b9aa-0298a739dec0', '422631a3-ea73-11e9-b9aa-0298a739dec0', 'e9328113-ea6a-11e9-b9aa-0298a739dec0', '0', '1', '2019-10-09 09:08:12', '1', '2019-10-09 09:08:12', '1');
INSERT INTO `page_layout_assignments` (`id`, `role_id`, `object_record_type_id`, `object_state_id`, `page_layout_id`, `deleted`, `created_by`, `created_on`, `modified_by`, `modified_on`, `allow_enter_mini_layout`) VALUES ('b878e348-f3c4-dc44-9d43-fcd3ff3585e1', '53de9671-1da3-11e6-93fb-5cc5d4b57136', '8c51ee93-ea66-11e9-b9aa-0298a739dec0', '7539ddde-0985-4396-b4ca-641ae1e291a7', 'e9328113-ea6a-11e9-b9aa-0298a739dec0', '0', '1', '2019-10-09 09:08:12', '1', '2019-10-09 09:08:12', '1');
INSERT INTO `page_layout_assignments` (`id`, `role_id`, `object_record_type_id`, `object_state_id`, `page_layout_id`, `deleted`, `created_by`, `created_on`, `modified_by`, `modified_on`, `allow_enter_mini_layout`) VALUES ('b978f866-4590-ce40-aa3d-2c08255db35f', '53de9671-1da3-11e6-93fb-5cc5d4b57136', 'c27358e6-ea66-11e9-b9aa-0298a739dec0', 'f3f66e1d-14e0-4527-8bae-b72c1f15ef31', 'e9328113-ea6a-11e9-b9aa-0298a739dec0', '0', '1', '2019-10-09 09:08:12', '1', '2019-10-09 09:08:12', '1');
INSERT INTO `page_layout_assignments` (`id`, `role_id`, `object_record_type_id`, `object_state_id`, `page_layout_id`, `deleted`, `created_by`, `created_on`, `modified_by`, `modified_on`, `allow_enter_mini_layout`) VALUES ('b9964f27-b155-4747-b646-56f25769ef41', '53de9670-1da3-11e6-961c-5cc5d4b57135', 'c27358e6-ea66-11e9-b9aa-0298a739dec0', '23a4e271-ea73-11e9-b9aa-0298a739dec0', 'e9328113-ea6a-11e9-b9aa-0298a739dec0', '0', '1', '2019-10-09 09:08:12', '1', '2019-10-09 09:08:12', '1');
INSERT INTO `page_layout_assignments` (`id`, `role_id`, `object_record_type_id`, `object_state_id`, `page_layout_id`, `deleted`, `created_by`, `created_on`, `modified_by`, `modified_on`, `allow_enter_mini_layout`) VALUES ('bc48af1b-e78b-7a46-bcb3-63b72098479e', '53de6f5e-1da3-11e6-b011-5cc5d4b57134', '1172573c-ea67-11e9-b9aa-0298a739dec0', 'f2e05b32-9f7f-4818-9947-a369b085c9ae', 'e9328113-ea6a-11e9-b9aa-0298a739dec0', '0', '1', '2019-10-09 09:08:12', '1', '2019-10-09 09:08:12', '1');
INSERT INTO `page_layout_assignments` (`id`, `role_id`, `object_record_type_id`, `object_state_id`, `page_layout_id`, `deleted`, `created_by`, `created_on`, `modified_by`, `modified_on`, `allow_enter_mini_layout`) VALUES ('be1efca3-e09a-7448-9d99-3a701d5f2387', '53de9671-1da3-11e6-93fb-5cc5d4b57136', 'c27358e6-ea66-11e9-b9aa-0298a739dec0', '7539ddde-0985-4396-b4ca-641ae1e291a7', 'e9328113-ea6a-11e9-b9aa-0298a739dec0', '0', '1', '2019-10-09 09:08:12', '1', '2019-10-09 09:08:12', '1');
INSERT INTO `page_layout_assignments` (`id`, `role_id`, `object_record_type_id`, `object_state_id`, `page_layout_id`, `deleted`, `created_by`, `created_on`, `modified_by`, `modified_on`, `allow_enter_mini_layout`) VALUES ('bfa94ced-0131-4d46-9a32-874c331675ae', '53de9670-1da3-11e6-961c-5cc5d4b57135', '8c51ee93-ea66-11e9-b9aa-0298a739dec0', '23a4e271-ea73-11e9-b9aa-0298a739dec0', 'e9328113-ea6a-11e9-b9aa-0298a739dec0', '0', '1', '2019-10-09 09:08:12', '1', '2019-10-09 09:08:12', '1');
INSERT INTO `page_layout_assignments` (`id`, `role_id`, `object_record_type_id`, `object_state_id`, `page_layout_id`, `deleted`, `created_by`, `created_on`, `modified_by`, `modified_on`, `allow_enter_mini_layout`) VALUES ('c0a79d78-ce44-5844-9e40-50482d45bf79', '53de9671-1da3-11e6-93fb-5cc5d4b57136', '1172573c-ea67-11e9-b9aa-0298a739dec0', '4f5e8057-ef91-4af0-a940-3d6b438293c6', 'e9328113-ea6a-11e9-b9aa-0298a739dec0', '0', '1', '2019-10-09 09:08:12', '1', '2019-10-09 09:08:12', '1');
INSERT INTO `page_layout_assignments` (`id`, `role_id`, `object_record_type_id`, `object_state_id`, `page_layout_id`, `deleted`, `created_by`, `created_on`, `modified_by`, `modified_on`, `allow_enter_mini_layout`) VALUES ('c144b1d3-ff89-a04a-8223-40e44a950520', '53de9670-1da3-11e6-961c-5cc5d4b57135', '8c51ee93-ea66-11e9-b9aa-0298a739dec0', 'ac3d97d2-14d8-4ab1-b6b9-99d2fc2df51c', 'e9328113-ea6a-11e9-b9aa-0298a739dec0', '0', '1', '2019-10-09 09:08:12', '1', '2019-10-09 09:08:12', '1');
INSERT INTO `page_layout_assignments` (`id`, `role_id`, `object_record_type_id`, `object_state_id`, `page_layout_id`, `deleted`, `created_by`, `created_on`, `modified_by`, `modified_on`, `allow_enter_mini_layout`) VALUES ('c1e706b1-6833-1c4a-a665-aafad19555ec', '53de9671-1da3-11e6-93fb-5cc5d4b57136', 'c27358e6-ea66-11e9-b9aa-0298a739dec0', '23a4e271-ea73-11e9-b9aa-0298a739dec0', 'e9328113-ea6a-11e9-b9aa-0298a739dec0', '0', '1', '2019-10-09 09:08:12', '1', '2019-10-09 09:08:12', '1');
INSERT INTO `page_layout_assignments` (`id`, `role_id`, `object_record_type_id`, `object_state_id`, `page_layout_id`, `deleted`, `created_by`, `created_on`, `modified_by`, `modified_on`, `allow_enter_mini_layout`) VALUES ('c2171ef7-7e88-7842-9b16-ffdb98ebd14f', '53de9674-1da3-11e6-ac97-5cc5d4b57137', 'c27358e6-ea66-11e9-b9aa-0298a739dec0', '4f5e8057-ef91-4af0-a940-3d6b438293c6', 'e9328113-ea6a-11e9-b9aa-0298a739dec0', '0', '1', '2019-10-09 09:08:12', '1', '2019-10-09 09:08:12', '1');
INSERT INTO `page_layout_assignments` (`id`, `role_id`, `object_record_type_id`, `object_state_id`, `page_layout_id`, `deleted`, `created_by`, `created_on`, `modified_by`, `modified_on`, `allow_enter_mini_layout`) VALUES ('c340cf8d-1582-fc4b-a372-e0535df964cc', '53de9670-1da3-11e6-961c-5cc5d4b57135', '8c51ee93-ea66-11e9-b9aa-0298a739dec0', '7539ddde-0985-4396-b4ca-641ae1e291a7', 'e9328113-ea6a-11e9-b9aa-0298a739dec0', '0', '1', '2019-10-09 09:08:12', '1', '2019-10-09 09:08:12', '1');
INSERT INTO `page_layout_assignments` (`id`, `role_id`, `object_record_type_id`, `object_state_id`, `page_layout_id`, `deleted`, `created_by`, `created_on`, `modified_by`, `modified_on`, `allow_enter_mini_layout`) VALUES ('c3f1aba8-188e-3747-9380-688d7478f237', '53de9674-1da3-11e6-ac97-5cc5d4b57137', '8c51ee93-ea66-11e9-b9aa-0298a739dec0', 'f3f66e1d-14e0-4527-8bae-b72c1f15ef31', 'e9328113-ea6a-11e9-b9aa-0298a739dec0', '0', '1', '2019-10-09 09:08:12', '1', '2019-10-09 09:08:12', '1');
INSERT INTO `page_layout_assignments` (`id`, `role_id`, `object_record_type_id`, `object_state_id`, `page_layout_id`, `deleted`, `created_by`, `created_on`, `modified_by`, `modified_on`, `allow_enter_mini_layout`) VALUES ('c7ad14a2-24cf-2141-b00c-0bf118fdb05d', '53de9671-1da3-11e6-93fb-5cc5d4b57136', '2a1fd275-ea67-11e9-b9aa-0298a739dec0', '23a4e271-ea73-11e9-b9aa-0298a739dec0', 'e9328113-ea6a-11e9-b9aa-0298a739dec0', '0', '1', '2019-10-09 09:08:12', '1', '2019-10-09 09:08:12', '1');
INSERT INTO `page_layout_assignments` (`id`, `role_id`, `object_record_type_id`, `object_state_id`, `page_layout_id`, `deleted`, `created_by`, `created_on`, `modified_by`, `modified_on`, `allow_enter_mini_layout`) VALUES ('c8acf0fb-f617-7640-b29e-a4052f066811', '53de9670-1da3-11e6-961c-5cc5d4b57135', 'c27358e6-ea66-11e9-b9aa-0298a739dec0', '4f5e8057-ef91-4af0-a940-3d6b438293c6', 'e9328113-ea6a-11e9-b9aa-0298a739dec0', '0', '1', '2019-10-09 09:08:12', '1', '2019-10-09 09:08:12', '1');
INSERT INTO `page_layout_assignments` (`id`, `role_id`, `object_record_type_id`, `object_state_id`, `page_layout_id`, `deleted`, `created_by`, `created_on`, `modified_by`, `modified_on`, `allow_enter_mini_layout`) VALUES ('cad91690-52fd-034e-b33b-d84115b3b405', '53de6f5e-1da3-11e6-b011-5cc5d4b57134', '2a1fd275-ea67-11e9-b9aa-0298a739dec0', '23a4e271-ea73-11e9-b9aa-0298a739dec0', 'e9328113-ea6a-11e9-b9aa-0298a739dec0', '0', '1', '2019-10-09 09:08:12', '1', '2019-10-09 09:08:12', '1');
INSERT INTO `page_layout_assignments` (`id`, `role_id`, `object_record_type_id`, `object_state_id`, `page_layout_id`, `deleted`, `created_by`, `created_on`, `modified_by`, `modified_on`, `allow_enter_mini_layout`) VALUES ('cf8b682e-336f-b44c-a15d-782d880c630d', '53de9674-1da3-11e6-ac97-5cc5d4b57137', '8c51ee93-ea66-11e9-b9aa-0298a739dec0', '422631a3-ea73-11e9-b9aa-0298a739dec0', 'e9328113-ea6a-11e9-b9aa-0298a739dec0', '0', '1', '2019-10-09 09:08:12', '1', '2019-10-09 09:08:12', '1');
INSERT INTO `page_layout_assignments` (`id`, `role_id`, `object_record_type_id`, `object_state_id`, `page_layout_id`, `deleted`, `created_by`, `created_on`, `modified_by`, `modified_on`, `allow_enter_mini_layout`) VALUES ('d3b40722-5f31-0e4c-979a-bbab8a38bd79', '53de9671-1da3-11e6-93fb-5cc5d4b57136', '2a1fd275-ea67-11e9-b9aa-0298a739dec0', '422631a3-ea73-11e9-b9aa-0298a739dec0', 'e9328113-ea6a-11e9-b9aa-0298a739dec0', '0', '1', '2019-10-09 09:08:12', '1', '2019-10-09 09:08:12', '1');
INSERT INTO `page_layout_assignments` (`id`, `role_id`, `object_record_type_id`, `object_state_id`, `page_layout_id`, `deleted`, `created_by`, `created_on`, `modified_by`, `modified_on`, `allow_enter_mini_layout`) VALUES ('d6ec3400-9f10-b04c-8880-41c8711b2e29', '53de9671-1da3-11e6-93fb-5cc5d4b57136', 'c27358e6-ea66-11e9-b9aa-0298a739dec0', 'f2e05b32-9f7f-4818-9947-a369b085c9ae', 'e9328113-ea6a-11e9-b9aa-0298a739dec0', '0', '1', '2019-10-09 09:08:12', '1', '2019-10-09 09:08:12', '1');
INSERT INTO `page_layout_assignments` (`id`, `role_id`, `object_record_type_id`, `object_state_id`, `page_layout_id`, `deleted`, `created_by`, `created_on`, `modified_by`, `modified_on`, `allow_enter_mini_layout`) VALUES ('d7fa7c70-a563-b04e-9d9b-52641315fc9f', '53de9671-1da3-11e6-93fb-5cc5d4b57136', '1172573c-ea67-11e9-b9aa-0298a739dec0', '23a4e271-ea73-11e9-b9aa-0298a739dec0', 'e9328113-ea6a-11e9-b9aa-0298a739dec0', '0', '1', '2019-10-09 09:08:12', '1', '2019-10-09 09:08:12', '1');
INSERT INTO `page_layout_assignments` (`id`, `role_id`, `object_record_type_id`, `object_state_id`, `page_layout_id`, `deleted`, `created_by`, `created_on`, `modified_by`, `modified_on`, `allow_enter_mini_layout`) VALUES ('d980d6ac-441e-7a4f-b4dc-cd8b78bfccfb', '53de9674-1da3-11e6-ac97-5cc5d4b57137', 'c27358e6-ea66-11e9-b9aa-0298a739dec0', 'ac3d97d2-14d8-4ab1-b6b9-99d2fc2df51c', 'e9328113-ea6a-11e9-b9aa-0298a739dec0', '0', '1', '2019-10-09 09:08:12', '1', '2019-10-09 09:08:12', '1');
INSERT INTO `page_layout_assignments` (`id`, `role_id`, `object_record_type_id`, `object_state_id`, `page_layout_id`, `deleted`, `created_by`, `created_on`, `modified_by`, `modified_on`, `allow_enter_mini_layout`) VALUES ('d98ab844-2059-5743-97d1-99804ef3a8a9', '53de9671-1da3-11e6-93fb-5cc5d4b57136', '1172573c-ea67-11e9-b9aa-0298a739dec0', 'f3f66e1d-14e0-4527-8bae-b72c1f15ef31', 'e9328113-ea6a-11e9-b9aa-0298a739dec0', '0', '1', '2019-10-09 09:08:12', '1', '2019-10-09 09:08:12', '1');
INSERT INTO `page_layout_assignments` (`id`, `role_id`, `object_record_type_id`, `object_state_id`, `page_layout_id`, `deleted`, `created_by`, `created_on`, `modified_by`, `modified_on`, `allow_enter_mini_layout`) VALUES ('dbd39a68-ae05-d645-8291-8009b609e508', '53de9674-1da3-11e6-ac97-5cc5d4b57137', '1172573c-ea67-11e9-b9aa-0298a739dec0', 'f3f66e1d-14e0-4527-8bae-b72c1f15ef31', 'e9328113-ea6a-11e9-b9aa-0298a739dec0', '0', '1', '2019-10-09 09:08:12', '1', '2019-10-09 09:08:12', '1');
INSERT INTO `page_layout_assignments` (`id`, `role_id`, `object_record_type_id`, `object_state_id`, `page_layout_id`, `deleted`, `created_by`, `created_on`, `modified_by`, `modified_on`, `allow_enter_mini_layout`) VALUES ('dd97d37b-fe13-f949-a494-9622ef63e0ca', '53de6f5e-1da3-11e6-b011-5cc5d4b57134', '8c51ee93-ea66-11e9-b9aa-0298a739dec0', '23a4e271-ea73-11e9-b9aa-0298a739dec0', 'e9328113-ea6a-11e9-b9aa-0298a739dec0', '0', '1', '2019-10-09 09:08:12', '1', '2019-10-09 09:08:12', '1');
INSERT INTO `page_layout_assignments` (`id`, `role_id`, `object_record_type_id`, `object_state_id`, `page_layout_id`, `deleted`, `created_by`, `created_on`, `modified_by`, `modified_on`, `allow_enter_mini_layout`) VALUES ('de2c93fc-13d5-9245-8cf7-d0ddaa75d496', '53de6f5e-1da3-11e6-b011-5cc5d4b57134', '2a1fd275-ea67-11e9-b9aa-0298a739dec0', '422631a3-ea73-11e9-b9aa-0298a739dec0', 'e9328113-ea6a-11e9-b9aa-0298a739dec0', '0', '1', '2019-10-09 09:08:12', '1', '2019-10-09 09:08:12', '1');
INSERT INTO `page_layout_assignments` (`id`, `role_id`, `object_record_type_id`, `object_state_id`, `page_layout_id`, `deleted`, `created_by`, `created_on`, `modified_by`, `modified_on`, `allow_enter_mini_layout`) VALUES ('e0db9355-90b1-6849-b739-242927753490', '53de9674-1da3-11e6-ac97-5cc5d4b57137', '8c51ee93-ea66-11e9-b9aa-0298a739dec0', '7539ddde-0985-4396-b4ca-641ae1e291a7', 'e9328113-ea6a-11e9-b9aa-0298a739dec0', '0', '1', '2019-10-09 09:08:12', '1', '2019-10-09 09:08:12', '1');
INSERT INTO `page_layout_assignments` (`id`, `role_id`, `object_record_type_id`, `object_state_id`, `page_layout_id`, `deleted`, `created_by`, `created_on`, `modified_by`, `modified_on`, `allow_enter_mini_layout`) VALUES ('e18c15f9-3d3c-6940-8cfb-6f2407a7f00f', '53de9670-1da3-11e6-961c-5cc5d4b57135', 'c27358e6-ea66-11e9-b9aa-0298a739dec0', '7539ddde-0985-4396-b4ca-641ae1e291a7', 'e9328113-ea6a-11e9-b9aa-0298a739dec0', '0', '1', '2019-10-09 09:08:12', '1', '2019-10-09 09:08:12', '1');
INSERT INTO `page_layout_assignments` (`id`, `role_id`, `object_record_type_id`, `object_state_id`, `page_layout_id`, `deleted`, `created_by`, `created_on`, `modified_by`, `modified_on`, `allow_enter_mini_layout`) VALUES ('e9fa2e52-1a23-924c-ae10-410f55771d1f', '53de9671-1da3-11e6-93fb-5cc5d4b57136', '1172573c-ea67-11e9-b9aa-0298a739dec0', '7539ddde-0985-4396-b4ca-641ae1e291a7', 'e9328113-ea6a-11e9-b9aa-0298a739dec0', '0', '1', '2019-10-09 09:08:12', '1', '2019-10-09 09:08:12', '1');
INSERT INTO `page_layout_assignments` (`id`, `role_id`, `object_record_type_id`, `object_state_id`, `page_layout_id`, `deleted`, `created_by`, `created_on`, `modified_by`, `modified_on`, `allow_enter_mini_layout`) VALUES ('ee3ee898-fc2d-dd4f-a022-66fcf7af27f9', '53de9670-1da3-11e6-961c-5cc5d4b57135', '8c51ee93-ea66-11e9-b9aa-0298a739dec0', '4f5e8057-ef91-4af0-a940-3d6b438293c6', 'e9328113-ea6a-11e9-b9aa-0298a739dec0', '0', '1', '2019-10-09 09:08:12', '1', '2019-10-09 09:08:12', '1');
INSERT INTO `page_layout_assignments` (`id`, `role_id`, `object_record_type_id`, `object_state_id`, `page_layout_id`, `deleted`, `created_by`, `created_on`, `modified_by`, `modified_on`, `allow_enter_mini_layout`) VALUES ('ef262222-2847-9846-b193-491c8383bdf7', '53de6f5e-1da3-11e6-b011-5cc5d4b57134', '8c51ee93-ea66-11e9-b9aa-0298a739dec0', 'f3f66e1d-14e0-4527-8bae-b72c1f15ef31', 'e9328113-ea6a-11e9-b9aa-0298a739dec0', '0', '1', '2019-10-09 09:08:12', '1', '2019-10-09 09:08:12', '1');
INSERT INTO `page_layout_assignments` (`id`, `role_id`, `object_record_type_id`, `object_state_id`, `page_layout_id`, `deleted`, `created_by`, `created_on`, `modified_by`, `modified_on`, `allow_enter_mini_layout`) VALUES ('f63a329f-da61-aa46-b0b4-1c87c5d6ab43', '53de9670-1da3-11e6-961c-5cc5d4b57135', '1172573c-ea67-11e9-b9aa-0298a739dec0', '23a4e271-ea73-11e9-b9aa-0298a739dec0', 'e9328113-ea6a-11e9-b9aa-0298a739dec0', '0', '1', '2019-10-09 09:08:12', '1', '2019-10-09 09:08:12', '1');
INSERT INTO `page_layout_assignments` (`id`, `role_id`, `object_record_type_id`, `object_state_id`, `page_layout_id`, `deleted`, `created_by`, `created_on`, `modified_by`, `modified_on`, `allow_enter_mini_layout`) VALUES ('f7477f96-6f0a-a946-919b-946274e1d6cf', '53de6f5e-1da3-11e6-b011-5cc5d4b57134', '2a1fd275-ea67-11e9-b9aa-0298a739dec0', '7539ddde-0985-4396-b4ca-641ae1e291a7', 'e9328113-ea6a-11e9-b9aa-0298a739dec0', '0', '1', '2019-10-09 09:08:12', '1', '2019-10-09 09:08:12', '1');
INSERT INTO `page_layout_assignments` (`id`, `role_id`, `object_record_type_id`, `object_state_id`, `page_layout_id`, `deleted`, `created_by`, `created_on`, `modified_by`, `modified_on`, `allow_enter_mini_layout`) VALUES ('f93730c1-bdf1-694e-bd04-7cbaf6ed8b67', '53de9674-1da3-11e6-ac97-5cc5d4b57137', '1172573c-ea67-11e9-b9aa-0298a739dec0', '23a4e271-ea73-11e9-b9aa-0298a739dec0', 'e9328113-ea6a-11e9-b9aa-0298a739dec0', '0', '1', '2019-10-09 09:08:12', '1', '2019-10-09 09:08:12', '1');

-- 费用详情页参加按钮20200206 wenlei
INSERT INTO `page_layout_actions` (`id`, `page_layout_id`, `object_action_id`, `display_mode`, `order`, `deleted`, `created_by`, `created_on`, `modified_by`, `modified_on`, `is_need_pre_check`) VALUES ('38502dba-ea6c-11e9-b9aa-0298a739dec0', 'e9328113-ea6a-11e9-b9aa-0298a739dec0', '05096a71-4b63-4c2e-9725-1f48e0cafcaa', 'view', '0', '0', '1', '2019-10-09 09:21:13', '1', '2019-10-09 09:21:13', '0');
INSERT INTO `page_layout_actions` (`id`, `page_layout_id`, `object_action_id`, `display_mode`, `order`, `deleted`, `created_by`, `created_on`, `modified_by`, `modified_on`, `is_need_pre_check`) VALUES ('5b46803a-ea6c-11e9-b9aa-0298a739dec0', 'e9328113-ea6a-11e9-b9aa-0298a739dec0', '13eedb8a-88d0-436c-b59e-97a083c1138e', 'view', '1', '0', '1', '2019-10-09 09:21:13', '1', '2019-10-09 09:21:13', '0');
INSERT INTO `page_layout_actions` (`id`, `page_layout_id`, `object_action_id`, `display_mode`, `order`, `deleted`, `created_by`, `created_on`, `modified_by`, `modified_on`, `is_need_pre_check`) VALUES ('736c2522-ea6c-11e9-b9aa-0298a739dec0', 'e9328113-ea6a-11e9-b9aa-0298a739dec0', 'c2b27d8f-5da9-4572-abff-a83f4e7eb16c', 'view', '2', '0', '1', '2019-10-09 09:21:13', '1', '2019-10-09 09:21:13', '0');
INSERT INTO `page_layout_actions` (`id`, `page_layout_id`, `object_action_id`, `display_mode`, `order`, `deleted`, `created_by`, `created_on`, `modified_by`, `modified_on`, `is_need_pre_check`) VALUES ('844642c2-ea6c-11e9-b9aa-0298a739dec0', 'e9328113-ea6a-11e9-b9aa-0298a739dec0', '8f19fd37-6068-4bb7-8847-7e1af5bf7ba3', 'edit', '3', '0', '1', '2019-10-09 09:21:13', '1', '2019-10-09 09:21:13', '0');
