-- 微信端
INSERT INTO `menus` (`id`, `name`, `source`, `label`, `type`, `screen_size`, `page_id`, `icon`, `deleted`, `created_by`, `created_on`, `modified_by`, `modified_on`, `color`, `template`) VALUES ('df2e3594-da78-4362-96f4-9184da042447', 'sales_data_estimations', 'custom', '销量预测', 'menu', 'small', '02a45a62-3d20-4ffe-8b87-9ab7f1fe190e', 'veev-sales-forecast', '0', '1', '2018-12-05 00:07:34', '1', '2019-06-24 11:08:46', 'veev-yellow', 'sales_data_estimations');
INSERT INTO `menus_assignments` (`id`, `role_id`, `menu_id`, `order`, `deleted`, `created_by`, `created_on`, `modified_by`, `modified_on`) VALUES ('fd4e7b18-df82-11e9-b9aa-0298a733wsfv', '53de6f5e-1da3-11e6-b011-5cc5d4b57134', 'df2e3594-da78-4362-96f4-9184da042447', '16', '0', '1', '2019-09-20 11:17:36', '1', '2019-09-20 11:17:36');

INSERT INTO `page_lists` (`id`, `page_id`, `name`, `query_type`, `source`, `label`, `screen_size`, `formula`, `sort_field`, `is_desc`, `deleted`, `created_by`, `created_on`, `modified_by`, `modified_on`, `detail_disabled`) VALUES ('78a3868e-fbc5-4cf7-8f88-55d8fab6f061', '02a45a62-3d20-4ffe-8b87-9ab7f1fe190e', 'sales_data_estimation_s', 'rls', 'custom', '销量预测', 'small', '1', '8eb2db04-40c2-4e08-a90e-fa1218158d31', '0', '0', '1', '2019-03-06 11:34:00', '1', '2019-03-06 11:34:00', '0');
INSERT INTO `page_list_assignments` (`id`, `role_id`, `page_list_id`, `deleted`, `created_by`, `created_on`, `modified_by`, `modified_on`, `is_default`) VALUES ('fa5cc65c-df83-11e9-b9aa-0298a73985db', '53de6f5e-1da3-11e6-b011-5cc5d4b57134', '78a3868e-fbc5-4cf7-8f88-55d8fab6f061', '0', '1', '2019-09-20 06:06:56', '1', '2019-09-20 06:06:56', '1');

-- list字段
INSERT INTO `page_list_fields` (`id`, `page_list_id`, `object_field_id`, `label`, `order`, `width`, `allow_filter`, `allow_sort`, `is_default`, `deleted`, `created_by`, `created_on`, `modified_by`, `modified_on`) VALUES ('ad2122b4-ea7c-47e6-8337-e8d81da15e79', '78a3868e-fbc5-4cf7-8f88-55d8fab6f061', '8eb2db04-40c2-4e08-a90e-fa1218158d31', '医院', '1', '120', '1', '1', '1', '0', '1', '2018-06-05 10:30:00', '1', '2018-06-05 10:30:00');
INSERT INTO `page_list_fields` (`id`, `page_list_id`, `object_field_id`, `label`, `order`, `width`, `allow_filter`, `allow_sort`, `is_default`, `deleted`, `created_by`, `created_on`, `modified_by`, `modified_on`) VALUES ('65112d9c-2ee9-4030-b4b7-aa24c84134ed', '78a3868e-fbc5-4cf7-8f88-55d8fab6f061', '56b899ba-788a-4661-8bc3-5cc8f8b5cfb9', '剂型', '4', '120', '1', '1', '1', '0', '1', '2018-08-20 09:44:50', '1', '2018-08-20 09:44:50');
INSERT INTO `page_list_fields` (`id`, `page_list_id`, `object_field_id`, `label`, `order`, `width`, `allow_filter`, `allow_sort`, `is_default`, `deleted`, `created_by`, `created_on`, `modified_by`, `modified_on`) VALUES ('f748cf31-0a63-430d-890f-1a0f2bd9aad1', '78a3868e-fbc5-4cf7-8f88-55d8fab6f061', '4a914b53-2c07-42b1-bc5d-72e2cb4a9ccc', 'm0', '13', '120', '0', '0', '1', '0', '1', '2019-03-06 11:34:00', '1', '2019-03-06 11:34:00');
INSERT INTO `page_list_fields` (`id`, `page_list_id`, `object_field_id`, `label`, `order`, `width`, `allow_filter`, `allow_sort`, `is_default`, `deleted`, `created_by`, `created_on`, `modified_by`, `modified_on`) VALUES ('eb72271c-d254-4e38-9935-e4152e35a025', '78a3868e-fbc5-4cf7-8f88-55d8fab6f061', 'a3f069b5-609a-4173-b2b0-ec4d79d4f561', 'm3', '16', '120', '0', '0', '0', '0', '1', '2019-06-03 09:26:01', '1', '2019-06-03 09:26:01');
INSERT INTO `page_list_fields` (`id`, `page_list_id`, `object_field_id`, `label`, `order`, `width`, `allow_filter`, `allow_sort`, `is_default`, `deleted`, `created_by`, `created_on`, `modified_by`, `modified_on`) VALUES ('f9200103-2627-4230-aef0-a6e3f6e0fd51', '78a3868e-fbc5-4cf7-8f88-55d8fab6f061', '50cb1c8c-ef78-43c5-8c11-47f3547332ad', 'm1', '14', '120', '0', '0', '1', '0', '1', '2019-06-03 09:26:01', '1', '2019-06-03 09:26:01');
INSERT INTO `page_list_fields` (`id`, `page_list_id`, `object_field_id`, `label`, `order`, `width`, `allow_filter`, `allow_sort`, `is_default`, `deleted`, `created_by`, `created_on`, `modified_by`, `modified_on`) VALUES ('94c3fa52-3a49-4d56-9443-132b63ac9c23', '78a3868e-fbc5-4cf7-8f88-55d8fab6f061', '1800011e-b8ed-4a74-8227-fff5aae22cf8', 'm4', '17', '120', '0', '0', '0', '1', '1', '2019-06-03 09:26:01', '1', '2019-06-03 09:26:01');
INSERT INTO `page_list_fields` (`id`, `page_list_id`, `object_field_id`, `label`, `order`, `width`, `allow_filter`, `allow_sort`, `is_default`, `deleted`, `created_by`, `created_on`, `modified_by`, `modified_on`) VALUES ('280703fa-8a85-403a-aee1-2e53fc519d12', '78a3868e-fbc5-4cf7-8f88-55d8fab6f061', '796f10b0-b141-4ea6-8582-e26129e25a17', 'm2', '15', '120', '0', '0', '0', '0', '1', '2019-06-03 09:26:01', '1', '2019-06-03 09:26:01');
INSERT INTO `page_list_fields` (`id`, `page_list_id`, `object_field_id`, `label`, `order`, `width`, `allow_filter`, `allow_sort`, `is_default`, `deleted`, `created_by`, `created_on`, `modified_by`, `modified_on`) VALUES ('572dbd98-bcb2-44e4-89ba-d2b36b7f3eb4', '78a3868e-fbc5-4cf7-8f88-55d8fab6f061', 'c4c82f7e-a69e-4c0f-832f-7a709706dd20', 'm5', '18', '120', '0', '0', '0', '1', '1', '2019-06-03 09:26:01', '1', '2019-06-03 09:26:01');
INSERT INTO `page_list_fields` (`id`, `page_list_id`, `object_field_id`, `label`, `order`, `width`, `allow_filter`, `allow_sort`, `is_default`, `deleted`, `created_by`, `created_on`, `modified_by`, `modified_on`) VALUES ('13589ebf-3a7a-11e9-99c4-02f90e0f46f0', '78a3868e-fbc5-4cf7-8f88-55d8fab6f061', 'd7129e6d-ca7f-44be-b9c0-ed2858c1f8ed', '销量预测状态', '28', '120', '1', '1', '1', '0', '1', '2019-06-03 09:26:01', '1', '2019-06-03 09:26:01');
INSERT INTO `page_list_fields` (`id`, `page_list_id`, `object_field_id`, `label`, `order`, `width`, `allow_filter`, `allow_sort`, `is_default`, `deleted`, `created_by`, `created_on`, `modified_by`, `modified_on`) VALUES ('7ca4e1db-3a90-11e9-99c4-02f90e0f46f0', '78a3868e-fbc5-4cf7-8f88-55d8fab6f061', '9a7a020b-e14b-4aae-922e-d79d1fe80119', '填报人', '29', '120', '1', '1', '1', '0', '1', '2019-06-03 09:26:01', '1', '2019-06-03 09:26:01');

UPDATE `page_lists` SET `sort_field` = 'ca4f3731-6c08-4c3f-85f5-c785eefaf9db', `is_desc` = '1' WHERE (`id` = '78a3868e-fbc5-4cf7-8f88-55d8fab6f061');

INSERT INTO `page_list_actions` (`id`, `page_list_id`, `object_action_id`, `order`, `deleted`, `created_by`, `created_on`, `modified_by`, `modified_on`, `is_need_pre_check`, `pre_check_label`, `is_item_action`) VALUES ('1bad2d45-35dd-469d-8f93-8388a02be1a0', '78a3868e-fbc5-4cf7-8f88-55d8fab6f061', '035c7944-b8d2-4d17-abf0-37f85bd91300', '1', '0', '1', '2018-05-24 02:32:36.667878', '1', '2018-05-24 02:32:36.667917', '0', '0', '0');

DELETE FROM `role_to_object_permissions` where role_id='53de6f5e-1da3-11e6-b011-5cc5d4b57134' and `object_id`='9f041acc-3dae-4721-9e83-86a9219baf21';

INSERT INTO `role_to_object_permissions` (`id`, `role_id`, `object_id`, `allow_read`, `allow_create`, `allow_update`, `allow_delete`, `deleted`, `created_by`, `created_on`, `modified_by`, `modified_on`, `allow_import`, `allow_export`, `allow_read_all`, `allow_update_all`) VALUES ('f9cb1cc4-33ed-11e9-99c4-02f90e0f46f0', '53de6f5e-1da3-11e6-b011-5cc5d4b57134', '9f041acc-3dae-4721-9e83-86a9219baf21', '1', '1', '1', '1', '0', '1', '2019-06-03 09:26:01', '1', '2019-06-03 09:26:01', '0', '1', '1', '1');

INSERT INTO `page_layouts` (`id`, `page_id`, `name`, `label`, `source`, `screen_size`, `deleted`, `created_by`, `created_on`, `modified_by`, `modified_on`) VALUES ('6fc51fd4-6de9-46a4-bade-8ad4ebb52d56', 'd0292a6e-5c3f-4dd0-93f0-53de5252d88f', 'cs_sales_data_estimation_s', '销量预测', 'custom', 'both', '0', '1', '2018-12-05 00:07:34', '1', '2018-12-05 00:07:34');

INSERT INTO `page_layout_assignments` (`id`, `role_id`, `object_state_id`, `page_layout_id`, `deleted`, `created_by`, `created_on`, `modified_by`, `modified_on`, `tips`) VALUES ('e6534cc1-418c-11e9-8f88-061f36555esb', '53de6f5e-1da3-11e6-b011-5cc5d4b57134', '754d106e-7bcf-4249-aad2-47c6e71c65b9', '6fc51fd4-6de9-46a4-bade-8ad4ebb52d56', '0', '1', '2019-03-08 10:28:22', '1', '2019-03-08 10:28:22', 'null');
INSERT INTO `page_layout_assignments` (`id`, `role_id`, `object_state_id`, `page_layout_id`, `deleted`, `created_by`, `created_on`, `modified_by`, `modified_on`, `tips`) VALUES ('e6534e8a-418c-11e9-8f8851qx365504de', '53de6f5e-1da3-11e6-b011-5cc5d4b57134', 'ebb1ad5d-fdd9-438c-9801-cffc38c34ff0', '6fc51fd4-6de9-46a4-bade-8ad4ebb52d56', '0', '1', '2019-03-08 10:28:22', '1', '2019-03-08 10:28:22', 'null');

INSERT INTO `page_layout_fields` (`id`, `page_layout_id`, `type`, `object_field_id`, `label`, `order`, `colspan`, `is_mandatory`, `is_readonly`, `display_mode`, `deleted`, `created_by`, `created_on`, `modified_by`, `modified_on`, `is_header`, `is_with_stars_mask`, `is_hidden`) VALUES ('06999ae7-d7fb-46fd-a0f6-8518c1080de9', '6fc51fd4-6de9-46a4-bade-8ad4ebb52d56', 'field', '4a914b53-2c07-42b1-bc5d-72e2cb4a9ccc', 'm0', '3', '6', '1', '0', 'both', '0', '1', '2018-11-27 14:23:39', '1', '2018-11-27 14:23:39', '0', '0', '0');
INSERT INTO `page_layout_fields` (`id`, `page_layout_id`, `type`, `object_field_id`, `label`, `order`, `colspan`, `is_mandatory`, `is_readonly`, `display_mode`, `deleted`, `created_by`, `created_on`, `modified_by`, `modified_on`, `is_header`, `is_with_stars_mask`, `is_hidden`) VALUES ('52d0bb42-639b-4b84-aed2-a53f59c57b5e', '6fc51fd4-6de9-46a4-bade-8ad4ebb52d56', 'field', 'c4c82f7e-a69e-4c0f-832f-7a709706dd20', 'm5', '8', '6', '0', '0', 'both', '1', '1', '2019-06-03 09:26:01', '1', '2019-06-03 09:26:01', '0', '0', '0');
INSERT INTO `page_layout_fields` (`id`, `page_layout_id`, `type`, `object_field_id`, `label`, `order`, `colspan`, `is_mandatory`, `is_readonly`, `display_mode`, `deleted`, `created_by`, `created_on`, `modified_by`, `modified_on`, `is_header`, `is_with_stars_mask`, `is_hidden`) VALUES ('6308a98a-8608-4713-8836-0d648d985a94', '6fc51fd4-6de9-46a4-bade-8ad4ebb52d56', 'field', 'a3f069b5-609a-4173-b2b0-ec4d79d4f561', 'm3', '6', '6', '0', '0', 'both', '0', '1', '2019-06-03 09:26:01', '1', '2019-06-03 09:26:01', '0', '0', '0');
INSERT INTO `page_layout_fields` (`id`, `page_layout_id`, `type`, `object_field_id`, `label`, `order`, `colspan`, `is_mandatory`, `is_readonly`, `display_mode`, `deleted`, `created_by`, `created_on`, `modified_by`, `modified_on`, `is_header`, `is_with_stars_mask`, `is_hidden`) VALUES ('674dd829-0929-4bf6-b9e7-876cd9f8b118', '6fc51fd4-6de9-46a4-bade-8ad4ebb52d56', 'field', '1800011e-b8ed-4a74-8227-fff5aae22cf8', 'm4', '7', '6', '1', '0', 'both', '1', '1', '2019-06-03 09:26:01', '1', '2019-06-03 09:26:01', '0', '0', '0');
INSERT INTO `page_layout_fields` (`id`, `page_layout_id`, `type`, `object_field_id`, `label`, `order`, `colspan`, `is_mandatory`, `is_readonly`, `display_mode`, `deleted`, `created_by`, `created_on`, `modified_by`, `modified_on`, `is_header`, `is_with_stars_mask`, `is_hidden`) VALUES ('aacd09f1-f47c-4b82-a7b7-520abbbacfbf', '6fc51fd4-6de9-46a4-bade-8ad4ebb52d56', 'field', '796f10b0-b141-4ea6-8582-e26129e25a17', 'm2', '5', '6', '0', '0', 'both', '0', '1', '2019-06-03 09:26:01', '1', '2019-06-03 09:26:01', '0', '0', '0');
INSERT INTO `page_layout_fields` (`id`, `page_layout_id`, `type`, `object_field_id`, `label`, `order`, `colspan`, `is_mandatory`, `is_readonly`, `display_mode`, `deleted`, `created_by`, `created_on`, `modified_by`, `modified_on`, `is_header`, `is_with_stars_mask`, `is_hidden`) VALUES ('b0aa125e-bb35-46db-8905-b44f554b0aa4', '6fc51fd4-6de9-46a4-bade-8ad4ebb52d56', 'field', '50cb1c8c-ef78-43c5-8c11-47f3547332ad', 'm1', '4', '6', '1', '0', 'both', '0', '1', '2019-06-03 09:26:01', '1', '2019-06-03 09:26:01', '0', '0', '0');
INSERT INTO `page_layout_fields` (`id`, `page_layout_id`, `type`, `object_field_id`, `label`, `order`, `colspan`, `is_mandatory`, `is_readonly`, `display_mode`, `deleted`, `created_by`, `created_on`, `modified_by`, `modified_on`, `is_header`, `is_with_stars_mask`, `is_hidden`) VALUES ('bd8a5214-f5fc-47ca-b858-ac010fb094e0', '6fc51fd4-6de9-46a4-bade-8ad4ebb52d56', 'field', '56b899ba-788a-4661-8bc3-5cc8f8b5cfb9', '剂型', '2', '6', '1', '0', 'both', '0', '1', '2019-03-06 11:34:00', '1', '2019-03-06 11:34:00', '0', '0', '0');
INSERT INTO `page_layout_fields` (`id`, `page_layout_id`, `type`, `object_field_id`, `label`, `order`, `colspan`, `is_mandatory`, `is_readonly`, `display_mode`, `deleted`, `created_by`, `created_on`, `modified_by`, `modified_on`, `is_header`, `is_with_stars_mask`, `is_hidden`) VALUES ('efd9f0a2-18b5-45d6-a347-23ae5f8abec6', '6fc51fd4-6de9-46a4-bade-8ad4ebb52d56', 'field', '8eb2db04-40c2-4e08-a90e-fa1218158d31', '医院', '1', '6', '1', '0', 'both', '0', '1', '2019-03-06 11:34:00', '1', '2019-03-06 11:34:00', '0', '0', '0');
INSERT INTO `page_layout_fields` (`id`, `page_layout_id`, `type`, `object_field_id`, `label`, `order`, `colspan`, `is_mandatory`, `is_readonly`, `display_mode`, `deleted`, `created_by`, `created_on`, `modified_by`, `modified_on`, `is_header`, `is_with_stars_mask`, `is_hidden`) VALUES ('efd9f0a2-18b5-45rg-a347-232e5f85acc6', '6fc51fd4-6de9-46a4-bade-8ad4ebb52d56', 'field', 'd7129e6d-ca7f-44be-b9c0-ed2858c1f8ed', '销量预测状态', '9', '6', '0', '1', 'both', '0', '1', '2019-03-06 11:34:00', '1', '2019-03-06 11:34:00', '0', '0', '0');

-- pagelayout action
INSERT INTO `page_layout_actions` (`id`, `page_layout_id`, `object_action_id`, `display_mode`, `order`, `deleted`, `created_by`, `created_on`, `modified_by`, `modified_on`, `is_need_pre_check`, `pre_check_label`) VALUES ('2b824a02-592f-4054-89ed-8ef7e2e7d908', '6fc51fd4-6de9-46a4-bade-8ad4ebb52d56', '02bd5366-5036-42da-88a3-66622f4f8cdb', 'view', '1', '0', '1', '2018-11-27 06:32:05', '1', '2018-11-27 06:32:05', '0', '0');
INSERT INTO `page_layout_actions` (`id`, `page_layout_id`, `object_action_id`, `display_mode`, `order`, `deleted`, `created_by`, `created_on`, `modified_by`, `modified_on`, `is_need_pre_check`, `pre_check_label`) VALUES ('add19516-737c-4d2e-8588-c430a7eabedc', '6fc51fd4-6de9-46a4-bade-8ad4ebb52d56', 'bc763885-1ce1-431f-bb13-a42fc6f0bc28', 'edit', '1', '0', '1', '2019-03-06 11:34:00', '1', '2019-03-06 11:34:00', '0', '0');
INSERT INTO `page_layout_actions` (`id`, `page_layout_id`, `object_action_id`, `display_mode`, `order`, `deleted`, `created_by`, `created_on`, `modified_by`, `modified_on`, `is_need_pre_check`, `pre_check_label`) VALUES ('ef49fdbe-89da-44a4-a85d-f4f01cb241ee', '6fc51fd4-6de9-46a4-bade-8ad4ebb52d56', '0e7cf4bf-2bee-4379-97ba-e95815baf82c', 'edit', '2', '0', '1', '2019-03-06 11:34:00', '1', '2019-03-06 11:34:00', '0', '0');

-- ===================================电脑端=================
INSERT INTO `menus` (`id`, `name`, `source`, `label`, `parent_id`, `type`, `screen_size`, `page_id`, `deleted`, `created_by`, `created_on`, `modified_by`, `modified_on`, `template`) VALUES ('3ed3a7f0-3bc9-11e9-99c4-02f90e0f46f0', 'sales_data_estimations', 'custom', '销量预测管理', 'd1bf4321-c42b-11e7-b28d-c85b76d4d416', 'menu', 'large', '02a45a62-3d20-4ffe-8b87-9ab7f1fe190e', '0', '1', '2018-07-05 07:23:10', '1', '2019-06-24 11:08:46', 'sales_data_estimations');
INSERT INTO `menus_assignments` (`id`, `role_id`, `menu_id`, `order`, `deleted`, `created_by`, `created_on`, `modified_by`, `modified_on`) VALUES ('fc5de7c1-e35c-11e9-b9aa-0298a733wdjl', '53de9674-1da3-11e6-ac97-5cc5d4b57137', '3ed3a7f0-3bc9-11e9-99c4-02f90e0f46f0', '3', '0', '1', '2019-09-30 11:17:36', '1', '2019-09-30 08:36:32');

INSERT INTO `page_lists` (`id`, `page_id`, `name`, `query_type`, `source`, `label`, `screen_size`, `sort_field`, `is_desc`, `deleted`, `created_by`, `created_on`, `modified_by`, `modified_on`, `detail_disabled`, `configurations`, `aggregate_field`, `primary_filter`) VALUES ('1461d134-7827-4ba6-b3e0-809b30924f84', '02a45a62-3d20-4ffe-8b87-9ab7f1fe190e', 'sales_data_estimation_l', 'rls', 'custom', '销量预测汇总', 'large', '8eb2db04-40c2-4e08-a90e-fa1218158d31', '0', '0', '1', '2019-06-03 09:26:01', '1', '2019-06-03 09:26:01', '1', '{\"show_estimation_window\": true}', '8eb2db04-40c2-4e08-a90e-fa1218158d31;;56b899ba-788a-4661-8bc3-5cc8f8b5cfb9;;d282170f-341a-11e9-99c4-02f90e0f46f0;;d7129e6d-ca7f-44be-b9c0-ed2858c1f8ed', 'yearmonth');
INSERT INTO `page_lists` (`id`, `page_id`, `name`, `query_type`, `source`, `label`, `screen_size`, `sort_field`, `is_desc`, `deleted`, `created_by`, `created_on`, `modified_by`, `modified_on`, `detail_disabled`, `configurations`, `primary_filter`) VALUES ('cb04f929-451d-4465-8f17-5dffd7d4f28a', '02a45a62-3d20-4ffe-8b87-9ab7f1fe190e', 'sales_data_estimation_l_std', 'rls', 'custom', '销量预测统计', 'large', '8eb2db04-40c2-4e08-a90e-fa1218158d31', '0', '0', '1', '2019-06-03 09:26:01', '1', '2019-06-03 09:26:01', '1', '{\"show_estimation_window\": true}', 'yearmonth');

INSERT INTO `page_list_assignments` (`id`, `role_id`, `page_list_id`, `deleted`, `created_by`, `created_on`, `modified_by`, `modified_on`, `is_default`) VALUES ('fa5cc65c-df83-11e9-b9aa-0298a7392qan', '53de9674-1da3-11e6-ac97-5cc5d4b57137', '1461d134-7827-4ba6-b3e0-809b30924f84', '0', '1', '2019-09-20 06:06:56', '1', '2019-09-20 06:06:56', '1');
INSERT INTO `page_list_assignments` (`id`, `role_id`, `page_list_id`, `deleted`, `created_by`, `created_on`, `modified_by`, `modified_on`, `is_default`) VALUES ('fa5cc65c-df83-11e9-b9aa-0298a73972gl', '53de9674-1da3-11e6-ac97-5cc5d4b57137', 'cb04f929-451d-4465-8f17-5dffd7d4f28a', '0', '1', '2019-09-20 06:06:56', '1', '2019-09-20 06:06:56', '1');

-- 新增字段
INSERT INTO `object_fields` (`id`, `object_id`, `name`, `label`, `description`, `source`, `type`, `target_display_mode`, `target_screen_size`, `deleted`, `created_by`, `created_on`, `modified_by`, `modified_on`, `configurations`, `import_order`, `is_key`, `mandatory`, `allow_filter`, `allow_sort`) VALUES ('cdcdb1e6-125f-11e9-99c4-02f90e0f4ca6', '9f041acc-3dae-4721-9e83-86a9219baf21', 'cs_hospital_city', '医院市', '', 'custom', 'refer', 'all', 'both', '0', '1', '2019-03-29 10:25:11', '1', '2019-07-03 01:40:21', '{\"refer_field\": {\"path\": \"hospital.geo_city\", \"type\": \"text\"}}', '0', '0', '0', '1', '1');
INSERT INTO `object_fields` (`id`, `object_id`, `name`, `label`, `description`, `source`, `type`, `target_display_mode`, `target_screen_size`, `deleted`, `created_by`, `created_on`, `modified_by`, `modified_on`, `configurations`, `import_order`, `is_key`, `mandatory`, `allow_filter`, `allow_sort`) VALUES ('cdcdb1e6-125f-11e9-99c4-02f90e0f4ca5', '9f041acc-3dae-4721-9e83-86a9219baf21', 'cs_hospital_province', '医院省', '', 'custom', 'refer', 'all', 'both', '0', '1', '2019-03-29 10:25:11', '1', '2019-03-29 10:25:11', '{\"refer_field\": {\"path\": \"hospital.geography.province\", \"type\": \"text\"}}', '0', '0', '0', '1', '1');
INSERT INTO `object_fields` (`id`, `object_id`, `name`, `label`, `source`, `type`, `target_display_mode`, `target_screen_size`, `deleted`, `created_by`, `created_on`, `modified_by`, `modified_on`, `configurations`, `import_order`, `is_key`, `mandatory`, `allow_filter`, `allow_sort`) VALUES ('d282170f-341a-11e9-99c4-02f90e0f46f0', '9f041acc-3dae-4721-9e83-86a9219baf21', 'hospital_code', '医院编码', 'custom', 'refer', 'all', 'both', '0', '1', '2018-11-02 02:37:27', '1', '2018-11-02 02:37:27', '{\"refer_field\": {\"path\": \"hospital.external_id\", \"type\": \"text\"}}', '0', '0', '0', '1', '1');

--  销量汇总 1461d134-7827-4ba6-b3e0-809b30924f84
INSERT INTO `page_list_fields` (`id`, `page_list_id`, `object_field_id`, `label`, `order`, `width`, `allow_filter`, `allow_sort`, `is_default`, `deleted`, `created_by`, `created_on`, `modified_by`, `modified_on`) VALUES ('b9175ec0-c1fe-413c-9241-6bf63538a095', '1461d134-7827-4ba6-b3e0-809b30924f84', '8eb2db04-40c2-4e08-a90e-fa1218158d31', '医院', '1', '120', '1', '1', '1', '0', '1', '2018-06-05 10:30:00', '1', '2018-06-05 10:30:00');
INSERT INTO `page_list_fields` (`id`, `page_list_id`, `object_field_id`, `label`, `order`, `width`, `allow_filter`, `allow_sort`, `is_default`, `deleted`, `created_by`, `created_on`, `modified_by`, `modified_on`) VALUES ('4015657b-341b-11e9-99c4-02f90e0f46f0', '1461d134-7827-4ba6-b3e0-809b30924f84', 'd282170f-341a-11e9-99c4-02f90e0f46f0', '医院编码', '2', '120', '1', '1', '1', '0', '1', '2019-02-19 04:07:04', '1', '2019-02-19 04:07:04');
INSERT INTO `page_list_fields` (`id`, `page_list_id`, `object_field_id`, `label`, `order`, `width`, `allow_filter`, `allow_sort`, `is_default`, `deleted`, `created_by`, `created_on`, `modified_by`, `modified_on`) VALUES ('fb8af083-b6bb-425a-8547-5f0304742caa', '1461d134-7827-4ba6-b3e0-809b30924f84', 'cdcdb1e6-125f-11e9-99c4-02f90e0f4ca5', '省份', '3', '120', '1', '1', '0', '0', '1', '2019-03-29 10:25:11', '1', '2019-03-29 10:25:11');
INSERT INTO `page_list_fields` (`id`, `page_list_id`, `object_field_id`, `label`, `order`, `width`, `allow_filter`, `allow_sort`, `is_default`, `deleted`, `created_by`, `created_on`, `modified_by`, `modified_on`) VALUES ('fb8af083-b6bb-425a-8547-5f0304742cab', '1461d134-7827-4ba6-b3e0-809b30924f84', 'cdcdb1e6-125f-11e9-99c4-02f90e0f4ca6', '城市', '4', '120', '1', '1', '0', '0', '1', '2019-03-29 10:25:11', '1', '2019-03-29 10:25:11');
INSERT INTO `page_list_fields` (`id`, `page_list_id`, `object_field_id`, `label`, `order`, `width`, `allow_filter`, `allow_sort`, `is_default`, `deleted`, `created_by`, `created_on`, `modified_by`, `modified_on`) VALUES ('955c4743-39ef-459a-9d3b-8eea4c8e0665', '1461d134-7827-4ba6-b3e0-809b30924f84', '56b899ba-788a-4661-8bc3-5cc8f8b5cfb9', '剂型', '5', '120', '1', '1', '1', '0', '1', '2019-03-29 10:25:11', '1', '2019-03-29 10:25:11');
INSERT INTO `page_list_fields` (`id`, `page_list_id`, `object_field_id`, `label`, `order`, `width`, `allow_filter`, `allow_sort`, `is_default`, `deleted`, `created_by`, `created_on`, `modified_by`, `modified_on`) VALUES ('6f2add2c-341a-11e9-99c4-02f90e0f46f0', '1461d134-7827-4ba6-b3e0-809b30924f84', 'a9023595-0764-4e34-8af1-bffb4f83b8a9', '状态', '7', '120', '1', '1', '1', '0', '1', '2019-03-29 10:25:11', '1', '2019-03-29 10:25:11');
INSERT INTO `page_list_fields` (`id`, `page_list_id`, `object_field_id`, `label`, `order`, `width`, `allow_filter`, `allow_sort`, `is_default`, `deleted`, `created_by`, `created_on`, `modified_by`, `modified_on`, `aggregate_func`) VALUES ('cbdb1da2-da25-44a8-a426-4ef634574b65', '1461d134-7827-4ba6-b3e0-809b30924f84', '4a914b53-2c07-42b1-bc5d-72e2cb4a9ccc', 'm0', '10', '120', '0', '0', '1', '0', '1', '2019-03-29 10:25:11', '1', '2019-03-29 10:25:11', 'sum');
INSERT INTO `page_list_fields` (`id`, `page_list_id`, `object_field_id`, `label`, `order`, `width`, `allow_filter`, `allow_sort`, `is_default`, `deleted`, `created_by`, `created_on`, `modified_by`, `modified_on`, `aggregate_func`) VALUES ('38dc7431-5a4a-4ef0-becd-7c4a767e808b', '1461d134-7827-4ba6-b3e0-809b30924f84', 'a3f069b5-609a-4173-b2b0-ec4d79d4f561', 'm3', '13', '120', '0', '0', '1', '0', '1', '2019-06-03 09:26:01', '1', '2019-06-03 09:26:01', 'sum');
INSERT INTO `page_list_fields` (`id`, `page_list_id`, `object_field_id`, `label`, `order`, `width`, `allow_filter`, `allow_sort`, `is_default`, `deleted`, `created_by`, `created_on`, `modified_by`, `modified_on`, `aggregate_func`) VALUES ('b598876d-2417-415a-8c2e-fe646c3611d3', '1461d134-7827-4ba6-b3e0-809b30924f84', '50cb1c8c-ef78-43c5-8c11-47f3547332ad', 'm1', '11', '120', '0', '0', '1', '0', '1', '2019-06-03 09:26:01', '1', '2019-06-03 09:26:01', 'sum');
INSERT INTO `page_list_fields` (`id`, `page_list_id`, `object_field_id`, `label`, `order`, `width`, `allow_filter`, `allow_sort`, `is_default`, `deleted`, `created_by`, `created_on`, `modified_by`, `modified_on`, `aggregate_func`) VALUES ('e97cb23b-55c2-4f50-b67a-c84c8a11d3b5', '1461d134-7827-4ba6-b3e0-809b30924f84', '796f10b0-b141-4ea6-8582-e26129e25a17', 'm2', '12', '120', '0', '0', '1', '0', '1', '2019-06-03 09:26:01', '1', '2019-06-03 09:26:01', 'sum');
INSERT INTO `page_list_fields` (`id`, `page_list_id`, `object_field_id`, `label`, `order`, `width`, `allow_filter`, `allow_sort`, `is_default`, `deleted`, `created_by`, `created_on`, `modified_by`, `modified_on`) VALUES ('4d96f3af-cdad-45ef-afe8-bcd4a734045d', '1461d134-7827-4ba6-b3e0-809b30924f84', 'a9023595-0764-4e34-8af1-bffb4f83b8a9', '是否完成预测', '30', '120', '1', '1', '1', '1', '1', '2019-03-29 10:25:11', '1', '2019-03-29 10:25:11');

-- 销量统计  cb04f929-451d-4465-8f17-5dffd7d4f28a
INSERT INTO `page_list_fields` (`id`, `page_list_id`, `object_field_id`, `label`, `order`, `width`, `allow_filter`, `allow_sort`, `is_default`, `deleted`, `created_by`, `created_on`, `modified_by`, `modified_on`) VALUES ('9de973c2-247a-4267-9ae9-27ef012a5265', 'cb04f929-451d-4465-8f17-5dffd7d4f28a', '8eb2db04-40c2-4e08-a90e-fa1218158d31', '医院', '0', '120', '1', '1', '1', '0', '1', '2019-03-06 11:34:00', '1', '2019-03-06 11:34:00');
INSERT INTO `page_list_fields` (`id`, `page_list_id`, `object_field_id`, `label`, `order`, `width`, `allow_filter`, `allow_sort`, `is_default`, `deleted`, `created_by`, `created_on`, `modified_by`, `modified_on`) VALUES ('fc3a08f9-341a-11e9-99c4-02f90e0f46f0', 'cb04f929-451d-4465-8f17-5dffd7d4f28a', 'd282170f-341a-11e9-99c4-02f90e0f46f0', '医院编码', '1', '120', '1', '1', '1', '0', '1', '2019-02-19 03:56:14', '1', '2019-02-19 03:56:14');
INSERT INTO `page_list_fields` (`id`, `page_list_id`, `object_field_id`, `label`, `order`, `width`, `allow_filter`, `allow_sort`, `is_default`, `deleted`, `created_by`, `created_on`, `modified_by`, `modified_on`) VALUES ('fb8af083-b6bb-425a-8547-5f0304742ca5', 'cb04f929-451d-4465-8f17-5dffd7d4f28a', 'cdcdb1e6-125f-11e9-99c4-02f90e0f4ca5', '省份', '2', '120', '1', '1', '0', '0', '1', '2019-03-29 10:25:11', '1', '2019-03-29 10:25:11');
INSERT INTO `page_list_fields` (`id`, `page_list_id`, `object_field_id`, `label`, `order`, `width`, `allow_filter`, `allow_sort`, `is_default`, `deleted`, `created_by`, `created_on`, `modified_by`, `modified_on`) VALUES ('fb8af083-b6bb-425a-8547-5f0304742ca6', 'cb04f929-451d-4465-8f17-5dffd7d4f28a', 'cdcdb1e6-125f-11e9-99c4-02f90e0f4ca6', '城市', '3', '120', '1', '1', '0', '0', '1', '2019-03-29 10:25:11', '1', '2019-03-29 10:25:11');
INSERT INTO `page_list_fields` (`id`, `page_list_id`, `object_field_id`, `label`, `order`, `width`, `allow_filter`, `allow_sort`, `is_default`, `deleted`, `created_by`, `created_on`, `modified_by`, `modified_on`) VALUES ('fb8af083-b6bb-425a-8547-5f0304742ca9', 'cb04f929-451d-4465-8f17-5dffd7d4f28a', '9a7a020b-e14b-4aae-922e-d79d1fe80119', '填报人', '4', '120', '1', '1', '0', '0', '1', '2019-03-29 10:25:11', '1', '2019-10-08 07:29:27');
INSERT INTO `page_list_fields` (`id`, `page_list_id`, `object_field_id`, `label`, `order`, `width`, `allow_filter`, `allow_sort`, `is_default`, `deleted`, `created_by`, `created_on`, `modified_by`, `modified_on`, `disable_click`) VALUES ('82a49a73-4996-472f-940c-3e544c9e6ef6', 'cb04f929-451d-4465-8f17-5dffd7d4f28a', '0e9a55ec-7236-4906-a1f7-fa20b0b1e673', '岗位', '7', '120', '1', '1', '1', '1', '1', '2019-06-24 11:08:33', '1', '2019-06-24 11:08:33', '1');
INSERT INTO `page_list_fields` (`id`, `page_list_id`, `object_field_id`, `label`, `order`, `width`, `allow_filter`, `allow_sort`, `is_default`, `deleted`, `created_by`, `created_on`, `modified_by`, `modified_on`) VALUES ('bb43e36c-d976-4b6a-a552-7c4c6b13d532', 'cb04f929-451d-4465-8f17-5dffd7d4f28a', '56b899ba-788a-4661-8bc3-5cc8f8b5cfb9', '剂型', '18', '120', '1', '1', '1', '0', '1', '2019-03-29 10:25:11', '1', '2019-10-08 07:29:27');
INSERT INTO `page_list_fields` (`id`, `page_list_id`, `object_field_id`, `label`, `order`, `width`, `allow_filter`, `allow_sort`, `is_default`, `deleted`, `created_by`, `created_on`, `modified_by`, `modified_on`) VALUES ('394cc8ac-341a-11e9-99c4-02f90e0f46f0', 'cb04f929-451d-4465-8f17-5dffd7d4f28a', 'a9023595-0764-4e34-8af1-bffb4f83b8a9', '状态', '19', '120', '1', '1', '1', '0', '1', '2019-03-29 10:25:11', '1', '2019-10-08 07:29:27');
INSERT INTO `page_list_fields` (`id`, `page_list_id`, `object_field_id`, `label`, `order`, `width`, `allow_filter`, `allow_sort`, `is_default`, `deleted`, `created_by`, `created_on`, `modified_by`, `modified_on`) VALUES ('1aac67f8-9ead-4f14-92d7-091c394111b9', 'cb04f929-451d-4465-8f17-5dffd7d4f28a', '4a914b53-2c07-42b1-bc5d-72e2cb4a9ccc', 'm0', '20', '120', '0', '1', '1', '0', '1', '2019-06-03 09:26:01', '1', '2019-10-08 07:29:27');
INSERT INTO `page_list_fields` (`id`, `page_list_id`, `object_field_id`, `label`, `order`, `width`, `allow_filter`, `allow_sort`, `is_default`, `deleted`, `created_by`, `created_on`, `modified_by`, `modified_on`) VALUES ('9b5bb34f-5c24-412b-b42c-8d92c5c2f770', 'cb04f929-451d-4465-8f17-5dffd7d4f28a', 'a3f069b5-609a-4173-b2b0-ec4d79d4f561', 'm3', '21', '120', '0', '1', '1', '0', '1', '2019-06-03 09:26:01', '1', '2019-10-08 07:29:27');
INSERT INTO `page_list_fields` (`id`, `page_list_id`, `object_field_id`, `label`, `order`, `width`, `allow_filter`, `allow_sort`, `is_default`, `deleted`, `created_by`, `created_on`, `modified_by`, `modified_on`) VALUES ('07f69f98-90c7-4150-8f9b-57d70464e4e9', 'cb04f929-451d-4465-8f17-5dffd7d4f28a', '50cb1c8c-ef78-43c5-8c11-47f3547332ad', 'm1', '22', '120', '0', '1', '1', '0', '1', '2019-06-03 09:26:01', '1', '2019-10-08 07:29:27');
INSERT INTO `page_list_fields` (`id`, `page_list_id`, `object_field_id`, `label`, `order`, `width`, `allow_filter`, `allow_sort`, `is_default`, `deleted`, `created_by`, `created_on`, `modified_by`, `modified_on`) VALUES ('cba3d30d-d190-48de-bfee-af15af748895', 'cb04f929-451d-4465-8f17-5dffd7d4f28a', '796f10b0-b141-4ea6-8582-e26129e25a17', 'm2', '24', '120', '0', '1', '1', '0', '1', '2019-06-03 09:26:01', '1', '2019-10-08 07:29:27');
INSERT INTO `page_list_fields` (`id`, `page_list_id`, `object_field_id`, `label`, `order`, `width`, `allow_filter`, `allow_sort`, `is_default`, `deleted`, `created_by`, `created_on`, `modified_by`, `modified_on`) VALUES ('531a9bdb-bc57-42e2-a0a7-ac41891754ec', 'cb04f929-451d-4465-8f17-5dffd7d4f28a', 'a9023595-0764-4e34-8af1-bffb4f83b8a9', '是否完成预测', '34', '120', '1', '1', '1', '1', '1', '2019-03-29 10:25:11', '1', '2019-03-29 10:25:11');
-- 销量汇总
INSERT INTO `page_list_actions` (`id`, `page_list_id`, `object_action_id`, `order`, `deleted`, `created_by`, `created_on`, `modified_by`, `modified_on`, `is_need_pre_check`, `pre_check_label`, `is_item_action`) VALUES ('fc29b4d8-39e3-6db1-bba3-23a3571185tsl', '1461d134-7827-4ba6-b3e0-809b30924f84', 'c8e5cd34-d997-4e84-b57c-75f6ee0ed1f3', '1', '0', '1', '2017-01-01 00:00:00.000000', '1', '2017-01-01 00:00:00.000000', '0', '0', '0');
INSERT INTO `page_list_actions` (`id`, `page_list_id`, `object_action_id`, `order`, `deleted`, `created_by`, `created_on`, `modified_by`, `modified_on`, `is_need_pre_check`, `pre_check_label`, `is_item_action`) VALUES ('fc29b4d8-39e3-6db1-bba3-23a357114wsdg', '1461d134-7827-4ba6-b3e0-809b30924f84', '818a2190-04ad-4775-b4ab-1c326e521efa', '2', '0', '1', '2017-01-01 00:00:00.000000', '1', '2017-01-01 00:00:00.000000', '0', '0', '0');
INSERT INTO `page_list_actions` (`id`, `page_list_id`, `object_action_id`, `order`, `deleted`, `created_by`, `created_on`, `modified_by`, `modified_on`, `is_need_pre_check`, `pre_check_label`, `is_item_action`) VALUES ('fc29b4d8-39e3-6db1-bba3-23a35711444tj', '1461d134-7827-4ba6-b3e0-809b30924f84', 'fbae50bd-3733-4053-850c-6ed57f746faf', '3', '0', '1', '2017-01-01 00:00:00.000000', '1', '2017-01-01 00:00:00.000000', '0', '0', '0');

-- 销量统计
INSERT INTO `page_list_actions` (`id`, `page_list_id`, `object_action_id`, `order`, `deleted`, `created_by`, `created_on`, `modified_by`, `modified_on`, `is_need_pre_check`, `pre_check_label`, `is_item_action`) VALUES ('fc29b4d8-39e3-6db1-bba3-23a357118tdmk', 'cb04f929-451d-4465-8f17-5dffd7d4f28a', '32d93964-73c7-498e-aacf-89e058bc6cd3', '1', '0', '1', '2017-01-01 00:00:00.000000', '1', '2017-01-01 00:00:00.000000', '0', '0', '0');
INSERT INTO `page_list_actions` (`id`, `page_list_id`, `object_action_id`, `order`, `deleted`, `created_by`, `created_on`, `modified_by`, `modified_on`, `is_need_pre_check`, `pre_check_label`, `is_item_action`) VALUES ('fc29b4d8-39e3-6db1-bba3-23a35711873v', 'cb04f929-451d-4465-8f17-5dffd7d4f28a', '818a2190-04ad-4775-b4ab-1c326e521efa', '2', '0', '1', '2017-01-01 00:00:00.000000', '1', '2017-01-01 00:00:00.000000', '0', '0', '0');
INSERT INTO `page_list_actions` (`id`, `page_list_id`, `object_action_id`, `order`, `deleted`, `created_by`, `created_on`, `modified_by`, `modified_on`, `is_need_pre_check`, `pre_check_label`, `is_item_action`) VALUES ('fc29b4d8-39e3-6db1-bba3-23a357110lgs', 'cb04f929-451d-4465-8f17-5dffd7d4f28a', 'fbae50bd-3733-4053-850c-6ed57f746faf', '3', '0', '1', '2017-01-01 00:00:00.000000', '1', '2017-01-01 00:00:00.000000', '0', '0', '0');

INSERT INTO `role_to_object_permissions` (`id`, `role_id`, `object_id`, `allow_read`, `allow_create`, `allow_update`, `allow_delete`, `deleted`, `created_by`, `created_on`, `modified_by`, `modified_on`, `allow_import`, `allow_export`, `allow_read_all`, `allow_update_all`) VALUES ('f9cb1cc4-33ed-11e9-99c4-02f90e0f9ygs', '53de9674-1da3-11e6-ac97-5cc5d4b57137', '9f041acc-3dae-4721-9e83-86a9219baf21', '1', '0', '0', '0', '0', '1', '2019-06-03 09:26:01', '1', '2019-06-03 09:26:01', '0', '1', '1', '0');



