-- 删除产品默认我的产品配置
DELETE FROM `menus_assignments` WHERE (`id` = '4db31d30-0eab-11e7-8225-5cc5d4d378cb');
DELETE FROM `menus` WHERE (`id` = '685d6e70-6dc4-11e6-b989-5cc5d4d378cb');
DELETE FROM `page_list_assignments` WHERE `id`='bf96150f-0eab-11e7-991f-5cc5d4d378cb';
DELETE FROM `page_list_fields` WHERE (`id` = '9daac4c0-6dc8-11e6-8130-5cc5d4d378cb');
DELETE FROM `page_list_fields` WHERE (`id` = '9dc0488f-6dc8-11e6-bca0-5cc5d4d378cb');
DELETE FROM `page_list_fields` WHERE (`id` = '9dd1adb0-6dc8-11e6-924d-5cc5d4d378cb');
DELETE FROM `page_list_fields` WHERE (`id` = '9ddea600-6dc8-11e6-b56d-5cc5d4d378cb');
DELETE FROM `page_list_fields` WHERE (`id` = '9defbd00-6dc8-11e6-9058-5cc5d4d378cb');
DELETE FROM `page_list_assignments` WHERE (`id` = 'bf3138c0-0eab-11e7-97f7-5cc5d4d378cb');
DELETE FROM `page_lists` WHERE (`id` = '1a999b61-6dc8-11e6-b672-5cc5d4d378cb');
DELETE FROM `menus_assignments` WHERE (`id` = 'a73f1c5e-12d3-11e7-b9e7-5cc5d4d378cb');
DELETE FROM `menus` WHERE (`id` = 'be318e1e-b208-11e6-a9e3-5cc5d4d378cb');
DELETE FROM `page_list_fields` WHERE (`id` = '5ff16b0f-b225-11e6-bdfb-5cc5d4d378cb');
DELETE FROM `page_list_fields` WHERE (`id` = '5fff74cf-b225-11e6-81f9-5cc5d4d378cb');
DELETE FROM `page_list_fields` WHERE (`id` = '600da59e-b225-11e6-9aaf-5cc5d4d378cb');
DELETE FROM `page_list_fields` WHERE (`id` = '601c99c0-b225-11e6-87ef-5cc5d4d378cb');
DELETE FROM `page_list_fields` WHERE (`id` = '6033cb40-b225-11e6-89f3-5cc5d4d378cb');
DELETE FROM `page_list_assignments` WHERE (`id` = 'f0150bc0-12d3-11e7-b101-5cc5d4d378cb');
DELETE FROM `page_lists` WHERE (`id` = '22cc25f0-b224-11e6-9f4e-5cc5d4d378cb');
DELETE FROM `page_layout_fields` WHERE (`id` = '4bfc895e-8aa1-11e6-b330-5cc5d4d378cb');
DELETE FROM `page_layout_fields` WHERE (`id` = '4c0c40cf-8aa1-11e6-bc6c-5cc5d4d378cb');
DELETE FROM `page_layout_fields` WHERE (`id` = '4c19ae4f-8aa1-11e6-b310-5cc5d4d378cb');
DELETE FROM `page_layout_fields` WHERE (`id` = '4c2a501e-8aa1-11e6-af8c-5cc5d4d378cb');
DELETE FROM `page_layout_fields` WHERE (`id` = '4c3a0791-8aa1-11e6-9a6c-5cc5d4d378cb');
DELETE FROM `page_layout_fields` WHERE (`id` = '4c4d1a61-8aa1-11e6-bde8-5cc5d4d378cb');
DELETE FROM `page_layout_fields` WHERE (`id` = '4c5b4b30-8aa1-11e6-8144-5cc5d4d378cb');
DELETE FROM `page_layout_fields` WHERE (`id` = '4c67ce4f-8aa1-11e6-b303-5cc5d4d378cb');
DELETE FROM `page_layout_fields` WHERE (`id` = '4c75ff1e-8aa1-11e6-8fd2-5cc5d4d378cb');
DELETE FROM `page_layout_fields` WHERE (`id` = '4c82d061-8aa1-11e6-99e8-5cc5d4d378cb');
DELETE FROM `page_layout_fields` WHERE (`id` = '4c9260c0-8aa1-11e6-bd8d-5cc5d4d378cb');
DELETE FROM `page_layout_fields` WHERE (`id` = '4c9ff551-8aa1-11e6-a366-5cc5d4d378cb');
DELETE FROM `page_layout_assignments` WHERE (`id` = '65c02f30-12d4-11e7-8099-5cc5d4d378cb');
DELETE FROM `page_layout_tabs` WHERE (`id` = '401a610z-91da-11e6-8dc8-5cc5d4d378cb');
DELETE FROM `page_layout_tabs` WHERE (`id` = '8df32af0-15bf-11e7-a44f-5cc5d4b571d2');
DELETE FROM `page_layout_tabs` WHERE (`id` = 'ddabf6f0-b1f4-11e6-b2c1-5cc5d4d378cb');
DELETE FROM `page_list_fields` WHERE (`id` = 'b26a1470-b1f1-11e6-b539-5cc5d4d378cb');
DELETE FROM `page_list_fields` WHERE (`id` = 'b27d0030-b1f1-11e6-b37f-5cc5d4d378cb');
DELETE FROM `page_list_fields` WHERE (`id` = 'b28a94c0-b1f1-11e6-864c-5cc5d4d378cb');
DELETE FROM `page_list_fields` WHERE (`id` = 'b29f0721-b1f1-11e6-8b59-5cc5d4d378cb');
DELETE FROM `page_list_assignments` WHERE (`id` = '3c265a8f-12d5-11e7-ae07-5cc5d4d378cb');
DELETE FROM `page_list_actions` WHERE (`id` = '9b68e3b0-b227-11e6-aee1-5cc5d4d378cb');
DELETE FROM `page_layout_fields` WHERE (`id` = '1f93b74f-b160-11e6-8c85-5cc5d4d378cb');
DELETE FROM `page_layout_fields` WHERE (`id` = '1fb2ff21-b160-11e6-b361-5cc5d4d378cb');
DELETE FROM `page_layout_fields` WHERE (`id` = '1fc6600f-b160-11e6-9a89-5cc5d4d378cb');
DELETE FROM `page_layout_fields` WHERE (`id` = '1feb4d30-b160-11e6-a6d6-5cc5d4d378cb');
DELETE FROM `page_layout_fields` WHERE (`id` = '200a1fcf-b160-11e6-9789-5cc5d4d378cb');
DELETE FROM `page_layout_fields` WHERE (`id` = '20239b40-b160-11e6-a5f1-5cc5d4d378cb');
DELETE FROM `page_layout_fields` WHERE (`id` = '204b4780-b160-11e6-9a04-5cc5d4d378cb');
DELETE FROM `page_layout_actions` WHERE (`id` = '651d090f-b2e7-11e6-bc38-5cc5d4d378cb');
DELETE FROM `page_layout_actions` WHERE (`id` = '65323ec0-b2e7-11e6-b956-5cc5d4d378cb');
DELETE FROM `page_layout_actions` WHERE (`id` = '6542b980-b2e7-11e6-bd11-5cc5d4d378cb');
DELETE FROM `page_layout_assignments` WHERE (`id` = 'b46dd3c0-12d5-11e7-b4d7-5cc5d4d378cb');
DELETE FROM `page_layouts` WHERE (`id` = '4ac295c0-b15d-11e6-a324-5cc5d4d378cb');
DELETE FROM `page_list_assignments` WHERE (`id` = '9430860f-168c-11e7-96b6-5cc5d4b571d2');
DELETE FROM `page_list_assignments` WHERE (`id` = 'aabaf370-0ef3-11e7-af32-5cc5d4d378cb');
DELETE FROM `page_list_assignments` WHERE (`id` = 'aae7f6e1-0ef3-11e7-9d35-5cc5d4d378cb');
DELETE FROM `page_list_fields` WHERE (`id` = 'bb6c8721-b85d-11e6-b689-e4b318c6b596');
DELETE FROM `page_list_fields` WHERE (`id` = 'bb7ed69e-b85d-11e6-ad9c-e4b318c6b596');
DELETE FROM `page_list_fields` WHERE (`id` = 'bb9014b0-b85d-11e6-b130-e4b318c6b596');
DELETE FROM `page_list_fields` WHERE (`id` = 'bba26430-b85d-11e6-88c9-e4b318c6b596');
DELETE FROM `page_list_fields` WHERE (`id` = 'bbbaa721-b85d-11e6-806b-e4b318c6b596');
DELETE FROM `page_list_fields` WHERE (`id` = 'bbcd44c0-b85d-11e6-8f71-e4b318c6b596');
DELETE FROM `page_list_fields` WHERE (`id` = 'bbe0f3cf-b85d-11e6-84b7-e4b318c6b596');
DELETE FROM `page_lists` WHERE (`id` = 'ad814ba1-b85d-11e6-a0e7-e4b318c6b596');
DELETE FROM `page_layout_fields` WHERE (`id` = '58d118e1-12d2-11e7-9ee4-5cc5d4d378cb');
DELETE FROM `page_layout_fields` WHERE (`id` = '67a9e8b0-12d2-11e7-80e7-5cc5d4d378cb');
DELETE FROM `page_layout_fields` WHERE (`id` = '6fa18d21-12d2-11e7-841c-5cc5d4d378cb');
DELETE FROM `page_layout_fields` WHERE (`id` = '76846630-12d2-11e7-9df3-5cc5d4d378cb');
DELETE FROM `page_layout_fields` WHERE (`id` = '7bd7c59e-12d2-11e7-9e16-5cc5d4d378cb');
DELETE FROM `page_layout_fields` WHERE (`id` = '82ccee30-12d2-11e7-9332-5cc5d4d378cb');
DELETE FROM `page_layout_fields` WHERE (`id` = '8b29bd0f-12d2-11e7-8070-5cc5d4d378cb');
DELETE FROM `page_layout_fields` WHERE (`id` = '90e1d1c0-12d2-11e7-8320-5cc5d4d378cb');
DELETE FROM `page_layout_fields` WHERE (`id` = '990fc86e-12d2-11e7-9bff-5cc5d4d378cb');
DELETE FROM `page_layout_assignments` WHERE (`id` = 'c09a4fa1-12d2-11e7-a31e-5cc5d4d378cb');
DELETE FROM `page_layouts` WHERE (`id` = '5bbeb85e-12d1-11e7-bdac-5cc5d4d378cb');
DELETE FROM `page_list_fields` WHERE (`id` = '8f909121-b531-11e6-9716-5cc5d4d378cb');
DELETE FROM `page_list_fields` WHERE (`id` = '8faf3cb0-b531-11e6-a7b4-5cc5d4d378cb');
DELETE FROM `page_list_fields` WHERE (`id` = '8fd6259e-b531-11e6-98aa-5cc5d4d378cb');
DELETE FROM `page_list_assignments` WHERE (`id` = 'b2906e11-0eec-11e7-80d8-5cc5d4d378cb');
DELETE FROM `page_list_assignments` WHERE (`id` = 'b2c70e70-0eec-11e7-a7a0-5cc5d4d378cb');
DELETE FROM `page_lists` WHERE (`id` = '304ad551-b166-11e6-a96d-5cc5d4d378cb');
DELETE FROM `page_lists` WHERE (`id` = '46646b70-b531-11e6-a4cd-5cc5d4d378cb');
DELETE FROM `page_layout_assignments` WHERE (`id` = 'df1e9d1e-0ee3-11e7-bb73-5cc5d4d378cb');
DELETE FROM `page_layout_assignments` WHERE (`id` = 'dfba19cf-0ee3-11e7-854f-5cc5d4d378cb');
DELETE FROM `page_layout_fields` WHERE (`id` = '4bfc895e-6dd2-11e6-b330-5cc5d4d378cb');
DELETE FROM `page_layout_fields` WHERE (`id` = '4c0c40cf-6dd2-11e6-bc6c-5cc5d4d378cb');
DELETE FROM `page_layout_fields` WHERE (`id` = '4c19ae4f-6dd2-11e6-b310-5cc5d4d378cb');
DELETE FROM `page_layout_fields` WHERE (`id` = '4c2a501e-6dd2-11e6-af8c-5cc5d4d378cb');
DELETE FROM `page_layout_fields` WHERE (`id` = '4c3a0791-6dd2-11e6-9a6c-5cc5d4d378cb');
DELETE FROM `page_layout_fields` WHERE (`id` = '4c4d1a61-6dd2-11e6-bde8-5cc5d4d378cb');
DELETE FROM `page_layout_fields` WHERE (`id` = '4c5b4b30-6dd2-11e6-8144-5cc5d4d378cb');
DELETE FROM `page_layout_fields` WHERE (`id` = '4c67ce4f-6dd2-11e6-b303-5cc5d4d378cb');
DELETE FROM `page_layout_fields` WHERE (`id` = '4c75ff1e-6dd2-11e6-8fd2-5cc5d4d378cb');
DELETE FROM `page_layout_fields` WHERE (`id` = '4c82d061-6dd2-11e6-99e8-5cc5d4d378cb');
DELETE FROM `page_layout_fields` WHERE (`id` = '4c9260c0-6dd2-11e6-bd8d-5cc5d4d378cb');
DELETE FROM `page_layout_fields` WHERE (`id` = '4c9ff551-6dd2-11e6-a366-5cc5d4d378cb');
DELETE FROM `page_layout_tabs` WHERE (`id` = '401a43de-91da-11e6-8dc8-5cc5d4d378cb');
DELETE FROM `page_layout_tabs` WHERE (`id` = '69791000-b533-11e6-b9ea-5cc5d4d378cb');
DELETE FROM `page_layout_tabs` WHERE (`id` = '69791000-b533-12se-b9ea-5cc5d4d378cb');
DELETE FROM `page_layout_assignments` WHERE (`id` = '0e385a40-0ef5-11e7-a0f4-5cc5d4d378cb');
DELETE FROM `page_layout_assignments` WHERE (`id` = '0e700c0f-0ef5-11e7-82f2-5cc5d4d378cb');
DELETE FROM `page_layout_fields` WHERE (`id` = '3fbdf4c0-b555-11e6-868f-5cc5d4d378cb');
DELETE FROM `page_layout_fields` WHERE (`id` = '3fcee4b0-b555-11e6-aa11-5cc5d4d378cb');
DELETE FROM `page_layout_fields` WHERE (`id` = '3fdca04f-b555-11e6-aebf-5cc5d4d378cb');
DELETE FROM `page_layout_fields` WHERE (`id` = '3fed421e-b555-11e6-8a68-5cc5d4d378cb');
DELETE FROM `page_layout_fields` WHERE (`id` = '3ffcf98f-b555-11e6-b1fe-5cc5d4d378cb');
DELETE FROM `page_layout_fields` WHERE (`id` = '40138ecf-b555-11e6-99a2-5cc5d4d378cb');
DELETE FROM `page_layout_fields` WHERE (`id` = '40260561-b555-11e6-a889-5cc5d4d378cb');
DELETE FROM `page_layouts` WHERE (`id` = 'd7fed021-b554-11e6-973f-5cc5d4d378cb');
DELETE FROM `page_layout_assignments` WHERE (`id` = '654e758f-168d-11e7-96e6-5cc5d4b571d2');
DELETE FROM `page_layout_assignments` WHERE (`id` = '731baf1e-0ef5-11e7-8a1c-5cc5d4d378cb');
DELETE FROM `page_layout_assignments` WHERE (`id` = '734e30cf-0ef5-11e7-8886-5cc5d4d378cb');
DELETE FROM `page_layout_fields` WHERE (`id` = '9c9664ae-b85d-11e6-9a1d-e4b318c6b596');
DELETE FROM `page_layout_fields` WHERE (`id` = '9cb6bdf0-b85d-11e6-9881-e4b318c6b596');
DELETE FROM `page_layout_fields` WHERE (`id` = '9cd4cd40-b85d-11e6-9d87-e4b318c6b596');
DELETE FROM `page_layout_fields` WHERE (`id` = '9ce8a35e-b85d-11e6-a161-e4b318c6b596');
DELETE FROM `page_layout_fields` WHERE (`id` = '9cfd15c0-b85d-11e6-83f8-e4b318c6b596');
DELETE FROM `page_layout_fields` WHERE (`id` = '9d1e8070-b85d-11e6-a63c-e4b318c6b596');
DELETE FROM `page_layout_fields` WHERE (`id` = '9d3033b0-b85d-11e6-ab6f-e4b318c6b596');
DELETE FROM `page_layout_fields` WHERE (`id` = '9d473e21-b85d-11e6-b3e9-e4b318c6b596');
DELETE FROM `page_layout_fields` WHERE (`id` = '9d59dbc0-b85d-11e6-8fd5-e4b318c6b596');
DELETE FROM `page_layouts` WHERE (`id` = '8cab1370-b85d-11e6-be91-e4b318c6b596');
-- 配置电脑端产品管理
UPDATE `object_tabs` SET `configurations` = '\n{\n    \"album\": true,\n    \"comment\": true,\n    \"detail_comment\": true,\n    \"help_text\": \"1. 支持文件格式： bmp,jpg,jpeg,png,gif,docx,doc,dotx,dot,xlsx,xls,xltx,xlt,csv,ppt,pptx,pot,potx,pps,ppsx,pdf,txt,mov,mp4,m4v\",\n    \"supported_file_extensions\":[\"bmp\",\"jpg\",\"jpeg\",\"png\",\"gif\",\"docx\",\"doc\",\"dotx\",\"dot\",\"xlsx\",\"xls\",\"xltx\",\"xlt\",\"csv\",\"ppt\",\"pptx\",\"pot\",\"potx\",\"pps\",\"ppsx\",\"pdf\",\"txt\",\"mov\",\"mp4\",\"m4v\"],\n    \"group\": [],\n    \"show_upload_time\": false\n}\n' WHERE (`id` = '327c576d-17d0-44f9-a048-6c9b4dcaca01');
INSERT INTO `menus` (`id`, `name`, `source`, `label`, `parent_id`, `type`, `screen_size`, `page_id`, `deleted`, `created_by`, `created_on`, `modified_by`, `modified_on`, `template`) VALUES ('121cc764-0706-49c2-8f4e-0b370f74c027', 'cs_product_management_l', 'custom', '产品管理', 'd9584ea1-1d93-11e6-a4c1-5cc5d4d378cb', 'menu', 'large', '42938300-6dc4-11e6-8bac-5cc5d4d378cb', '0', '1', NOW(), '1', NOW(), 'product_management_l');
INSERT INTO `page_lists` (`id`, `page_id`, `name`, `query_type`, `source`, `label`, `screen_size`, `sort_field`, `is_desc`, `deleted`, `created_by`, `created_on`, `modified_by`, `modified_on`, `detail_disabled`, `primary_filter`, `primary_filter_configurations`) VALUES ('3d2edeec-a3b1-4817-a552-1d3034580ec2', '42938300-6dc4-11e6-8bac-5cc5d4d378cb', 'cs_product_manage_l', 'rls', 'custom', '产品管理', 'large', '95a6ec4f-6b4c-11e6-8e34-5cc5d4d378cb', '0', '0', '1', NOW(), '1', NOW(), '0', 'position', '{\"advanced_position_filter\": false}');
INSERT INTO `page_list_fields` (`id`, `page_list_id`, `object_field_id`, `label`, `order`, `width`, `allow_filter`, `allow_sort`, `is_default`, `deleted`, `created_by`, `created_on`, `modified_by`, `modified_on`) VALUES ('a3e300e0-ddfc-4e18-9bf2-a4baf782e1bc', '3d2edeec-a3b1-4817-a552-1d3034580ec2', '95c040ae-6b4c-11e6-8ca8-5cc5d4d378cb', '产品编码', '1', '120', '1', '1', '0', '0', '1', NOW(), '1', NOW());
INSERT INTO `page_list_fields` (`id`, `page_list_id`, `object_field_id`, `label`, `order`, `width`, `allow_filter`, `allow_sort`, `is_default`, `deleted`, `created_by`, `created_on`, `modified_by`, `modified_on`) VALUES ('3a21199d-95c9-4b0c-acc9-dc5cbd03145b', '3d2edeec-a3b1-4817-a552-1d3034580ec2', '95a6ec4f-6b4c-11e6-8e34-5cc5d4d378cb', '产品名称', '2', '120', '1', '1', '0', '0', '1', NOW(), '1', NOW());
INSERT INTO `page_list_fields` (`id`, `page_list_id`, `object_field_id`, `label`, `order`, `width`, `allow_filter`, `allow_sort`, `is_default`, `deleted`, `created_by`, `created_on`, `modified_by`, `modified_on`) VALUES ('8c08aa0f-dd18-4a31-86ec-1c9324c2eb30', '3d2edeec-a3b1-4817-a552-1d3034580ec2', '00980978-3eae-4a5e-b363-4ae7b3c7d749', '商品通用名', '3', '120', '1', '1', '0', '0', '1', NOW(), '1', NOW());
INSERT INTO `page_list_fields` (`id`, `page_list_id`, `object_field_id`, `label`, `order`, `width`, `allow_filter`, `allow_sort`, `is_default`, `deleted`, `created_by`, `created_on`, `modified_by`, `modified_on`) VALUES ('0237a21a-4396-486e-b4de-2d37450004c7', '3d2edeec-a3b1-4817-a552-1d3034580ec2', '95e3590f-6b4c-11e6-a1fc-5cc5d4d378cb', '治疗领域', '4', '120', '1', '1', '0', '0', '1', NOW(), '1', NOW());
INSERT INTO `page_list_fields` (`id`, `page_list_id`, `object_field_id`, `label`, `order`, `width`, `allow_filter`, `allow_sort`, `is_default`, `deleted`, `created_by`, `created_on`, `modified_by`, `modified_on`) VALUES ('a8b8c091-91a1-4eb3-befa-48c7bc00e86c', '3d2edeec-a3b1-4817-a552-1d3034580ec2', '9b780740-6b4c-11e6-bb33-5cc5d4d378cb', '适应症', '5', '120', '1', '1', '0', '0', '1', NOW(), '1', NOW());
INSERT INTO `page_list_actions` (`id`, `page_list_id`, `object_action_id`, `order`, `deleted`, `created_by`, `created_on`, `modified_by`, `modified_on`, `is_need_pre_check`, `pre_check_label`, `is_item_action`) VALUES ('118449d2-7ee9-4fd5-bcc9-14379d718e37', '3d2edeec-a3b1-4817-a552-1d3034580ec2', '02c9645e-f63b-4177-b417-f8d50bcebeda', '1', '0', '1', NOW(), '1', NOW(), '0', '0', '0');
INSERT INTO `page_list_actions` (`id`, `page_list_id`, `object_action_id`, `order`, `deleted`, `created_by`, `created_on`, `modified_by`, `modified_on`, `is_need_pre_check`, `pre_check_label`, `is_item_action`) VALUES ('f1fe7d84-1af1-450c-85e2-b8298186ab5d', '3d2edeec-a3b1-4817-a552-1d3034580ec2', 'df8e8e4f-1f3c-11e7-a94a-5cc5d4b571d2', '2', '0', '1', NOW(), '1', NOW(), '0', '0', '0');
INSERT INTO `page_layouts` (`id`, `page_id`, `name`, `label`, `source`, `screen_size`, `deleted`, `created_by`, `created_on`, `modified_by`, `modified_on`) VALUES ('a0988ddd-c62d-4b0b-97b5-3b40c024a0a1', '427f85d1-6dc4-11e6-a83f-5cc5d4d378cb', 'cs_product_l', '产品详情', 'custom', 'large', '0', '1', NOW(), '1', NOW());
INSERT INTO `page_layout_fields` (`id`, `page_layout_id`, `type`, `label`, `order`, `colspan`, `is_mandatory`, `is_readonly`, `display_mode`, `deleted`, `created_by`, `created_on`, `modified_by`, `modified_on`, `is_with_stars_mask`) VALUES ('5cac2851-51af-47a5-97ec-0fc274b9befd', 'a0988ddd-c62d-4b0b-97b5-3b40c024a0a1', 'section', '产品信息', '1', '12', '0', '1', 'both', '0', '1', NOW(), '1', NOW(), '0');
INSERT INTO `page_layout_fields` (`id`, `page_layout_id`, `type`, `object_field_id`, `label`, `order`, `colspan`, `is_mandatory`, `is_readonly`, `display_mode`, `deleted`, `created_by`, `created_on`, `modified_by`, `modified_on`, `is_with_stars_mask`) VALUES ('5e6a45a2-5499-4204-945e-20c874086353', 'a0988ddd-c62d-4b0b-97b5-3b40c024a0a1', 'field', '95c040ae-6b4c-11e6-8ca8-5cc5d4d378cb', '产品编码', '2', '6', '1', '0', 'both', '0', '1', NOW(), '1', NOW(), '0');
INSERT INTO `page_layout_fields` (`id`, `page_layout_id`, `type`, `object_field_id`, `label`, `order`, `colspan`, `is_mandatory`, `is_readonly`, `display_mode`, `deleted`, `created_by`, `created_on`, `modified_by`, `modified_on`, `is_with_stars_mask`) VALUES ('6f9a49b4-347e-4814-8b3a-05c63beb44d9', 'a0988ddd-c62d-4b0b-97b5-3b40c024a0a1', 'field', '95a6ec4f-6b4c-11e6-8e34-5cc5d4d378cb', '产品名称', '3', '6', '1', '0', 'both', '0', '1', NOW(), '1', NOW(), '0');
INSERT INTO `page_layout_fields` (`id`, `page_layout_id`, `type`, `object_field_id`, `label`, `order`, `colspan`, `is_mandatory`, `is_readonly`, `display_mode`, `deleted`, `created_by`, `created_on`, `modified_by`, `modified_on`, `is_with_stars_mask`) VALUES ('fa6e9766-98a0-4aef-ba50-484f32be9f46', 'a0988ddd-c62d-4b0b-97b5-3b40c024a0a1', 'field', '00980978-3eae-4a5e-b363-4ae7b3c7d749', '商品通用名', '4', '6', '0', '0', 'both', '0', '1', NOW(), '1', NOW(), '0');
INSERT INTO `page_layout_fields` (`id`, `page_layout_id`, `type`, `object_field_id`, `label`, `order`, `colspan`, `is_mandatory`, `is_readonly`, `display_mode`, `deleted`, `created_by`, `created_on`, `modified_by`, `modified_on`, `is_with_stars_mask`) VALUES ('2b33db1d-808b-4223-9105-354fb6e51151', 'a0988ddd-c62d-4b0b-97b5-3b40c024a0a1', 'field', '95e3590f-6b4c-11e6-a1fc-5cc5d4d378cb', '治疗领域', '5', '6', '0', '0', 'both', '0', '1', NOW(), '1', NOW(), '0');
INSERT INTO `page_layout_fields` (`id`, `page_layout_id`, `type`, `object_field_id`, `label`, `order`, `colspan`, `is_mandatory`, `is_readonly`, `display_mode`, `deleted`, `created_by`, `created_on`, `modified_by`, `modified_on`, `is_with_stars_mask`) VALUES ('39f5d40b-eac5-4b13-80af-b44deaf86170', 'a0988ddd-c62d-4b0b-97b5-3b40c024a0a1', 'field', '9b780740-6b4c-11e6-bb33-5cc5d4d378cb', '适应症', '6', '6', '0', '0', 'both', '0', '1', NOW(), '1', NOW(), '0');
INSERT INTO `page_layout_tabs` (`id`, `page_layout_id`, `order`, `deleted`, `created_by`, `created_on`, `modified_by`, `modified_on`, `object_tab_id`, `is_readonly`) VALUES ('1f0d6afd-de6f-48f9-9c95-11a5fa637014', 'a0988ddd-c62d-4b0b-97b5-3b40c024a0a1', '1', '0', '1', NOW(), '1', NOW(), '327c576d-17d0-44f9-a048-6c9b4dcaca01', '0');
INSERT INTO `page_layout_tabs` (`id`, `page_layout_id`, `order`, `deleted`, `created_by`, `created_on`, `modified_by`, `modified_on`, `object_tab_id`, `is_readonly`) VALUES ('38560b87-65ef-4961-a46c-e809f2bb6756', 'a0988ddd-c62d-4b0b-97b5-3b40c024a0a1', '3', '0', '1', NOW(), '1', NOW(), 'de78128f-5f12-11e6-35cd-5cc5d4d378cb', '0');
INSERT INTO `page_layout_tabs` (`id`, `page_layout_id`, `order`, `deleted`, `created_by`, `created_on`, `modified_by`, `modified_on`, `object_tab_id`, `is_readonly`) VALUES ('91fa8f78-05df-42bc-9a9c-8d2ccff8659a', 'a0988ddd-c62d-4b0b-97b5-3b40c024a0a1', '2', '0', '1', NOW(), '1', NOW(), 'd0d7e1a1-b532-11e6-bb1e-5cc5d4d378cb', '0');
INSERT INTO `page_layout_actions` (`id`, `page_layout_id`, `object_action_id`, `display_mode`, `order`, `deleted`, `created_by`, `created_on`, `modified_by`, `modified_on`, `is_need_pre_check`) VALUES ('38560b87-65ef-4961-a46c-e809f2bb6756', 'a0988ddd-c62d-4b0b-97b5-3b40c024a0a1', '7f3b4d0a-aba3-45ca-81d6-a92007760e73', 'view', '1', '0', '1', NOW(), '1', NOW(), '0');
INSERT INTO `page_layout_actions` (`id`, `page_layout_id`, `object_action_id`, `display_mode`, `order`, `deleted`, `created_by`, `created_on`, `modified_by`, `modified_on`, `is_need_pre_check`) VALUES ('91fa8f78-05df-42bc-9a9c-8d2ccff8659a', 'a0988ddd-c62d-4b0b-97b5-3b40c024a0a1', 'd15174aa-0e86-4b7a-8156-ec5c497ae2fc', 'view', '2', '0', '1', NOW(), '1', NOW(), '0');
INSERT INTO `page_layout_actions` (`id`, `page_layout_id`, `object_action_id`, `display_mode`, `order`, `deleted`, `created_by`, `created_on`, `modified_by`, `modified_on`, `is_need_pre_check`) VALUES ('78ddbfdf-e69a-4ddf-b173-77d4d7af1399', 'a0988ddd-c62d-4b0b-97b5-3b40c024a0a1', 'e392849a-5129-492e-84f1-52a3ed1c504e', 'edit', '1', '0', '1', NOW(), '1', NOW(), '0');
-- 配置产品关键信息tab
INSERT INTO `object_fields` (`id`, `object_id`, `name`, `label`, `description`, `source`, `type`, `target_display_mode`, `target_screen_size`, `deleted`, `created_by`, `created_on`, `modified_by`, `modified_on`, `configurations`, `import_order`, `is_key`, `mandatory`, `allow_filter`, `allow_sort`) VALUES ('fc5eb569-3d52-4237-8a94-f5cf7f4a0c23', 'f008c740-b09d-11e6-b581-5cc5d4d378cb', 'available_quantity', 'cs_product_code', '', 'custom', 'refer', 'all', 'both', '0', '1', NOW(), '1', NOW(), '{\"refer_field\": {\"path\": \"product.product_code\", \"type\": \"text\"}}', '0', '0', '0', '1', '1');
INSERT INTO `page_lists` (`id`, `page_id`, `name`, `query_type`, `source`, `label`, `screen_size`, `sort_field`, `is_desc`, `deleted`, `created_by`, `created_on`, `modified_by`, `modified_on`, `detail_disabled`) VALUES ('43d0f9a9-3115-468a-986f-d358a6f27af6', 'cf2328e1-b165-11e6-95fd-5cc5d4d378cb', 'cs_product_message_l', 'all', 'custom', '产品关键信息', 'large', '6f1c2430-b0a0-11e6-b46a-5cc5d4d378cb', '0', '0', '1', NOW(), '1', NOW(), '0');
INSERT INTO `page_list_fields` (`id`, `page_list_id`, `object_field_id`, `label`, `order`, `width`, `allow_filter`, `allow_sort`, `is_default`, `deleted`, `created_by`, `created_on`, `modified_by`, `modified_on`) VALUES ('4b397bb0-b15f-4c21-95a9-43b5d06c436b', '43d0f9a9-3115-468a-986f-d358a6f27af6', 'fc5eb569-3d52-4237-8a94-f5cf7f4a0c23', '产品编码', '1', '120', '1', '1', '1', '0', '1', NOW(), '1', NOW());
INSERT INTO `page_list_fields` (`id`, `page_list_id`, `object_field_id`, `label`, `order`, `width`, `allow_filter`, `allow_sort`, `is_default`, `deleted`, `created_by`, `created_on`, `modified_by`, `modified_on`) VALUES ('a03b8dfe-0952-4aa3-a64f-a76f36921b74', '43d0f9a9-3115-468a-986f-d358a6f27af6', '6ed13880-b0a0-11e6-8601-5cc5d4d378cb', '产品名称', '2', '120', '1', '1', '1', '0', '1', NOW(), '1', NOW());
INSERT INTO `page_list_fields` (`id`, `page_list_id`, `object_field_id`, `label`, `order`, `width`, `allow_filter`, `allow_sort`, `is_default`, `deleted`, `created_by`, `created_on`, `modified_by`, `modified_on`) VALUES ('1cacb833-bbea-4740-9dc5-64804665f1cd', '43d0f9a9-3115-468a-986f-d358a6f27af6', '6eea17ae-b0a0-11e6-bfa3-5cc5d4d378cb', '关键信息', '3', '120', '1', '1', '1', '0', '1', NOW(), '1', NOW());
INSERT INTO `page_list_actions` (`id`, `page_list_id`, `object_action_id`, `order`, `deleted`, `created_by`, `created_on`, `modified_by`, `modified_on`, `is_need_pre_check`, `pre_check_label`, `is_item_action`) VALUES ('fc29b4d8-39e3-4ef6-bba3-23a357112596', '43d0f9a9-3115-468a-986f-d358a6f27af6', '7334e5e1-b152-11e6-9cf6-5cc5d4d378cb', '1', '0', '1', NOW(), '1', NOW(), '0', '0', '0');
INSERT INTO `page_layouts` (`id`, `page_id`, `name`, `label`, `source`, `screen_size`, `deleted`, `created_by`, `created_on`, `modified_by`, `modified_on`) VALUES ('cb762862-fa4e-47d1-b383-7cfb7d617387', '6d59bc00-b156-11e6-b58d-5cc5d4d378cb', 'cs_key_message_manage_l', '产品关键信息详情', 'custom', 'large', '0', '1', NOW(), '1', NOW());
INSERT INTO `page_layout_fields` (`id`, `page_layout_id`, `type`, `object_field_id`, `label`, `order`, `colspan`, `is_mandatory`, `is_readonly`, `display_mode`, `deleted`, `created_by`, `created_on`, `modified_by`, `modified_on`, `is_with_stars_mask`) VALUES ('a8c26fe3-b039-467a-b56a-9b8df5de812c', 'cb762862-fa4e-47d1-b383-7cfb7d617387', 'field', 'fc5eb569-3d52-4237-8a94-f5cf7f4a0c23', '产品编码', '1', '6', '0', '1', 'both', '0', '1', NOW(), '1', NOW(), '0');
INSERT INTO `page_layout_fields` (`id`, `page_layout_id`, `type`, `object_field_id`, `label`, `order`, `colspan`, `is_mandatory`, `is_readonly`, `display_mode`, `deleted`, `created_by`, `created_on`, `modified_by`, `modified_on`, `is_with_stars_mask`) VALUES ('ba8c214b-592b-4176-81e5-0a0c452fb7da', 'cb762862-fa4e-47d1-b383-7cfb7d617387', 'field', '6ed13880-b0a0-11e6-8601-5cc5d4d378cb', '产品名称', '2', '6', '1', '0', 'both', '0', '1', NOW(), '1', NOW(), '0');
INSERT INTO `page_layout_fields` (`id`, `page_layout_id`, `type`, `object_field_id`, `label`, `order`, `colspan`, `is_mandatory`, `is_readonly`, `display_mode`, `deleted`, `created_by`, `created_on`, `modified_by`, `modified_on`, `is_with_stars_mask`) VALUES ('c7d01f84-9623-47ff-b842-374d199b3872', 'cb762862-fa4e-47d1-b383-7cfb7d617387', 'field', '6f1c2430-b0a0-11e6-b46a-5cc5d4d378cb', '序号', '3', '6', '1', '0', 'both', '0', '1', NOW(), '1', NOW(), '0');
INSERT INTO `page_layout_fields` (`id`, `page_layout_id`, `type`, `object_field_id`, `label`, `order`, `colspan`, `is_mandatory`, `is_readonly`, `display_mode`, `deleted`, `created_by`, `created_on`, `modified_by`, `modified_on`, `is_with_stars_mask`) VALUES ('eebf7959-e696-4c9b-8d5e-ec09da602a4c', 'cb762862-fa4e-47d1-b383-7cfb7d617387', 'field', '6eea17ae-b0a0-11e6-bfa3-5cc5d4d378cb', '关键信息', '4', '6', '1', '0', 'both', '0', '1', NOW(), '1', NOW(), '0');
INSERT INTO `page_layout_actions` (`id`, `page_layout_id`, `object_action_id`, `display_mode`, `order`, `deleted`, `created_by`, `created_on`, `modified_by`, `modified_on`, `is_need_pre_check`, `pre_check_label`) VALUES ('82dd3f3c-70ca-4be1-9604-51c555e95c66', 'cb762862-fa4e-47d1-b383-7cfb7d617387', '7302b251-b152-11e6-8cb2-5cc5d4d378cb', 'edit', '1', '0', '1', NOW(), '1', NOW(), '0', '0');
INSERT INTO `page_layout_actions` (`id`, `page_layout_id`, `object_action_id`, `display_mode`, `order`, `deleted`, `created_by`, `created_on`, `modified_by`, `modified_on`, `is_need_pre_check`, `pre_check_label`) VALUES ('96a04a3b-5a0a-46d9-9494-df22ed3c9822', 'cb762862-fa4e-47d1-b383-7cfb7d617387', '731501cf-b152-11e6-9aca-5cc5d4d378cb', 'view', '2', '0', '1', NOW(), '1', NOW(), '0', '0');
INSERT INTO `page_layout_actions` (`id`, `page_layout_id`, `object_action_id`, `display_mode`, `order`, `deleted`, `created_by`, `created_on`, `modified_by`, `modified_on`, `is_need_pre_check`, `pre_check_label`) VALUES ('e765ff68-ab36-42f2-a6d5-3f76b27c1b11', 'cb762862-fa4e-47d1-b383-7cfb7d617387', '73246b21-b152-11e6-ab9a-5cc5d4d378cb', 'view', '3', '0', '1', NOW(), '1', NOW(), '0', '0');
-- 配置产品剂型tab
INSERT INTO `object_actions` (`id`, `object_id`, `type`, `source`, `target_display_mode`, `name`, `icon`, `label`, `is_need_create`, `is_need_delete`, `is_need_read`, `is_need_update`, `deleted`, `created_by`, `created_on`, `modified_by`, `modified_on`, `locked_by_state`, `owner_only`, `is_need_export`, `is_need_import`, `show_in_approval`, `is_need_pre_check`, `pre_check_label`) VALUES ('0404a0f4-394a-4a27-a0e6-9a55b674b9fb', '19dc8311-b85d-11e6-8ae0-e4b318c6b596', 'standard', 'custom', 'all', 'create', 'veev-add', '新建', '1', '0', '0', '0', '0', '1', NOW(), '1', NOW(), '0', '0', '0', '0', '0', '0', '0');
INSERT INTO `object_actions` (`id`, `object_id`, `type`, `source`, `target_display_mode`, `name`, `icon`, `label`, `is_need_create`, `is_need_delete`, `is_need_read`, `is_need_update`, `deleted`, `created_by`, `created_on`, `modified_by`, `modified_on`, `locked_by_state`, `owner_only`, `is_need_export`, `is_need_import`, `show_in_approval`, `is_need_pre_check`, `pre_check_label`) VALUES ('d55083cd-988a-46ac-aebd-2c25bf256970', '19dc8311-b85d-11e6-8ae0-e4b318c6b596', 'standard', 'custom', 'edit', 'save', 'veev-confirm', '保存', '1', '0', '0', '1', '0', '1', NOW(), '1', NOW(), '0', '0', '0', '0', '0', '0', '0');
INSERT INTO `object_actions` (`id`, `object_id`, `type`, `source`, `target_display_mode`, `name`, `icon`, `label`, `is_need_create`, `is_need_delete`, `is_need_read`, `is_need_update`, `deleted`, `created_by`, `created_on`, `modified_by`, `modified_on`, `locked_by_state`, `owner_only`, `is_need_export`, `is_need_import`, `show_in_approval`, `is_need_pre_check`, `pre_check_label`) VALUES ('c9b0c926-a235-49e8-963f-ce1de17898ed', '19dc8311-b85d-11e6-8ae0-e4b318c6b596', 'standard', 'custom', 'all', 'edit', 'veev-edit', '编辑', '0', '0', '0', '1', '0', '1', NOW(), '1', NOW(), '1', '0', '0', '0', '0', '0', '0');
INSERT INTO `object_fields` (`id`, `object_id`, `name`, `label`, `description`, `source`, `type`, `target_display_mode`, `target_screen_size`, `deleted`, `created_by`, `created_on`, `modified_by`, `modified_on`, `configurations`, `import_order`, `is_key`, `mandatory`, `allow_filter`, `allow_sort`) VALUES ('54ba8cc6-3a05-4320-87ad-836b0783dc4a', '19dc8311-b85d-11e6-8ae0-e4b318c6b596', 'cs_product_code', '产品编码', '', 'custom', 'refer', 'all', 'both', '0', '1', NOW(), '1', NOW(), '{\"refer_field\": {\"path\": \"product.product_code\", \"type\": \"text\"}}', '0', '0', '0', '1', '1');
INSERT INTO `page_lists` (`id`, `page_id`, `name`, `query_type`, `source`, `label`, `screen_size`, `sort_field`, `is_desc`, `deleted`, `created_by`, `created_on`, `modified_by`, `modified_on`, `detail_disabled`) VALUES ('465c2e62-55a9-46b4-8d4a-58248e06ae9c', '7c843fcf-b85d-11e6-92c1-e4b318c6b596', 'cs_my_package_l', 'all', 'custom', '产品剂型', 'large', '32f00980-b85d-11e6-8aa6-e4b318c6b596', '1', '0', '1', NOW(), '1', NOW(), '0');
INSERT INTO `page_list_fields` (`id`, `page_list_id`, `object_field_id`, `label`, `order`, `width`, `allow_filter`, `allow_sort`, `is_default`, `deleted`, `created_by`, `created_on`, `modified_by`, `modified_on`) VALUES ('188e4c94-182d-4733-9580-c1fefa6a17ce', '465c2e62-55a9-46b4-8d4a-58248e06ae9c', '54ba8cc6-3a05-4320-87ad-836b0783dc4a', '产品编码', '1', '120', '1', '1', '1', '0', '1', NOW(), '1', NOW());
INSERT INTO `page_list_fields` (`id`, `page_list_id`, `object_field_id`, `label`, `order`, `width`, `allow_filter`, `allow_sort`, `is_default`, `deleted`, `created_by`, `created_on`, `modified_by`, `modified_on`) VALUES ('b0e853d5-47e5-4aca-b6f2-171febf6fe72', '465c2e62-55a9-46b4-8d4a-58248e06ae9c', '3331a661-b85d-11e6-a27e-e4b318c6b596', '产品名称', '2', '120', '1', '1', '1', '0', '1', NOW(), '1', NOW());
INSERT INTO `page_list_fields` (`id`, `page_list_id`, `object_field_id`, `label`, `order`, `width`, `allow_filter`, `allow_sort`, `is_default`, `deleted`, `created_by`, `created_on`, `modified_by`, `modified_on`) VALUES ('ffac9dd6-b533-4415-bf99-cf091bd330ee', '465c2e62-55a9-46b4-8d4a-58248e06ae9c', '32f00980-b85d-11e6-8aa6-e4b318c6b596', '剂型编码', '3', '120', '1', '1', '1', '0', '1', NOW(), '1', NOW());
INSERT INTO `page_list_fields` (`id`, `page_list_id`, `object_field_id`, `label`, `order`, `width`, `allow_filter`, `allow_sort`, `is_default`, `deleted`, `created_by`, `created_on`, `modified_by`, `modified_on`) VALUES ('be6f27eb-9c4f-4ebb-b6bc-6b5a328475d0', '465c2e62-55a9-46b4-8d4a-58248e06ae9c', '331089cf-b85d-11e6-8013-e4b318c6b596', '剂型名称', '4', '120', '1', '1', '1', '0', '1', NOW(), '1', NOW());
INSERT INTO `page_list_fields` (`id`, `page_list_id`, `object_field_id`, `label`, `order`, `width`, `allow_filter`, `allow_sort`, `is_default`, `deleted`, `created_by`, `created_on`, `modified_by`, `modified_on`) VALUES ('0c6578f4-5b3c-4ab5-9886-b8e34a2b3c44', '465c2e62-55a9-46b4-8d4a-58248e06ae9c', '3372a700-b85d-11e6-ad6a-e4b318c6b596', '规格型号', '5', '120', '1', '1', '1', '0', '1', NOW(), '1', NOW());
INSERT INTO `page_list_fields` (`id`, `page_list_id`, `object_field_id`, `label`, `order`, `width`, `allow_filter`, `allow_sort`, `is_default`, `deleted`, `created_by`, `created_on`, `modified_by`, `modified_on`) VALUES ('00767019-426f-4509-a274-39bcd6776fbe', '465c2e62-55a9-46b4-8d4a-58248e06ae9c', '33be07e1-b85d-11e6-bc6d-e4b318c6b596', '计量单位', '6', '120', '1', '1', '1', '0', '1', NOW(), '1', NOW());
INSERT INTO `page_list_actions` (`id`, `page_list_id`, `object_action_id`, `order`, `deleted`, `created_by`, `created_on`, `modified_by`, `modified_on`, `is_need_pre_check`, `pre_check_label`, `is_item_action`) VALUES ('112a12ae-4fee-4af1-b475-3a723440095b', '465c2e62-55a9-46b4-8d4a-58248e06ae9c', '0404a0f4-394a-4a27-a0e6-9a55b674b9fb', '1', '0', '1', NOW(), '1', NOW(), '0', '0', '0');
INSERT INTO `page_layouts` (`id`, `page_id`, `name`, `label`, `source`, `screen_size`, `deleted`, `created_by`, `created_on`, `modified_by`, `modified_on`) VALUES ('b4e49292-7492-4789-816a-1e5c0cd19829', '7c75e7f0-b85d-11e6-8268-e4b318c6b596', 'cs_package_l', '产品剂型详情', 'custom', 'large', '0', '1', NOW(), '1', NOW());
INSERT INTO `page_layout_fields` (`id`, `page_layout_id`, `type`, `object_field_id`, `label`, `order`, `colspan`, `is_mandatory`, `is_readonly`, `display_mode`, `deleted`, `created_by`, `created_on`, `modified_by`, `modified_on`, `is_with_stars_mask`) VALUES ('cece2574-a8e9-4bb3-ad58-728f89c470dd', 'b4e49292-7492-4789-816a-1e5c0cd19829', 'field', '54ba8cc6-3a05-4320-87ad-836b0783dc4a', '产品编码', '1', '6', '0', '1', 'both', '0', '1', NOW(), '1', NOW(), '0');
INSERT INTO `page_layout_fields` (`id`, `page_layout_id`, `type`, `object_field_id`, `label`, `order`, `colspan`, `is_mandatory`, `is_readonly`, `display_mode`, `deleted`, `created_by`, `created_on`, `modified_by`, `modified_on`, `is_with_stars_mask`) VALUES ('a7c31bc5-06e9-4a59-803e-f754959212ef', 'b4e49292-7492-4789-816a-1e5c0cd19829', 'field', '3331a661-b85d-11e6-a27e-e4b318c6b596', '产品名称', '2', '6', '1', '0', 'both', '0', '1', NOW(), '1', NOW(), '0');
INSERT INTO `page_layout_fields` (`id`, `page_layout_id`, `type`, `object_field_id`, `label`, `order`, `colspan`, `is_mandatory`, `is_readonly`, `display_mode`, `deleted`, `created_by`, `created_on`, `modified_by`, `modified_on`, `is_with_stars_mask`) VALUES ('e74d1180-c81a-4896-a350-a27d6ec45042', 'b4e49292-7492-4789-816a-1e5c0cd19829',  'field','32f00980-b85d-11e6-8aa6-e4b318c6b596', '剂型编码', '3', '6', '1', '0', 'both', '0', '1', NOW(), '1', NOW(), '0');
INSERT INTO `page_layout_fields` (`id`, `page_layout_id`, `type`,  `object_field_id`, `label`, `order`, `colspan`, `is_mandatory`, `is_readonly`, `display_mode`, `deleted`, `created_by`, `created_on`, `modified_by`, `modified_on`, `is_with_stars_mask`) VALUES ('6bce3a90-c840-441b-a0e5-34f7dcc77972', 'b4e49292-7492-4789-816a-1e5c0cd19829', 'field','331089cf-b85d-11e6-8013-e4b318c6b596', '剂型名称', '4', '6', '1', '0', 'both', '0', '1', NOW(), '1', NOW(), '0');
INSERT INTO `page_layout_fields` (`id`, `page_layout_id`, `type`,  `object_field_id`, `label`, `order`, `colspan`, `is_mandatory`, `is_readonly`, `display_mode`, `deleted`, `created_by`, `created_on`, `modified_by`, `modified_on`, `is_with_stars_mask`) VALUES ('5676104a-83e9-4f9b-9dcb-75bdf0c919a8', 'b4e49292-7492-4789-816a-1e5c0cd19829', 'field', '3372a700-b85d-11e6-ad6a-e4b318c6b596', '规格型号', '5', '6', '0', '0', 'both', '0', '1', NOW(), '1', NOW(), '0');
INSERT INTO `page_layout_fields` (`id`, `page_layout_id`, `type`,  `object_field_id`, `label`, `order`, `colspan`, `is_mandatory`, `is_readonly`, `display_mode`, `deleted`, `created_by`, `created_on`, `modified_by`, `modified_on`, `is_with_stars_mask`) VALUES ('c017ab7b-0df9-475f-8a6b-4d5fec5c3be9', 'b4e49292-7492-4789-816a-1e5c0cd19829', 'field', '33be07e1-b85d-11e6-bc6d-e4b318c6b596', '计量单位', '6', '6', '0', '0', 'both', '0', '1', NOW(), '1', NOW(), '0');
INSERT INTO `page_layout_actions` (`id`, `page_layout_id`, `object_action_id`, `display_mode`, `order`, `deleted`, `created_by`, `created_on`, `modified_by`, `modified_on`, `is_need_pre_check`, `pre_check_label`) VALUES ('5c4bff26-614f-4909-85a2-2450dd684f55', 'b4e49292-7492-4789-816a-1e5c0cd19829', 'c9b0c926-a235-49e8-963f-ce1de17898ed', 'view', '1', '0', '1', NOW(), '1', NOW(), '0', '0');
INSERT INTO `page_layout_actions` (`id`, `page_layout_id`, `object_action_id`, `display_mode`, `order`, `deleted`, `created_by`, `created_on`, `modified_by`, `modified_on`, `is_need_pre_check`, `pre_check_label`) VALUES ('023c7e62-e8f1-407a-89aa-5895e39d3045', 'b4e49292-7492-4789-816a-1e5c0cd19829', '02351b34-fcaa-46b6-a485-cf4382838861', 'view', '2', '0', '1', NOW(), '1', NOW(), '0', '0');
INSERT INTO `page_layout_actions` (`id`, `page_layout_id`, `object_action_id`, `display_mode`, `order`, `deleted`, `created_by`, `created_on`, `modified_by`, `modified_on`, `is_need_pre_check`, `pre_check_label`) VALUES ('3715b7e6-b96b-4361-988c-b4f85c77741e', 'b4e49292-7492-4789-816a-1e5c0cd19829', 'd55083cd-988a-46ac-aebd-2c25bf256970', 'edit', '1', '0', '1', NOW(), '1', NOW(), '0', '0');

-- 配置wechat端我的产品
UPDATE `object_database_columns` SET `used` = '1' WHERE (`id` = '9b6a4b9e-6b4c-11e6-bc0d-5cc5d4d378cb');
UPDATE `object_fields` SET `name` = 'cs_indication', `label` = '适应症' WHERE (`id` = '9b780740-6b4c-11e6-bb33-5cc5d4d378cb');
INSERT INTO `menus` (`id`, `name`, `source`, `label`, `type`, `screen_size`, `page_id`, `icon`, `deleted`, `created_by`, `created_on`, `modified_by`, `modified_on`, `color`, `template`) VALUES ('45e5c2f8-230a-4b15-b8c1-9d3a8a8f8993', 'my_product_s', 'custom', '我的产品', 'menu', 'small', '42938300-6dc4-11e6-8bac-5cc5d4d378cb', 'veev-product', '0', '1', NOW(), '1', NOW(), 'veev-blue', 'my_product_s');
INSERT INTO `page_lists` (`id`, `page_id`, `name`, `query_type`, `source`, `label`, `screen_size`, `sort_field`, `is_desc`, `deleted`, `created_by`, `created_on`, `modified_by`, `modified_on`, `detail_disabled`) VALUES ('7d57851c-4b65-4c9e-aaae-77dadc9c3781', '42938300-6dc4-11e6-8bac-5cc5d4d378cb', 'cs_my_product_s', 'rls', 'custom', '我的产品', 'small', '95a6ec4f-6b4c-11e6-8e34-5cc5d4d378cb', '0', '0', '1', NOW(), '1', NOW(), '0');
INSERT INTO `page_list_fields` (`id`, `page_list_id`, `object_field_id`, `label`, `order`, `width`, `allow_filter`, `allow_sort`, `is_default`, `deleted`, `created_by`, `created_on`, `modified_by`, `modified_on`) VALUES ('e4a97b1f-bb82-4386-9168-a41bba1a755f', '7d57851c-4b65-4c9e-aaae-77dadc9c3781', '95c040ae-6b4c-11e6-8ca8-5cc5d4d378cb', '产品编码', '1', '120', '1', '1', '1', '0', '1', NOW(), '1', NOW());
INSERT INTO `page_list_fields` (`id`, `page_list_id`, `object_field_id`, `label`, `order`, `width`, `allow_filter`, `allow_sort`, `is_default`, `deleted`, `created_by`, `created_on`, `modified_by`, `modified_on`) VALUES ('b95d22c9-c01f-480c-a35d-cf81c65a4213', '7d57851c-4b65-4c9e-aaae-77dadc9c3781', '95a6ec4f-6b4c-11e6-8e34-5cc5d4d378cb', '产品名称', '2', '120', '1', '1', '1', '0', '1', NOW(), '1', NOW());
INSERT INTO `page_list_fields` (`id`, `page_list_id`, `object_field_id`, `label`, `order`, `width`, `allow_filter`, `allow_sort`, `is_default`, `deleted`, `created_by`, `created_on`, `modified_by`, `modified_on`) VALUES ('91c9ee27-562c-4e27-9d1b-450ff281779c', '7d57851c-4b65-4c9e-aaae-77dadc9c3781', '00980978-3eae-4a5e-b363-4ae7b3c7d749', '产品通用名', '3', '120', '1', '1', '1', '0', '1', NOW(), '1', NOW());
INSERT INTO `page_layouts` (`id`, `page_id`, `name`, `label`, `source`, `screen_size`, `deleted`, `created_by`, `created_on`, `modified_by`, `modified_on`) VALUES ('6fc4bb46-42f2-4dce-8a0f-dc9761ffff52', '427f85d1-6dc4-11e6-a83f-5cc5d4d378cb', 'cs_product_s', '产品详情', 'custom', 'small', '0', '1', NOW(), '1', NOW());
INSERT INTO `page_layout_fields` (`id`, `page_layout_id`, `type`, `label`, `order`, `colspan`, `is_mandatory`, `is_readonly`, `display_mode`, `deleted`, `created_by`, `created_on`, `modified_by`, `modified_on`, `is_with_stars_mask`) VALUES ('7b5ded17-92ec-4c74-b02a-73881c7808fe', '6fc4bb46-42f2-4dce-8a0f-dc9761ffff52', 'section', '产品信息', '1', '12', '0', '1', 'both', '0', '1', NOW(), '1', NOW(), '0');
INSERT INTO `page_layout_fields` (`id`, `page_layout_id`, `type`, `object_field_id`, `label`, `order`, `colspan`, `is_mandatory`, `is_readonly`, `display_mode`, `deleted`, `created_by`, `created_on`, `modified_by`, `modified_on`, `is_with_stars_mask`) VALUES ('204c8fca-fa6c-4a98-89b5-a808e48b25fb', '6fc4bb46-42f2-4dce-8a0f-dc9761ffff52', 'field', '95c040ae-6b4c-11e6-8ca8-5cc5d4d378cb', '产品编码', '2', '6', '0', '1', 'both', '0', '1', NOW(), '1', NOW(), '0');
INSERT INTO `page_layout_fields` (`id`, `page_layout_id`, `type`, `object_field_id`, `label`, `order`, `colspan`, `is_mandatory`, `is_readonly`, `display_mode`, `configurations`, `deleted`, `created_by`, `created_on`, `modified_by`, `modified_on`, `is_with_stars_mask`) VALUES ('89943e8f-8e97-47ea-9dd7-41e9058b7f6e', '6fc4bb46-42f2-4dce-8a0f-dc9761ffff52', 'field', '95a6ec4f-6b4c-11e6-8e34-5cc5d4d378cb', '产品名称', '3', '6', '0', '1', 'both', NULL, '0', '1', NOW(), '1', NOW(), '0');
INSERT INTO `page_layout_fields` (`id`, `page_layout_id`, `type`, `object_field_id`, `label`, `order`, `colspan`, `is_mandatory`, `is_readonly`, `display_mode`, `deleted`, `created_by`, `created_on`, `modified_by`, `modified_on`, `is_with_stars_mask`) VALUES ('869177d3-a1b5-4f17-aa78-d1eee659028e', '6fc4bb46-42f2-4dce-8a0f-dc9761ffff52', 'field', '00980978-3eae-4a5e-b363-4ae7b3c7d749', '商品通用名', '4', '6', '0', '1', 'both', '0', '1', NOW(), '1', NOW(), '0');
INSERT INTO `page_layout_fields` (`id`, `page_layout_id`, `type`, `object_field_id`, `label`, `order`, `colspan`, `is_mandatory`, `is_readonly`, `display_mode`, `deleted`, `created_by`, `created_on`, `modified_by`, `modified_on`, `is_with_stars_mask`) VALUES ('75a3bf8c-88a7-4d87-83ef-7cca331900c2', '6fc4bb46-42f2-4dce-8a0f-dc9761ffff52', 'field', '95e3590f-6b4c-11e6-a1fc-5cc5d4d378cb', '治疗领域', '5', '6', '0', '1', 'both', '0', '1', NOW(), '1', NOW(), '0');
INSERT INTO `page_layout_fields` (`id`, `page_layout_id`, `type`, `object_field_id`, `label`, `order`, `colspan`, `is_mandatory`, `is_readonly`, `display_mode`, `deleted`, `created_by`, `created_on`, `modified_by`, `modified_on`, `is_with_stars_mask`) VALUES ('38f4e8c7-e3b4-4f0c-9d32-d459a56f4fab', '6fc4bb46-42f2-4dce-8a0f-dc9761ffff52', 'field', '9b780740-6b4c-11e6-bb33-5cc5d4d378cb', '适应症', '6', '6', '0', '1', 'both', '0', '1', NOW(), '1', NOW(), '0');
INSERT INTO `page_layout_tabs` (`id`, `page_layout_id`, `order`, `deleted`, `created_by`, `created_on`, `modified_by`, `modified_on`, `object_tab_id`, `is_readonly`) VALUES ('3dd74e67-c831-4c8c-81ee-6e9c136ab6a2', '6fc4bb46-42f2-4dce-8a0f-dc9761ffff52', '1', '0', '1', NOW(), '1', NOW(), '327c576d-17d0-44f9-a048-6c9b4dcaca01', '0');
INSERT INTO `page_layout_tabs` (`id`, `page_layout_id`, `order`, `deleted`, `created_by`, `created_on`, `modified_by`, `modified_on`, `object_tab_id`, `is_readonly`) VALUES ('c1175bd0-7336-46d5-9cb9-4b87cafdbee0', '6fc4bb46-42f2-4dce-8a0f-dc9761ffff52', '3', '0', '1', NOW(), '1', NOW(), 'de78128f-5f12-11e6-35cd-5cc5d4d378cb', '0');
INSERT INTO `page_layout_tabs` (`id`, `page_layout_id`, `order`, `deleted`, `created_by`, `created_on`, `modified_by`, `modified_on`, `object_tab_id`, `is_readonly`) VALUES ('4d2fcbc7-c431-43fd-be37-b9d3710c941b', '6fc4bb46-42f2-4dce-8a0f-dc9761ffff52', '2', '0', '1', NOW(), '1', NOW(), 'd0d7e1a1-b532-11e6-bb1e-5cc5d4d378cb', '0');
-- 配置产品关键信息tab
INSERT INTO `page_lists` (`id`, `page_id`, `name`, `query_type`, `source`, `label`, `screen_size`, `sort_field`, `is_desc`, `deleted`, `created_by`, `created_on`, `modified_by`, `modified_on`, `detail_disabled`) VALUES ('373b7488-60a1-452d-bb49-3040b5af0bde', 'cf2328e1-b165-11e6-95fd-5cc5d4d378cb', 'cs_product_message_s', 'all', 'custom', '产品关键信息', 'small', '6f1c2430-b0a0-11e6-b46a-5cc5d4d378cb', '0', '0', '1', NOW(), '1', NOW(), '0');
INSERT INTO `page_list_fields` (`id`, `page_list_id`, `object_field_id`, `label`, `order`, `width`, `allow_filter`, `allow_sort`, `is_default`, `deleted`, `created_by`, `created_on`, `modified_by`, `modified_on`) VALUES ('ad7e7480-6070-40b3-83a6-d7b56e54d07d', '373b7488-60a1-452d-bb49-3040b5af0bde', '6eea17ae-b0a0-11e6-bfa3-5cc5d4d378cb', '关键信息', '3', '120', '1', '1', '1', '0', '1', NOW(), '1', NOW());
INSERT INTO `page_list_fields` (`id`, `page_list_id`, `object_field_id`, `label`, `order`, `width`, `allow_filter`, `allow_sort`, `is_default`, `deleted`, `created_by`, `created_on`, `modified_by`, `modified_on`) VALUES ('e278c811-2502-473f-bd68-5c95b8471839', '373b7488-60a1-452d-bb49-3040b5af0bde', 'fc5eb569-3d52-4237-8a94-f5cf7f4a0c23', '产品编码', '1', '120', '1', '1', '1', '0', '1', NOW(), '1', NOW());
INSERT INTO `page_list_fields` (`id`, `page_list_id`, `object_field_id`, `label`, `order`, `width`, `allow_filter`, `allow_sort`, `is_default`, `deleted`, `created_by`, `created_on`, `modified_by`, `modified_on`) VALUES ('42d2b17b-42ba-4ece-831f-5af8dc1b7b28', '373b7488-60a1-452d-bb49-3040b5af0bde', '6ed13880-b0a0-11e6-8601-5cc5d4d378cb', '产品名称', '2', '120', '1', '1', '1', '0', '1', NOW(), '1', NOW());
INSERT INTO `page_layouts` (`id`, `page_id`, `name`, `label`, `source`, `screen_size`, `deleted`, `created_by`, `created_on`, `modified_by`, `modified_on`) VALUES ('8918ada5-6233-4a8c-9e7d-91e53a4ce83f', '6d59bc00-b156-11e6-b58d-5cc5d4d378cb', 'cs_key_message_view_s', '产品关键信息详情', 'custom', 'small', '0', '1', NOW(), '1', NOW());
INSERT INTO `page_layout_fields` (`id`, `page_layout_id`, `type`, `object_field_id`, `label`, `order`, `colspan`, `is_mandatory`, `is_readonly`, `display_mode`, `deleted`, `created_by`, `created_on`, `modified_by`, `modified_on`, `is_with_stars_mask`) VALUES ('d50b0c86-cf75-4042-bef8-fe4f83d1c1fc', '8918ada5-6233-4a8c-9e7d-91e53a4ce83f', 'field', 'fc5eb569-3d52-4237-8a94-f5cf7f4a0c23', '产品编码', '1', '6', '0', '1', 'both', '0', '1', NOW(), '1', NOW(), '0');
INSERT INTO `page_layout_fields` (`id`, `page_layout_id`, `type`, `object_field_id`, `label`, `order`, `colspan`, `is_mandatory`, `is_readonly`, `display_mode`, `deleted`, `created_by`, `created_on`, `modified_by`, `modified_on`, `is_with_stars_mask`) VALUES ('74318b1d-79cf-4a01-966e-76a6ae3b23fa', '8918ada5-6233-4a8c-9e7d-91e53a4ce83f', 'field', '6ed13880-b0a0-11e6-8601-5cc5d4d378cb', '产品名称', '2', '6', '1', '0', 'both', '0', '1', NOW(), '1', NOW(), '0');
INSERT INTO `page_layout_fields` (`id`, `page_layout_id`, `type`, `object_field_id`, `label`, `order`, `colspan`, `is_mandatory`, `is_readonly`, `display_mode`, `deleted`, `created_by`, `created_on`, `modified_by`, `modified_on`, `is_with_stars_mask`) VALUES ('51901dd3-0d94-43fd-86bb-808271e7f123', '8918ada5-6233-4a8c-9e7d-91e53a4ce83f', 'field', '6f1c2430-b0a0-11e6-b46a-5cc5d4d378cb', '序号', '3', '6', '1', '0', 'both', '0', '1', NOW(), '1', NOW(), '0');
INSERT INTO `page_layout_fields` (`id`, `page_layout_id`, `type`, `object_field_id`, `label`, `order`, `colspan`, `is_mandatory`, `is_readonly`, `display_mode`, `deleted`, `created_by`, `created_on`, `modified_by`, `modified_on`, `is_with_stars_mask`) VALUES ('9dd26ec8-b496-42c3-87b1-ab91917b0575', '8918ada5-6233-4a8c-9e7d-91e53a4ce83f', 'field', '6eea17ae-b0a0-11e6-bfa3-5cc5d4d378cb', '关键信息', '4', '6', '1', '0', 'both', '0', '1', NOW(), '1', NOW(), '0');
-- 配置剂型tab
INSERT INTO `page_lists` (`id`, `page_id`, `name`, `query_type`, `source`, `label`, `screen_size`, `sort_field`, `is_desc`, `deleted`, `created_by`, `created_on`, `modified_by`, `modified_on`, `detail_disabled`) VALUES ('7d91343f-ec8d-404e-8613-7af6dea3f552', '7c843fcf-b85d-11e6-92c1-e4b318c6b596', 'cs_my_package_s', 'all', 'custom', '产品剂型', 'small', '32f00980-b85d-11e6-8aa6-e4b318c6b596', '1', '0', '1', NOW(), '1', NOW(), '0');
INSERT INTO `page_list_fields` (`id`, `page_list_id`, `object_field_id`, `label`, `order`, `width`, `allow_filter`, `allow_sort`, `is_default`, `deleted`, `created_by`, `created_on`, `modified_by`, `modified_on`) VALUES ('2e60e495-83c7-4b47-a8fa-4c85a0dfe283', '7d91343f-ec8d-404e-8613-7af6dea3f552', '33be07e1-b85d-11e6-bc6d-e4b318c6b596', '计量单位', '6', '120', '1', '1', '1', '0', '1', NOW(), '1', NOW());
INSERT INTO `page_list_fields` (`id`, `page_list_id`, `object_field_id`, `label`, `order`, `width`, `allow_filter`, `allow_sort`, `is_default`, `deleted`, `created_by`, `created_on`, `modified_by`, `modified_on`) VALUES ('a23d4f0e-111a-4678-8df5-e00b23c06616', '7d91343f-ec8d-404e-8613-7af6dea3f552', '3372a700-b85d-11e6-ad6a-e4b318c6b596', '规格型号', '5', '120', '1', '1', '1', '0', '1', NOW(), '1', NOW());
INSERT INTO `page_list_fields` (`id`, `page_list_id`, `object_field_id`, `label`, `order`, `width`, `allow_filter`, `allow_sort`, `is_default`, `deleted`, `created_by`, `created_on`, `modified_by`, `modified_on`) VALUES ('2bdbafe4-433d-4b1b-97e7-f65615fc420a', '7d91343f-ec8d-404e-8613-7af6dea3f552', '54ba8cc6-3a05-4320-87ad-836b0783dc4a', '产品编码', '1', '120', '1', '1', '1', '0', '1', NOW(), '1', NOW());
INSERT INTO `page_list_fields` (`id`, `page_list_id`, `object_field_id`, `label`, `order`, `width`, `allow_filter`, `allow_sort`, `is_default`, `deleted`, `created_by`, `created_on`, `modified_by`, `modified_on`) VALUES ('fb67dd77-6b2f-48df-8264-3f8c7dc2712c', '7d91343f-ec8d-404e-8613-7af6dea3f552', '3331a661-b85d-11e6-a27e-e4b318c6b596', '产品名称', '2', '120', '1', '1', '1', '0', '1', NOW(), '1', NOW());
INSERT INTO `page_list_fields` (`id`, `page_list_id`, `object_field_id`, `label`, `order`, `width`, `allow_filter`, `allow_sort`, `is_default`, `deleted`, `created_by`, `created_on`, `modified_by`, `modified_on`) VALUES ('4a4543d9-a3d3-40cc-90d8-b78a9245d18a', '7d91343f-ec8d-404e-8613-7af6dea3f552', '331089cf-b85d-11e6-8013-e4b318c6b596', '剂型名称', '4', '120', '1', '1', '1', '0', '1', NOW(), '1', NOW());
INSERT INTO `page_list_fields` (`id`, `page_list_id`, `object_field_id`, `label`, `order`, `width`, `allow_filter`, `allow_sort`, `is_default`, `deleted`, `created_by`, `created_on`, `modified_by`, `modified_on`) VALUES ('797457dc-3b2d-4725-a467-da2417071f35', '7d91343f-ec8d-404e-8613-7af6dea3f552', '32f00980-b85d-11e6-8aa6-e4b318c6b596', '剂型编码', '3', '120', '1', '1', '1', '0', '1', NOW(), '1', NOW());
INSERT INTO `page_layouts` (`id`, `page_id`, `name`, `label`, `source`, `screen_size`, `deleted`, `created_by`, `created_on`, `modified_by`, `modified_on`) VALUES ('dc800d4a-b834-4f18-b32a-70c37bd28c3e', '7c75e7f0-b85d-11e6-8268-e4b318c6b596', 'cs_package_s', '产品剂型详情', 'custom', 'small', '0', '1', NOW(), '1', NOW());
INSERT INTO `page_layout_fields` (`id`, `page_layout_id`, `type`, `object_field_id`, `label`, `order`, `colspan`, `is_mandatory`, `is_readonly`, `display_mode`, `deleted`, `created_by`, `created_on`, `modified_by`, `modified_on`, `is_with_stars_mask`) VALUES ('ab579148-95d8-475e-9411-4318dea9bbc4', 'dc800d4a-b834-4f18-b32a-70c37bd28c3e', 'field', '3372a700-b85d-11e6-ad6a-e4b318c6b596', '规格型号', '5', '6', '0', '0', 'both', '0', '1', NOW(), '1', NOW(), '0');
INSERT INTO `page_layout_fields` (`id`, `page_layout_id`, `type`, `object_field_id`, `label`, `order`, `colspan`, `is_mandatory`, `is_readonly`, `display_mode`, `deleted`, `created_by`, `created_on`, `modified_by`, `modified_on`, `is_with_stars_mask`) VALUES ('59bbe26a-fe45-450a-8df1-9fcb89b2dd5a', 'dc800d4a-b834-4f18-b32a-70c37bd28c3e', 'field', '331089cf-b85d-11e6-8013-e4b318c6b596', '剂型名称', '4', '6', '1', '0', 'both', '0', '1', NOW(), '1', NOW(), '0');
INSERT INTO `page_layout_fields` (`id`, `page_layout_id`, `type`, `object_field_id`, `label`, `order`, `colspan`, `is_mandatory`, `is_readonly`, `display_mode`, `deleted`, `created_by`, `created_on`, `modified_by`, `modified_on`, `is_with_stars_mask`) VALUES ('15538008-0bcb-4fec-b0e6-e10f111d22c8', 'dc800d4a-b834-4f18-b32a-70c37bd28c3e', 'field', '3331a661-b85d-11e6-a27e-e4b318c6b596', '产品名称', '2', '6', '1', '0', 'both', '0', '1', NOW(), '1', NOW(), '0');
INSERT INTO `page_layout_fields` (`id`, `page_layout_id`, `type`, `object_field_id`, `label`, `order`, `colspan`, `is_mandatory`, `is_readonly`, `display_mode`, `deleted`, `created_by`, `created_on`, `modified_by`, `modified_on`, `is_with_stars_mask`) VALUES ('4c369e8a-c650-4f19-b305-23b0e22827e7', 'dc800d4a-b834-4f18-b32a-70c37bd28c3e', 'field', '33be07e1-b85d-11e6-bc6d-e4b318c6b596', '剂量单位', '6', '6', '0', '0', 'both', '0', '1', NOW(), '1', NOW(), '0');
INSERT INTO `page_layout_fields` (`id`, `page_layout_id`, `type`, `object_field_id`, `label`, `order`, `colspan`, `is_mandatory`, `is_readonly`, `display_mode`, `deleted`, `created_by`, `created_on`, `modified_by`, `modified_on`, `is_with_stars_mask`) VALUES ('732c2896-e9e9-4853-be91-361ac0b26163', 'dc800d4a-b834-4f18-b32a-70c37bd28c3e', 'field', '54ba8cc6-3a05-4320-87ad-836b0783dc4a', '产品编码', '1', '6', '0', '1', 'both', '0', '1', NOW(), '1', NOW(), '0');
INSERT INTO `page_layout_fields` (`id`, `page_layout_id`, `type`, `object_field_id`, `label`, `order`, `colspan`, `is_mandatory`, `is_readonly`, `display_mode`, `deleted`, `created_by`, `created_on`, `modified_by`, `modified_on`, `is_with_stars_mask`) VALUES ('dbe4d3ba-5fae-4459-9416-fd324072319b', 'dc800d4a-b834-4f18-b32a-70c37bd28c3e', 'field', '32f00980-b85d-11e6-8aa6-e4b318c6b596', '剂型编码', '3', '6', '1', '0', 'both', '0', '1', NOW(), '1', NOW(), '0');
-- SFE经理产品功能授权
INSERT INTO `role_to_object_permissions` (`id`, `role_id`, `object_id`, `allow_read`, `allow_create`, `allow_update`, `allow_delete`, `deleted`, `created_by`, `created_on`, `modified_by`, `modified_on`, `allow_import`, `allow_export`, `allow_read_all`, `allow_update_all`) VALUES ('9775be24-1cc7-4271-a5ae-a8bca0ba69ed', '53de9674-1da3-11e6-ac97-5cc5d4b57137', 'eabf78a1-6b3e-11e6-9f28-5cc5d4d378cb', '1', '1', '1', '1', '0', '1', NOW(), '1', NOW(), '0', '1', '1', '1');
INSERT INTO `role_to_object_permissions` (`id`, `role_id`, `object_id`, `allow_read`, `allow_create`, `allow_update`, `allow_delete`, `deleted`, `created_by`, `created_on`, `modified_by`, `modified_on`, `allow_import`, `allow_export`, `allow_read_all`, `allow_update_all`) VALUES ('965577e4-9c1e-4d52-aaad-93545c5a50a9', '53de9674-1da3-11e6-ac97-5cc5d4b57137', 'f008c740-b09d-11e6-b581-5cc5d4d378cb', '1', '1', '1', '1', '0', '1', NOW(), '1', NOW(), '0', '1', '1', '1');
INSERT INTO `role_to_object_permissions` (`id`, `role_id`, `object_id`, `allow_read`, `allow_create`, `allow_update`, `allow_delete`, `deleted`, `created_by`, `created_on`, `modified_by`, `modified_on`, `allow_import`, `allow_export`, `allow_read_all`, `allow_update_all`) VALUES ('6e593cb9-9016-4ac4-abbf-7503084aa29b', '53de9674-1da3-11e6-ac97-5cc5d4b57137', '19dc8311-b85d-11e6-8ae0-e4b318c6b596', '1', '1', '1', '1', '0', '1', NOW(), '1', NOW(), '0', '1', '1', '1');
INSERT INTO `role_to_object_record_types` (`id`, `role_id`, `object_record_type_id`, `is_default`, `deleted`, `created_by`, `created_on`, `modified_by`, `modified_on`) VALUES ('56cba9a5-bd3f-4cb4-9e6c-11a6c899fa7f', '53de9674-1da3-11e6-ac97-5cc5d4b57137', 'd762aec0-b144-11e6-93c1-5cc5d4d378cb', '1', '0', '1', NOW(), '1', NOW());
INSERT INTO `menus_assignments` (`id`, `role_id`, `menu_id`, `order`, `deleted`, `created_by`, `created_on`, `modified_by`, `modified_on`) VALUES ('f1196f9a-2790-4e52-adde-06c24e70f849', '53de9674-1da3-11e6-ac97-5cc5d4b57137', '121cc764-0706-49c2-8f4e-0b370f74c027', '3', '0', '1', NOW(), '1', NOW());
INSERT INTO `page_list_assignments` (`id`, `role_id`, `page_list_id`, `deleted`, `created_by`, `created_on`, `modified_by`, `modified_on`, `is_default`) VALUES ('5bcb9950-0583-4a4e-9904-166f520564eb', '53de9674-1da3-11e6-ac97-5cc5d4b57137', '3d2edeec-a3b1-4817-a552-1d3034580ec2', '0', '1', NOW(), '1', NOW(), '1');
INSERT INTO `page_layout_assignments` (`id`, `role_id`, `page_layout_id`, `deleted`, `created_by`, `created_on`, `modified_by`, `modified_on`) VALUES ('ec52d242-87ef-481b-b0c0-bf562bad9a77', '53de9674-1da3-11e6-ac97-5cc5d4b57137', 'a0988ddd-c62d-4b0b-97b5-3b40c024a0a1', '0', '1', NOW(), '1', NOW());
INSERT INTO `page_list_assignments` (`id`, `role_id`, `page_list_id`, `deleted`, `created_by`, `created_on`, `modified_by`, `modified_on`, `is_default`) VALUES ('9d44c604-3dc4-4bb4-8cf8-b1bb43007837', '53de9674-1da3-11e6-ac97-5cc5d4b57137', '43d0f9a9-3115-468a-986f-d358a6f27af6', '0', '1', NOW(), '1', NOW(), '1');
INSERT INTO `page_layout_assignments` (`id`, `role_id`, `object_record_type_id`, `page_layout_id`, `deleted`, `created_by`, `created_on`, `modified_by`, `modified_on`) VALUES ('d8ed2da3-930d-46ca-87df-73ba06fd0c6e', '53de9674-1da3-11e6-ac97-5cc5d4b57137', 'd762aec0-b144-11e6-93c1-5cc5d4d378cb', 'cb762862-fa4e-47d1-b383-7cfb7d617387', '0', '1', NOW(), '1', NOW());
INSERT INTO `page_list_assignments` (`id`, `role_id`, `page_list_id`, `deleted`, `created_by`, `created_on`, `modified_by`, `modified_on`, `is_default`) VALUES ('405f5d3a-bdae-453f-a11a-58dd67282330', '53de9674-1da3-11e6-ac97-5cc5d4b57137', '465c2e62-55a9-46b4-8d4a-58248e06ae9c', '0', '1', NOW(), '1', NOW(), '1');
INSERT INTO `page_layout_assignments` (`id`, `role_id`, `page_layout_id`, `deleted`, `created_by`, `created_on`, `modified_by`, `modified_on`) VALUES ('746dad63-8572-4f92-b2b2-122795b75a19', '53de9674-1da3-11e6-ac97-5cc5d4b57137', 'b4e49292-7492-4789-816a-1e5c0cd19829', '0', '1', NOW(), '1', NOW());
-- 代表 产品功能授权
INSERT INTO `role_to_object_permissions` (`id`, `role_id`, `object_id`, `allow_read`, `allow_create`, `allow_update`, `allow_delete`, `deleted`, `created_by`, `created_on`, `modified_by`, `modified_on`, `allow_import`, `allow_export`, `allow_read_all`, `allow_update_all`) VALUES ('8ffb5c96-fa34-41fa-8c4d-31c0123ccbf4', '53de6f5e-1da3-11e6-b011-5cc5d4b57134', 'eabf78a1-6b3e-11e6-9f28-5cc5d4d378cb', '1', '0', '0', '0', '0', '1', NOW(), '1', NOW(), '0', '0', '0', '0');
INSERT INTO `role_to_object_permissions` (`id`, `role_id`, `object_id`, `allow_read`, `allow_create`, `allow_update`, `allow_delete`, `deleted`, `created_by`, `created_on`, `modified_by`, `modified_on`, `allow_import`, `allow_export`, `allow_read_all`, `allow_update_all`) VALUES ('fb8e9541-ec35-4798-9c74-1a0c1fd19c81', '53de6f5e-1da3-11e6-b011-5cc5d4b57134', 'f008c740-b09d-11e6-b581-5cc5d4d378cb', '1', '0', '0', '0', '0', '1', NOW(), '1', NOW(), '0', '0', '0', '0');
INSERT INTO `role_to_object_permissions` (`id`, `role_id`, `object_id`, `allow_read`, `allow_create`, `allow_update`, `allow_delete`, `deleted`, `created_by`, `created_on`, `modified_by`, `modified_on`, `allow_import`, `allow_export`, `allow_read_all`, `allow_update_all`) VALUES ('c0d8b433-54af-426f-897b-374ecf2ee6e4', '53de6f5e-1da3-11e6-b011-5cc5d4b57134', '19dc8311-b85d-11e6-8ae0-e4b318c6b596', '1', '0', '0', '0', '0', '1', NOW(), '1', NOW(), '0', '0', '0', '0');
INSERT INTO `role_to_object_record_types` (`id`, `role_id`, `object_record_type_id`, `is_default`, `deleted`, `created_by`, `created_on`, `modified_by`, `modified_on`) VALUES ('746c7855-40bc-4d4c-b232-f79f39b69313', '53de6f5e-1da3-11e6-b011-5cc5d4b57134', 'd762aec0-b144-11e6-93c1-5cc5d4d378cb', '1', '0', '1', NOW(), '1', NOW());
INSERT INTO `menus_assignments` (`id`, `role_id`, `menu_id`, `order`, `deleted`, `created_by`, `created_on`, `modified_by`, `modified_on`) VALUES ('1fabe57a-3882-4a4e-9fdb-8d5c934ef4eb', '53de6f5e-1da3-11e6-b011-5cc5d4b57134', '45e5c2f8-230a-4b15-b8c1-9d3a8a8f8993', '3', '0', '1', NOW(), '1', NOW());
INSERT INTO `page_list_assignments` (`id`, `role_id`, `page_list_id`, `deleted`, `created_by`, `created_on`, `modified_by`, `modified_on`, `is_default`) VALUES ('8c53be45-9d2e-4481-b84b-14b4b60798d7', '53de6f5e-1da3-11e6-b011-5cc5d4b57134', '7d57851c-4b65-4c9e-aaae-77dadc9c3781', '0', '1', NOW(), '1', NOW(), '1');
INSERT INTO `page_layout_assignments` (`id`, `role_id`, `page_layout_id`, `deleted`, `created_by`, `created_on`, `modified_by`, `modified_on`) VALUES ('96cb3d0a-a47f-48f4-a126-4ceb1fa2614e', '53de6f5e-1da3-11e6-b011-5cc5d4b57134', '6fc4bb46-42f2-4dce-8a0f-dc9761ffff52', '0', '1', NOW(), '1', NOW());
INSERT INTO `page_list_assignments` (`id`, `role_id`, `page_list_id`, `deleted`, `created_by`, `created_on`, `modified_by`, `modified_on`, `is_default`) VALUES ('08be1ab4-4ba8-4e33-9e87-ea63bd36139a', '53de6f5e-1da3-11e6-b011-5cc5d4b57134', '373b7488-60a1-452d-bb49-3040b5af0bde', '0', '1', NOW(), '1', NOW(), '1');
INSERT INTO `page_layout_assignments` (`id`, `role_id`, `object_record_type_id`, `page_layout_id`, `deleted`, `created_by`, `created_on`, `modified_by`, `modified_on`) VALUES ('67e3f387-4ba6-41ec-b820-c5d626b578bc', '53de6f5e-1da3-11e6-b011-5cc5d4b57134', 'd762aec0-b144-11e6-93c1-5cc5d4d378cb', '8918ada5-6233-4a8c-9e7d-91e53a4ce83f', '0', '1', NOW(), '1', NOW());
INSERT INTO `page_list_assignments` (`id`, `role_id`, `page_list_id`, `deleted`, `created_by`, `created_on`, `modified_by`, `modified_on`, `is_default`) VALUES ('7869aabd-478e-4755-a723-9ad4e392b58b', '53de6f5e-1da3-11e6-b011-5cc5d4b57134', '7d91343f-ec8d-404e-8613-7af6dea3f552', '0', '1', NOW(), '1', NOW(), '1');
INSERT INTO `page_layout_assignments` (`id`, `role_id`, `page_layout_id`, `deleted`, `created_by`, `created_on`, `modified_by`, `modified_on`) VALUES ('eba44bcd-b75a-42d7-97a2-4e14261af666', '53de6f5e-1da3-11e6-b011-5cc5d4b57134', 'dc800d4a-b834-4f18-b32a-70c37bd28c3e', '0', '1', NOW(), '1', NOW());
-- 销售经理 产品功能授权
INSERT INTO `role_to_object_permissions` (`id`, `role_id`, `object_id`, `allow_read`, `allow_create`, `allow_update`, `allow_delete`, `deleted`, `created_by`, `created_on`, `modified_by`, `modified_on`, `allow_import`, `allow_export`, `allow_read_all`, `allow_update_all`) VALUES ('77b2788b-8ed0-4074-a66c-2655a32d44e9', '53de9670-1da3-11e6-961c-5cc5d4b57135', 'eabf78a1-6b3e-11e6-9f28-5cc5d4d378cb', '1', '0', '0', '0', '0', '1', NOW(), '1', NOW(), '0', '0', '0', '0');
INSERT INTO `role_to_object_permissions` (`id`, `role_id`, `object_id`, `allow_read`, `allow_create`, `allow_update`, `allow_delete`, `deleted`, `created_by`, `created_on`, `modified_by`, `modified_on`, `allow_import`, `allow_export`, `allow_read_all`, `allow_update_all`) VALUES ('0e52bed8-1655-459c-bc98-0bb79d01c313', '53de9670-1da3-11e6-961c-5cc5d4b57135', 'f008c740-b09d-11e6-b581-5cc5d4d378cb', '1', '0', '0', '0', '0', '1', NOW(), '1', NOW(), '0', '0', '0', '0');
INSERT INTO `role_to_object_permissions` (`id`, `role_id`, `object_id`, `allow_read`, `allow_create`, `allow_update`, `allow_delete`, `deleted`, `created_by`, `created_on`, `modified_by`, `modified_on`, `allow_import`, `allow_export`, `allow_read_all`, `allow_update_all`) VALUES ('9f01e207-78b7-463b-82a9-d0d3d8fd409c', '53de9670-1da3-11e6-961c-5cc5d4b57135', '19dc8311-b85d-11e6-8ae0-e4b318c6b596', '1', '0', '0', '0', '0', '1', NOW(), '1', NOW(), '0', '0', '0', '0');
INSERT INTO `role_to_object_record_types` (`id`, `role_id`, `object_record_type_id`, `is_default`, `deleted`, `created_by`, `created_on`, `modified_by`, `modified_on`) VALUES ('debf8553-3b70-40e6-9db0-e079970d3e71', '53de9670-1da3-11e6-961c-5cc5d4b57135', 'd762aec0-b144-11e6-93c1-5cc5d4d378cb', '1', '0', '1', NOW(), '1', NOW());
INSERT INTO `menus_assignments` (`id`, `role_id`, `menu_id`, `order`, `deleted`, `created_by`, `created_on`, `modified_by`, `modified_on`) VALUES ('135ff478-697e-4058-a2fd-90ca72484fc9', '53de9670-1da3-11e6-961c-5cc5d4b57135', '45e5c2f8-230a-4b15-b8c1-9d3a8a8f8993', '3', '0', '1', NOW(), '1', NOW());
INSERT INTO `page_list_assignments` (`id`, `role_id`, `page_list_id`, `deleted`, `created_by`, `created_on`, `modified_by`, `modified_on`, `is_default`) VALUES ('6e578289-70aa-4a12-876f-1f84637fb98a', '53de9670-1da3-11e6-961c-5cc5d4b57135', '7d57851c-4b65-4c9e-aaae-77dadc9c3781', '0', '1', NOW(), '1', NOW(), '1');
INSERT INTO `page_layout_assignments` (`id`, `role_id`, `page_layout_id`, `deleted`, `created_by`, `created_on`, `modified_by`, `modified_on`) VALUES ('2e07d298-6202-49c3-9b75-8b0f691f83df', '53de9670-1da3-11e6-961c-5cc5d4b57135', '6fc4bb46-42f2-4dce-8a0f-dc9761ffff52', '0', '1', NOW(), '1', NOW());
INSERT INTO `page_list_assignments` (`id`, `role_id`, `page_list_id`, `deleted`, `created_by`, `created_on`, `modified_by`, `modified_on`, `is_default`) VALUES ('2696cc72-d470-418c-a3b3-204439dc95f1', '53de9670-1da3-11e6-961c-5cc5d4b57135', '373b7488-60a1-452d-bb49-3040b5af0bde', '0', '1', NOW(), '1', NOW(), '1');
INSERT INTO `page_layout_assignments` (`id`, `role_id`, `object_record_type_id`, `page_layout_id`, `deleted`, `created_by`, `created_on`, `modified_by`, `modified_on`) VALUES ('df76db48-f57f-495e-8400-d8fc596dd7ef', '53de9670-1da3-11e6-961c-5cc5d4b57135', 'd762aec0-b144-11e6-93c1-5cc5d4d378cb', '8918ada5-6233-4a8c-9e7d-91e53a4ce83f', '0', '1', NOW(), '1', NOW());
INSERT INTO `page_list_assignments` (`id`, `role_id`, `page_list_id`, `deleted`, `created_by`, `created_on`, `modified_by`, `modified_on`, `is_default`) VALUES ('04ba43f7-7fe2-41d4-927d-018a695d5a46', '53de9670-1da3-11e6-961c-5cc5d4b57135', '7d91343f-ec8d-404e-8613-7af6dea3f552', '0', '1', NOW(), '1', NOW(), '1');
INSERT INTO `page_layout_assignments` (`id`, `role_id`, `page_layout_id`, `deleted`, `created_by`, `created_on`, `modified_by`, `modified_on`) VALUES ('17002b97-f3ee-4ac8-9ce4-467bf01c335a', '53de9670-1da3-11e6-961c-5cc5d4b57135', 'dc800d4a-b834-4f18-b32a-70c37bd28c3e', '0', '1', NOW(), '1', NOW());
-- 大区经理 产品功能授权
INSERT INTO `role_to_object_permissions` (`id`, `role_id`, `object_id`, `allow_read`, `allow_create`, `allow_update`, `allow_delete`, `deleted`, `created_by`, `created_on`, `modified_by`, `modified_on`, `allow_import`, `allow_export`, `allow_read_all`, `allow_update_all`) VALUES ('3ba1c25b-82f4-4cf9-99ac-1dad5df1d9f0', '53de9671-1da3-11e6-93fb-5cc5d4b57136', 'eabf78a1-6b3e-11e6-9f28-5cc5d4d378cb', '1', '0', '0', '0', '0', '1', NOW(), '1', NOW(), '0', '0', '0', '0');
INSERT INTO `role_to_object_permissions` (`id`, `role_id`, `object_id`, `allow_read`, `allow_create`, `allow_update`, `allow_delete`, `deleted`, `created_by`, `created_on`, `modified_by`, `modified_on`, `allow_import`, `allow_export`, `allow_read_all`, `allow_update_all`) VALUES ('57dac8fb-3adf-4d94-80f7-17f0b4dbdd00', '53de9671-1da3-11e6-93fb-5cc5d4b57136', 'f008c740-b09d-11e6-b581-5cc5d4d378cb', '1', '0', '0', '0', '0', '1', NOW(), '1', NOW(), '0', '0', '0', '0');
INSERT INTO `role_to_object_permissions` (`id`, `role_id`, `object_id`, `allow_read`, `allow_create`, `allow_update`, `allow_delete`, `deleted`, `created_by`, `created_on`, `modified_by`, `modified_on`, `allow_import`, `allow_export`, `allow_read_all`, `allow_update_all`) VALUES ('fdddb092-836e-4662-91a3-ff792ae7b5ed', '53de9671-1da3-11e6-93fb-5cc5d4b57136', '19dc8311-b85d-11e6-8ae0-e4b318c6b596', '1', '0', '0', '0', '0', '1', NOW(), '1', NOW(), '0', '0', '0', '0');
INSERT INTO `role_to_object_record_types` (`id`, `role_id`, `object_record_type_id`, `is_default`, `deleted`, `created_by`, `created_on`, `modified_by`, `modified_on`) VALUES ('d10290c1-ec6c-4b00-9718-82567ac4cc07', '53de9671-1da3-11e6-93fb-5cc5d4b57136', 'd762aec0-b144-11e6-93c1-5cc5d4d378cb', '1', '0', '1', NOW(), '1', NOW());
INSERT INTO `menus_assignments` (`id`, `role_id`, `menu_id`, `order`, `deleted`, `created_by`, `created_on`, `modified_by`, `modified_on`) VALUES ('4dddde22-3884-49ce-b6f0-5383f7be46bb', '53de9671-1da3-11e6-93fb-5cc5d4b57136', '45e5c2f8-230a-4b15-b8c1-9d3a8a8f8993', '3', '0', '1', NOW(), '1', NOW());
INSERT INTO `page_list_assignments` (`id`, `role_id`, `page_list_id`, `deleted`, `created_by`, `created_on`, `modified_by`, `modified_on`, `is_default`) VALUES ('6f44df69-61f2-46eb-832e-c7cca0b2fab9', '53de9671-1da3-11e6-93fb-5cc5d4b57136', '7d57851c-4b65-4c9e-aaae-77dadc9c3781', '0', '1', NOW(), '1', NOW(), '1');
INSERT INTO `page_layout_assignments` (`id`, `role_id`, `page_layout_id`, `deleted`, `created_by`, `created_on`, `modified_by`, `modified_on`) VALUES ('9b479a89-58c6-41bf-839d-f4c7f70a658c', '53de9671-1da3-11e6-93fb-5cc5d4b57136', '6fc4bb46-42f2-4dce-8a0f-dc9761ffff52', '0', '1', NOW(), '1', NOW());
INSERT INTO `page_list_assignments` (`id`, `role_id`, `page_list_id`, `deleted`, `created_by`, `created_on`, `modified_by`, `modified_on`, `is_default`) VALUES ('2d2801ff-1f8d-4c23-992a-7306b5089e94', '53de9671-1da3-11e6-93fb-5cc5d4b57136', '373b7488-60a1-452d-bb49-3040b5af0bde', '0', '1', NOW(), '1', NOW(), '1');
INSERT INTO `page_layout_assignments` (`id`, `role_id`, `object_record_type_id`, `page_layout_id`, `deleted`, `created_by`, `created_on`, `modified_by`, `modified_on`) VALUES ('710aaabc-c724-41c0-8a58-8c5b96c88297', '53de9671-1da3-11e6-93fb-5cc5d4b57136', 'd762aec0-b144-11e6-93c1-5cc5d4d378cb', '8918ada5-6233-4a8c-9e7d-91e53a4ce83f', '0', '1', NOW(), '1', NOW());
INSERT INTO `page_list_assignments` (`id`, `role_id`, `page_list_id`, `deleted`, `created_by`, `created_on`, `modified_by`, `modified_on`, `is_default`) VALUES ('122e300b-4b0e-4af8-b89f-4dedab8829db', '53de9671-1da3-11e6-93fb-5cc5d4b57136', '7d91343f-ec8d-404e-8613-7af6dea3f552', '0', '1', NOW(), '1', NOW(), '1');
INSERT INTO `page_layout_assignments` (`id`, `role_id`, `page_layout_id`, `deleted`, `created_by`, `created_on`, `modified_by`, `modified_on`) VALUES ('f4db09cb-2358-4b14-b0e2-836f6551fc6c', '53de9671-1da3-11e6-93fb-5cc5d4b57136', 'dc800d4a-b834-4f18-b32a-70c37bd28c3e', '0', '1', NOW(), '1', NOW());
