-- 区域外时间配置
-- 微信端
delete from menus_assignments where menu_id='791a5f36-72cd-4419-91f1-39febdf1e029';
delete from menus where id='791a5f36-72cd-4419-91f1-39febdf1e029';

delete from page_list_actions where page_list_id='55efe00b-fa86-4b3a-88c4-01580cfb253d';
delete from page_list_assignments where page_list_id='55efe00b-fa86-4b3a-88c4-01580cfb253d';
delete from page_list_fields where page_list_id='55efe00b-fa86-4b3a-88c4-01580cfb253d';
delete from page_lists where id='55efe00b-fa86-4b3a-88c4-01580cfb253d';

delete from page_layout_actions where page_layout_id='763ce287-96ba-4d97-97fa-8fa9b0a08a9f' or page_layout_id='6a8e33fd-3bae-454a-bfd0-4650c44b6503';
delete from page_layout_fields where page_layout_id='763ce287-96ba-4d97-97fa-8fa9b0a08a9f' or page_layout_id='6a8e33fd-3bae-454a-bfd0-4650c44b6503';
delete from page_layout_assignments where page_layout_id='763ce287-96ba-4d97-97fa-8fa9b0a08a9f' or page_layout_id='6a8e33fd-3bae-454a-bfd0-4650c44b6503';
delete from page_layouts where id='763ce287-96ba-4d97-97fa-8fa9b0a08a9f' or id='6a8e33fd-3bae-454a-bfd0-4650c44b6503';

-- menu id: 791a5f36-72cd-4419-91f1-39febdf1e029
INSERT INTO `menus` (`id`, `name`, `source`, `label`, `type`, `screen_size`, `page_id`, `icon`, `deleted`, `created_by`, `created_on`, `modified_by`, `modified_on`, `color`, `template`) VALUES ('791a5f36-72cd-4419-91f1-39febdf1e029', 'time_off_territories_small', 'custom', '区域外时间', 'menu', 'small', '13654e38-43cf-46e3-8fb0-70ef9e14daff', 'veev-tot', '0', '1', '2018-08-02 10:33:29', '1', '2019-06-24 11:23:59', 'veev-blue', 'time_off_territories_small');
INSERT INTO `menus_assignments` (`id`, `role_id`, `menu_id`, `order`, `deleted`, `created_by`, `created_on`, `modified_by`, `modified_on`) VALUES 
('a047465a-a933-4ec6-914d-a65f3851926e', '53de6f5e-1da3-11e6-b011-5cc5d4b57134', '791a5f36-72cd-4419-91f1-39febdf1e029', '12', '0', '1', '2017-09-29 09:52:02', '1', '2017-09-29 09:52:02'),
('a047465a-a933-4ec6-321d-a65f3851926e', '53de9670-1da3-11e6-961c-5cc5d4b57135', '791a5f36-72cd-4419-91f1-39febdf1e029', '12', '0', '1', '2017-09-29 09:52:02', '1', '2017-09-29 09:52:02'),
('a047465a-a933-4ec6-97fx-a65f3851926e', '53de9671-1da3-11e6-93fb-5cc5d4b57136', '791a5f36-72cd-4419-91f1-39febdf1e029', '12', '0', '1', '2017-09-29 09:52:02', '1', '2017-09-29 09:52:02');

UPDATE `role_to_object_record_types` SET `deleted` = '1' WHERE (`id` = 'd30d4580-3902-4b96-80dc-799ac7ac3a5f');
INSERT INTO `role_to_object_permissions` (`id`, `role_id`, `object_id`, `allow_read`, `allow_create`, `allow_update`, `allow_delete`, `deleted`, `created_by`, `created_on`, `modified_by`, `modified_on`, `allow_import`, `allow_export`, `allow_read_all`, `allow_update_all`, `allow_update_attachment`, `allow_terminate_approval`, `allow_modify_approver`, `allow_create_page_list`)
VALUES ('94c24c98-a8a6-4387-b02b-fe6cc870acf0', '53de6f5e-1da3-11e6-b011-5cc5d4b57134', '6fa1a44e-a289-11e7-8d59-02d2a924e5ba', 1, 1, 1, 1, 0, 1, '2019-11-01 07:37:46', 1, '2019-11-06 06:34:10', 0, 0, 0, 0, 0, NULL, NULL, 0);
INSERT INTO `role_to_object_permissions` (`id`, `role_id`, `object_id`, `allow_read`, `allow_create`, `allow_update`, `allow_delete`, `deleted`, `created_by`, `created_on`, `modified_by`, `modified_on`, `allow_import`, `allow_export`, `allow_read_all`, `allow_update_all`, `allow_update_attachment`, `allow_create_page_list`) VALUES ('94c24c98-a8a6-4387-b02b-fe6cc87034uh', '53de9670-1da3-11e6-961c-5cc5d4b57135', '6fa1a44e-a289-11e7-8d59-02d2a924e5ba', '1', '1', '1', '1', '0', '1', '2019-11-01 07:37:46', '1', '2019-11-01 07:37:46', '0', '0', '0', '0', '0', '0');
INSERT INTO `role_to_object_permissions` (`id`, `role_id`, `object_id`, `allow_read`, `allow_create`, `allow_update`, `allow_delete`, `deleted`, `created_by`, `created_on`, `modified_by`, `modified_on`, `allow_import`, `allow_export`, `allow_read_all`, `allow_update_all`, `allow_update_attachment`, `allow_create_page_list`) VALUES ('94c24c98-a8a6-4387-b02b-fe6cc8701acm', '53de9671-1da3-11e6-93fb-5cc5d4b57136', '6fa1a44e-a289-11e7-8d59-02d2a924e5ba', '1', '1', '1', '1', '0', '1', '2019-11-01 07:37:46', '1', '2019-11-01 07:37:46', '0', '0', '0', '0', '0', '0');
UPDATE `role_to_object_permissions` SET `allow_delete` = '1' WHERE (`id` = '94c24c98-a8a6-4387-b02b-fe6cc870acf0');

-- list id: 55efe00b-fa86-4b3a-88c4-01580cfb253d
INSERT INTO `page_lists` (`id`, `page_id`, `name`, `query_type`, `source`, `label`, `screen_size`, `sort_field`, `is_desc`, `deleted`, `created_by`, `created_on`, `modified_by`, `modified_on`) VALUES ('55efe00b-fa86-4b3a-88c4-01580cfb253d', '13654e38-43cf-46e3-8fb0-70ef9e14daff', 'time_off_territory_list_small', 'rls', 'custom', '区域外时间', 'small', '6fb03aae-a289-11e7-8d59-02d2a924e5ba', '1', '0', '1', '2018-08-02 10:33:29', '1', '2018-08-02 10:33:29');
INSERT INTO `page_list_fields` (`id`, `page_list_id`, `object_field_id`, `label`, `order`, `width`, `allow_filter`, `allow_sort`, `is_default`, `deleted`, `created_by`, `created_on`, `modified_by`, `modified_on`) VALUES ('e1d5cc20-3507-4311-b674-a36f62fe5695', '55efe00b-fa86-4b3a-88c4-01580cfb253d', '6faee03c-a289-11e7-8d59-02d2a924e5ba', '区域外时间类型', '1', '120', '1', '1', '1', '0', '1', '2017-09-29 09:52:01', '1', '2017-09-29 09:52:01');
INSERT INTO `page_list_fields` (`id`, `page_list_id`, `object_field_id`, `label`, `order`, `width`, `allow_filter`, `allow_sort`, `is_default`, `deleted`, `created_by`, `created_on`, `modified_by`, `modified_on`) VALUES ('bb5ba599-c9d5-42bc-8b00-7d576f5799a8', '55efe00b-fa86-4b3a-88c4-01580cfb253d', '6faf955e-a289-11e7-8d59-02d2a924e5ba', '时间', '2', '120', '1', '1', '1', '0', '1', '2017-09-29 09:52:01', '1', '2017-09-29 09:52:01');
INSERT INTO `page_list_fields` (`id`, `page_list_id`, `object_field_id`, `label`, `order`, `width`, `allow_filter`, `allow_sort`, `is_default`, `deleted`, `created_by`, `created_on`, `modified_by`, `modified_on`) VALUES ('3230fe2e-7d60-403c-bbb9-83a924d706c9', '55efe00b-fa86-4b3a-88c4-01580cfb253d', '6fb03aae-a289-11e7-8d59-02d2a924e5ba', '日期', '3', '120', '1', '1', '1', '0', '1', '2017-09-29 09:52:01', '1', '2017-09-29 09:52:01');
INSERT INTO `page_list_fields` (`id`, `page_list_id`, `object_field_id`, `label`, `order`, `width`, `allow_filter`, `allow_sort`, `is_default`, `deleted`, `created_by`, `created_on`, `modified_by`, `modified_on`) VALUES ('c3ee4a05-6772-421b-8392-ee2bb03d21d5', '55efe00b-fa86-4b3a-88c4-01580cfb253d', '6fb30b9e-a289-11e7-8d59-02d2a924e5ba', '状态', '4', '120', '1', '1', '1', '0', '1', '2017-09-29 09:52:01', '1', '2017-09-29 09:52:01');
INSERT INTO `page_list_fields` (`id`, `page_list_id`, `object_field_id`, `label`, `order`, `width`, `allow_filter`, `allow_sort`, `is_default`, `deleted`, `created_by`, `created_on`, `modified_by`, `modified_on`) VALUES ('4771ee57-a801-41ac-ae1b-e791d6d11229', '55efe00b-fa86-4b3a-88c4-01580cfb253d', '6fb2a7b2-a289-11e7-8d59-02d2a924e5ba', '编码', '5', '120', '1', '1', '0', '0', '1', '2017-09-29 09:52:01', '1', '2017-09-29 09:52:01');
INSERT INTO `page_list_fields` (`id`, `page_list_id`, `object_field_id`, `label`, `order`, `width`, `allow_filter`, `allow_sort`, `is_default`, `deleted`, `created_by`, `created_on`, `modified_by`, `modified_on`) VALUES ('4771ee57-a801-41ac-3wtc-e791d6d11229', '55efe00b-fa86-4b3a-88c4-01580cfb253d', '6fb16992-a289-11e7-8d59-02d2a924e5ba', '申请人', '6', '120', '1', '1', '1', '0', '1', '2017-09-29 09:52:01', '1', '2017-09-29 09:52:01');

INSERT INTO `page_list_assignments` (`id`, `role_id`, `page_list_id`, `deleted`, `created_by`, `created_on`, `modified_by`, `modified_on`, `is_default`) VALUES
('02f78dd4-3wsc-42f9-98dd-6e32529d8b13', '53de6f5e-1da3-11e6-b011-5cc5d4b57134', '55efe00b-fa86-4b3a-88c4-01580cfb253d', '0', '1', '2019-11-01 07:46:27', '1', '2019-11-01 07:46:27', '1'),
('02f78dd4-51qa-42f9-98dd-6e32529d8b13', '53de9670-1da3-11e6-961c-5cc5d4b57135', '55efe00b-fa86-4b3a-88c4-01580cfb253d', '0', '1', '2019-11-01 07:46:27', '1', '2019-11-01 07:46:27', '1'),
('02f78dd4-490o-42f9-98dd-6e32529d8b13', '53de9671-1da3-11e6-93fb-5cc5d4b57136', '55efe00b-fa86-4b3a-88c4-01580cfb253d', '0', '1', '2019-11-01 07:46:27', '1', '2019-11-01 07:46:27', '1');
INSERT INTO `page_list_actions` (`id`, `page_list_id`, `object_action_id`, `order`, `deleted`, `created_by`, `created_on`, `modified_by`, `modified_on`, `is_need_pre_check`, `pre_check_label`, `is_item_action`) VALUES ('6d09b96d-8eda-4f7d-a398-c3386fd9c675', '55efe00b-fa86-4b3a-88c4-01580cfb253d', 'd769a418-a4fb-11e7-b026-02d2a924e5ba', '1', '0', '1', '2017-09-29 09:52:01.638046', '1', '2017-09-29 09:52:01.638104', '0', '0', '0');

-- layout id: 6a8e33fd-3bae-454a-bfd0-4650c44b6503
-- 待提交： 6fa53cbc-a289-11e7-8d59-02d2a924e5ba
INSERT INTO `page_layouts` (`id`, `page_id`, `name`, `label`, `source`, `screen_size`, `deleted`, `created_by`, `created_on`, `modified_by`, `modified_on`) VALUES ('6a8e33fd-3bae-454a-bfd0-4650c44b6503', '8580f048-a675-4b14-abcd-56ac5bcbbd96', 'time_off_territory1', '区域外时间详情', 'custom', 'small', '0', '1', '2018-08-02 10:33:29', '1', '2018-08-02 10:33:29');
INSERT INTO `page_layout_assignments` (`id`, `role_id`, `object_state_id`, `page_layout_id`, `deleted`, `created_by`, `created_on`, `modified_by`, `modified_on`) VALUES 
('fab433b2-d033-4cfc-b65d-e380807e6c7d', '53de6f5e-1da3-11e6-b011-5cc5d4b57134', '6fa53cbc-a289-11e7-8d59-02d2a924e5ba', '6a8e33fd-3bae-454a-bfd0-4650c44b6503', '0', '1', '2017-09-29 09:52:02', '1', '2017-09-29 09:52:02'),
('fab433b2-d027-4cfc-b65d-e380807e6c7d', '53de9670-1da3-11e6-961c-5cc5d4b57135', '6fa53cbc-a289-11e7-8d59-02d2a924e5ba', '6a8e33fd-3bae-454a-bfd0-4650c44b6503', '0', '1', '2017-09-29 09:52:02', '1', '2017-09-29 09:52:02'),
('fab433b2-d81b-4cfc-b65d-e380807e6c7d', '53de9671-1da3-11e6-93fb-5cc5d4b57136', '6fa53cbc-a289-11e7-8d59-02d2a924e5ba', '6a8e33fd-3bae-454a-bfd0-4650c44b6503', '0', '1', '2017-09-29 09:52:02', '1', '2017-09-29 09:52:02');
INSERT INTO `page_layout_fields` (`id`, `page_layout_id`, `type`, `label`, `order`, `colspan`, `is_mandatory`, `is_readonly`, `display_mode`, `deleted`, `created_by`, `created_on`, `modified_by`, `modified_on`) VALUES ('264a1529-eb38-49ee-bc92-5ae450d30d0a', '6a8e33fd-3bae-454a-bfd0-4650c44b6503', 'section', '区域外时间', '1', '12', '0', '1', 'both', '0', '1', '2017-09-29 09:52:02', '1', '2017-09-29 09:52:02');
INSERT INTO `page_layout_fields` (`id`, `page_layout_id`, `type`, `object_field_id`, `label`, `order`, `colspan`, `is_mandatory`, `is_readonly`, `display_mode`, `deleted`, `created_by`, `created_on`, `modified_by`, `modified_on`) VALUES ('2fde7e87-70d4-41ca-ae5b-be459f1558e1', '6a8e33fd-3bae-454a-bfd0-4650c44b6503', 'field', '6faf955e-a289-11e7-8d59-02d2a924e5ba', '时间', '6', '12', '1', '0', 'both', '0', '1', '2017-09-29 09:52:02', '1', '2017-09-29 09:52:02');
INSERT INTO `page_layout_fields` (`id`, `page_layout_id`, `type`, `object_field_id`, `label`, `order`, `colspan`, `is_mandatory`, `is_readonly`, `display_mode`, `deleted`, `created_by`, `created_on`, `modified_by`, `modified_on`, `disable_click`) VALUES ('30d51a1d-2543-4906-881c-cea634c9fce0', '6a8e33fd-3bae-454a-bfd0-4650c44b6503', 'field', '6fb16992-a289-11e7-8d59-02d2a924e5ba', '申请人', '2', '12', '0', '1', 'both', '0', '1', '2019-06-24 11:23:44', '1', '2019-06-24 11:23:44', '1');
INSERT INTO `page_layout_fields` (`id`, `page_layout_id`, `type`, `object_field_id`, `label`, `order`, `colspan`, `is_mandatory`, `is_readonly`, `display_mode`, `deleted`, `created_by`, `created_on`, `modified_by`, `modified_on`) VALUES ('311798ea-f105-46ab-a010-d88bdbb078c1', '6a8e33fd-3bae-454a-bfd0-4650c44b6503', 'field', '6fb2a7b2-a289-11e7-8d59-02d2a924e5ba', '编码', '7', '12', '0', '1', 'view', '0', '1', '2017-12-28 11:20:39', '1', '2017-12-28 11:20:39');
INSERT INTO `page_layout_fields` (`id`, `page_layout_id`, `type`, `object_field_id`, `label`, `order`, `colspan`, `is_mandatory`, `is_readonly`, `display_mode`, `deleted`, `created_by`, `created_on`, `modified_by`, `modified_on`) VALUES ('6a9cba39-4ee8-49f8-909e-66d8793921ca', '6a8e33fd-3bae-454a-bfd0-4650c44b6503', 'field', '6fb30b9e-a289-11e7-8d59-02d2a924e5ba', '申请状态', '3', '12', '0', '1', 'both', '0', '1', '2017-09-29 09:52:02', '1', '2017-09-29 09:52:02');
INSERT INTO `page_layout_fields` (`id`, `page_layout_id`, `type`, `object_field_id`, `label`, `order`, `colspan`, `is_mandatory`, `is_readonly`, `display_mode`, `deleted`, `created_by`, `created_on`, `modified_by`, `modified_on`) VALUES ('b5165393-3c89-47da-9658-202aa4430ef3', '6a8e33fd-3bae-454a-bfd0-4650c44b6503', 'field', '6faee03c-a289-11e7-8d59-02d2a924e5ba', '区域外时间类型', '4', '12', '1', '0', 'both', '0', '1', '2017-09-29 09:52:02', '1', '2017-09-29 09:52:02');
INSERT INTO `page_layout_fields` (`id`, `page_layout_id`, `type`, `object_field_id`, `label`, `order`, `colspan`, `is_mandatory`, `is_readonly`, `display_mode`, `deleted`, `created_by`, `created_on`, `modified_by`, `modified_on`) VALUES ('fc0c9f48-7506-4997-914e-6eececdc096a', '6a8e33fd-3bae-454a-bfd0-4650c44b6503', 'field', '6fb03aae-a289-11e7-8d59-02d2a924e5ba', '日期', '5', '12', '1', '0', 'both', '0', '1', '2017-09-29 09:52:02', '1', '2017-09-29 09:52:02');
INSERT INTO `page_layout_actions` (`id`, `page_layout_id`, `object_action_id`, `display_mode`, `order`, `deleted`, `created_by`, `created_on`, `modified_by`, `modified_on`, `is_need_pre_check`, `pre_check_label`) VALUES ('1ce9c0e0-96e5-4a21-8bfb-cffac2465d7d', '6a8e33fd-3bae-454a-bfd0-4650c44b6503', 'd76a66aa-a4fb-11e7-b026-02d2a924e5ba', 'edit', '1', '0', '1', '2017-09-29 09:52:02', '1', '2017-09-29 09:52:02', '0', '0');
INSERT INTO `page_layout_actions` (`id`, `page_layout_id`, `object_action_id`, `display_mode`, `order`, `deleted`, `created_by`, `created_on`, `modified_by`, `modified_on`, `is_need_pre_check`, `pre_check_label`) VALUES ('687687e8-c9ba-4452-b3db-7ade221164b5', '6a8e33fd-3bae-454a-bfd0-4650c44b6503', 'd765e684-a4fb-11e7-b026-02d2a924e5ba', 'edit', '2', '0', '1', '2017-09-29 09:52:02', '1', '2017-09-29 09:52:02', '0', '0');
INSERT INTO `page_layout_actions` (`id`, `page_layout_id`, `object_action_id`, `display_mode`, `order`, `deleted`, `created_by`, `created_on`, `modified_by`, `modified_on`, `is_need_pre_check`, `pre_check_label`) VALUES ('a58c8b37-9388-4ee6-9534-08122462813a', '6a8e33fd-3bae-454a-bfd0-4650c44b6503', 'd7696836-a4fb-11e7-b026-02d2a924e5ba', 'view', '1', '0', '1', '2017-09-29 09:52:02', '1', '2017-09-29 09:52:02', '0', '0');
INSERT INTO `page_layout_actions` (`id`, `page_layout_id`, `object_action_id`, `display_mode`, `order`, `deleted`, `created_by`, `created_on`, `modified_by`, `modified_on`, `is_need_pre_check`, `pre_check_label`) VALUES ('b6475aa9-0af9-41d3-b9ab-9d878faff2a5', '6a8e33fd-3bae-454a-bfd0-4650c44b6503', 'd7692eca-a4fb-11e7-b026-02d2a924e5ba', 'view', '3', '0', '1', '2017-09-29 09:52:02', '1', '2017-09-29 09:52:02', '0', '0');
INSERT INTO `page_layout_actions` (`id`, `page_layout_id`, `object_action_id`, `display_mode`, `order`, `deleted`, `created_by`, `created_on`, `modified_by`, `modified_on`, `is_need_pre_check`, `pre_check_label`) VALUES ('f0816918-4f0c-4fbe-9af9-bee6c8ed3d1f', '6a8e33fd-3bae-454a-bfd0-4650c44b6503', 'd769d820-a4fb-11e7-b026-02d2a924e5ba', 'view', '2', '0', '1', '2017-09-29 09:52:02', '1', '2017-09-29 09:52:02', '0', '0');
INSERT INTO `page_layout_actions` (`id`, `page_layout_id`, `object_action_id`, `display_mode`, `order`, `deleted`, `created_by`, `created_on`, `modified_by`, `modified_on`, `is_need_pre_check`, `pre_check_label`) VALUES ('f0816918-4f0c-4fbe-9edv-bee6c8ed3d1f', '6a8e33fd-3bae-454a-bfd0-4650c44b6503', 'd7696836-a4fb-11e7-b026-02d2a924e5ba', 'view', '4', '0', '1', '2017-09-29 09:52:02', '1', '2017-09-29 09:52:02', '0', '0');

-- layout id: 763ce287-96ba-4d97-97fa-8fa9b0a08a9f
-- 已提交： 6fa84682-a289-11e7-8d59-02d2a924e5ba
INSERT INTO `page_layouts` (`id`, `page_id`, `name`, `label`, `source`, `screen_size`, `deleted`, `created_by`, `created_on`, `modified_by`, `modified_on`) VALUES ('763ce287-96ba-4d97-97fa-8fa9b0a08a9f', '8580f048-a675-4b14-abcd-56ac5bcbbd96', 'time_off_territory2', '区域外时间详情', 'custom', 'small', '0', '1', '2018-08-02 10:33:29', '1', '2018-08-02 10:33:29');
INSERT INTO `page_layout_assignments` (`id`, `role_id`, `object_state_id`, `page_layout_id`, `deleted`, `created_by`, `created_on`, `modified_by`, `modified_on`) VALUES 
('7186824a-961c-4c01-af32-5e0b91cfd4d1', '53de6f5e-1da3-11e6-b011-5cc5d4b57134', '6fa84682-a289-11e7-8d59-02d2a924e5ba', '763ce287-96ba-4d97-97fa-8fa9b0a08a9f', '0', '1', '2017-10-20 07:37:04', '1', '2017-10-20 07:37:04'),
('7186824a-2687-961c-af32-5e0b91cfd4d1', '53de9670-1da3-11e6-961c-5cc5d4b57135', '6fa84682-a289-11e7-8d59-02d2a924e5ba', '763ce287-96ba-4d97-97fa-8fa9b0a08a9f', '0', '1', '2017-10-20 07:37:04', '1', '2017-10-20 07:37:04'),
('7186824a-2687-4c01-961c-5e0b91cfd4d1', '53de9671-1da3-11e6-93fb-5cc5d4b57136', '6fa84682-a289-11e7-8d59-02d2a924e5ba', '763ce287-96ba-4d97-97fa-8fa9b0a08a9f', '0', '1', '2017-10-20 07:37:04', '1', '2017-10-20 07:37:04');
INSERT INTO `page_layout_fields` (`id`, `page_layout_id`, `type`, `object_field_id`, `label`, `order`, `colspan`, `is_mandatory`, `is_readonly`, `display_mode`, `deleted`, `created_by`, `created_on`, `modified_by`, `modified_on`) VALUES ('03082c80-af64-480e-a343-cdb919a449e1', '763ce287-96ba-4d97-97fa-8fa9b0a08a9f', 'field', '6faee03c-a289-11e7-8d59-02d2a924e5ba', '区域外时间类型', '4', '12', '1', '0', 'view', '0', '1', '2017-12-28 11:14:26', '1', '2017-12-28 11:14:26');
INSERT INTO `page_layout_fields` (`id`, `page_layout_id`, `type`, `object_field_id`, `label`, `order`, `colspan`, `is_mandatory`, `is_readonly`, `display_mode`, `deleted`, `created_by`, `created_on`, `modified_by`, `modified_on`, `disable_click`) VALUES ('3bfbce87-737a-4e68-b6e2-2e757a10c45c', '763ce287-96ba-4d97-97fa-8fa9b0a08a9f', 'field', '6fb16992-a289-11e7-8d59-02d2a924e5ba', '申请人', '2', '12', '0', '1', 'view', '0', '1', '2019-06-24 11:23:44', '1', '2019-06-24 11:23:44', '1');
INSERT INTO `page_layout_fields` (`id`, `page_layout_id`, `type`, `object_field_id`, `label`, `order`, `colspan`, `is_mandatory`, `is_readonly`, `display_mode`, `deleted`, `created_by`, `created_on`, `modified_by`, `modified_on`) VALUES ('3fc15ae5-cb69-42b9-82af-fd5d8fea1e89', '763ce287-96ba-4d97-97fa-8fa9b0a08a9f', 'field', '6faf955e-a289-11e7-8d59-02d2a924e5ba', '时间', '6', '12', '1', '0', 'both', '0', '1', '2017-12-28 11:14:26', '1', '2017-12-28 11:14:26');
INSERT INTO `page_layout_fields` (`id`, `page_layout_id`, `type`, `label`, `order`, `colspan`, `is_mandatory`, `is_readonly`, `display_mode`, `deleted`, `created_by`, `created_on`, `modified_by`, `modified_on`) VALUES ('778d5418-ea7a-4c53-8a2b-80984f094cae', '763ce287-96ba-4d97-97fa-8fa9b0a08a9f', 'section', '区域外时间', '1', '12', '0', '1', 'view', '0', '1', '2017-12-28 11:14:26', '1', '2017-12-28 11:14:26');
INSERT INTO `page_layout_fields` (`id`, `page_layout_id`, `type`, `object_field_id`, `label`, `order`, `colspan`, `is_mandatory`, `is_readonly`, `display_mode`, `deleted`, `created_by`, `created_on`, `modified_by`, `modified_on`) VALUES ('bdf0b871-93f7-4ff5-8a3e-17ed3936efb5', '763ce287-96ba-4d97-97fa-8fa9b0a08a9f', 'field', '6fb2a7b2-a289-11e7-8d59-02d2a924e5ba', '编码', '7', '12', '0', '1', 'view', '0', '1', '2017-12-28 11:20:39', '1', '2017-12-28 11:20:39');
INSERT INTO `page_layout_fields` (`id`, `page_layout_id`, `type`, `object_field_id`, `label`, `order`, `colspan`, `is_mandatory`, `is_readonly`, `display_mode`, `deleted`, `created_by`, `created_on`, `modified_by`, `modified_on`) VALUES ('e2908703-0a19-40a5-9afb-7dae7d0a54f4', '763ce287-96ba-4d97-97fa-8fa9b0a08a9f', 'field', '6fb30b9e-a289-11e7-8d59-02d2a924e5ba', '申请状态', '3', '12', '0', '1', 'view', '0', '1', '2017-12-28 11:14:26', '1', '2017-12-28 11:14:26');
INSERT INTO `page_layout_fields` (`id`, `page_layout_id`, `type`, `object_field_id`, `label`, `order`, `colspan`, `is_mandatory`, `is_readonly`, `display_mode`, `deleted`, `created_by`, `created_on`, `modified_by`, `modified_on`) VALUES ('f0ad1611-b7b5-4169-bd79-e2ab6285cdcb', '763ce287-96ba-4d97-97fa-8fa9b0a08a9f', 'field', '6fb03aae-a289-11e7-8d59-02d2a924e5ba', '日期', '5', '12', '1', '0', 'both', '0', '1', '2017-12-28 11:14:26', '1', '2017-12-28 11:14:26');


-- 电脑端配置
delete from menus_assignments where menu_id='8f271afa-27bb-4b0a-9b11-ed1c6644bae2';
delete from menus where id='8f271afa-27bb-4b0a-9b11-ed1c6644bae2';
delete from page_list_assignments where page_list_id='40fac1de-51f5-4bb4-9726-794c120aca4b';
delete from page_list_actions where page_list_id='40fac1de-51f5-4bb4-9726-794c120aca4b';
delete from page_list_fields where page_list_id='40fac1de-51f5-4bb4-9726-794c120aca4b';
delete from page_list_conditions where page_list_id='40fac1de-51f5-4bb4-9726-794c120aca4b';
delete from page_lists where id='40fac1de-51f5-4bb4-9726-794c120aca4b';

-- menu id: 8f271afa-27bb-4b0a-9b11-ed1c6644bae2
INSERT INTO `menus` (`id`, `name`, `source`, `label`, `parent_id`, `type`, `screen_size`, `page_id`, `deleted`, `created_by`, `created_on`, `modified_by`, `modified_on`, `template`) VALUES ('8f271afa-27bb-4b0a-9b11-ed1c6644bae2', 'time_off_territories_large', 'custom', '区域外时间管理', 'dd8e572e-1d93-11e6-b5d0-5cc5d4d378cb', 'menu', 'large', '13654e38-43cf-46e3-8fb0-70ef9e14daff', '0', '1', '2018-08-02 10:33:29', '1', '2019-06-24 11:23:59', 'time_off_territories_large');
INSERT INTO `menus_assignments` (`id`, `role_id`, `menu_id`, `order`, `deleted`, `created_by`, `created_on`, `modified_by`, `modified_on`) VALUES 
('d31f4e87-a233-4105-8027-07a64bac3a4a', '53de9674-1da3-11e6-ac97-5cc5d4b57137', '8f271afa-27bb-4b0a-9b11-ed1c6644bae2', '4', '0', '1', '2017-09-29 09:52:02', '1', '2017-09-29 09:52:02');
-- page_list id: 40fac1de-51f5-4bb4-9726-794c120aca4b
INSERT INTO `page_lists` (`id`, `page_id`, `name`, `query_type`, `source`, `label`, `screen_size`, `formula`, `sort_field`, `is_desc`, `deleted`, `created_by`, `created_on`, `modified_by`, `modified_on`, `primary_filter`, `primary_filter_configurations`) VALUES ('40fac1de-51f5-4bb4-9726-794c120aca4b', '13654e38-43cf-46e3-8fb0-70ef9e14daff', 'time_off_territory_list_large', 'rls', 'custom', '区域外时间', 'large', '1', '6fb03aae-a289-11e7-8d59-02d2a924e5ba', '1', '0', '1', '2018-08-02 10:33:29', '1', '2019-06-24 11:23:46', 'position', '{\"advanced_position_filter\": true}');
UPDATE `page_lists` SET `detail_disabled` = '1' WHERE (`id` = '40fac1de-51f5-4bb4-9726-794c120aca4b');

INSERT INTO `page_list_assignments` (`id`, `role_id`, `page_list_id`, `deleted`, `created_by`, `created_on`, `modified_by`, `modified_on`, `is_default`) VALUES ('6e9806a4-4df8-4687-84e7-990a5690978c', '53de9674-1da3-11e6-ac97-5cc5d4b57137', '40fac1de-51f5-4bb4-9726-794c120aca4b', '0', '1', '2017-09-29 09:52:02', '1', '2017-09-29 09:52:02', '1');
INSERT INTO `page_list_fields` (`id`, `page_list_id`, `object_field_id`, `label`, `order`, `width`, `allow_filter`, `allow_sort`, `is_default`, `deleted`, `created_by`, `created_on`, `modified_by`, `modified_on`) VALUES ('6b069816-87f6-4dd4-a10c-eedfaac5cbb8', '40fac1de-51f5-4bb4-9726-794c120aca4b', '6fb30b9e-a289-11e7-8d59-02d2a924e5ba', '状态', '4', '120', '1', '0', '1', '0', '1', '2017-09-29 09:52:02', '1', '2017-09-29 09:52:02');
INSERT INTO `page_list_fields` (`id`, `page_list_id`, `object_field_id`, `label`, `order`, `width`, `allow_filter`, `allow_sort`, `is_default`, `deleted`, `created_by`, `created_on`, `modified_by`, `modified_on`) VALUES ('745194c4-df27-4bcf-8645-530fa454b560', '40fac1de-51f5-4bb4-9726-794c120aca4b', '6fb03aae-a289-11e7-8d59-02d2a924e5ba', '日期', '3', '120', '1', '1', '1', '0', '1', '2017-09-29 09:52:02', '1', '2017-09-29 09:52:02');
INSERT INTO `page_list_fields` (`id`, `page_list_id`, `object_field_id`, `label`, `order`, `width`, `allow_filter`, `allow_sort`, `is_default`, `deleted`, `created_by`, `created_on`, `modified_by`, `modified_on`) VALUES ('a20f5567-5198-4300-8162-584811e00665', '40fac1de-51f5-4bb4-9726-794c120aca4b', '6faee03c-a289-11e7-8d59-02d2a924e5ba', '区域外时间类型', '1', '200', '1', '0', '1', '0', '1', '2017-09-29 09:52:02', '1', '2017-09-29 09:52:02');
INSERT INTO `page_list_fields` (`id`, `page_list_id`, `object_field_id`, `label`, `order`, `width`, `allow_filter`, `allow_sort`, `is_default`, `deleted`, `created_by`, `created_on`, `modified_by`, `modified_on`) VALUES ('b18e1813-45ec-4eb9-b8cf-6830ac7c5d93', '40fac1de-51f5-4bb4-9726-794c120aca4b', '6fb2a7b2-a289-11e7-8d59-02d2a924e5ba', '编码', '5', '120', '1', '1', '1', '0', '1', '2017-09-29 09:52:02', '1', '2017-09-29 09:52:02');
INSERT INTO `page_list_fields` (`id`, `page_list_id`, `object_field_id`, `label`, `order`, `width`, `allow_filter`, `allow_sort`, `is_default`, `deleted`, `created_by`, `created_on`, `modified_by`, `modified_on`) VALUES ('fd22d23e-48a0-48ff-8595-0b14d26fa03a', '40fac1de-51f5-4bb4-9726-794c120aca4b', '6faf955e-a289-11e7-8d59-02d2a924e5ba', '时间', '2', '120', '1', '0', '1', '0', '1', '2017-09-29 09:52:02', '1', '2017-09-29 09:52:02');
INSERT INTO `page_list_fields` (`id`, `page_list_id`, `object_field_id`, `label`, `order`, `width`, `allow_filter`, `allow_sort`, `is_default`, `deleted`, `created_by`, `created_on`, `modified_by`, `modified_on`) VALUES 
('fd22d23e-48a0-3olm-8595-0b14d26fa03a', '40fac1de-51f5-4bb4-9726-794c120aca4b', '6fb16992-a289-11e7-8d59-02d2a924e5ba', '申请人', '0', '120', '1', '1', '1', '0', '1', '2017-09-29 09:52:02', '1', '2017-09-29 09:52:02');
UPDATE `page_list_fields` SET `disable_click` = '1' WHERE (`id` = 'fd22d23e-48a0-3olm-8595-0b14d26fa03a');

INSERT INTO `page_list_conditions` (`id`, `page_list_id`, `object_field_id`, `operator`, `value`, `formula_number`, `deleted`, `created_by`, `created_on`, `modified_by`, `modified_on`) VALUES ('eb10ca2a-2c2d-432d-99a1-0383d0db8916', '40fac1de-51f5-4bb4-9726-794c120aca4b', '6fb30b9e-a289-11e7-8d59-02d2a924e5ba', 'eq', '6fa84682-a289-11e7-8d59-02d2a924e5ba', '1', '0', '1', '2017-09-29 09:52:02', '1', '2017-09-29 09:52:02');
INSERT INTO `role_to_object_permissions` (`id`, `role_id`, `object_id`, `allow_read`, `allow_create`, `allow_update`, `allow_delete`, `deleted`, `created_by`, `created_on`, `modified_by`, `modified_on`, `allow_import`, `allow_export`, `allow_read_all`, `allow_update_all`) VALUES ('d76f3e14-a4fb-1eer-b026-02d2a924e5ba', '53de9674-1da3-11e6-ac97-5cc5d4b57137', '6fa1a44e-a289-11e7-8d59-02d2a924e5ba', '1', '0', '0', '0', '0', '1', '2017-09-29 09:52:02', '1', '2017-09-29 09:52:02', '0', '1', '1', '0');
INSERT INTO `page_list_actions` (`id`, `page_list_id`, `object_action_id`, `order`, `deleted`, `created_by`, `created_on`, `modified_by`, `modified_on`, `is_need_pre_check`, `pre_check_label`, `is_item_action`) VALUES ('fc29b4d8-39e3-3ehb-bba3-23a357113wfi', '40fac1de-51f5-4bb4-9726-794c120aca4b', '842ba0d4-e8fc-4819-ade7-5d74e764efeb', '1', '0', '1', '2017-01-01 00:00:00.000000', '1', '2017-01-01 00:00:00.000000', '0', '0', '0');
