-- ==================医生三者关系+分级
-- 三者关系是否需要分级
UPDATE `custom_settings` SET `value`='true' WHERE `id`='22';
-- 自动填充更新信息
UPDATE `custom_settings` SET `value`='true' WHERE `id`='56';
-- 新加三者自动加两者
UPDATE `custom_settings` SET `value`='true' WHERE `id`='16';
-- 删除三者关系自动解除两者关系
UPDATE `custom_settings` SET `value`='true' WHERE `id`='2';
-- 开启版本
UPDATE `custom_settings` SET `value`='true' WHERE `id`='5';
-- 分级版本依赖当前岗位版本
UPDATE `custom_settings` SET `value`='\"metrics_use_current_version_based_on_current_position_version\"' WHERE `id`='5';

-- INSERT INTO `metrics_versions` (`deleted`, `created_on`, `modified_on`, `name`, `start_date`, `end_date`, `created_by`, `modified_by`) 
-- VALUES ('0', now(),now(),date_format(curdate(),'%Y-%m'),date_add(curdate(), interval - day(curdate()) + 1 day), last_day(curdate()), '1', '1');


-- 微信端
insert into pages(id, `name`, `object_id`, `type`, page_type, url, target_screen_size, used_as_menu, deleted, created_by, created_on, modified_by, modified_on, source)
values('5a9e0b2a-d1f0-11e8-a140-02f90e0f46f0','metrics_list_small','6ed2cbde-90f3-asfz-96b0-e4b318c6b596','list','standard','/metrics','small',1,0,1,now(),1,now(),'system');

insert into menus(id, `name`, `source`, label, `type`, screen_size, page_id, icon, deleted, created_by, created_on, modified_by, modified_on)
values('4d2e6d65-d1ed-11e8-a140-02f90e0f46f0','metrics_list_small','custom','医生产品分级','menu','small','1f6a9c48-538b-44bc-b775-d328013357b8','metrics',0,1,now(),1,now());

INSERT INTO `menus_assignments` (`id`, `role_id`, `menu_id`, `order`, `deleted`, `created_by`, `created_on`, `modified_by`, `modified_on`) VALUES ('fc006ec0-b2f0-11e7-92ez-5cc5d4d3iiks', '53de6f5e-1da3-11e6-b011-5cc5d4b57134', '4d2e6d65-d1ed-11e8-a140-02f90e0f46f0', '6', '0', '1', '2019-09-11 11:17:36', '1', '2019-09-11 11:17:36');

-- 更换图标，并设为蓝色
UPDATE `menus` SET `icon`='veev-target-prof',`color`='veev-purple' WHERE `id`='4d2e6d65-d1ed-11e8-a140-02f90e0f46f0';
-- 创建并处理医生分级list
insert into page_lists(id, page_id, name, query_type, source, label, screen_size, formula, sort_field, is_desc, deleted, created_by, created_on, modified_by, modified_on, is_readonly, style, detail_disabled, configurations)
values('30fb9736-d1ef-11e8-a140-02f90e0f46f0', '5a9e0b2a-d1f0-11e8-a140-02f90e0f46f0', 'metrics_list', 'rls', 'custom', '当前医生产品关系', 'both', NULL, 'f81c8df7-88d5-4f3c-a153-fb5055ffd8a2', '0', '0', '1',now(), '1',now(), NULL, NULL, NULL, '0');
INSERT INTO `page_list_assignments` (`id`, `role_id`, `page_list_id`, `deleted`, `created_by`, `created_on`, `modified_by`, `modified_on`, `is_default`) VALUES ('f8128d34-ee29-92b4-92b4-0336e9318wws', '53de6f5e-1da3-11e6-b011-5cc5d4b57134', '30fb9736-d1ef-11e8-a140-02f90e0f46f0', '0', '1', '2019-08-20 06:06:56', '1', '2019-08-20 06:06:56', '1');

insert into page_list_fields(id, page_list_id, object_field_id, label, `order`, width, allow_filter, allow_sort, is_default, configurations, deleted, created_by, created_on, modified_by, modified_on, is_mandatory, is_readonly, is_title)
values('e02b7bde-trhd-11e6-8003-5cc5d4d3782b', '30fb9736-d1ef-11e8-a140-02f90e0f46f0', 'f81c8df7-88d5-4f3c-a153-fb5055ffd8a2', '姓名', '1', '120', '1', '1', '1', '', '0', '1', now(), '1',now(), '0', '0', '0'),
('e0512c4f-germ-11e6-afa3-5cc5d4d3782b', '30fb9736-d1ef-11e8-a140-02f90e0f46f0', '9256a105-c0bb-436d-ba7c-5b74867e9c10', '医院', '2', '120', '1', '1', '1', '', '0', '1',now(), '1', now(), '0', '0', '0'),
('e05e249e-herf-11e6-8207-5cc5d4d3782b', '30fb9736-d1ef-11e8-a140-02f90e0f46f0', '73ba4baa-b347-47c0-9cf2-7ecd5b13ae64', '医生科室', '3', '120', '1', '1', '1', '', '0', '1', now(), '1', now(), '0', '0', '0'),
('f1cf3f8c-df68-48c6-a5e4-1b187b6b75ae', '30fb9736-d1ef-11e8-a140-02f90e0f46f0', '0058228f-36c6-ter4-ac35-34f39ab71988', '关联产品', '4', '120', '1', '0', '1', '', '0', '1', now(), '1', now(), '0', '0', '0'),
('f1cf3f8c-df68-48c6-a5e4-1b187b6b75al', '30fb9736-d1ef-11e8-a140-02f90e0f46f0', '01b6e770-7664-qe3d-bc45-5cc5d4d378cb', '产品分级', '5', '120', '1', '0', '1', '', '0', '1', now(), '1',now(), '0', '0', '0'),
('f1cf3f8c-df68-48c6-a5e4-1b187b6b75ce', '30fb9736-d1ef-11e8-a140-02f90e0f46f0', '36be4f2b-11ba-4071-8f9e-0d96ccc4ba3c', '关联产品', '6', '120', '0', '0', '1','', '0', '1', now(), '1',now(), '0', '0', '0');

UPDATE `page_list_fields` SET `configurations`='{\"info_fields\": [\"product\",\"evaluation\"]}' WHERE `id`='f1cf3f8c-df68-48c6-a5e4-1b187b6b75ce';

insert into page_list_actions(id, page_list_id, object_action_id, `order`, deleted, created_by, created_on, modified_by, modified_on)
values('7791b570-d1f9-11e8-a140-02f90e0f46f0', '30fb9736-d1ef-11e8-a140-02f90e0f46f0', '8a078a1f-31bc-4e39-a9f0-054fee014aa6', '2', '0', '1',now(), '1', now()),
('7d93911f-d1f9-11e8-a140-02f90e0f46f0', '30fb9736-d1ef-11e8-a140-02f90e0f46f0', '61d72da6-1e7a-485b-b731-f93089704b4d', '1', '0', '1', now(), '1', now());
UPDATE `object_actions` SET `label`='维护次月目标医生' WHERE `id`='61d72da6-1e7a-485b-b731-f93089704b4d';
--  object授权
INSERT INTO `role_to_object_permissions` (`id`, `role_id`, `object_id`, `allow_read`, `allow_create`, `allow_update`, `allow_delete`, `deleted`, `created_by`, `created_on`, `modified_by`, `modified_on`, `allow_import`, `allow_export`, `allow_read_all`, `allow_update_all`, `allow_update_attachment`, `allow_terminate_approval`) VALUES ('acf2f341-73c4-45a0-84c7-b14e3f81144z', '53de6f5e-1da3-11e6-b011-5cc5d4b57134', '6ed2cbde-90f3-asfz-96b0-e4b318c6b596', '1', '1', '1', '1', '0', '1', '2018-04-12 11:02:47', '1', '2018-04-12 11:02:47', '0', '1', '1', '0', '0', '0');
INSERT INTO `role_to_object_permissions` (`id`, `role_id`, `object_id`, `allow_read`, `allow_create`, `allow_update`, `allow_delete`, `deleted`, `created_by`, `created_on`, `modified_by`, `modified_on`, `allow_import`, `allow_export`, `allow_read_all`, `allow_update_all`, `allow_update_attachment`, `allow_terminate_approval`) VALUES ('acf2f341-73c4-45a0-84c7-b14e3f84qylj', '53de6f5e-1da3-11e6-b011-5cc5d4b57134', '6ed2cbde-90f3-rtgb-96b0-e4b318c6b596', '1', '1', '1', '1', '0', '1', '2018-04-12 11:02:47', '1', '2018-04-12 11:02:47', '0', '1', '1', '0', '0', '0');
-- 常见分级页面（类似草稿）
insert into page_layouts(id, page_id, `name`, label, `source`, screen_size, deleted, created_by, created_on, modified_by, modified_on)
values('f1fda4dc-1406-41ca-8fcc-637947e059de', '0fd14590-327c-4a17-ac92-a7409acdcb9d', 'metrics_field', '医生三者关系维护', 'custom', 'small', '0', '1', now(), '1', now());

update custom_settings set `value`='"metrics_field"' where `key`='metrics_page_layout';

INSERT INTO `page_layout_fields` (`id`, `page_layout_id`, `type`, `object_field_id`, `label`, `order`, `colspan`, `is_mandatory`, `is_readonly`, `display_mode`, `deleted`, `created_by`, `created_on`, `modified_by`, `modified_on`, `is_with_stars_mask`, `is_hidden`) VALUES ('3488c724-fdf7-4fb5-8ecb-13e6dd0d0cd8', 'f1fda4dc-1406-41ca-8fcc-637947e059de', 'field', '38aa0a0d-c7a3-4052-af18-4d318998cfed', '分级', '1', '6', '0', '0', 'both', '0', '1', '2019-03-19 09:35:02', '1', '2019-03-19 09:35:02', '0', '0');
UPDATE `picklist_values` SET `label`='D级' WHERE `id`='f70228dc-grrs-11e7-9a64-caeb633220fd';
-- 删除原生分级计划中状态并重新创建
delete from page_layout_assignments where page_layout_id='fbdd0fde-6dd1-f23e-acc0-5cc5d4d378cb';
delete from `page_layout_actions` where page_layout_id='fbdd0fde-6dd1-f23e-acc0-5cc5d4d378cb';
delete from page_layout_fields where page_layout_id='fbdd0fde-6dd1-f23e-acc0-5cc5d4d378cb';
delete from page_layouts where id='fbdd0fde-6dd1-f23e-acc0-5cc5d4d378cb';

INSERT INTO `page_layouts` (`id`, `page_id`, `name`, `label`, `source`, `screen_size`, `deleted`, `created_by`, `created_on`, `modified_by`, `modified_on`) VALUES ('fbdd0fde-6dd1-f23e-acc0-5cc5d4d378cb', '188bbdae-91dd-34te-9b0a-5cc5d4d378cb', 'metricsreq', '维护医生与产品关系详情', 'custom', 'both', '0', '1', '2018-08-02 10:33:29', '1', '2018-08-02 10:33:29');
INSERT INTO `page_layout_assignments` (`id`, `role_id`, `object_record_type_id`, `object_state_id`, `page_layout_id`, `deleted`, `created_by`, `created_on`, `modified_by`, `modified_on`) VALUES ('ef9168f0-6852-zwed-8b27-5cc5d4b573tb', '53de6f5e-1da3-11e6-b011-5cc5d4b57134', '33d2374a-2899-4bfb-9138-c854a4b709a5', '443d5cd1-75a3-11e6-fewc-5cc5d4b571d2', 'fbdd0fde-6dd1-f23e-acc0-5cc5d4d378cb', '0', '1', '2017-04-06 20:22:15', '1', '2017-04-06 20:22:15');

INSERT INTO `page_layout_actions` (`id`, `page_layout_id`, `object_action_id`, `display_mode`, `order`, `deleted`, `created_by`, `created_on`, `modified_by`, `modified_on`, `is_need_pre_check`, `pre_check_label`) VALUES ('056aee5e-47s5-11e6-ba98-e4b318c6b596', 'fbdd0fde-6dd1-f23e-acc0-5cc5d4d378cb', 'f7882ea1-dcb4-fewt-82b8-e4b318c6b596', 'view', '2', '0', '1', '2017-01-01 00:00:00', '1', '2017-01-01 00:00:00', '0', '0');
INSERT INTO `page_layout_actions` (`id`, `page_layout_id`, `object_action_id`, `display_mode`, `order`, `deleted`, `created_by`, `created_on`, `modified_by`, `modified_on`, `is_need_pre_check`, `pre_check_label`) VALUES ('0576fc4f-46js-11e6-93e1-e4b318c6b596', 'fbdd0fde-6dd1-f23e-acc0-5cc5d4d378cb', '41792e30-5f72-35gd-805e-5cc5d4d378cb', 'view', '3', '0', '1', '2017-10-26 06:15:12', '1', '2017-10-26 06:15:12', '0', '0');
INSERT INTO `page_layout_actions` (`id`, `page_layout_id`, `object_action_id`, `display_mode`, `order`, `deleted`, `created_by`, `created_on`, `modified_by`, `modified_on`, `is_need_pre_check`, `pre_check_label`) VALUES ('0582950f-js5f-11e6-ada0-e4b318c6b596', 'fbdd0fde-6dd1-f23e-acc0-5cc5d4d378cb', 'f7882ea1-dcb4-fewt-vsdf-e4b318c6b596', 'view', '4', '0', '1', '2017-01-01 00:00:00', '1', '2017-01-01 00:00:00', '0', '0');
INSERT INTO `page_layout_actions` (`id`, `page_layout_id`, `object_action_id`, `display_mode`, `order`, `deleted`, `created_by`, `created_on`, `modified_by`, `modified_on`, `is_need_pre_check`, `pre_check_label`) VALUES ('0a9455ae-mrd3-11e6-b016-5cc5d4d378cb', 'fbdd0fde-6dd1-f23e-acc0-5cc5d4d378cb', 'f765645e-dcb4-63sf-af37-e4b318c6b596', 'view', '1', '0', '1', '2017-01-01 00:00:00', '1', '2017-01-01 00:00:00', '0', '0');
INSERT INTO `page_layout_fields` (`id`, `page_layout_id`, `type`, `object_field_id`, `label`, `order`, `colspan`, `is_mandatory`, `is_readonly`, `display_mode`, `deleted`, `created_by`, `created_on`, `modified_by`, `modified_on`, `is_with_stars_mask`) VALUES ('2cbde030-6837-fewd-ab4b-5cc5d4d378cb', 'fbdd0fde-6dd1-f23e-acc0-5cc5d4d378cb', 'field', '0058228f-36c6-t34r-ac35-34f39ab71988', '申请医院', '1', '6', '1', '1', 'both', '1', '1', '2017-10-26 06:15:12', '1', '2017-10-26 06:15:12', '0');
INSERT INTO `page_layout_fields` (`id`, `page_layout_id`, `type`, `object_field_id`, `label`, `order`, `colspan`, `is_mandatory`, `is_readonly`, `display_mode`, `deleted`, `created_by`, `created_on`, `modified_by`, `modified_on`, `is_with_stars_mask`) VALUES ('2cc6e0de-6837-34fe-a9d2-5cc5d4d378cb', 'fbdd0fde-6dd1-f23e-acc0-5cc5d4d378cb', 'field', '01b6e770-7664-5423-bc45-5cc5d4d378cb', '申请状态', '2', '6', '0', '1', 'both', '0', '1', '2017-10-26 06:15:12', '1', '2017-10-26 06:15:12', '0');
INSERT INTO `page_layout_fields` (`id`, `page_layout_id`, `type`, `object_field_id`, `label`, `order`, `colspan`, `is_mandatory`, `is_readonly`, `display_mode`, `deleted`, `created_by`, `created_on`, `modified_by`, `modified_on`, `is_with_stars_mask`) VALUES ('2ccf6c5e-6837-23rd-b3eb-5cc5d4d378cb', 'fbdd0fde-6dd1-f23e-acc0-5cc5d4d378cb', 'field', '01b6e770-7664-56td-bc45-5cc5d4d378cb', '申请时间', '1', '6', '0', '1', 'both', '0', '1', '2017-10-26 06:15:12', '1', '2017-10-26 06:15:12', '0');
INSERT INTO `page_layout_fields` (`id`, `page_layout_id`, `type`, `object_field_id`, `label`, `order`, `colspan`, `is_mandatory`, `is_readonly`, `display_mode`, `deleted`, `created_by`, `created_on`, `modified_by`, `modified_on`, `is_with_stars_mask`) VALUES ('2cd9a58f-6837-r34t-88d2-5cc5d4d378cb', 'fbdd0fde-6dd1-f23e-acc0-5cc5d4d378cb', 'field', '01b6e770-7664-fwec-bc45-5cc5d4d378cb', '申请清单', '3', '6', '0', '1', 'both', '0', '1', '2017-10-26 06:15:12', '1', '2017-10-26 06:15:12', '0');

-- 删除原生分级 已完成状态并重新创建
delete from page_layout_actions where page_layout_id='fbdd0fde-1234-f23e-acc0-5cc5d4d378cb';
delete from page_layout_fields where page_layout_id='fbdd0fde-1234-f23e-acc0-5cc5d4d378cb';
delete from page_layout_assignments where page_layout_id='fbdd0fde-1234-f23e-acc0-5cc5d4d378cb';
delete from page_layouts where id='fbdd0fde-1234-f23e-acc0-5cc5d4d378cb';
INSERT INTO `page_layouts` (`id`, `page_id`, `name`, `label`, `source`, `screen_size`, `deleted`, `created_by`, `created_on`, `modified_by`, `modified_on`) VALUES ('fbdd0fde-1234-f23e-acc0-5cc5d4d378cb', '188bbdae-91dd-34te-9b0a-5cc5d4d378cb', 'metricsreq', '维护医生与产品关系详情', 'custom', 'both', '0', '1', '2018-08-02 10:33:29', '1', '2018-08-02 10:33:29');
INSERT INTO `page_layout_assignments` (`id`, `role_id`, `object_record_type_id`, `object_state_id`, `page_layout_id`, `deleted`, `created_by`, `created_on`, `modified_by`, `modified_on`, `allow_enter_mini_layout`) VALUES ('fefda19a-a0b7-4be2-a85a-0b8c9f84eacm', '53de6f5e-1da3-11e6-b011-5cc5d4b57134', '33d2374a-2899-4bfb-9138-c854a4b709a5', '4445e851-75a3-11e6-h45d-5cc5d4b571d2', 'fbdd0fde-1234-f23e-acc0-5cc5d4d378cb', '0', '1', '2018-04-12 10:04:30', '1', '2018-04-12 10:04:30', '1');

INSERT INTO `page_layout_fields` (`id`, `page_layout_id`, `type`, `object_field_id`, `label`, `order`, `colspan`, `is_mandatory`, `is_readonly`, `display_mode`, `deleted`, `created_by`, `created_on`, `modified_by`, `modified_on`, `is_with_stars_mask`) VALUES ('2cbde030-6837-ab4b-ab4b-5cc5d4d378cb', 'fbdd0fde-1234-f23e-acc0-5cc5d4d378cb', 'field', '0058228f-36c6-t34r-ac35-34f39ab71988', '申请医院', '1', '6', '1', '1', 'both', '1', '1', '2017-10-26 06:15:12', '1', '2017-10-26 06:15:12', '0');
INSERT INTO `page_layout_fields` (`id`, `page_layout_id`, `type`, `object_field_id`, `label`, `order`, `colspan`, `is_mandatory`, `is_readonly`, `display_mode`, `deleted`, `created_by`, `created_on`, `modified_by`, `modified_on`, `is_with_stars_mask`) VALUES ('2cc6e0de-6837-34fe-ab4b-5cc5d4d378cb', 'fbdd0fde-1234-f23e-acc0-5cc5d4d378cb', 'field', '01b6e770-7664-5423-bc45-5cc5d4d378cb', '申请状态', '2', '6', '0', '1', 'both', '0', '1', '2017-10-26 06:15:12', '1', '2017-10-26 06:15:12', '0');
INSERT INTO `page_layout_fields` (`id`, `page_layout_id`, `type`, `object_field_id`, `label`, `order`, `colspan`, `is_mandatory`, `is_readonly`, `display_mode`, `deleted`, `created_by`, `created_on`, `modified_by`, `modified_on`, `is_with_stars_mask`) VALUES ('2ccf6c5e-ab4b-23rd-b3eb-5cc5d4d378cb', 'fbdd0fde-1234-f23e-acc0-5cc5d4d378cb', 'field', '01b6e770-7664-56td-bc45-5cc5d4d378cb', '申请时间', '1', '6', '0', '1', 'both', '0', '1', '2017-10-26 06:15:12', '1', '2017-10-26 06:15:12', '0');
INSERT INTO `page_layout_fields` (`id`, `page_layout_id`, `type`, `object_field_id`, `label`, `order`, `colspan`, `is_mandatory`, `is_readonly`, `display_mode`, `deleted`, `created_by`, `created_on`, `modified_by`, `modified_on`, `is_with_stars_mask`) VALUES ('2cd9a58f-ab4b-r34t-88d2-5cc5d4d378cb', 'fbdd0fde-1234-f23e-acc0-5cc5d4d378cb', 'field', '01b6e770-7664-fwec-bc45-5cc5d4d378cb', '申请清单', '3', '6', '0', '1', 'both', '0', '1', '2017-10-26 06:15:12', '1', '2017-10-26 06:15:12', '0');

INSERT INTO `page_layout_actions` (`id`, `page_layout_id`, `object_action_id`, `display_mode`, `order`, `deleted`, `created_by`, `created_on`, `modified_by`, `modified_on`, `is_need_pre_check`, `pre_check_label`) VALUES ('056aab4b-47s5-11e6-ba98-e4b318c6b596', 'fbdd0fde-1234-f23e-acc0-5cc5d4d378cb', 'f7882ea1-dcb4-fewt-82b8-e4b318c6b596', 'view', '2', '0', '1', '2017-01-01 00:00:00', '1', '2017-01-01 00:00:00', '0', '0');
INSERT INTO `page_layout_actions` (`id`, `page_layout_id`, `object_action_id`, `display_mode`, `order`, `deleted`, `created_by`, `created_on`, `modified_by`, `modified_on`, `is_need_pre_check`, `pre_check_label`) VALUES ('0576fc4f-46js-ab4b-93e1-e4b318c6b596', 'fbdd0fde-1234-f23e-acc0-5cc5d4d378cb', '41792e30-5f72-35gd-805e-5cc5d4d378cb', 'view', '3', '0', '1', '2017-10-26 06:15:12', '1', '2017-10-26 06:15:12', '0', '0');
INSERT INTO `page_layout_actions` (`id`, `page_layout_id`, `object_action_id`, `display_mode`, `order`, `deleted`, `created_by`, `created_on`, `modified_by`, `modified_on`, `is_need_pre_check`, `pre_check_label`) VALUES ('0582950f-ab4b-11e6-ada0-e4b318c6b596', 'fbdd0fde-1234-f23e-acc0-5cc5d4d378cb', 'f7882ea1-dcb4-fewt-vsdf-e4b318c6b596', 'view', '4', '0', '1', '2017-01-01 00:00:00', '1', '2017-01-01 00:00:00', '0', '0');
INSERT INTO `page_layout_actions` (`id`, `page_layout_id`, `object_action_id`, `display_mode`, `order`, `deleted`, `created_by`, `created_on`, `modified_by`, `modified_on`, `is_need_pre_check`, `pre_check_label`) VALUES ('0a9455ae-mrd3-11e6-ab4b-5cc5d4d378cb', 'fbdd0fde-1234-f23e-acc0-5cc5d4d378cb', 'f765645e-dcb4-63sf-af37-e4b318c6b596', 'view', '1', '0', '1', '2017-01-01 00:00:00', '1', '2017-01-01 00:00:00', '0', '0');

-- 维护历史列表- 删除产品原生并创建
delete from page_list_fields where page_list_id='f488acf0-af93-gweg-9521-5cc5d4d378cb';
delete from page_list_assignments where page_list_id='f488acf0-af93-gweg-9521-5cc5d4d378cb';

delete from page_list_assignments where page_list_id='fc53e64f-dc9a-fwed-bcb5-e4b318c6b596';
delete from page_list_actions where page_list_id='fc53e64f-dc9a-fwed-bcb5-e4b318c6b596';
delete from page_list_fields where page_list_id='fc53e64f-dc9a-fwed-bcb5-e4b318c6b596';

delete from page_lists where id='fc53e64f-dc9a-fwed-bcb5-e4b318c6b596';

INSERT INTO `page_lists` (`id`, `page_id`, `name`, `query_type`, `source`, `label`, `screen_size`, `sort_field`, `is_desc`, `deleted`, `created_by`, `created_on`, `modified_by`, `modified_on`, `detail_disabled`, `primary_filter`, `primary_filter_configurations`) VALUES ('fc53e64f-dc9a-fwed-bcb5-e4b318c6b596', '1879bc51-91dd-efda-a583-5cc5d4d378cb', 'metrics_s', 'rls', 'custom', '医生产品关系维护历史', 'both', '01b6e770-7664-56td-bc45-5cc5d4d378cb', '1', '0', '1', '2018-08-02 10:33:29', '1', '2019-06-24 11:23:46', '0', 'position', '{\"advanced_position_filter\": false}');
INSERT INTO `page_list_assignments` (`id`, `role_id`, `page_list_id`, `deleted`, `created_by`, `created_on`, `modified_by`, `modified_on`, `is_default`) VALUES ('f488acf0-af93-gweg-9521-5cc5d4d378cb', '53de6f5e-1da3-11e6-b011-5cc5d4b57134', 'fc53e64f-dc9a-fwed-bcb5-e4b318c6b596', '0', '1', '2017-03-23 10:03:23', '1', '2017-03-23 10:03:23', '1');
INSERT INTO `page_list_fields` (`id`, `page_list_id`, `object_field_id`, `label`, `order`, `width`, `allow_filter`, `allow_sort`, `is_default`, `deleted`, `created_by`, `created_on`, `modified_by`, `modified_on`) VALUES ('0d63119e-5f69-fweg-9d87-5cc5d4d378cb', 'fc53e64f-dc9a-fwed-bcb5-e4b318c6b596', '01b6e770-7664-gerp-bc45-5cc5d4d378cb', '总结', '3', '120', '0', '0', '1', '0', '1', '2017-10-26 06:15:12', '1', '2017-10-26 06:15:12');
INSERT INTO `page_list_fields` (`id`, `page_list_id`, `object_field_id`, `label`, `order`, `width`, `allow_filter`, `allow_sort`, `is_default`, `deleted`, `created_by`, `created_on`, `modified_by`, `modified_on`) VALUES ('0dadfd51-5f69-herf-87db-5cc5d4d378cb', 'fc53e64f-dc9a-fwed-bcb5-e4b318c6b596', '01b6e770-7664-5423-bc45-5cc5d4d378cb', '申请状态', '2', '120', '1', '1', '1', '0', '1', '2017-10-26 06:15:12', '1', '2017-10-26 06:15:12');
INSERT INTO `page_list_fields` (`id`, `page_list_id`, `object_field_id`, `label`, `order`, `width`, `allow_filter`, `allow_sort`, `is_default`, `deleted`, `created_by`, `created_on`, `modified_by`, `modified_on`) VALUES ('0dfbf640-5f69-fgnx-99ea-5cc5d4d378cb', 'fc53e64f-dc9a-fwed-bcb5-e4b318c6b596', '01b6e770-7664-56td-bc45-5cc5d4d378cb', '申请时间', '1', '120', '1', '1', '1', '0', '1', '2017-10-26 06:15:12', '1', '2017-10-26 06:15:12');

-- 创建医生详情页 产品分级 tab
INSERT INTO `page_layout_tabs` (`id`, `page_layout_id`, `order`, `deleted`, `created_by`, `created_on`, `modified_by`, `modified_on`, `object_tab_id`, `is_readonly`) VALUES ('fffd54fa-2833-4809-b5ce-a3a6312futsn', '1c40ddde-763b-11e6-91dc-5cc5d4d378cb', '0', '0', '1', '2018-03-06 06:44:29.178562', '1', '2018-03-06 06:44:29.178600', '435ded6e-9dbc-40bb-b7ef-8170fc55e3ae', '0');
insert into page_lists(id, page_id, `name`, query_type, `source`, label, screen_size, sort_field, is_desc, deleted, created_by, created_on, modified_by, modified_on, detail_disabled,is_readonly)
values('5d7cd557-51e3-4c6d-91e3-14c43326ade9','e46a0743-95ad-4e5a-8f19-f69e031f929b','product_metrics','all','custom','医生分级','small','01b6e770-7664-qe3d-bc45-5cc5d4d378cb',0,0,1,now(),1,now(),0,1);
INSERT ignore INTO `page_list_assignments` (`id`, `role_id`, `page_list_id`, `deleted`, `created_by`, `created_on`, `modified_by`, `modified_on`, `is_default`) VALUES ('f8128d34-ee29-92b4-92b4-0336e93183wv', '53de6f5e-1da3-11e6-b011-5cc5d4b57134', '5d7cd557-51e3-4c6d-91e3-14c43326ade9', '0', '1', '2019-08-20 06:06:56', '1', '2019-08-20 06:06:56', '1');
insert into page_list_fields(id, page_list_id, object_field_id, label, `order`, width, allow_filter, allow_sort, is_default, configurations, deleted, created_by, created_on, modified_by, modified_on, is_mandatory, is_readonly, is_title)
values ('eda4581c-8bb2-4bfa-92da-8b1e65a60b5a','5d7cd557-51e3-4c6d-91e3-14c43326ade9','0058228f-36c6-ter4-ac35-34f39ab71988','产品','1', '120', '1', '0', '0', '', '0', '1', now(), '1',now(), '0', '1', '1'),
('72b983b8-a1b1-4ea0-ba7d-8055817a1ecc', '5d7cd557-51e3-4c6d-91e3-14c43326ade9', '01b6e770-7664-qe3d-bc45-5cc5d4d378cb', '分级', '2', '120', '1', '0', '0', '', '0', '1', now(), '1',now(), '0', '1', '0');


-- ======================电脑端三者关系分级 授权 sfe经理
INSERT ignore INTO `menus` (`id`, `name`, `source`,`icon`, `label`, `type`, `screen_size`, `page_id`, `deleted`, `created_by`, `created_on`, `modified_by`, `modified_on`, `template`) VALUES 
('c2102cbd-c511-11e7-b894-186590dc4wxb','resources_strategy_l', 'custom','veev-event', '资源策略管理', 'category', 'large', '20fdb4ca-c4ff-11e7-aab6-186590dcd3c9','0', '1', '2018-08-02 10:33:29', '1', '2019-06-24 11:23:59', 'resources_strategy');
INSERT ignore INTO `menus_assignments` (`id`, `role_id`, `menu_id`, `order`, `deleted`, `created_by`, `created_on`, `modified_by`, `modified_on`) 
VALUES ('4c953218-d831-11e9-b9aa-0298a739iiz0', '53de9674-1da3-11e6-ac97-5cc5d4b57137', 'c2102cbd-c511-11e7-b894-186590dc4wxb', '3', '0', '1', '2019-09-16 11:17:36', '1', '2019-09-16 11:17:36');

delete from menus_assignments where menu_id='7a7c58b0-70d4-4adb-aaf3-b37741643f6f';
delete from menus where id='7a7c58b0-70d4-4adb-aaf3-b37741643f6f';

INSERT INTO `menus` (`id`, `name`, `source`, `label`, `parent_id`, `type`, `screen_size`, `page_id`, `icon`, `deleted`, `created_by`, `created_on`, `modified_by`, `modified_on`, `template`) VALUES ('7a7c58b0-70d4-4adb-aaf3-b37741643f6f', 'metrics_list_large', 'custom', '目标医生管理', 'c2102cbd-c511-11e7-b894-186590dc4wxb', 'menu', 'large', '1f6a9c48-538b-44bc-b775-d328013357b8', 'metrics', '0', '1', '2018-08-02 10:33:29', '1', '2019-06-24 11:23:59', 'metrics_list_large');
INSERT INTO `menus_assignments` (`id`, `role_id`, `menu_id`, `order`, `deleted`, `created_by`, `created_on`, `modified_by`, `modified_on`) VALUES ('7820d1b2-1f1c-4969-a64d-771c36974f7f', '53de9674-1da3-11e6-ac97-5cc5d4b57137', '7a7c58b0-70d4-4adb-aaf3-b37741643f6f', '2', '0', '1', '2018-04-12 11:02:47', '1', '2018-04-12 11:02:47');
-- 搭建电脑端 list （删除产品原生配置）
delete from page_list_actions where page_list_id='53c947a6-328e-44ef-b1a4-dd576df7d26d';
delete from page_list_fields where page_list_id='53c947a6-328e-44ef-b1a4-dd576df7d26d';
delete from page_list_assignments where page_list_id='53c947a6-328e-44ef-b1a4-dd576df7d26d';
delete from page_lists where id='53c947a6-328e-44ef-b1a4-dd576df7d26d';


-- 添加部分字段
INSERT INTO `object_fields` (`id`, `object_id`, `name`, `label`, `description`, `source`, `type`, `target_display_mode`, `target_screen_size`, `deleted`, `created_by`, `created_on`, `modified_by`, `modified_on`, `configurations`, `import_order`, `is_key`, `mandatory`, `allow_filter`, `allow_sort`) VALUES ('ac3d46ed-a5b0-4daa-b74b-a20a8f814wan', '6ed2cbde-90f3-asfz-96b0-e4b318c6b596', 'position_user_name', '岗位用户', '', 'custom', 'refer', 'all', 'both', '0', '1', '2018-07-24 07:56:47', '1', '2018-07-24 07:56:47', '{\"refer_field\": {\"path\": \"position.userpositions.user.orionusers.name\", \"type\": \"text\"}}', '0', '0', '0', '1', '1');

INSERT INTO `page_lists` (`id`, `page_id`, `name`, `query_type`, `source`, `label`, `screen_size`, `sort_field`, `is_desc`, `deleted`, `created_by`, `created_on`, `modified_by`, `modified_on`, `detail_disabled`, `primary_filter`, `primary_filter_configurations`) VALUES ('53c947a6-328e-44ef-b1a4-dd576df7d26d', '1f6a9c48-538b-44bc-b775-d328013357b8', 'metrics_list_large', 'rls', 'custom', '目标医生管理', 'large', '0825eaca-272f-4c75-9ffc-256f5a8bb138', '1', '0', '1', '2018-08-02 10:33:29', '1', '2019-06-24 11:24:10', '1', 'position', '{\"advanced_position_filter\": true}');
INSERT INTO `page_list_assignments` (`id`, `role_id`, `page_list_id`, `deleted`, `created_by`, `created_on`, `modified_by`, `modified_on`, `is_default`) VALUES ('6c355388-16f3-485a-a0fe-26ea44932a3b', '53de9674-1da3-11e6-ac97-5cc5d4b57137', '53c947a6-328e-44ef-b1a4-dd576df7d26d', '0', '1', '2018-04-12 11:02:48', '1', '2018-04-12 11:02:48', '1');
INSERT INTO `page_list_fields` (`id`, `page_list_id`, `object_field_id`, `label`, `order`, `width`, `allow_filter`, `allow_sort`, `is_default`, `deleted`, `created_by`, `created_on`, `modified_by`, `modified_on`) VALUES ('07001035-e4af-4c68-aa03-fbf9f8dda0ed', '53c947a6-328e-44ef-b1a4-dd576df7d26d', '6df30784-6bd9-473d-8d22-b8fe20896cef', '产品编码', '12', '120', '1', '1', '0', '0', '1', '2018-04-12 11:02:47', '1', '2018-04-12 11:02:47');
INSERT INTO `page_list_fields` (`id`, `page_list_id`, `object_field_id`, `label`, `order`, `width`, `allow_filter`, `allow_sort`, `is_default`, `deleted`, `created_by`, `created_on`, `modified_by`, `modified_on`) VALUES ('0e4b2579-2ac3-43df-ba56-b998142bc66e', '53c947a6-328e-44ef-b1a4-dd576df7d26d', 'f81c8df7-88d5-4f3c-a153-fb5055ffd8a2', '医生姓名', '5', '120', '1', '1', '0', '0', '1', '2018-04-12 11:02:47', '1', '2018-04-12 11:02:47');
INSERT INTO `page_list_fields` (`id`, `page_list_id`, `object_field_id`, `label`, `order`, `width`, `allow_filter`, `allow_sort`, `is_default`, `deleted`, `created_by`, `created_on`, `modified_by`, `modified_on`) VALUES ('217b062d-61ac-4725-a5da-186dfe3ec980', '53c947a6-328e-44ef-b1a4-dd576df7d26d', '8cbcbef4-06bf-4202-abc6-f0626c68c856', '产品名称', '11', '120', '1', '1', '0', '0', '1', '2018-04-12 11:02:47', '1', '2018-04-12 11:02:47');
INSERT INTO `page_list_fields` (`id`, `page_list_id`, `object_field_id`, `label`, `order`, `width`, `allow_filter`, `allow_sort`, `is_default`, `deleted`, `created_by`, `created_on`, `modified_by`, `modified_on`) VALUES ('24a69670-d2d5-4347-a413-571891b1996d', '53c947a6-328e-44ef-b1a4-dd576df7d26d', '9256a105-c0bb-436d-ba7c-5b74867e9c10', '医院名称', '8', '120', '1', '1', '0', '0', '1', '2018-04-12 11:02:47', '1', '2018-04-12 11:02:47');
INSERT INTO `page_list_fields` (`id`, `page_list_id`, `object_field_id`, `label`, `order`, `width`, `allow_filter`, `allow_sort`, `is_default`, `deleted`, `created_by`, `created_on`, `modified_by`, `modified_on`) VALUES ('3552081a-e1f4-416f-87a9-8a4b91003d75', '53c947a6-328e-44ef-b1a4-dd576df7d26d', 'fbb79c9f-2b93-41d5-907a-dfea203fa640', '医生职称', '7', '120', '1', '1', '0', '0', '1', '2018-04-12 11:02:47', '1', '2018-04-12 11:02:47');
INSERT INTO `page_list_fields` (`id`, `page_list_id`, `object_field_id`, `label`, `order`, `width`, `allow_filter`, `allow_sort`, `is_default`, `deleted`, `created_by`, `created_on`, `modified_by`, `modified_on`) VALUES ('6b813f1a-0776-4e54-b43c-f4d88f7b0993', '53c947a6-328e-44ef-b1a4-dd576df7d26d', '88fcbb0f-3e38-454b-b683-518dd2dfe54d', '医院编码', '9', '120', '1', '1', '0', '0', '1', '2018-04-12 11:02:47', '1', '2018-04-12 11:02:47');
INSERT INTO `page_list_fields` (`id`, `page_list_id`, `object_field_id`, `label`, `order`, `width`, `allow_filter`, `allow_sort`, `is_default`, `deleted`, `created_by`, `created_on`, `modified_by`, `modified_on`) VALUES ('7cbaaa61-b493-4634-9b1c-d3c37a79c23f', '53c947a6-328e-44ef-b1a4-dd576df7d26d', 'a44dd9f2-98de-441e-822d-1a8875f41517', '医生编码', '6', '120', '1', '1', '0', '0', '1', '2018-04-12 11:02:47', '1', '2018-04-12 11:02:47');
INSERT INTO `page_list_fields` (`id`, `page_list_id`, `object_field_id`, `label`, `order`, `width`, `allow_filter`, `allow_sort`, `is_default`, `deleted`, `created_by`, `created_on`, `modified_by`, `modified_on`) VALUES ('b28c5fe1-198e-4cbc-bfc7-a25a6e526db0', '53c947a6-328e-44ef-b1a4-dd576df7d26d', 'ac3d46ed-a5b0-4daa-b74b-a20a8f813935', '岗位编码', '2', '120', '1', '1', '0', '0', '1', '2018-04-12 11:02:48', '1', '2018-04-12 11:02:48');
INSERT INTO `page_list_fields` (`id`, `page_list_id`, `object_field_id`, `label`, `order`, `width`, `allow_filter`, `allow_sort`, `is_default`, `deleted`, `created_by`, `created_on`, `modified_by`, `modified_on`) VALUES ('d10c64bf-977d-4f55-a3e6-58af38885361', '53c947a6-328e-44ef-b1a4-dd576df7d26d', '73ba4baa-b347-47c0-9cf2-7ecd5b13ae64', '科室名称', '10', '120', '1', '1', '0', '0', '1', '2018-04-12 11:02:47', '1', '2018-04-12 11:02:47');
INSERT INTO `page_list_fields` (`id`, `page_list_id`, `object_field_id`, `label`, `order`, `width`, `allow_filter`, `allow_sort`, `is_default`, `deleted`, `created_by`, `created_on`, `modified_by`, `modified_on`) VALUES ('dbb10b18-6286-4063-b133-a9d69b57d520', '53c947a6-328e-44ef-b1a4-dd576df7d26d', '0825eaca-272f-4c75-9ffc-256f5a8bb138', '版本名称', '1', '120', '1', '1', '0', '0', '1', '2018-04-12 11:02:47', '1', '2018-04-12 11:02:47');
INSERT INTO `page_list_fields` (`id`, `page_list_id`, `object_field_id`, `label`, `order`, `width`, `allow_filter`, `allow_sort`, `is_default`, `deleted`, `created_by`, `created_on`, `modified_by`, `modified_on`) VALUES ('eb974c55-e98f-4a89-be42-63170cffb16c', '53c947a6-328e-44ef-b1a4-dd576df7d26d', '3da8190c-3567-41ef-bb6c-394510cefbc6', '岗位名称', '3', '120', '1', '1', '0', '0', '1', '2018-04-12 11:02:48', '1', '2018-04-12 11:02:48');
INSERT INTO `page_list_fields` (`id`, `page_list_id`, `object_field_id`, `label`, `order`, `width`, `allow_filter`, `allow_sort`, `is_default`, `deleted`, `created_by`, `created_on`, `modified_by`, `modified_on`) VALUES ('eb974c55-e98f-4a89-be42-63170cff3qav', '53c947a6-328e-44ef-b1a4-dd576df7d26d', 'ac3d46ed-a5b0-4daa-b74b-a20a8f814wan', '岗位用户', '4', '120', '1', '1', '0', '0', '1', '2018-04-12 11:02:48', '1', '2018-04-12 11:02:48');
INSERT INTO `page_list_fields` (`id`, `page_list_id`, `object_field_id`, `label`, `order`, `width`, `allow_filter`, `allow_sort`, `is_default`, `deleted`, `created_by`, `created_on`, `modified_by`, `modified_on`) VALUES ('eb974c55-328e-4a89-be42-63170cff3qav', '53c947a6-328e-44ef-b1a4-dd576df7d26d', '01b6e770-7664-qe3d-bc45-5cc5d4d378cb', '分级', '13', '120', '1', '1', '0', '0', '1', '2018-04-12 11:02:48', '1', '2018-04-12 11:02:48');
INSERT INTO `page_list_fields` (`id`, `page_list_id`, `object_field_id`, `label`, `order`, `width`, `allow_filter`, `allow_sort`, `is_default`, `deleted`, `created_by`, `created_on`, `modified_by`, `modified_on`) VALUES ('eb974c55-44ef-328e-be42-63170cff3qav', '53c947a6-328e-44ef-b1a4-dd576df7d26d', '6f68fb9e-feb6-43be-a647-30bb07abc192', '创建人', '14', '120', '1', '1', '0', '0', '1', '2018-04-12 11:02:48', '1', '2018-04-12 11:02:48');
INSERT INTO `page_list_fields` (`id`, `page_list_id`, `object_field_id`, `label`, `order`, `width`, `allow_filter`, `allow_sort`, `is_default`, `deleted`, `created_by`, `created_on`, `modified_by`, `modified_on`) VALUES ('eb974c55-328e-328e-be42-63170cff3qav', '53c947a6-328e-44ef-b1a4-dd576df7d26d', 'b9c7981e-b046-4955-9024-755fa0b75af0', '创建时间', '15', '120', '1', '1', '0', '0', '1', '2018-04-12 11:02:48', '1', '2018-04-12 11:02:48');
INSERT INTO `page_list_fields` (`id`, `page_list_id`, `object_field_id`, `label`, `order`, `width`, `allow_filter`, `allow_sort`, `is_default`, `deleted`, `created_by`, `created_on`, `modified_by`, `modified_on`) VALUES ('eb974c55-a647-328e-be42-63170cff3qav', '53c947a6-328e-44ef-b1a4-dd576df7d26d', '12063190-3fd2-4692-8829-4643d8152fca', '修改人', '16', '120', '1', '1', '0', '0', '1', '2018-04-12 11:02:48', '1', '2018-04-12 11:02:48');
INSERT INTO `page_list_fields` (`id`, `page_list_id`, `object_field_id`, `label`, `order`, `width`, `allow_filter`, `allow_sort`, `is_default`, `deleted`, `created_by`, `created_on`, `modified_by`, `modified_on`) VALUES ('eb974c55-a647-328e-a647-63170cff3qav', '53c947a6-328e-44ef-b1a4-dd576df7d26d', '0dd846ba-a1f7-4213-a01f-a5c12c12fc5e', '修改时间', '17', '120', '1', '1', '0', '0', '1', '2018-04-12 11:02:48', '1', '2018-04-12 11:02:48');
UPDATE `page_list_fields` SET `disable_click`='1' WHERE `id`='eb974c55-44ef-328e-be42-63170cff3qav';
UPDATE `page_list_fields` SET `disable_click`='1' WHERE `id`='eb974c55-a647-328e-be42-63170cff3qav';

INSERT INTO `page_list_actions` (`id`, `page_list_id`, `object_action_id`, `order`, `deleted`, `created_by`, `created_on`, `modified_by`, `modified_on`, `is_need_pre_check`, `pre_check_label`, `is_item_action`) VALUES ('1e288512-2e5c-4a0b-babd-b992116a1919', '53c947a6-328e-44ef-b1a4-dd576df7d26d', '04b792e1-d820-4b92-b5d3-cf338b99716d', '1', '0', '1', '2018-04-12 11:02:47.613564', '1', '2018-04-12 11:02:47.613643', '0', '0', '0');

INSERT INTO `role_to_object_permissions` (`id`, `role_id`, `object_id`, `allow_read`, `allow_create`, `allow_update`, `allow_delete`, `deleted`, `created_by`, `created_on`, `modified_by`, `modified_on`, `allow_import`, `allow_export`, `allow_read_all`, `allow_update_all`, `allow_update_attachment`, `allow_terminate_approval`) VALUES ('acf2f341-11e6-45a0-84c7-b14e3f815qxb', '53de9674-1da3-11e6-ac97-5cc5d4b57137', '6ed2cbde-90f3-asfz-96b0-e4b318c6b596', '1', '0', '0', '0', '0', '1', '2018-04-12 11:02:47', '1', '2018-04-12 11:02:47', '0', '1', '1', '0', '0', '0');

-- list列表默认使用 修改时间 倒序排列
UPDATE `page_lists` SET `sort_field` = '0dd846ba-a1f7-4213-a01f-a5c12c12fc5e',`primary_filter` = 'yearmonth', `primary_filter_configurations` = '' WHERE (`id` = '53c947a6-328e-44ef-b1a4-dd576df7d26d');
