-- =======================电脑端添加 合并主数据模块
-- 移除产品原生
delete from pages where id='54fd826d-6b5e-45e7-ab62-ccd12c2168be';

INSERT INTO `pages` (`id`, `name`, `object_id`, `type`, `page_type`, `url`, `target_screen_size`, `used_as_menu`, `deleted`, `created_by`, `created_on`, `modified_by`, `modified_on`, `source`) VALUES ('54fd826d-6b5e-45e7-ab62-ccd12c2168be', 'record_mergence_list', '0c3e0a18-d005-4030-a58c-fb0e460a99d5', 'list', 'standard', '/record-mergence', 'both', '1', '0', '1', '2018-05-24 02:30:14', '1', '2018-05-24 02:30:14', 'system');

INSERT INTO `menus` (`id`, `name`, `source`, `label`, `parent_id`, `type`, `screen_size`, `page_id`, `deleted`, `created_by`, `created_on`, `modified_by`, `modified_on`, `template`) VALUES ('38163306-adbf-4e90-8ed5-d39432927029', 'record_mergence_list', 'custom', '合并主数据', 'd9584ea1-1d93-11e6-a4c1-5cc5d4d378cb', 'menu', 'large', '54fd826d-6b5e-45e7-ab62-ccd12c2168be', '0', '1', '2018-05-24 02:32:37', '1', '2019-06-24 11:08:46', 'record_mergence_list');
INSERT INTO `menus_assignments` (`id`, `role_id`, `menu_id`, `order`, `deleted`, `created_by`, `created_on`, `modified_by`, `modified_on`) VALUES ('fc006ec0-b2f0-11e7-92ez-5cc5d4d3yexm', '53de9674-1da3-11e6-ac97-5cc5d4b57137', '38163306-adbf-4e90-8ed5-d39432927029', '7', '0', '1', '2019-09-11 11:17:36', '1', '2019-09-11 11:17:36');
-- ==========配置医院 授权给sfe经理
INSERT INTO `page_lists` (`id`, `page_id`, `name`, `query_type`, `source`, `label`, `screen_size`, `formula`, `sort_field`, `is_desc`, `deleted`, `created_by`, `created_on`, `modified_by`, `modified_on`, `primary_filter`, `primary_filter_configurations`) VALUES ('1785fce7-1539-4391-8734-62c01548adeb', '54fd826d-6b5e-45e7-ab62-ccd12c2168be', 'record_mergence_list', 'all', 'custom', '医院数据合并列表', 'large', '1', 'a03f1d82-61d8-4c13-a837-30b4dad1f365', '1', '0', '1', '2018-05-24 02:32:37', '1', '2019-07-08 07:44:50', 'position', '{\"advanced_position_filter\": true}');
INSERT INTO `page_list_assignments` (`id`, `role_id`, `page_list_id`, `deleted`, `created_by`, `created_on`, `modified_by`, `modified_on`, `is_default`) VALUES ('f8128d34-ee29-4e40-92b4-0336e9318wws', '53de9674-1da3-11e6-ac97-5cc5d4b57137', '1785fce7-1539-4391-8734-62c01548adeb', '0', '1', '2019-08-20 06:06:56', '1', '2019-08-20 06:06:56', '1');

INSERT INTO `object_fields` (`id`, `object_id`, `name`, `label`, `description`, `source`, `type`, `target_display_mode`, `target_screen_size`, `deleted`, `created_by`, `created_on`, `modified_by`, `modified_on`, `configurations`, `import_order`, `is_key`, `mandatory`, `allow_filter`, `allow_sort`) VALUES ('7f5b334a-a13f-4121-b51c-2177aa346ca2', '0c3e0a18-d005-4030-a58c-fb0e460a99d5', 'to_account_code', '目标数据编码', '', 'custom', 'refer', 'all', 'both', '0', '1', '2019-08-01 10:14:04', '1', '2019-08-01 10:14:04', '{\"refer_field\": {\"path\": \"to_account.external_id\", \"type\": \"text\"}}', '0', '0', '0', '1', '1');
INSERT INTO `object_fields` (`id`, `object_id`, `name`, `label`, `description`, `source`, `type`, `target_display_mode`, `target_screen_size`, `deleted`, `created_by`, `created_on`, `modified_by`, `modified_on`, `configurations`, `import_order`, `is_key`, `mandatory`, `allow_filter`, `allow_sort`) VALUES ('7f5b334a-a13f-4121-b51c-2177aa346ca1', '0c3e0a18-d005-4030-a58c-fb0e460a99d5', 'from_account_code', '被合并数据编码', '', 'custom', 'refer', 'all', 'both', '0', '1', '2019-08-01 10:14:04', '1', '2019-08-01 10:14:04', '{\"refer_field\": {\"path\": \"from_account.external_id\", \"type\": \"text\"}}', '0', '0', '0', '1', '1');

INSERT INTO `page_list_fields` (`id`, `page_list_id`, `object_field_id`, `label`, `order`, `width`, `allow_filter`, `allow_sort`, `is_default`, `deleted`, `created_by`, `created_on`, `modified_by`, `modified_on`) VALUES ('6f998706-b20f-41ac-90a0-e508cb73f872', '1785fce7-1539-4391-8734-62c01548adeb', '06c48e18-3ed3-4d25-ab46-f185dabce926', '保留医院', '1', '120', '1', '1', '1', '0', '1', '2018-05-24 02:32:37', '1', '2019-08-01 10:14:42');
INSERT INTO `page_list_fields` (`id`, `page_list_id`, `object_field_id`, `label`, `order`, `width`, `allow_filter`, `allow_sort`, `is_default`, `deleted`, `created_by`, `created_on`, `modified_by`, `modified_on`) VALUES ('6f998706-b20f-41ac-90a0-e508cb73fca2', '1785fce7-1539-4391-8734-62c01548adeb', '7f5b334a-a13f-4121-b51c-2177aa346ca2', '保留医院编码', '2', '120', '1', '1', '1', '0', '1', '2019-01-03 01:59:38', '1', '2019-08-01 10:14:42');
INSERT INTO `page_list_fields` (`id`, `page_list_id`, `object_field_id`, `label`, `order`, `width`, `allow_filter`, `allow_sort`, `is_default`, `deleted`, `created_by`, `created_on`, `modified_by`, `modified_on`) VALUES ('08d4963c-b5dc-46c0-9fc1-f477ad5f0aed', '1785fce7-1539-4391-8734-62c01548adeb', '84ff7fc7-9964-4c45-9832-02a51090ea25', '被合并医院', '3', '120', '1', '1', '1', '0', '1', '2018-05-24 02:32:37', '1', '2018-05-24 02:32:37');
INSERT INTO `page_list_fields` (`id`, `page_list_id`, `object_field_id`, `label`, `order`, `width`, `allow_filter`, `allow_sort`, `is_default`, `deleted`, `created_by`, `created_on`, `modified_by`, `modified_on`) VALUES ('6f998706-b20f-41ac-90a0-e508cb73fca1', '1785fce7-1539-4391-8734-62c01548adeb', '7f5b334a-a13f-4121-b51c-2177aa346ca1', '被合并医院编码', '4', '120', '1', '1', '1', '0', '1', '2019-01-03 01:59:38', '1', '2019-01-03 01:59:38');
INSERT INTO `page_list_fields` (`id`, `page_list_id`, `object_field_id`, `label`, `order`, `width`, `allow_filter`, `allow_sort`, `is_default`, `deleted`, `created_by`, `created_on`, `modified_by`, `modified_on`) VALUES ('109fa9f7-09b8-4fc5-b817-577ef96e1e5a', '1785fce7-1539-4391-8734-62c01548adeb', '55fb5cca-e5dd-4cad-b670-376cfad33e12', '合并时间', '5', '120', '1', '1', '1', '0', '1', '2018-05-24 02:32:37', '1', '2018-05-24 02:32:37');
INSERT INTO `page_list_fields` (`id`, `page_list_id`, `object_field_id`, `label`, `order`, `width`, `allow_filter`, `allow_sort`, `is_default`, `deleted`, `created_by`, `created_on`, `modified_by`, `modified_on`) VALUES ('65455f15-135a-4924-a3a6-fd7431dbc521', '1785fce7-1539-4391-8734-62c01548adeb', '7962b2f5-7312-48ee-ab04-9849f419edb3', '合并人', '6', '120', '1', '1', '1', '0', '1', '2018-05-24 02:32:37', '1', '2018-05-24 02:32:37');
-- 添加导出
INSERT INTO `object_actions` (`id`, `object_id`, `type`, `source`, `target_display_mode`, `name`, `icon`, `label`, `is_need_create`, `is_need_delete`, `is_need_read`, `is_need_update`, `deleted`, `created_by`, `created_on`, `modified_by`, `modified_on`, `locked_by_state`, `owner_only`, `is_need_export`, `is_need_import`, `show_in_approval`, `is_need_pre_check`, `pre_check_label`) VALUES ('6c19369a-ce76-414e-ab07-319cb20e3wfm', '0c3e0a18-d005-4030-a58c-fb0e460a99d5', 'custom', 'system', 'all', 'export', 'veev-export', '导出', '0', '0', '0', '0', '0', '1', '2018-12-19 11:42:55', '1', '2018-12-19 11:42:55', '1', '0', '1', '0', '0', '0', '0');
-- 页面加入新建、导出
INSERT INTO `page_list_actions` (`id`, `page_list_id`, `object_action_id`, `order`, `deleted`, `created_by`, `created_on`, `modified_by`, `modified_on`, `is_need_pre_check`, `pre_check_label`, `is_item_action`, `configurations`) VALUES ('8554879d-bf4c-41ff-9028-2cf82d805249', '1785fce7-1539-4391-8734-62c01548adeb', '6c19369a-ce76-414e-ab07-319cb20e3wfm', '2', '0', '1', '2018-07-24 03:14:36.076000', '1', '2018-07-24 03:14:36.076000', '0', '0', '0', '');
INSERT INTO `page_list_actions` (`id`, `page_list_id`, `object_action_id`, `order`, `deleted`, `created_by`, `created_on`, `modified_by`, `modified_on`, `is_need_pre_check`, `pre_check_label`, `is_item_action`, `configurations`) VALUES ('f6577260-3ebe-45e8-875d-d51eae975c3d', '1785fce7-1539-4391-8734-62c01548adeb', '0e3cc30e-39d9-4823-97cf-dbb974c2c4e8', '1', '0', '1', '2018-05-24 02:32:36.667878', '1', '2018-05-24 02:32:36.667917', '0', '0', '0', '');

INSERT INTO `role_to_object_permissions` (`id`, `role_id`, `object_id`, `allow_read`, `allow_create`, `allow_update`, `allow_delete`, `deleted`, `created_by`, `created_on`, `modified_by`, `modified_on`, `allow_import`, `allow_export`, `allow_read_all`, `allow_update_all`) VALUES ('efa5bada-c78c-4293-bed2-e20ad7770df1', '53de9674-1da3-11e6-ac97-5cc5d4b57137', '0c3e0a18-d005-4030-a58c-fb0e460a99d5', '1', '1', '1', '1', '0', '1', '2018-09-01 00:00:00', '1', '2018-09-01 00:00:00', '0', '1', '1', '1');
-- 搭建layout并授权给sfe经理
INSERT INTO `page_layouts` (`id`, `page_id`, `name`, `label`, `source`, `screen_size`, `deleted`, `created_by`, `created_on`, `modified_by`, `modified_on`) VALUES ('2add024b-a045-4caf-9494-ba399efc5606', '54fd826d-6b5e-45e7-ab62-ccd12c2168be', 'hospital_mergence_layout', '医院数据合并', 'custom', 'both', '0', '1', '2018-07-24 03:14:36', '1', '2018-07-24 03:14:36');
INSERT INTO `page_layout_assignments` (`id`, `role_id`, `object_record_type_id`, `page_layout_id`, `deleted`, `created_by`, `created_on`, `modified_by`, `modified_on`, `tips`) VALUES ('3fa3a763-fe46-4945-82b4-0a284e421b6c', '53de9674-1da3-11e6-ac97-5cc5d4b57137', 'a204a1e0-6b85-4f76-87f2-37fc9604442c', '2add024b-a045-4caf-9494-ba399efc5606', '0', '1', '2018-07-24 03:14:36', '1', '2018-07-24 03:14:36', 'null');

INSERT INTO `page_layout_fields` (`id`, `page_layout_id`, `type`, `object_field_id`, `label`, `order`, `colspan`, `is_mandatory`, `is_readonly`, `display_mode`, `deleted`, `created_by`, `created_on`, `modified_by`, `modified_on`, `is_header`) VALUES ('0fdaef28-b648-4897-b63f-61e167ba4931', '2add024b-a045-4caf-9494-ba399efc5606', 'field', '06c48e18-3ed3-4d25-ab46-f185dabce926', '保留医院', '1', '6', '1', '0', 'both', '0', '1', '2018-07-24 03:14:36', '1', '2019-08-01 10:14:42', '0');
INSERT INTO `page_layout_fields` (`id`, `page_layout_id`, `type`, `object_field_id`, `label`, `order`, `colspan`, `is_mandatory`, `is_readonly`, `display_mode`, `deleted`, `created_by`, `created_on`, `modified_by`, `modified_on`, `is_header`) VALUES ('397f50bb-e9bb-4e5d-8b2f-a5e7bac6dceb', '2add024b-a045-4caf-9494-ba399efc5606', 'field', '7962b2f5-7312-48ee-ab04-9849f419edb3', '合并人', '6', '6', '0', '1', 'view', '0', '1', '2018-07-24 03:14:36', '1', '2018-07-24 03:14:36', '0');
INSERT INTO `page_layout_fields` (`id`, `page_layout_id`, `type`, `object_field_id`, `label`, `order`, `colspan`, `is_mandatory`, `is_readonly`, `display_mode`, `deleted`, `created_by`, `created_on`, `modified_by`, `modified_on`, `is_header`) VALUES ('398afb3c-b11c-4191-b438-61c8597af34d', '2add024b-a045-4caf-9494-ba399efc5606', 'field', '7f5b334a-a13f-4121-b51c-2177aa346ca1', '被合并医院编码', '4', '6', '0', '1', 'view', '0', '1', '2018-07-24 03:14:36', '1', '2018-07-24 03:14:36', '0');
INSERT INTO `page_layout_fields` (`id`, `page_layout_id`, `type`, `object_field_id`, `label`, `order`, `colspan`, `is_mandatory`, `is_readonly`, `display_mode`, `deleted`, `created_by`, `created_on`, `modified_by`, `modified_on`, `is_header`) VALUES ('5058f48d-4107-42d3-80d5-6365a47dc644', '2add024b-a045-4caf-9494-ba399efc5606', 'field', '7f5b334a-a13f-4121-b51c-2177aa346ca2', '保留医院编码', '2', '6', '0', '1', 'view', '0', '1', '2018-07-24 03:14:36', '1', '2019-08-01 10:14:42', '0');
INSERT INTO `page_layout_fields` (`id`, `page_layout_id`, `type`, `object_field_id`, `label`, `order`, `colspan`, `is_mandatory`, `is_readonly`, `display_mode`, `deleted`, `created_by`, `created_on`, `modified_by`, `modified_on`, `is_header`) VALUES ('c1ccc59b-4871-4fff-951a-5393d4d041d6', '2add024b-a045-4caf-9494-ba399efc5606', 'field', '55fb5cca-e5dd-4cad-b670-376cfad33e12', '合并时间', '5', '6', '0', '1', 'view', '0', '1', '2018-07-24 03:14:36', '1', '2018-07-24 03:14:36', '0');
INSERT INTO `page_layout_fields` (`id`, `page_layout_id`, `type`, `object_field_id`, `label`, `order`, `colspan`, `is_mandatory`, `is_readonly`, `display_mode`, `deleted`, `created_by`, `created_on`, `modified_by`, `modified_on`, `is_header`) VALUES ('ed73ea93-d1db-450d-9d59-27946f1f7af4', '2add024b-a045-4caf-9494-ba399efc5606', 'field', '84ff7fc7-9964-4c45-9832-02a51090ea25', '被合并医院', '3', '6', '1', '0', 'both', '0', '1', '2018-07-24 03:14:36', '1', '2018-07-24 03:14:36', '0');
-- 插入编辑按钮
INSERT INTO `page_layout_actions` (`id`, `page_layout_id`, `object_action_id`, `display_mode`, `order`, `deleted`, `created_by`, `created_on`, `modified_by`, `modified_on`, `is_need_pre_check`, `pre_check_label`) VALUES ('1d5111db-7fcf-4eea-a794-d5b1d5578c8d', '2add024b-a045-4caf-9494-ba399efc5606', '259713c5-8dd5-4c50-b810-e0e132a7c779', 'edit', '1', '0', '1', '2018-07-24 03:14:36', '1', '2018-07-24 03:14:36', '0', '0');
INSERT INTO `role_to_object_record_types` (`id`, `role_id`, `object_record_type_id`, `is_default`, `deleted`, `created_by`, `created_on`, `modified_by`, `modified_on`) VALUES ('fd61bf80-1071-11e7-1071-5cc5d4d378cc', '53de9674-1da3-11e6-ac97-5cc5d4b57137', 'a204a1e0-6b85-4f76-87f2-37fc9604442c', '1', '0', '1', '2017-04-06 20:22:52', '1', '2017-04-06 20:22:52');

-- 扩展医院弹窗字段
INSERT INTO `object_filter_display_fields` (`id`, `label`, `order`, `width`, `object_field_id`, `object_filter_id`, `deleted`, `created_by`, `created_on`, `modified_by`, `modified_on`, `is_default`) VALUES ('140eb250-7834-4aac-a802-74a2e2e643il', '编码', '1', '150', '24d70ecf-12d4-11e7-bdd5-e4b318c6b596', '72ca4388-b71e-425d-a382-735ae75ff2b5', '0', '1', '2018-05-25 10:33:26', '1', '2018-05-25 10:33:26', '1');
UPDATE `object_filter_display_fields` SET `order` = '2', `width` = '150' WHERE (`id` = '140eb250-7834-4aac-a802-74a2e2e65ad9');
INSERT INTO `object_filter_display_fields` (`id`, `label`, `order`, `width`, `object_field_id`, `object_filter_id`, `deleted`, `created_by`, `created_on`, `modified_by`, `modified_on`, `is_default`) VALUES ('140eb250-7834-a802-a802-74a2e2e643il', '省', '3', '150', '7ef8cac0-74dc-hfgm-8258-5cc5d4d33wan', '72ca4388-b71e-425d-a382-735ae75ff2b5', '0', '1', '2018-05-25 10:33:26', '1', '2018-05-25 10:33:26', '1');
INSERT INTO `object_filter_display_fields` (`id`, `label`, `order`, `width`, `object_field_id`, `object_filter_id`, `deleted`, `created_by`, `created_on`, `modified_by`, `modified_on`, `is_default`) VALUES ('140eb250-a802-4aac-a802-74a2e2e643il', '市', '4', '150', '7f0f11e1-74dc-utyh-ac1d-5cc5d4d3wcvm', '72ca4388-b71e-425d-a382-735ae75ff2b5', '0', '1', '2018-05-25 10:33:26', '1', '2018-05-25 10:33:26', '1');
INSERT INTO `object_filter_display_fields` (`id`, `label`, `order`, `width`, `object_field_id`, `object_filter_id`, `deleted`, `created_by`, `created_on`, `modified_by`, `modified_on`, `is_default`) VALUES ('140eb250-7834-4aac-a802-a802e2e643il', '县（区）', '5', '150', '7f29298f-11e6-urt6-a7c6-5cc5d4d378cb', '72ca4388-b71e-425d-a382-735ae75ff2b5', '0', '1', '2018-05-25 10:33:26', '1', '2018-05-25 10:33:26', '1');
INSERT INTO `object_filter_display_fields` (`id`, `label`, `order`, `width`, `object_field_id`, `object_filter_id`, `deleted`, `created_by`, `created_on`, `modified_by`, `modified_on`, `is_default`) VALUES ('a802b250-7834-4aac-a802-74a2e2e643il', '地址', '6', '200', 'f4aae3d1-20ad-11e6-bfbd-5cc5d4d378cb', '72ca4388-b71e-425d-a382-735ae75ff2b5', '0', '1', '2018-05-25 10:33:26', '1', '2018-05-25 10:33:26', '1');

INSERT INTO `object_filter_display_fields` (`id`, `label`, `order`, `width`, `object_field_id`, `object_filter_id`, `deleted`, `created_by`, `created_on`, `modified_by`, `modified_on`, `is_default`) VALUES ('140eb250-7834-4aac-a802-74a2e2e6ce11', '编码', '1', '150', '24d70ecf-12d4-11e7-bdd5-e4b318c6b596', 'f72e397c-e02d-4979-a504-a1590590b063', '0', '1', '2018-05-25 10:33:26', '1', '2019-11-08 09:18:06', '1');
INSERT INTO `object_filter_display_fields` (`id`, `label`, `order`, `width`, `object_field_id`, `object_filter_id`, `deleted`, `created_by`, `created_on`, `modified_by`, `modified_on`, `is_default`) VALUES ('140eb250-7834-4aac-ce11-a802e2e643il', '县（区）', '5', '150', '7f29298f-11e6-urt6-a7c6-5cc5d4d378cb', 'f72e397c-e02d-4979-a504-a1590590b063', '0', '1', '2018-05-25 10:33:26', '1', '2019-11-08 09:18:06', '1');
INSERT INTO `object_filter_display_fields` (`id`, `label`, `order`, `width`, `object_field_id`, `object_filter_id`, `deleted`, `created_by`, `created_on`, `modified_by`, `modified_on`, `is_default`) VALUES ('140eb250-7834-ce11-a802-74a2e2e643il', '省', '3', '150', '7ef8cac0-74dc-hfgm-8258-5cc5d4d33wan', 'f72e397c-e02d-4979-a504-a1590590b063', '0', '1', '2018-05-25 10:33:26', '1', '2019-11-08 09:18:06', '1');
INSERT INTO `object_filter_display_fields` (`id`, `label`, `order`, `width`, `object_field_id`, `object_filter_id`, `deleted`, `created_by`, `created_on`, `modified_by`, `modified_on`, `is_default`) VALUES ('140eb250-ce11-4aac-a802-74a2e2e643il', '市', '4', '150', '7f0f11e1-74dc-utyh-ac1d-5cc5d4d3wcvm', 'f72e397c-e02d-4979-a504-a1590590b063', '0', '1', '2018-05-25 10:33:26', '1', '2019-11-08 09:18:06', '1');
INSERT INTO `object_filter_display_fields` (`id`, `label`, `order`, `width`, `object_field_id`, `object_filter_id`, `deleted`, `created_by`, `created_on`, `modified_by`, `modified_on`, `is_default`) VALUES ('a802b250-7834-4aac-a802-ce11e2e643il', '地址', '6', '200', 'f4aae3d1-20ad-11e6-bfbd-5cc5d4d378cb', 'f72e397c-e02d-4979-a504-a1590590b063', '0', '1', '2018-05-25 10:33:26', '1', '2018-05-25 10:33:26', '1');
UPDATE `object_filter_display_fields` SET `order` = '2', `width` = '150' WHERE (`id` = '49e676d3-ce11-4923-b3e2-e304fa8297a7');

--  医院列表默认 使用 合并事件 倒序排列
UPDATE `page_lists` SET `sort_field` = '55fb5cca-e5dd-4cad-b670-376cfad33e12' WHERE (`id` = '1785fce7-1539-4391-8734-62c01548adeb');

-- 电脑端list添加过滤条件
INSERT INTO `page_list_conditions` (`id`, `page_list_id`, `object_field_id`, `operator`, `value`, `formula_number`, `deleted`, `created_by`, `created_on`, `modified_by`, `modified_on`) VALUES ('2e4307e1-dee4-43d0-a09a-b336abc8ba39', '1785fce7-1539-4391-8734-62c01548adeb', 'ca646f05-4d3d-4d03-949d-83b7caa83fae', 'eq', 'a204a1e0-6b85-4f76-87f2-37fc9604442c', '1', '0', '1', '2019-07-08 09:52:02', '1', '2019-07-08 09:52:02');

-- =========配置医生=============================================
INSERT INTO `page_lists` (`id`, `page_id`, `name`, `query_type`, `source`, `label`, `screen_size`, `formula`, `sort_field`, `is_desc`, `deleted`, `created_by`, `created_on`, `modified_by`, `modified_on`, `primary_filter`, `primary_filter_configurations`) VALUES ('86922ae5-f70c-480d-b02e-324bb65733c4', '54fd826d-6b5e-45e7-ab62-ccd12c2168be', 'professional_mergence_list', 'all', 'custom', '医生数据合并列表', 'large', '1', '55fb5cca-e5dd-4cad-b670-376cfad33e12', '1', '0', '1', '2018-07-24 03:14:36', '1', '2019-07-08 07:45:12', 'position', '{\"advanced_position_filter\": true}');
INSERT INTO `page_list_assignments` (`id`, `role_id`, `page_list_id`, `deleted`, `created_by`, `created_on`, `modified_by`, `modified_on`, `is_default`) VALUES ('f8128d34-ee29-92b4-4e40-0336e9318wws', '53de9674-1da3-11e6-ac97-5cc5d4b57137', '86922ae5-f70c-480d-b02e-324bb65733c4', '0', '1', '2019-08-20 06:06:56', '1', '2019-08-20 06:06:56', '1');

INSERT INTO `object_fields` (`id`, `object_id`, `name`, `label`, `source`, `type`, `target_display_mode`, `target_screen_size`, `deleted`, `created_by`, `created_on`, `modified_by`, `modified_on`, `configurations`, `import_order`, `is_key`, `mandatory`, `allow_filter`, `allow_sort`) VALUES ('34c3abd6-8b58-43a5-b054-ae7dd7031018', '0c3e0a18-d005-4030-a58c-fb0e460a99d5', 'cs_from_professional_id', '被合并医生ID', 'custom', 'refer', 'all', 'both', '0', '1', '2018-08-09 09:40:42', '1', '2018-08-09 09:40:42', '{\"refer_field\": {\"path\": \"from_account.id\", \"type\": \"text\"}}', '0', '0', '0', '1', '1');
INSERT INTO `object_fields` (`id`, `object_id`, `name`, `label`, `source`, `type`, `target_display_mode`, `target_screen_size`, `deleted`, `created_by`, `created_on`, `modified_by`, `modified_on`, `configurations`, `import_order`, `is_key`, `mandatory`, `allow_filter`, `allow_sort`) VALUES ('e351d990-4846-44c4-9697-e78ab48ffc0e', '0c3e0a18-d005-4030-a58c-fb0e460a99d5', 'cs_to_professional__id', '保留医生ID', 'custom', 'refer', 'all', 'both', '0', '1', '2018-08-09 09:40:42', '1', '2018-08-09 09:40:42', '{\"refer_field\": {\"path\": \"to_account.id\", \"type\": \"text\"}}', '0', '0', '0', '1', '1');
INSERT INTO `object_fields` (`id`, `object_id`, `name`, `label`, `source`, `type`, `target_display_mode`, `target_screen_size`, `deleted`, `created_by`, `created_on`, `modified_by`, `modified_on`, `configurations`, `import_order`, `is_key`, `mandatory`, `allow_filter`, `allow_sort`) VALUES ('bdb2b2ff-8009-4577-bc9b-445384dec8d7', '0c3e0a18-d005-4030-a58c-fb0e460a99d5', 'cs_to_professional_hospital', '保留医生所属医院', 'custom', 'refer', 'all', 'both', '0', '1', '2018-08-09 09:40:42', '1', '2018-08-09 09:40:42', '{\"refer_field\": {\"path\": \"to_account.hospital.name\", \"type\": \"text\"}}', '0', '0', '0', '1', '1');
INSERT INTO `object_fields` (`id`, `object_id`, `name`, `label`, `source`, `type`, `target_display_mode`, `target_screen_size`, `deleted`, `created_by`, `created_on`, `modified_by`, `modified_on`, `configurations`, `import_order`, `is_key`, `mandatory`, `allow_filter`, `allow_sort`) VALUES ('db7c2af3-34e5-452d-8947-83e824c90002', '0c3e0a18-d005-4030-a58c-fb0e460a99d5', 'cs_from_professional_hospital', '被合并医生所属医院', 'custom', 'refer', 'all', 'both', '0', '1', '2018-08-09 09:40:42', '1', '2018-08-09 09:40:42', '{\"refer_field\": {\"path\": \"from_account.hospital.name\", \"type\": \"text\"}}', '0', '0', '0', '1', '1');

INSERT INTO `page_list_fields` (`id`, `page_list_id`, `object_field_id`, `label`, `order`, `width`, `allow_filter`, `allow_sort`, `is_default`, `deleted`, `created_by`, `created_on`, `modified_by`, `modified_on`) VALUES ('1e1d9aae-7d99-4d7f-afab-96f2bb25bbb6', '86922ae5-f70c-480d-b02e-324bb65733c4', '7f5b334a-a13f-4121-b51c-2177aa346ca1', '被合并医生编码', '6', '120', '1', '1', '1', '0', '1', '2018-05-24 02:32:37', '1', '2018-05-24 02:32:37');
INSERT INTO `page_list_fields` (`id`, `page_list_id`, `object_field_id`, `label`, `order`, `width`, `allow_filter`, `allow_sort`, `is_default`, `deleted`, `created_by`, `created_on`, `modified_by`, `modified_on`) VALUES ('26827ce0-f512-4d38-976a-196b6571f4fd', '86922ae5-f70c-480d-b02e-324bb65733c4', '7962b2f5-7312-48ee-ab04-9849f419edb3', '合并人', '10', '120', '1', '1', '1', '0', '1', '2018-05-24 02:32:37', '1', '2018-05-24 02:32:37');
INSERT INTO `page_list_fields` (`id`, `page_list_id`, `object_field_id`, `label`, `order`, `width`, `allow_filter`, `allow_sort`, `is_default`, `deleted`, `created_by`, `created_on`, `modified_by`, `modified_on`) VALUES ('564a963b-21f1-4d9b-b61a-cd5607eaca34', '86922ae5-f70c-480d-b02e-324bb65733c4', '55fb5cca-e5dd-4cad-b670-376cfad33e12', '合并时间', '9', '120', '1', '1', '1', '0', '1', '2018-05-24 02:32:37', '1', '2018-05-24 02:32:37');
INSERT INTO `page_list_fields` (`id`, `page_list_id`, `object_field_id`, `label`, `order`, `width`, `allow_filter`, `allow_sort`, `is_default`, `deleted`, `created_by`, `created_on`, `modified_by`, `modified_on`) VALUES ('8d855453-310d-47d1-8c46-9ae0d704e9cf', '86922ae5-f70c-480d-b02e-324bb65733c4', '34c3abd6-8b58-43a5-b054-ae7dd7031018', '被合并医生ID', '5', '120', '1', '1', '1', '0', '1', '2018-05-24 02:32:37', '1', '2018-05-24 02:32:37');
INSERT INTO `page_list_fields` (`id`, `page_list_id`, `object_field_id`, `label`, `order`, `width`, `allow_filter`, `allow_sort`, `is_default`, `deleted`, `created_by`, `created_on`, `modified_by`, `modified_on`) VALUES ('ac3a6dc8-3154-467e-b642-52f1fdd7d04e', '86922ae5-f70c-480d-b02e-324bb65733c4', 'e351d990-4846-44c4-9697-e78ab48ffc0e', '保留医生ID', '1', '120', '1', '1', '1', '0', '1', '2018-05-24 02:32:37', '1', '2018-05-24 02:32:37');
INSERT INTO `page_list_fields` (`id`, `page_list_id`, `object_field_id`, `label`, `order`, `width`, `allow_filter`, `allow_sort`, `is_default`, `deleted`, `created_by`, `created_on`, `modified_by`, `modified_on`) VALUES ('bf3cd399-a6fe-4019-857d-bf18f6acef50', '86922ae5-f70c-480d-b02e-324bb65733c4', 'bdb2b2ff-8009-4577-bc9b-445384dec8d7', '保留医生所属医院', '4', '120', '1', '1', '1', '0', '1', '2019-01-03 01:59:38', '1', '2019-01-03 01:59:38');
INSERT INTO `page_list_fields` (`id`, `page_list_id`, `object_field_id`, `label`, `order`, `width`, `allow_filter`, `allow_sort`, `is_default`, `deleted`, `created_by`, `created_on`, `modified_by`, `modified_on`) VALUES ('c4121b57-3845-4469-aac0-c5969105787e', '86922ae5-f70c-480d-b02e-324bb65733c4', '7f5b334a-a13f-4121-b51c-2177aa346ca2', '保留医生编码', '2', '120', '1', '1', '1', '0', '1', '2018-05-24 02:32:37', '1', '2018-05-24 02:32:37');
INSERT INTO `page_list_fields` (`id`, `page_list_id`, `object_field_id`, `label`, `order`, `width`, `allow_filter`, `allow_sort`, `is_default`, `deleted`, `created_by`, `created_on`, `modified_by`, `modified_on`) VALUES ('d03451fa-7974-4aae-b548-c5896aa0a121', '86922ae5-f70c-480d-b02e-324bb65733c4', 'db7c2af3-34e5-452d-8947-83e824c90002', '被合并医生所属医院', '8', '120', '1', '1', '1', '0', '1', '2019-01-03 01:59:38', '1', '2019-01-03 01:59:38');
INSERT INTO `page_list_fields` (`id`, `page_list_id`, `object_field_id`, `label`, `order`, `width`, `allow_filter`, `allow_sort`, `is_default`, `deleted`, `created_by`, `created_on`, `modified_by`, `modified_on`) VALUES ('d057ecbe-04e5-40b0-aaa7-4e38a28d2466', '86922ae5-f70c-480d-b02e-324bb65733c4', '9ddd7322-ad0c-4d52-b7e9-a2fa14030b34', '被合并医生', '7', '120', '1', '1', '1', '0', '1', '2018-05-24 02:32:37', '1', '2018-05-24 02:32:37');
INSERT INTO `page_list_fields` (`id`, `page_list_id`, `object_field_id`, `label`, `order`, `width`, `allow_filter`, `allow_sort`, `is_default`, `deleted`, `created_by`, `created_on`, `modified_by`, `modified_on`) VALUES ('dd9f0124-9616-4aa4-a9fa-0f75a910e852', '86922ae5-f70c-480d-b02e-324bb65733c4', 'ed612ef8-39e7-493f-9100-de205530eaba', '保留医生', '3', '120', '1', '1', '1', '0', '1', '2018-05-24 02:32:37', '1', '2018-05-24 02:32:37');

INSERT INTO `page_list_actions` (`id`, `page_list_id`, `object_action_id`, `order`, `deleted`, `created_by`, `created_on`, `modified_by`, `modified_on`, `is_need_pre_check`, `pre_check_label`, `is_item_action`, `configurations`) VALUES ('869ce649-d955-4ff2-bb3d-04bf4cc33537', '86922ae5-f70c-480d-b02e-324bb65733c4', '0e3cc30e-39d9-4823-97cf-dbb974c2c4e8', '1', '0', '1', '2018-07-24 03:14:36.076000', '1', '2018-07-24 03:14:36.076000', '0', '0', '0', '');
INSERT INTO `page_list_actions` (`id`, `page_list_id`, `object_action_id`, `order`, `deleted`, `created_by`, `created_on`, `modified_by`, `modified_on`, `is_need_pre_check`, `pre_check_label`, `is_item_action`, `configurations`) VALUES ('aa38b498-c20a-4b7b-8188-b81b269cefb3', '86922ae5-f70c-480d-b02e-324bb65733c4', '6c19369a-ce76-414e-ab07-319cb20e3wfm', '2', '0', '1', '2018-07-24 03:14:36.076000', '1', '2018-07-24 03:14:36.076000', '0', '0', '0', '');

INSERT INTO `page_layouts` (`id`, `page_id`, `name`, `label`, `source`, `screen_size`, `deleted`, `created_by`, `created_on`, `modified_by`, `modified_on`) VALUES ('8fd2604f-aeb9-40b7-8278-997d556024e0', '54fd826d-6b5e-45e7-ab62-ccd12c2168be', 'professional_mergence_layout', '医生数据合并', 'custom', 'both', '0', '1', '2018-07-24 03:14:36', '1', '2019-08-01 10:14:04');

INSERT INTO `page_layout_assignments` (`id`, `role_id`, `object_record_type_id`, `page_layout_id`, `deleted`, `created_by`, `created_on`, `modified_by`, `modified_on`, `tips`) VALUES ('7f6a9767-46eb-4a42-a3db-ea431c9bb12c', '53de9674-1da3-11e6-ac97-5cc5d4b57137', '53e2b895-5667-4df4-8b3b-df6f0a48316a', '8fd2604f-aeb9-40b7-8278-997d556024e0', '0', '1', '2018-07-24 03:14:36', '1', '2018-07-24 03:14:36', 'null');

INSERT INTO `role_to_object_record_types` (`id`, `role_id`, `object_record_type_id`, `is_default`, `deleted`, `created_by`, `created_on`, `modified_by`, `modified_on`) VALUES ('8a84e98c-72e7-4759-88d1-a39aacccc382', '53de9674-1da3-11e6-ac97-5cc5d4b57137', '53e2b895-5667-4df4-8b3b-df6f0a48316a', '0', '0', '1', '2018-07-24 03:14:36', '1', '2018-07-24 03:14:36');

INSERT INTO `page_layout_fields` (`id`, `page_layout_id`, `type`, `object_field_id`, `label`, `order`, `colspan`, `is_mandatory`, `is_readonly`, `display_mode`, `deleted`, `created_by`, `created_on`, `modified_by`, `modified_on`, `is_header`) VALUES ('031ab23b-caf4-40a0-a205-8a87b1b7e0b1', '8fd2604f-aeb9-40b7-8278-997d556024e0', 'field', 'bdb2b2ff-8009-4577-bc9b-445384dec8d7', '保留医生所属医院', '4', '6', '0', '1', 'view', '0', '1', '2018-07-24 03:14:36', '1', '2019-08-01 10:14:04', '0');
INSERT INTO `page_layout_fields` (`id`, `page_layout_id`, `type`, `object_field_id`, `label`, `order`, `colspan`, `is_mandatory`, `is_readonly`, `display_mode`, `deleted`, `created_by`, `created_on`, `modified_by`, `modified_on`, `is_header`) VALUES ('1abd337b-048f-41e9-b8cd-def4f9b0bb74', '8fd2604f-aeb9-40b7-8278-997d556024e0', 'field', '55fb5cca-e5dd-4cad-b670-376cfad33e12', '合并时间', '9', '6', '0', '1', 'view', '0', '1', '2018-07-24 03:14:36', '1', '2019-08-01 10:14:04', '0');
INSERT INTO `page_layout_fields` (`id`, `page_layout_id`, `type`, `object_field_id`, `label`, `order`, `colspan`, `is_mandatory`, `is_readonly`, `display_mode`, `deleted`, `created_by`, `created_on`, `modified_by`, `modified_on`, `is_header`) VALUES ('64d0ad21-d459-4bc5-bd95-01aeff906346', '8fd2604f-aeb9-40b7-8278-997d556024e0', 'field', '7962b2f5-7312-48ee-ab04-9849f419edb3', '合并人', '10', '6', '0', '1', 'view', '0', '1', '2018-07-24 03:14:36', '1', '2019-08-01 10:14:04', '0');
INSERT INTO `page_layout_fields` (`id`, `page_layout_id`, `type`, `object_field_id`, `label`, `order`, `colspan`, `is_mandatory`, `is_readonly`, `display_mode`, `deleted`, `created_by`, `created_on`, `modified_by`, `modified_on`, `is_header`) VALUES ('679b8cc7-6a24-4358-bf4f-76ffba2d1d18', '8fd2604f-aeb9-40b7-8278-997d556024e0', 'field', '7f5b334a-a13f-4121-b51c-2177aa346ca1', '被合并医生编码', '6', '6', '0', '1', 'view', '0', '1', '2018-07-24 03:14:36', '1', '2019-07-09 12:32:27', '0');
INSERT INTO `page_layout_fields` (`id`, `page_layout_id`, `type`, `object_field_id`, `label`, `order`, `colspan`, `is_mandatory`, `is_readonly`, `display_mode`, `deleted`, `created_by`, `created_on`, `modified_by`, `modified_on`, `is_header`) VALUES ('6884365f-405d-4642-b12e-efcc5df60326', '8fd2604f-aeb9-40b7-8278-997d556024e0', 'field', '9ddd7322-ad0c-4d52-b7e9-a2fa14030b34', '被合并医生', '7', '6', '1', '0', 'both', '0', '1', '2018-07-24 03:14:36', '1', '2019-08-01 10:14:04', '0');
INSERT INTO `page_layout_fields` (`id`, `page_layout_id`, `type`, `object_field_id`, `label`, `order`, `colspan`, `is_mandatory`, `is_readonly`, `display_mode`, `deleted`, `created_by`, `created_on`, `modified_by`, `modified_on`, `is_header`) VALUES ('9747731b-00a9-4a63-b7d1-f6126cced181', '8fd2604f-aeb9-40b7-8278-997d556024e0', 'field', 'db7c2af3-34e5-452d-8947-83e824c90002', '被合并医生所属医院', '8', '6', '0', '1', 'view', '0', '1', '2018-07-24 03:14:36', '1', '2019-08-01 10:14:04', '0');
INSERT INTO `page_layout_fields` (`id`, `page_layout_id`, `type`, `object_field_id`, `label`, `order`, `colspan`, `is_mandatory`, `is_readonly`, `display_mode`, `deleted`, `created_by`, `created_on`, `modified_by`, `modified_on`, `is_header`) VALUES ('cd00be78-3b90-4838-a2b5-c846c818aa57', '8fd2604f-aeb9-40b7-8278-997d556024e0', 'field', 'e351d990-4846-44c4-9697-e78ab48ffc0e', '保留医生ID', '1', '6', '0', '1', 'view', '0', '1', '2018-07-24 03:14:36', '1', '2019-07-09 12:32:27', '0');
INSERT INTO `page_layout_fields` (`id`, `page_layout_id`, `type`, `object_field_id`, `label`, `order`, `colspan`, `is_mandatory`, `is_readonly`, `display_mode`, `deleted`, `created_by`, `created_on`, `modified_by`, `modified_on`, `is_header`) VALUES ('d3e79571-dd87-4b47-9ff9-de589da41649', '8fd2604f-aeb9-40b7-8278-997d556024e0', 'field', '34c3abd6-8b58-43a5-b054-ae7dd7031018', '被合并医生ID', '5', '6', '0', '1', 'view', '0', '1', '2018-07-24 03:14:36', '1', '2019-07-09 12:32:27', '0');
INSERT INTO `page_layout_fields` (`id`, `page_layout_id`, `type`, `object_field_id`, `label`, `order`, `colspan`, `is_mandatory`, `is_readonly`, `display_mode`, `deleted`, `created_by`, `created_on`, `modified_by`, `modified_on`, `is_header`) VALUES ('e1350343-87ca-416c-bb42-9ed8f11a76ff', '8fd2604f-aeb9-40b7-8278-997d556024e0', 'field', 'ed612ef8-39e7-493f-9100-de205530eaba', '保留医生', '3', '6', '1', '0', 'both', '0', '1', '2018-07-24 03:14:36', '1', '2019-08-01 10:14:04', '0');
INSERT INTO `page_layout_fields` (`id`, `page_layout_id`, `type`, `object_field_id`, `label`, `order`, `colspan`, `is_mandatory`, `is_readonly`, `display_mode`, `deleted`, `created_by`, `created_on`, `modified_by`, `modified_on`, `is_header`) VALUES ('f0ff0835-396d-45e4-b8cc-bda8c438d2e3', '8fd2604f-aeb9-40b7-8278-997d556024e0', 'field', '7f5b334a-a13f-4121-b51c-2177aa346ca2', '保留医生编码', '2', '6', '0', '1', 'view', '0', '1', '2018-07-24 03:14:36', '1', '2019-07-09 12:32:27', '0');

INSERT INTO `page_layout_actions` (`id`, `page_layout_id`, `object_action_id`, `display_mode`, `order`, `deleted`, `created_by`, `created_on`, `modified_by`, `modified_on`, `is_need_pre_check`, `pre_check_label`) VALUES ('7515ada4-2769-408c-b6aa-bfa5caa6a6b1', '8fd2604f-aeb9-40b7-8278-997d556024e0', '259713c5-8dd5-4c50-b810-e0e132a7c779', 'edit', '1', '0', '1', '2018-07-24 03:14:36', '1', '2018-07-24 03:14:36', '0', '0');

-- 调整选择医生的显示字段
INSERT INTO `object_filter_display_fields` (`id`, `label`, `order`, `width`, `object_field_id`, `object_filter_id`, `deleted`, `created_by`, `created_on`, `modified_by`, `modified_on`, `is_default`) VALUES ('ac8d8687-c4ea-4e19-a8b9-053a18c04exb', '编码', '1', '200', '24d70ecf-12d4-11e7-bdd5-e4b318c6b596', '8bc974f3-8e52-49f7-88f7-250463f5ff1e', '0', '1', '2018-05-25 10:33:26', '1', '2018-05-25 10:33:26', '1');
UPDATE `object_filter_display_fields` SET `order` = '2',width=200  WHERE (`id` = 'ac8d8687-c4ea-4e19-a8b9-053a18c0ec43');
INSERT INTO `object_filter_display_fields` (`id`, `label`, `order`, `width`, `object_field_id`, `object_filter_id`, `deleted`, `created_by`, `created_on`, `modified_by`, `modified_on`, `is_default`) VALUES ('ac8d8687-c4ea-4e19-a8b9-053a18c033wn', '所属医院', '3', '200', 'bb8c4b1e-20b2-11e6-b1b5-5cc5d4d378cb', '8bc974f3-8e52-49f7-88f7-250463f5ff1e', '0', '1', '2018-05-25 10:33:26', '1', '2018-05-25 10:33:26', '1');
INSERT INTO `object_filter_display_fields` (`id`, `label`, `order`, `width`, `object_field_id`, `object_filter_id`, `deleted`, `created_by`, `created_on`, `modified_by`, `modified_on`, `is_default`) VALUES ('ac8d8687-c4ea-3wsx-a8b9-053a18c033wn', '所属科室', '4', '200', 'c323dbc0-1cfc-452e-a506-491fc29e3714', '8bc974f3-8e52-49f7-88f7-250463f5ff1e', '0', '1', '2018-05-25 10:33:26', '1', '2018-05-25 10:33:26', '1');

INSERT INTO `object_filter_display_fields` (`id`, `label`, `order`, `width`, `object_field_id`, `object_filter_id`, `deleted`, `created_by`, `created_on`, `modified_by`, `modified_on`, `is_default`) VALUES ('ac8d8687-c4ea-0d16-a8b9-053a18c033wn', '所属科室', '4', '200', 'c323dbc0-1cfc-452e-a506-491fc29e3714', '76ba3895-e09f-4b35-88f1-d4664ca919d6', '0', '1', '2018-05-25 10:33:26', '1', '2019-11-08 08:49:54', '1');
INSERT INTO `object_filter_display_fields` (`id`, `label`, `order`, `width`, `object_field_id`, `object_filter_id`, `deleted`, `created_by`, `created_on`, `modified_by`, `modified_on`, `is_default`) VALUES ('ac8d8687-0d16-4e19-a8b9-053a18c033wn', '所属医院', '3', '200', 'bb8c4b1e-20b2-11e6-b1b5-5cc5d4d378cb', '76ba3895-e09f-4b35-88f1-d4664ca919d6', '0', '1', '2018-05-25 10:33:26', '1', '2019-11-08 08:49:54', '1');
INSERT INTO `object_filter_display_fields` (`id`, `label`, `order`, `width`, `object_field_id`, `object_filter_id`, `deleted`, `created_by`, `created_on`, `modified_by`, `modified_on`, `is_default`) VALUES ('ac8d8687-c4ea-4e19-a8b9-0d1618c04exb', '编码', '1', '200', '24d70ecf-12d4-11e7-bdd5-e4b318c6b596', '76ba3895-e09f-4b35-88f1-d4664ca919d6', '0', '1', '2018-05-25 10:33:26', '1', '2019-11-08 08:49:54', '1');
UPDATE `object_filter_display_fields` SET `order` = '2', `width` = '200' WHERE (`id` = 'ddebf5d7-0d16-4eb2-a8c9-ddae892637b8');

-- 电脑端list添加过滤条件
INSERT INTO `page_list_conditions` (`id`, `page_list_id`, `object_field_id`, `operator`, `value`, `formula_number`, `deleted`, `created_by`, `created_on`, `modified_by`, `modified_on`) VALUES ('460eb056-a4ae-4b4d-a49a-d6dccf741b73', '86922ae5-f70c-480d-b02e-324bb65733c4', 'ca646f05-4d3d-4d03-949d-83b7caa83fae', 'eq', '53e2b895-5667-4df4-8b3b-df6f0a48316a', '1', '0', '1', '2019-07-08 09:52:02', '1', '2019-07-08 09:52:02');
