-- 开启岗位精确匹配
UPDATE objects SET precise_position = 1, `modified_on`='2019-08-19 20:22:40'  WHERE id = '33a5b140-dc75-11e6-b3a7-e4b318c6b596';
UPDATE `object_record_types` SET `code_prefix`='HCO' WHERE `id`='216100c0-1d85-11e6-b31e-5cc5d4d378cb';
-- INSERT INTO `object_validations` (`id`, `object_id`, `label`, `description`, `type`, `trigger_code`, `error_message`, `deleted`, `created_by`, `created_on`, `modified_by`, `modified_on`, `edit_type`, `is_active`, `source`, `name`) VALUES ('120931dc-a483-11e9-a37a-02f90e0f44qc', '9529d4c0-20a8-11e6-995f-5cc5d4d378cb', '医生veevacode覆盖externalid', '医生veevacode覆盖externalid', 'trigger', 'from orionbase.common.models import Accounts\nfrom orionbase.common import orion_function\nfrom orionbase.common import models\nfrom django.db import connection\nfrom django.db.models import Q, Min, Max\n\nif isinstance(instance, Accounts):\n    # 医生的时候\n    if instance.record_type_id == \'216100c0-1d85-11e6-b31e-5cc5d4d378cb\':\n        if not instance.external_id:\n            with connection.cursor() as cursor:\n                update_sql = \"\"\"\n                    update accounts\n                    set external_id = veeva_code\n                    where id = {id}\n                    ;\n                \"\"\".format(id = instance.id)\n                cursor.execute(update_sql)\n\n', '', '0', '1', '2019-08-01 10:14:42', '1', '2019-08-01 10:14:42', 'post_save', '1', 'custom', 'cs_veevacode cover externalid');

-- 增加医生DCR列表页面并授权
INSERT INTO `page_lists` (`id`, `page_id`, `name`, `query_type`, `source`, `label`, `screen_size`, `formula`, `sort_field`, `is_desc`, `deleted`, `created_by`, `created_on`, `modified_by`, `modified_on`, `is_readonly`, `style`, `detail_disabled`, `configurations`, `aggregate_field`, `owner`, `primary_filter`, `report_id`, `primary_filter_configurations`, `external_condition`, `db_hint`)
VALUES('fc53e64f-dc9a-11e6-bcb5-e4b318c6b522', 'b614fab0-dc88-11e6-a7a3-e4b318c6b596', 'dcr_professional', 'rls', 'custom', '变更申请列表（医生）', 'small', '1', NULL, '1', 0, 1, '2019-08-19 20:22:40', 1, '2019-08-19 20:22:40', NULL, NULL, 0, NULL, NULL, NULL, NULL, NULL, NULL, NULL,NULL);

-- 医生列表页面新建action
INSERT INTO `page_list_actions` (`id`, `page_list_id`, `object_action_id`, `order`, `deleted`, `created_by`, `created_on`, `modified_by`, `modified_on`, `is_need_pre_check`, `pre_check_label`, `is_item_action`, `configurations`)
VALUES('8526d672-62e4-11e7-a513-c85b76d4d309', 'fc53e64f-dc9a-11e6-bcb5-e4b318c6b522', 'f765645e-dcb4-11e6-af37-e4b318c6b596', 1, 0, 1, '2019-08-19 20:22:40.000000', 1, '2019-08-19 20:22:40.000000', 0, '0', 0, NULL);

INSERT INTO `page_list_conditions` (`id`, `page_list_id`, `object_field_id`, `operator`, `value`, `formula_number`, `deleted`, `created_by`, `created_on`, `modified_by`, `modified_on`) VALUES
('019b7b58-8643-11e7-9485-02d2a9243sgc', 'fc53e64f-dc9a-11e6-bcb5-e4b318c6b522', 'a2321f91-dc7f-11e6-bfde-e4b318c6b596', 'in','990ea121-dc86-11e6-ac70-e4b318c6b596,6b45d306-e8af-4868-896d-6e477d51bdde,98ea9e61-dc86-11e6-ada3-e4b318c6b596,98fdff4f-dc86-11e6-b1cc-e4b318c6b596', '1', '0', '1', '2019-08-19 20:22:40', '1', '2019-08-19 20:22:40');

INSERT INTO `page_list_fields` (`id`, `page_list_id`, `object_field_id`, `label`, `order`, `width`, `allow_filter`, `allow_sort`, `is_default`, `deleted`, `created_by`, `created_on`, `modified_by`, `modified_on`) VALUES ('8a5bcdde-dc9c-11e6-9f72-e4b318c6ety1', 'fc53e64f-dc9a-11e6-bcb5-e4b318c6b522', 'a190d680-dc7f-11e6-b73a-e4b318c6b596', '医生姓名', '4', '120', '1', '1', '1', '0', '1', '2017-01-01 00:00:00', '1', '2017-01-01 00:00:00');
INSERT INTO `page_list_fields` (`id`, `page_list_id`, `object_field_id`, `label`, `order`, `width`, `allow_filter`, `allow_sort`, `is_default`, `deleted`, `created_by`, `created_on`, `modified_by`, `modified_on`) VALUES ('8a74ad11-dc9c-11e6-8935-e4b318c6ety2', 'fc53e64f-dc9a-11e6-bcb5-e4b318c6b522', 'a1c776de-dc7f-11e6-93cb-e4b318c6b596', '所属医院', '5', '120', '1', '1', '1', '0', '1', '2017-01-01 00:00:00', '1', '2017-01-01 00:00:00');
INSERT INTO `page_list_fields` (`id`, `page_list_id`, `object_field_id`, `label`, `order`, `width`, `allow_filter`, `allow_sort`, `is_default`, `deleted`, `created_by`, `created_on`, `modified_by`, `modified_on`) VALUES ('8a883511-dc9c-11e6-b64a-e4b318c6ety3', 'fc53e64f-dc9a-11e6-bcb5-e4b318c6b522', '9b26c99f-298f-4ea2-92fd-a5f58931bbed', '科室', '6', '120', '1', '1', '1', '0', '1', '2018-06-07 06:13:40', '1', '2018-06-07 06:13:40');
INSERT INTO `page_list_fields` (`id`, `page_list_id`, `object_field_id`, `label`, `order`, `width`, `allow_filter`, `allow_sort`, `is_default`, `deleted`, `created_by`, `created_on`, `modified_by`, `modified_on`) VALUES ('8a9c8061-dc9c-11e6-a094-e4b318c6ety4', 'fc53e64f-dc9a-11e6-bcb5-e4b318c6b522', 'a2321f91-dc7f-11e6-bfde-e4b318c6b596', '申请类型', '2', '120', '0', '0', '1', '0', '1', '2017-01-01 00:00:00', '1', '2017-01-01 00:00:00');
INSERT INTO `page_list_fields` (`id`, `page_list_id`, `object_field_id`, `label`, `order`, `width`, `allow_filter`, `allow_sort`, `is_default`, `deleted`, `created_by`, `created_on`, `modified_by`, `modified_on`) VALUES ('8ab0a49e-dc9c-11e6-bf33-e4b318c6ety5', 'fc53e64f-dc9a-11e6-bcb5-e4b318c6b522', 'a255fb40-dc7f-11e6-b0cb-e4b318c6b596', '申请状态', '1', '120', '0', '0', '1', '0', '1', '2017-01-01 00:00:00', '1', '2017-01-01 00:00:00');
INSERT INTO `page_list_fields` (`id`, `page_list_id`, `object_field_id`, `label`, `order`, `width`, `allow_filter`, `allow_sort`, `is_default`, `deleted`, `created_by`, `created_on`, `modified_by`, `modified_on`) VALUES ('8ab0a49e-dc9c-11e6-bf33-e4b318c6ety6', 'fc53e64f-dc9a-11e6-bcb5-e4b318c6b522', 'e74f9a90-12d4-11e7-b04b-e4b318c6b596', '医生编码', '3', '120', '0', '0', '1', '0', '1', '2017-01-01 00:00:00', '1', '2017-01-01 00:00:00');

-- 添加新客户（草稿）
INSERT INTO `page_layouts` (`id`, `page_id`, `name`, `label`, `source`, `screen_size`, `deleted`, `created_by`, `created_on`, `modified_by`, `modified_on`) VALUES
 ('c589cf68-e2d5-4f75-b23f-d2788e565abm', 'b6006140-dc88-11e6-9d4e-e4b318c6b596', 'add_new_account_draft_s', '添加新医生_计划申请', 'custom', 'small', '0', '1', '2018-08-02 10:33:29', '1', '2018-08-02 10:33:29');
-- 启用新字段
UPDATE `object_fields` SET `picklist_id`='7e71a0f0-e06a-11e6-be9f-5cc5d4d378cb' WHERE `id`='a2d898c0-dc7f-kutg-b724-e4b318c6b596';
UPDATE `object_fields` SET `label`='备注' WHERE `id`='a3e6864f-dc7f-11e6-ad60-e4b318c6b596';
UPDATE `object_database_columns` SET `used`='1' WHERE `id`='a3d2620f-dc7f-11e6-a078-e4b318c6b596';

INSERT INTO `page_layout_fields` (`id`, `page_layout_id`, `type`, `object_field_id`, `label`, `order`, `colspan`, `is_mandatory`, `is_readonly`, `display_mode`, `configurations`, `deleted`, `created_by`, `created_on`, `modified_by`, `modified_on`, `is_header`, `is_with_stars_mask`, `is_hidden`, `is_highlight`, `if_affect_others`, `disable_click`)VALUES
('492c57b2-653e-11e7-a108-c85b76d43fbm', 'c589cf68-e2d5-4f75-b23f-d2788e565abm', 'field', 'a255fb40-dc7f-11e6-b0cb-e4b318c6b596', '申请状态', 1, 6, 0, 1, 'both', NULL, 0, 1, '2019-08-19 20:22:40', 1, '2019-08-19 20:22:40', NULL, 0, NULL, NULL, NULL, NULL),
('492c57b1-653e-11e7-982c-c85b76d40olx', 'c589cf68-e2d5-4f75-b23f-d2788e565abm', 'field', 'a2321f91-dc7f-11e6-bfde-e4b318c6b596', '申请类型', 2, 6, 0, 1, 'both', NULL, 0, 1, '2019-08-19 20:22:40', 1, '2019-08-19 20:22:40', NULL, 0, NULL, NULL, NULL, NULL),
('492c57b1-653e-11e7-982c-c85b76d3edvb', 'c589cf68-e2d5-4f75-b23f-d2788e565abm', 'field', 'e74f9a90-12d4-11e7-b04b-e4b318c6b596', '医生编码', 3, 6, 0, 1, 'both', NULL, 0, 1, '2019-08-19 20:22:40', 1, '2019-08-19 20:22:40', NULL, 0, NULL, NULL, NULL, NULL),
('492c57b1-653e-11e7-982c-c85b76d41jnm', 'c589cf68-e2d5-4f75-b23f-d2788e565abm', 'field', 'a190d680-dc7f-11e6-b73a-e4b318c6b596', '医生姓名', 4, 6, 0, 0, 'both', NULL, 0, 1, '2019-08-19 20:22:40', 1, '2019-08-19 20:22:40', NULL, 0, NULL, NULL, NULL, NULL),
('492c57b1-653e-11e7-982c-c85b76d41001', 'c589cf68-e2d5-4f75-b23f-d2788e565abm', 'field', 'a2b13aa1-dc7f-11e6-bf8d-e4b318c6b596', '性别', 5, 6, 0, 0, 'both', NULL, 0, 1, '2019-08-19 20:22:40', 1, '2019-08-19 20:22:40', NULL, 0, NULL, NULL, NULL, NULL),
('492c57b1-653e-11e7-982c-c85b76d41002', 'c589cf68-e2d5-4f75-b23f-d2788e565abm', 'field', 'a1c776de-dc7f-11e6-93cb-e4b318c6b596', '所属医院', 6, 6, 0, 1, 'both', NULL, 0, 1, '2019-08-19 20:22:40', 1, '2019-08-19 20:22:40', NULL, 0, NULL, NULL, NULL, NULL),
('492c57b1-653e-11e7-982c-c85b76d41003', 'c589cf68-e2d5-4f75-b23f-d2788e565abm', 'field', '9b26c99f-298f-4ea2-92fd-a5f58931bbed', '科室', 7, 6, 0, 0, 'both', NULL, 0, 1, '2019-08-19 20:22:40', 1, '2019-08-19 20:22:40', NULL, 0, NULL, NULL, NULL, NULL),
('492c57b1-653e-11e7-982c-c85b76d41004', 'c589cf68-e2d5-4f75-b23f-d2788e565abm', 'field', 'a2d898c0-dc7f-kutg-b724-e4b318c6b596', '行政职务', 8, 6, 0, 0, 'both', NULL, 0, 1, '2019-08-19 20:22:40', 1, '2019-08-19 20:22:40', NULL, 0, NULL, NULL, NULL, NULL),
('492c57b1-653e-11e7-982c-c85b76d41005', 'c589cf68-e2d5-4f75-b23f-d2788e565abm', 'field', 'a2d898c0-dc7f-11e6-b724-e4b318c6b596', '职称', 9, 6, 0, 0, 'both', NULL, 0, 1, '2019-08-19 20:22:40', 1, '2019-08-19 20:22:40', NULL, 0, NULL, NULL, NULL, NULL),
('492c57b1-653e-11e7-982c-c85b76d41006', 'c589cf68-e2d5-4f75-b23f-d2788e565abm', 'field', 'a2f5e4c0-dc7f-11e6-a4ca-e4b318c6b596', '手机', 10, 6, 0, 0, 'both', NULL, 0, 1, '2019-08-19 20:22:40', 1, '2019-08-19 20:22:40', NULL, 0, NULL, NULL, NULL, NULL),
('492c57b1-653e-11e7-982c-c85b76d41007', 'c589cf68-e2d5-4f75-b23f-d2788e565abm', 'field', 'a3e6864f-dc7f-11e6-ad60-e4b318c6b596', '备注', 11, 6, 0, 0, 'both', NULL, 0, 1, '2019-08-19 20:22:40', 1, '2019-08-19 20:22:40', NULL, 0, NULL, NULL, NULL, NULL),
('492c57b1-653e-11e7-982c-c85b76d41008', 'c589cf68-e2d5-4f75-b23f-d2788e565abm', 'field', 'affe8870-dc7f-11e6-b22a-e4b318c6b596', '创建人', 12, 6, 0, 1, 'both', NULL, 0, 1, '2019-08-19 20:22:40', 1, '2019-08-19 20:22:40', NULL, 0, NULL, NULL, NULL, NULL),
('492c57b1-653e-11e7-982c-c85b76d41009', 'c589cf68-e2d5-4f75-b23f-d2788e565abm', 'field', 'b04666de-dc7f-11e6-b6bb-e4b318c6b596', '创建时间', 13, 6, 0, 1, 'both', NULL, 0, 1, '2019-08-19 20:22:40', 1, '2019-08-19 20:22:40', NULL, 0, NULL, NULL, NULL, NULL),
('492c57b1-653e-11e7-982c-c85b76d41010', 'c589cf68-e2d5-4f75-b23f-d2788e565abm', 'field', 'b024ae0f-dc7f-11e6-b5e6-e4b318c6b596', '修改人', 14, 6, 0, 1, 'both', NULL, 0, 1, '2019-08-19 20:22:40', 1, '2019-08-19 20:22:40', NULL, 0, NULL, NULL, NULL, NULL),
('492c57b1-653e-11e7-982c-c85b76d41011', 'c589cf68-e2d5-4f75-b23f-d2788e565abm', 'field', 'b08c4980-dc7f-11e6-85bf-e4b318c6b596', '修改时间', 15, 6, 0, 1, 'both', NULL, 0, 1, '2019-08-19 20:22:40', 1, '2019-08-19 20:22:40', NULL, 0, NULL, NULL, NULL, NULL);

INSERT INTO `page_layout_actions` (`id`, `page_layout_id`, `object_action_id`, `display_mode`, `order`, `deleted`, `created_by`, `created_on`, `modified_by`, `modified_on`, `is_need_pre_check`, `pre_check_label`) VALUES ('a09b128f-def5-11e6-874a-5cc5d4d35380', 'c589cf68-e2d5-4f75-b23f-d2788e565abm', 'f79d644f-dcb4-11e6-8fab-e4b318c6b596', 'view', '1', '0', '1', '2017-01-01 00:00:00', '1', '2017-01-01 00:00:00', '0', '0');
INSERT INTO `page_layout_actions` (`id`, `page_layout_id`, `object_action_id`, `display_mode`, `order`, `deleted`, `created_by`, `created_on`, `modified_by`, `modified_on`, `is_need_pre_check`, `pre_check_label`) VALUES ('a8c0f2f0-def5-11e6-a4cc-5cc5d4d375381', 'c589cf68-e2d5-4f75-b23f-d2788e565abm', 'f7ae5440-dcb4-11e6-a50b-e4b318c6b596', 'edit', '2', '0', '1', '2017-01-01 00:00:00', '1', '2017-01-01 00:00:00', '0', '0');
INSERT INTO `page_layout_actions` (`id`, `page_layout_id`, `object_action_id`, `display_mode`, `order`, `deleted`, `created_by`, `created_on`, `modified_by`, `modified_on`, `is_need_pre_check`, `pre_check_label`) VALUES ('af88f100-def5-11e6-98a0-5cc5d4d35382', 'c589cf68-e2d5-4f75-b23f-d2788e565abm', 'f7bf1d1e-dcb4-11e6-8788-e4b318c6b596', 'view', '3', '0', '1', '2017-01-01 00:00:00', '1', '2017-01-01 00:00:00', '0', '0');
INSERT INTO `page_layout_actions` (`id`, `page_layout_id`, `object_action_id`, `display_mode`, `order`, `deleted`, `created_by`, `created_on`, `modified_by`, `modified_on`, `is_need_pre_check`, `pre_check_label`) VALUES ('b75ba84f-def5-11e6-922c-5cc5d4d35383', 'c589cf68-e2d5-4f75-b23f-d2788e565abm', 'f7882ea1-dcb4-11e6-82b8-e4b318c6b596', 'view', '4', '0', '1', '2017-01-01 00:00:00', '1', '2017-01-01 00:00:00', '0', '0');

-- 添加新客户（审批通过） 
INSERT INTO `page_layouts` (`id`, `page_id`, `name`, `label`, `source`, `screen_size`, `deleted`, `created_by`, `created_on`, `modified_by`, `modified_on`) VALUES 
('afd3d980-def1-11e6-ae90-5cc5d4d3rdcn', 'b6006140-dc88-11e6-9d4e-e4b318c6b596', 'dcr_create_hcp_approved_s', '客户变更申请详情', 'custom', 'small', '0', '1', '2018-08-02 10:33:29', '1', '2018-08-02 10:33:29');
INSERT INTO `page_layout_tabs` (`id`, `page_layout_id`, `order`, `deleted`, `created_by`, `created_on`, `modified_by`, `modified_on`, `object_tab_id`, `is_readonly`) VALUES
 ('36ff350f-dd3c-11e6-4qac-e4b318c64edv', 'afd3d980-def1-11e6-ae90-5cc5d4d3rdcn', '2', '0', '1', '2017-01-01 00:00:00.000000', '1', '2017-01-01 00:00:00.000000', 'c1c0d2a1-dd3a-11e6-9d79-e4b318c6b596', '0');

-- 添加新客户（审批通过） page layout 字段
INSERT INTO `page_layout_fields` (`id`, `page_layout_id`, `type`, `object_field_id`, `label`, `order`, `colspan`, `is_mandatory`, `is_readonly`, `display_mode`, `configurations`, `deleted`, `created_by`, `created_on`, `modified_by`, `modified_on`, `is_header`, `is_with_stars_mask`, `is_hidden`, `is_highlight`, `if_affect_others`, `disable_click`)VALUES
('492c57b2-653e-11e7-a108-c85b76d43012', 'afd3d980-def1-11e6-ae90-5cc5d4d3rdcn', 'field', 'a255fb40-dc7f-11e6-b0cb-e4b318c6b596', '申请状态', 1, 6, 0, 1, 'both', NULL, 0, 1, '2019-08-19 20:22:40', 1, '2019-08-19 20:22:40', NULL, 0, NULL, NULL, NULL, NULL),
('492c57b1-653e-11e7-982c-c85b76d40013', 'afd3d980-def1-11e6-ae90-5cc5d4d3rdcn', 'field', 'a2321f91-dc7f-11e6-bfde-e4b318c6b596', '申请类型', 2, 6, 0, 1, 'both', NULL, 0, 1, '2019-08-19 20:22:40', 1, '2019-08-19 20:22:40', NULL, 0, NULL, NULL, NULL, NULL),
('492c57b1-653e-11e7-982c-c85b76d3e014', 'afd3d980-def1-11e6-ae90-5cc5d4d3rdcn', 'field', 'e74f9a90-12d4-11e7-b04b-e4b318c6b596', '医生编码', 3, 6, 0, 1, 'both', NULL, 0, 1, '2019-08-19 20:22:40', 1, '2019-08-19 20:22:40', NULL, 0, NULL, NULL, NULL, NULL),
('492c57b1-653e-11e7-982c-c85b76d41015', 'afd3d980-def1-11e6-ae90-5cc5d4d3rdcn', 'field', 'a190d680-dc7f-11e6-b73a-e4b318c6b596', '医生姓名', 4, 6, 0, 1, 'both', NULL, 0, 1, '2019-08-19 20:22:40', 1, '2019-08-19 20:22:40', NULL, 0, NULL, NULL, NULL, NULL),
('492c57b1-653e-11e7-982c-c85b76d41016', 'afd3d980-def1-11e6-ae90-5cc5d4d3rdcn', 'field', 'a2b13aa1-dc7f-11e6-bf8d-e4b318c6b596', '性别', 5, 6, 0, 1, 'both', NULL, 0, 1, '2019-08-19 20:22:40', 1, '2019-08-19 20:22:40', NULL, 0, NULL, NULL, NULL, NULL),
('492c57b1-653e-11e7-982c-c85b76d41017', 'afd3d980-def1-11e6-ae90-5cc5d4d3rdcn', 'field', 'a1c776de-dc7f-11e6-93cb-e4b318c6b596', '所属医院', 6, 6, 0, 1, 'both', NULL, 0, 1, '2019-08-19 20:22:40', 1, '2019-08-19 20:22:40', NULL, 0, NULL, NULL, NULL, NULL),
('492c57b1-653e-11e7-982c-c85b76d41018', 'afd3d980-def1-11e6-ae90-5cc5d4d3rdcn', 'field', '9b26c99f-298f-4ea2-92fd-a5f58931bbed', '科室', 7, 6, 0, 1, 'both', NULL, 0, 1, '2019-08-19 20:22:40', 1, '2019-08-19 20:22:40', NULL, 0, NULL, NULL, NULL, NULL),
('492c57b1-653e-11e7-982c-c85b76d41019', 'afd3d980-def1-11e6-ae90-5cc5d4d3rdcn', 'field', 'a2d898c0-dc7f-kutg-b724-e4b318c6b596', '行政职务', 8, 6, 0, 1, 'both', NULL, 0, 1, '2019-08-19 20:22:40', 1, '2019-08-19 20:22:40', NULL, 0, NULL, NULL, NULL, NULL),
('492c57b1-653e-11e7-982c-c85b76d41020', 'afd3d980-def1-11e6-ae90-5cc5d4d3rdcn', 'field', 'a2d898c0-dc7f-11e6-b724-e4b318c6b596', '职称', 9, 6, 0, 1, 'both', NULL, 0, 1, '2019-08-19 20:22:40', 1, '2019-08-19 20:22:40', NULL, 0, NULL, NULL, NULL, NULL),
('492c57b1-653e-11e7-982c-c85b76d41021', 'afd3d980-def1-11e6-ae90-5cc5d4d3rdcn', 'field', 'a2f5e4c0-dc7f-11e6-a4ca-e4b318c6b596', '手机', 10, 6, 0, 1, 'both', NULL, 0, 1, '2019-08-19 20:22:40', 1, '2019-08-19 20:22:40', NULL, 0, NULL, NULL, NULL, NULL),
('492c57b1-653e-11e7-982c-c85b76d41022', 'afd3d980-def1-11e6-ae90-5cc5d4d3rdcn', 'field', 'a3e6864f-dc7f-11e6-ad60-e4b318c6b596', '备注', 11, 6, 0, 1, 'both', NULL, 0, 1, '2019-08-19 20:22:40', 1, '2019-08-19 20:22:40', NULL, 0, NULL, NULL, NULL, NULL),
('492c57b1-653e-11e7-982c-c85b76d41023', 'afd3d980-def1-11e6-ae90-5cc5d4d3rdcn', 'field', 'affe8870-dc7f-11e6-b22a-e4b318c6b596', '创建人', 12, 6, 0, 1, 'both', NULL, 0, 1, '2019-08-19 20:22:40', 1, '2019-08-19 20:22:40', NULL, 0, NULL, NULL, NULL, NULL),
('492c57b1-653e-11e7-982c-c85b76d41024', 'afd3d980-def1-11e6-ae90-5cc5d4d3rdcn', 'field', 'b04666de-dc7f-11e6-b6bb-e4b318c6b596', '创建时间', 13, 6, 0, 1, 'both', NULL, 0, 1, '2019-08-19 20:22:40', 1, '2019-08-19 20:22:40', NULL, 0, NULL, NULL, NULL, NULL),
('492c57b1-653e-11e7-982c-c85b76d41025', 'afd3d980-def1-11e6-ae90-5cc5d4d3rdcn', 'field', 'b024ae0f-dc7f-11e6-b5e6-e4b318c6b596', '修改人', 14, 6, 0, 1, 'both', NULL, 0, 1, '2019-08-19 20:22:40', 1, '2019-08-19 20:22:40', NULL, 0, NULL, NULL, NULL, NULL),
('492c57b1-653e-11e7-982c-c85b76d41026', 'afd3d980-def1-11e6-ae90-5cc5d4d3rdcn', 'field', 'b08c4980-dc7f-11e6-85bf-e4b318c6b596', '修改时间', 15, 6, 0, 1, 'both', NULL, 0, 1, '2019-08-19 20:22:40', 1, '2019-08-19 20:22:40', NULL, 0, NULL, NULL, NULL, NULL);

-- 添加新客户（审批中） 
INSERT INTO `page_layouts` (`id`, `page_id`, `name`, `label`, `source`, `screen_size`, `deleted`, `created_by`, `created_on`, `modified_by`, `modified_on`) VALUES 
('afd3d980-def1-11e6-ae90-5cc5d4d3utxm', 'b6006140-dc88-11e6-9d4e-e4b318c6b596', 'dcr_create_hcp_approve_s', '客户变更申请详情', 'custom', 'small', '0', '1', '2018-08-02 10:33:29', '1', '2018-08-02 10:33:29');
INSERT INTO `page_layout_tabs` (`id`, `page_layout_id`, `order`, `deleted`, `created_by`, `created_on`, `modified_by`, `modified_on`, `object_tab_id`, `is_readonly`) VALUES
 ('36ff350f-dd3c-11e6-35hm-e4b318c64edv', 'afd3d980-def1-11e6-ae90-5cc5d4d3utxm', '2', '0', '1', '2017-01-01 00:00:00.000000', '1', '2017-01-01 00:00:00.000000', 'c1c0d2a1-dd3a-11e6-9d79-e4b318c6b596', '0');


INSERT INTO `page_layout_fields` (`id`, `page_layout_id`, `type`, `object_field_id`, `label`, `order`, `colspan`, `is_mandatory`, `is_readonly`, `display_mode`, `deleted`, `created_by`, `created_on`, `modified_by`, `modified_on`, `is_with_stars_mask`) VALUES 
('b2903b01-5ff9-e540-8c49-9ac432526346','afd3d980-def1-11e6-ae90-5cc5d4d3utxm', 'field', 'a255fb40-dc7f-11e6-b0cb-e4b318c6b596', '申请状态', '1', '6', '0', '1', 'both',  '0', '1', NOW(), '1', NOW(), '0'),
('1d4420de-1c1c-0f44-a7c4-34429f8c1e14','afd3d980-def1-11e6-ae90-5cc5d4d3utxm', 'field', 'a2321f91-dc7f-11e6-bfde-e4b318c6b596', '申请类型', '2', '6', '0', '1', 'both',  '0', '1', NOW(), '1', NOW(), '0'),
('ce52ea32-f0b9-fd4b-bfe3-5f0044f9b11c','afd3d980-def1-11e6-ae90-5cc5d4d3utxm', 'field', 'e74f9a90-12d4-11e7-b04b-e4b318c6b596', '医生编码', '3', '6', '0', '1', 'both',  '0', '1', NOW(), '1', NOW(), '0'),
('e6ed3d04-6666-9242-afa5-7552c6bbdc6c','afd3d980-def1-11e6-ae90-5cc5d4d3utxm', 'field', 'a190d680-dc7f-11e6-b73a-e4b318c6b596', '医生姓名', '4', '6', '0', '1', 'both',  '0', '1', NOW(), '1', NOW(), '0'),
('e6307357-2292-e242-bfa9-f523a59b578b','afd3d980-def1-11e6-ae90-5cc5d4d3utxm', 'field', 'a2b13aa1-dc7f-11e6-bf8d-e4b318c6b596', '性别', '5', '6', '0', '1', 'both',  '0', '1', NOW(), '1', NOW(), '0'),
('b763642a-0d83-1843-9dae-cc42ee0af48c','afd3d980-def1-11e6-ae90-5cc5d4d3utxm', 'field', 'a1c776de-dc7f-11e6-93cb-e4b318c6b596', '医院', '6', '6', '0', '1', 'both',  '0', '1', NOW(), '1', NOW(), '0'),
('43d991e9-cf22-3845-8b8e-4be405402429','afd3d980-def1-11e6-ae90-5cc5d4d3utxm', 'field', '9b26c99f-298f-4ea2-92fd-a5f58931bbed', '科室', '7', '6', '0', '1', 'both',  '0', '1', NOW(), '1', NOW(), '0'),
('605a9c1c-36aa-b24d-a3a0-262d94e272b4','afd3d980-def1-11e6-ae90-5cc5d4d3utxm', 'field', 'a2d898c0-dc7f-kutg-b724-e4b318c6b596', '行政职务', '8', '6', '0', '1', 'both',  '0', '1', NOW(), '1', NOW(), '0'),
('a283c5ae-2422-4648-ac3f-d0afadad9b2f','afd3d980-def1-11e6-ae90-5cc5d4d3utxm', 'field', 'a2d898c0-dc7f-11e6-b724-e4b318c6b596', '职称', '9', '6', '0', '1', 'both',  '0', '1', NOW(), '1', NOW(), '0'),
('e8b334f8-6283-6944-a823-44b73aec6b9f','afd3d980-def1-11e6-ae90-5cc5d4d3utxm', 'field', 'a2f5e4c0-dc7f-11e6-a4ca-e4b318c6b596', '手机', '10', '6', '0', '1', 'both',  '0', '1', NOW(), '1', NOW(), '0'),
('7dbb52f3-5d0e-3241-84c0-1e10f9e11d88','afd3d980-def1-11e6-ae90-5cc5d4d3utxm', 'field', 'a3e6864f-dc7f-11e6-ad60-e4b318c6b596', '备注', '11', '6', '0', '1', 'both',  '0', '1', NOW(), '1', NOW(), '0'),
('21417436-ab59-b54a-87c1-6a44fc8dd5b7','afd3d980-def1-11e6-ae90-5cc5d4d3utxm', 'field', 'affe8870-dc7f-11e6-b22a-e4b318c6b596', '创建人', '12', '6', '0', '1', 'both',  '0', '1', NOW(), '1', NOW(), '0'),
('8f169ceb-d14e-f649-8dc8-6f57ca91c28e','afd3d980-def1-11e6-ae90-5cc5d4d3utxm', 'field', 'b04666de-dc7f-11e6-b6bb-e4b318c6b596', '创建时间', '13', '6', '0', '1', 'both',  '0', '1', NOW(), '1', NOW(), '0'),
('7a32430a-6876-db41-906f-e0722e1b2cf8','afd3d980-def1-11e6-ae90-5cc5d4d3utxm', 'field', 'b024ae0f-dc7f-11e6-b5e6-e4b318c6b596', '修改人', '14', '6', '0', '1', 'both',  '0', '1', NOW(), '1', NOW(), '0'),
('46e109d1-46c5-4546-9f6f-ab9fa4c43e77','afd3d980-def1-11e6-ae90-5cc5d4d3utxm', 'field', 'b08c4980-dc7f-11e6-85bf-e4b318c6b596', '修改时间', '15', '6', '0', '1', 'both',  '0', '1', NOW(), '1', NOW(), '0');
-- 添加新客户（审批拒绝）
INSERT INTO `page_layouts` (`id`, `page_id`, `name`, `label`, `source`, `screen_size`, `deleted`, `created_by`, `created_on`, `modified_by`, `modified_on`) VALUES 
('afd3d980-def1-11e6-3qzn-5cc5d4d3utxm', 'b6006140-dc88-11e6-9d4e-e4b318c6b596', 'dcr_create_hcp_reject_s', '客户变更申请详情', 'custom', 'small', '0', '1', '2018-08-02 10:33:29', '1', '2018-08-02 10:33:29');
INSERT INTO `page_layout_tabs` (`id`, `page_layout_id`, `order`, `deleted`, `created_by`, `created_on`, `modified_by`, `modified_on`, `object_tab_id`, `is_readonly`) VALUES
 ('36ff350f-3qzn-11e6-35hm-e4b318c64edv', 'afd3d980-def1-11e6-3qzn-5cc5d4d3utxm', '2', '0', '1', '2017-01-01 00:00:00.000000', '1', '2017-01-01 00:00:00.000000', 'c1c0d2a1-dd3a-11e6-9d79-e4b318c6b596', '0');


INSERT INTO `page_layout_fields` (`id`, `page_layout_id`, `type`, `object_field_id`, `label`, `order`, `colspan`, `is_mandatory`, `is_readonly`, `display_mode`, `deleted`, `created_by`, `created_on`, `modified_by`, `modified_on`, `is_with_stars_mask`) VALUES 
('26d5e4a4-f72b-8344-922d-e1e63dd62756','afd3d980-def1-11e6-3qzn-5cc5d4d3utxm', 'field', 'a255fb40-dc7f-11e6-b0cb-e4b318c6b596', '申请状态', '1', '6', '0', '1', 'both',  '0', '1', NOW(), '1', NOW(), '0'),
('6ad8f876-6eef-454a-aaca-8516e2db5aa7','afd3d980-def1-11e6-3qzn-5cc5d4d3utxm', 'field', 'a2321f91-dc7f-11e6-bfde-e4b318c6b596', '申请类型', '2', '6', '0', '1', 'both',  '0', '1', NOW(), '1', NOW(), '0'),
('1f3d3bab-a5a1-1e48-b664-676050da7ad5','afd3d980-def1-11e6-3qzn-5cc5d4d3utxm', 'field', 'e74f9a90-12d4-11e7-b04b-e4b318c6b596', '医生编码', '3', '6', '0', '1', 'both',  '0', '1', NOW(), '1', NOW(), '0'),
('4ad37706-6bf4-494a-9e62-0c647fc9aa83','afd3d980-def1-11e6-3qzn-5cc5d4d3utxm', 'field', 'a190d680-dc7f-11e6-b73a-e4b318c6b596', '医生姓名', '4', '6', '0', '0', 'both',  '0', '1', NOW(), '1', NOW(), '0'),
('6bffd410-8be6-b24b-9052-e44632b32359','afd3d980-def1-11e6-3qzn-5cc5d4d3utxm', 'field', 'a2b13aa1-dc7f-11e6-bf8d-e4b318c6b596', '性别', '5', '6', '0', '0', 'both',  '0', '1', NOW(), '1', NOW(), '0'),
('8d0ead40-4e56-cc4e-915d-6d1af8a8d95e','afd3d980-def1-11e6-3qzn-5cc5d4d3utxm', 'field', 'a1c776de-dc7f-11e6-93cb-e4b318c6b596', '医院', '6', '6', '0', '1', 'both',  '0', '1', NOW(), '1', NOW(), '0'),
('658737b4-48f6-7543-b797-1f145b0f88e1','afd3d980-def1-11e6-3qzn-5cc5d4d3utxm', 'field', '9b26c99f-298f-4ea2-92fd-a5f58931bbed', '科室', '7', '6', '0', '0', 'both',  '0', '1', NOW(), '1', NOW(), '0'),
('70944bf9-3d6c-aa48-b2a8-48da88b53a95','afd3d980-def1-11e6-3qzn-5cc5d4d3utxm', 'field', 'a2d898c0-dc7f-kutg-b724-e4b318c6b596', '行政职务', '8', '6', '0', '0', 'both',  '0', '1', NOW(), '1', NOW(), '0'),
('355bcefb-7e89-1c4e-9dbd-533224122381','afd3d980-def1-11e6-3qzn-5cc5d4d3utxm', 'field', 'a2d898c0-dc7f-11e6-b724-e4b318c6b596', '职称', '9', '6', '0', '0', 'both',  '0', '1', NOW(), '1', NOW(), '0'),
('820bf9c6-6591-9d41-9244-87b82c30d895','afd3d980-def1-11e6-3qzn-5cc5d4d3utxm', 'field', 'a2f5e4c0-dc7f-11e6-a4ca-e4b318c6b596', '手机', '10', '6', '0', '0', 'both',  '0', '1', NOW(), '1', NOW(), '0'),
('4c5fdfd2-1cc0-bb46-a27d-1682ec1fc4d5','afd3d980-def1-11e6-3qzn-5cc5d4d3utxm', 'field', 'a3e6864f-dc7f-11e6-ad60-e4b318c6b596', '备注', '11', '6', '0', '0', 'both',  '0', '1', NOW(), '1', NOW(), '0'),
('8337b80a-761f-ba47-b8c9-214859de4764','afd3d980-def1-11e6-3qzn-5cc5d4d3utxm', 'field', 'affe8870-dc7f-11e6-b22a-e4b318c6b596', '创建人', '12', '6', '0', '1', 'both',  '0', '1', NOW(), '1', NOW(), '0'),
('cb0f78ef-67c3-8442-8076-4ee13d0bedd1','afd3d980-def1-11e6-3qzn-5cc5d4d3utxm', 'field', 'b04666de-dc7f-11e6-b6bb-e4b318c6b596', '创建时间', '13', '6', '0', '1', 'both',  '0', '1', NOW(), '1', NOW(), '0'),
('8e8c62f8-24d3-d844-9d04-62913c80f7e3','afd3d980-def1-11e6-3qzn-5cc5d4d3utxm', 'field', 'b024ae0f-dc7f-11e6-b5e6-e4b318c6b596', '修改人', '14', '6', '0', '1', 'both',  '0', '1', NOW(), '1', NOW(), '0'),
('edce3e85-4f97-2e4c-a28a-e4ed6e2cb866','afd3d980-def1-11e6-3qzn-5cc5d4d3utxm', 'field', 'b08c4980-dc7f-11e6-85bf-e4b318c6b596', '修改时间', '15', '6', '0', '1', 'both',  '0', '1', NOW(), '1', NOW(), '0');

-- 添加区域医生（草稿）
INSERT INTO `page_layouts` (`id`, `page_id`, `name`, `label`, `source`, `screen_size`, `deleted`, `created_by`, `created_on`, `modified_by`, `modified_on`) VALUES 
('afd3d980-def1-11e6-ae90-5cc5d4d3rdaz', 'b6006140-dc88-11e6-9d4e-e4b318c6b596', 'dcr_create_area_hcp_planning_s', '客户变更申请详情', 'custom', 'small', '0', '1', '2018-08-02 10:33:29', '1', '2018-08-02 10:33:29');

INSERT INTO `page_layout_fields` (`id`, `page_layout_id`, `type`, `object_field_id`, `label`, `order`, `colspan`, `is_mandatory`, `is_readonly`, `display_mode`, `configurations`, `deleted`, `created_by`, `created_on`, `modified_by`, `modified_on`, `is_header`, `is_with_stars_mask`, `is_hidden`, `is_highlight`, `if_affect_others`, `disable_click`)VALUES
('492c57b2-653e-11e7-a108-c85b76d43312', 'afd3d980-def1-11e6-ae90-5cc5d4d3rdaz', 'field', 'a255fb40-dc7f-11e6-b0cb-e4b318c6b596', '申请状态', 1, 6, 0, 1, 'both', NULL, 0, 1, '2019-08-19 20:22:40', 1, '2019-08-19 20:22:40', NULL, 0, NULL, NULL, NULL, NULL),
('492c57b1-653e-11e7-982c-c85b76d40313', 'afd3d980-def1-11e6-ae90-5cc5d4d3rdaz', 'field', 'a2321f91-dc7f-11e6-bfde-e4b318c6b596', '申请类型', 2, 6, 0, 1, 'both', NULL, 0, 1, '2019-08-19 20:22:40', 1, '2019-08-19 20:22:40', NULL, 0, NULL, NULL, NULL, NULL),
('492c57b1-653e-11e7-982c-c85b76d3e314', 'afd3d980-def1-11e6-ae90-5cc5d4d3rdaz', 'field', 'e74f9a90-12d4-11e7-b04b-e4b318c6b596', '医生编码', 3, 6, 0, 1, 'both', NULL, 0, 1, '2019-08-19 20:22:40', 1, '2019-08-19 20:22:40', NULL, 0, NULL, NULL, NULL, NULL),
('492c57b1-653e-11e7-982c-c85b76d41315', 'afd3d980-def1-11e6-ae90-5cc5d4d3rdaz', 'field', 'a190d680-dc7f-11e6-b73a-e4b318c6b596', '医生姓名', 4, 6, 0, 0, 'both', NULL, 0, 1, '2019-08-19 20:22:40', 1, '2019-08-19 20:22:40', NULL, 0, NULL, NULL, NULL, NULL),
('492c57b1-653e-11e7-982c-c85b76d41316', 'afd3d980-def1-11e6-ae90-5cc5d4d3rdaz', 'field', 'a2b13aa1-dc7f-11e6-bf8d-e4b318c6b596', '性别', 5, 6, 0, 0, 'both', NULL, 0, 1, '2019-08-19 20:22:40', 1, '2019-08-19 20:22:40', NULL, 0, NULL, NULL, NULL, NULL),
('492c57b1-653e-11e7-982c-c85b76d41317', 'afd3d980-def1-11e6-ae90-5cc5d4d3rdaz', 'field', 'a1c776de-dc7f-11e6-93cb-e4b318c6b596', '所属医院', 6, 6, 0, 1, 'both', NULL, 0, 1, '2019-08-19 20:22:40', 1, '2019-08-19 20:22:40', NULL, 0, NULL, NULL, NULL, NULL),
('492c57b1-653e-11e7-982c-c85b76d41318', 'afd3d980-def1-11e6-ae90-5cc5d4d3rdaz', 'field', '9b26c99f-298f-4ea2-92fd-a5f58931bbed', '科室', 7, 6, 0, 0, 'both', NULL, 0, 1, '2019-08-19 20:22:40', 1, '2019-08-19 20:22:40', NULL, 0, NULL, NULL, NULL, NULL),
('492c57b1-653e-11e7-982c-c85b76d41319', 'afd3d980-def1-11e6-ae90-5cc5d4d3rdaz', 'field', 'a2d898c0-dc7f-kutg-b724-e4b318c6b596', '行政职务', 8, 6, 0, 0, 'both', NULL, 0, 1, '2019-08-19 20:22:40', 1, '2019-08-19 20:22:40', NULL, 0, NULL, NULL, NULL, NULL),
('492c57b1-653e-11e7-982c-c85b76d41320', 'afd3d980-def1-11e6-ae90-5cc5d4d3rdaz', 'field', 'a2d898c0-dc7f-11e6-b724-e4b318c6b596', '职称', 9, 6, 0, 0, 'both', NULL, 0, 1, '2019-08-19 20:22:40', 1, '2019-08-19 20:22:40', NULL, 0, NULL, NULL, NULL, NULL),
('492c57b1-653e-11e7-982c-c85b76d41321', 'afd3d980-def1-11e6-ae90-5cc5d4d3rdaz', 'field', 'a2f5e4c0-dc7f-11e6-a4ca-e4b318c6b596', '手机', 10, 6, 0, 0, 'both', NULL, 0, 1, '2019-08-19 20:22:40', 1, '2019-08-19 20:22:40', NULL, 0, NULL, NULL, NULL, NULL),
('492c57b1-653e-11e7-982c-c85b76d41322', 'afd3d980-def1-11e6-ae90-5cc5d4d3rdaz', 'field', 'a3e6864f-dc7f-11e6-ad60-e4b318c6b596', '备注', 11, 6, 0, 0, 'both', NULL, 0, 1, '2019-08-19 20:22:40', 1, '2019-08-19 20:22:40', NULL, 0, NULL, NULL, NULL, NULL),
('492c57b1-653e-11e7-982c-c85b76d41323', 'afd3d980-def1-11e6-ae90-5cc5d4d3rdaz', 'field', 'affe8870-dc7f-11e6-b22a-e4b318c6b596', '创建人', 12, 6, 0, 1, 'both', NULL, 0, 1, '2019-08-19 20:22:40', 1, '2019-08-19 20:22:40', NULL, 0, NULL, NULL, NULL, NULL),
('492c57b1-653e-11e7-982c-c85b76d41324', 'afd3d980-def1-11e6-ae90-5cc5d4d3rdaz', 'field', 'b04666de-dc7f-11e6-b6bb-e4b318c6b596', '创建时间', 13, 6, 0, 1, 'both', NULL, 0, 1, '2019-08-19 20:22:40', 1, '2019-08-19 20:22:40', NULL, 0, NULL, NULL, NULL, NULL),
('492c57b1-653e-11e7-982c-c85b76d41325', 'afd3d980-def1-11e6-ae90-5cc5d4d3rdaz', 'field', 'b024ae0f-dc7f-11e6-b5e6-e4b318c6b596', '修改人', 14, 6, 0, 1, 'both', NULL, 0, 1, '2019-08-19 20:22:40', 1, '2019-08-19 20:22:40', NULL, 0, NULL, NULL, NULL, NULL),
('492c57b1-653e-11e7-982c-c85b76d41326', 'afd3d980-def1-11e6-ae90-5cc5d4d3rdaz', 'field', 'b08c4980-dc7f-11e6-85bf-e4b318c6b596', '修改时间', 15, 6, 0, 1, 'both', NULL, 0, 1, '2019-08-19 20:22:40', 1, '2019-08-19 20:22:40', NULL, 0, NULL, NULL, NULL, NULL);

INSERT INTO `page_layout_actions` (`id`, `page_layout_id`, `object_action_id`, `display_mode`, `order`, `deleted`, `created_by`, `created_on`, `modified_by`, `modified_on`, `is_need_pre_check`, `pre_check_label`) VALUES ('a09b128f-def5-11e6-f100-5cc5d4d35380', 'afd3d980-def1-11e6-ae90-5cc5d4d3rdaz', 'f79d644f-dcb4-11e6-8fab-e4b318c6b596', 'view', '1', '0', '1', '2017-01-01 00:00:00', '1', '2017-01-01 00:00:00', '0', '0');
INSERT INTO `page_layout_actions` (`id`, `page_layout_id`, `object_action_id`, `display_mode`, `order`, `deleted`, `created_by`, `created_on`, `modified_by`, `modified_on`, `is_need_pre_check`, `pre_check_label`) VALUES ('a8c0f2f0-def5-11e6-def5-5cc5d4d37538', 'afd3d980-def1-11e6-ae90-5cc5d4d3rdaz', 'f7ae5440-dcb4-11e6-a50b-e4b318c6b596', 'edit', '2', '0', '1', '2017-01-01 00:00:00', '1', '2017-01-01 00:00:00', '0', '0');
INSERT INTO `page_layout_actions` (`id`, `page_layout_id`, `object_action_id`, `display_mode`, `order`, `deleted`, `created_by`, `created_on`, `modified_by`, `modified_on`, `is_need_pre_check`, `pre_check_label`) VALUES ('af88f100-def5-11e6-11e6-5cc5d4d35382', 'afd3d980-def1-11e6-ae90-5cc5d4d3rdaz', 'f7bf1d1e-dcb4-11e6-8788-e4b318c6b596', 'view', '3', '0', '1', '2017-01-01 00:00:00', '1', '2017-01-01 00:00:00', '0', '0');
INSERT INTO `page_layout_actions` (`id`, `page_layout_id`, `object_action_id`, `display_mode`, `order`, `deleted`, `created_by`, `created_on`, `modified_by`, `modified_on`, `is_need_pre_check`, `pre_check_label`) VALUES ('b75ba84f-def5-11e6-def5-5cc5d4d35383', 'afd3d980-def1-11e6-ae90-5cc5d4d3rdaz', 'f7882ea1-dcb4-11e6-82b8-e4b318c6b596', 'view', '4', '0', '1', '2017-01-01 00:00:00', '1', '2017-01-01 00:00:00', '0', '0');

-- 添加区域医生（审批通过）
INSERT INTO `page_layouts` (`id`, `page_id`, `name`, `label`, `source`, `screen_size`, `deleted`, `created_by`, `created_on`, `modified_by`, `modified_on`) VALUES 
('afd3d980-def1-11e6-ae90-5cc5d4d3rdlz', 'b6006140-dc88-11e6-9d4e-e4b318c6b596', 'dcr_create_area_hcp_approved_s', '客户变更申请详情', 'custom', 'small', '0', '1', '2018-08-02 10:33:29', '1', '2018-08-02 10:33:29');
INSERT INTO `page_layout_tabs` (`id`, `page_layout_id`, `order`, `deleted`, `created_by`, `created_on`, `modified_by`, `modified_on`, `object_tab_id`, `is_readonly`) VALUES
 ('36ff350f-3qzn-11e6-35hm-ae9018c64edv', 'afd3d980-def1-11e6-ae90-5cc5d4d3rdlz', '2', '0', '1', '2017-01-01 00:00:00.000000', '1', '2017-01-01 00:00:00.000000', 'c1c0d2a1-dd3a-11e6-9d79-e4b318c6b596', '0');

INSERT INTO `page_layout_fields` (`id`, `page_layout_id`, `type`, `object_field_id`, `label`, `order`, `colspan`, `is_mandatory`, `is_readonly`, `display_mode`, `configurations`, `deleted`, `created_by`, `created_on`, `modified_by`, `modified_on`, `is_header`, `is_with_stars_mask`, `is_hidden`, `is_highlight`, `if_affect_others`, `disable_click`)VALUES
('492c57b2-653e-11e7-a108-c85b76d43412', 'afd3d980-def1-11e6-ae90-5cc5d4d3rdlz', 'field', 'a255fb40-dc7f-11e6-b0cb-e4b318c6b596', '申请状态', 1, 6, 0, 1, 'both', NULL, 0, 1, '2019-08-19 20:22:40', 1, '2019-08-19 20:22:40', NULL, 0, NULL, NULL, NULL, NULL),
('492c57b1-653e-11e7-982c-c85b76d40413', 'afd3d980-def1-11e6-ae90-5cc5d4d3rdlz', 'field', 'a2321f91-dc7f-11e6-bfde-e4b318c6b596', '申请类型', 2, 6, 0, 1, 'both', NULL, 0, 1, '2019-08-19 20:22:40', 1, '2019-08-19 20:22:40', NULL, 0, NULL, NULL, NULL, NULL),
('492c57b1-653e-11e7-982c-c85b76d3e414', 'afd3d980-def1-11e6-ae90-5cc5d4d3rdlz', 'field', 'e74f9a90-12d4-11e7-b04b-e4b318c6b596', '医生编码', 3, 6, 0, 1, 'both', NULL, 0, 1, '2019-08-19 20:22:40', 1, '2019-08-19 20:22:40', NULL, 0, NULL, NULL, NULL, NULL),
('492c57b1-653e-11e7-982c-c85b76d41415', 'afd3d980-def1-11e6-ae90-5cc5d4d3rdlz', 'field', 'a190d680-dc7f-11e6-b73a-e4b318c6b596', '医生姓名', 4, 6, 0, 1, 'both', NULL, 0, 1, '2019-08-19 20:22:40', 1, '2019-08-19 20:22:40', NULL, 0, NULL, NULL, NULL, NULL),
('492c57b1-653e-11e7-982c-c85b76d41416', 'afd3d980-def1-11e6-ae90-5cc5d4d3rdlz', 'field', 'a2b13aa1-dc7f-11e6-bf8d-e4b318c6b596', '性别', 5, 6, 0, 1, 'both', NULL, 0, 1, '2019-08-19 20:22:40', 1, '2019-08-19 20:22:40', NULL, 0, NULL, NULL, NULL, NULL),
('492c57b1-653e-11e7-982c-c85b76d41417', 'afd3d980-def1-11e6-ae90-5cc5d4d3rdlz', 'field', 'a1c776de-dc7f-11e6-93cb-e4b318c6b596', '所属医院', 6, 6, 0, 1, 'both', NULL, 0, 1, '2019-08-19 20:22:40', 1, '2019-08-19 20:22:40', NULL, 0, NULL, NULL, NULL, NULL),
('492c57b1-653e-11e7-982c-c85b76d41418', 'afd3d980-def1-11e6-ae90-5cc5d4d3rdlz', 'field', '9b26c99f-298f-4ea2-92fd-a5f58931bbed', '科室', 7, 6, 0, 1, 'both', NULL, 0, 1, '2019-08-19 20:22:40', 1, '2019-08-19 20:22:40', NULL, 0, NULL, NULL, NULL, NULL),
('492c57b1-653e-11e7-982c-c85b76d41419', 'afd3d980-def1-11e6-ae90-5cc5d4d3rdlz', 'field', 'a2d898c0-dc7f-kutg-b724-e4b318c6b596', '行政职务', 8, 6, 0, 1, 'both', NULL, 0, 1, '2019-08-19 20:22:40', 1, '2019-08-19 20:22:40', NULL, 0, NULL, NULL, NULL, NULL),
('492c57b1-653e-11e7-982c-c85b76d41420', 'afd3d980-def1-11e6-ae90-5cc5d4d3rdlz', 'field', 'a2d898c0-dc7f-11e6-b724-e4b318c6b596', '职称', 9, 6, 0, 1, 'both', NULL, 0, 1, '2019-08-19 20:22:40', 1, '2019-08-19 20:22:40', NULL, 0, NULL, NULL, NULL, NULL),
('492c57b1-653e-11e7-982c-c85b76d41421', 'afd3d980-def1-11e6-ae90-5cc5d4d3rdlz', 'field', 'a2f5e4c0-dc7f-11e6-a4ca-e4b318c6b596', '手机', 10, 6, 0, 1, 'both', NULL, 0, 1, '2019-08-19 20:22:40', 1, '2019-08-19 20:22:40', NULL, 0, NULL, NULL, NULL, NULL),
('492c57b1-653e-11e7-982c-c85b76d41422', 'afd3d980-def1-11e6-ae90-5cc5d4d3rdlz', 'field', 'a3e6864f-dc7f-11e6-ad60-e4b318c6b596', '备注', 11, 6, 0, 1, 'both', NULL, 0, 1, '2019-08-19 20:22:40', 1, '2019-08-19 20:22:40', NULL, 0, NULL, NULL, NULL, NULL),
('492c57b1-653e-11e7-982c-c85b76d41423', 'afd3d980-def1-11e6-ae90-5cc5d4d3rdlz', 'field', 'affe8870-dc7f-11e6-b22a-e4b318c6b596', '创建人', 12, 6, 0, 1, 'both', NULL, 0, 1, '2019-08-19 20:22:40', 1, '2019-08-19 20:22:40', NULL, 0, NULL, NULL, NULL, NULL),
('492c57b1-653e-11e7-982c-c85b76d41424', 'afd3d980-def1-11e6-ae90-5cc5d4d3rdlz', 'field', 'b04666de-dc7f-11e6-b6bb-e4b318c6b596', '创建时间', 13, 6, 0, 1, 'both', NULL, 0, 1, '2019-08-19 20:22:40', 1, '2019-08-19 20:22:40', NULL, 0, NULL, NULL, NULL, NULL),
('492c57b1-653e-11e7-982c-c85b76d41425', 'afd3d980-def1-11e6-ae90-5cc5d4d3rdlz', 'field', 'b024ae0f-dc7f-11e6-b5e6-e4b318c6b596', '修改人', 14, 6, 0, 1, 'both', NULL, 0, 1, '2019-08-19 20:22:40', 1, '2019-08-19 20:22:40', NULL, 0, NULL, NULL, NULL, NULL),
('492c57b1-653e-11e7-982c-c85b76d41426', 'afd3d980-def1-11e6-ae90-5cc5d4d3rdlz', 'field', 'b08c4980-dc7f-11e6-85bf-e4b318c6b596', '修改时间', 15, 6, 0, 1, 'both', NULL, 0, 1, '2019-08-19 20:22:40', 1, '2019-08-19 20:22:40', NULL, 0, NULL, NULL, NULL, NULL);

-- 添加区域医生（审批中）
INSERT INTO `page_layouts` (`id`, `page_id`, `name`, `label`, `source`, `screen_size`, `deleted`, `created_by`, `created_on`, `modified_by`, `modified_on`) VALUES 
('afd3d980-def1-11e6-ae90-5cc5d4d3rool', 'b6006140-dc88-11e6-9d4e-e4b318c6b596', 'dcr_create_area_hcp_approve_s', '客户变更申请详情', 'custom', 'small', '0', '1', '2018-08-02 10:33:29', '1', '2018-08-02 10:33:29');
INSERT INTO `page_layout_tabs` (`id`, `page_layout_id`, `order`, `deleted`, `created_by`, `created_on`, `modified_by`, `modified_on`, `object_tab_id`, `is_readonly`) VALUES
 ('ae90350f-3qzn-11e6-35hm-ae9018c64edv', 'afd3d980-def1-11e6-ae90-5cc5d4d3rool', '2', '0', '1', '2017-01-01 00:00:00.000000', '1', '2017-01-01 00:00:00.000000', 'c1c0d2a1-dd3a-11e6-9d79-e4b318c6b596', '0');

INSERT INTO `page_layout_fields` (`id`, `page_layout_id`, `type`, `object_field_id`, `label`, `order`, `colspan`, `is_mandatory`, `is_readonly`, `display_mode`, `deleted`, `created_by`, `created_on`, `modified_by`, `modified_on`, `is_with_stars_mask`) VALUES 
('7b27d82d-bb79-f947-8671-a09969da907a','afd3d980-def1-11e6-ae90-5cc5d4d3rool', 'field', 'a255fb40-dc7f-11e6-b0cb-e4b318c6b596', '申请状态', '1', '6', '0', '1', 'both',  '0', '1', NOW(), '1', NOW(), '0'),
('41771f2a-9a28-bd4c-8dff-5610e57ef455','afd3d980-def1-11e6-ae90-5cc5d4d3rool', 'field', 'a2321f91-dc7f-11e6-bfde-e4b318c6b596', '申请类型', '2', '6', '0', '1', 'both',  '0', '1', NOW(), '1', NOW(), '0'),
('981eb548-3397-4340-9cc3-40472ac1c5cf','afd3d980-def1-11e6-ae90-5cc5d4d3rool', 'field', 'e74f9a90-12d4-11e7-b04b-e4b318c6b596', '医生编码', '3', '6', '0', '1', 'both',  '0', '1', NOW(), '1', NOW(), '0'),
('2e23884c-e42d-fb41-892f-d17033d16bf8','afd3d980-def1-11e6-ae90-5cc5d4d3rool', 'field', 'a190d680-dc7f-11e6-b73a-e4b318c6b596', '医生姓名', '4', '6', '0', '1', 'both',  '0', '1', NOW(), '1', NOW(), '0'),
('cde4757d-b547-a447-8157-4a483f264250','afd3d980-def1-11e6-ae90-5cc5d4d3rool', 'field', 'a2b13aa1-dc7f-11e6-bf8d-e4b318c6b596', '性别', '5', '6', '0', '1', 'both',  '0', '1', NOW(), '1', NOW(), '0'),
('51876e27-9b79-9c45-baf9-65b79a835c81','afd3d980-def1-11e6-ae90-5cc5d4d3rool', 'field', 'a1c776de-dc7f-11e6-93cb-e4b318c6b596', '医院', '6', '6', '0', '1', 'both',  '0', '1', NOW(), '1', NOW(), '0'),
('a5e90f5f-777a-f64e-9bb2-a120a068ba43','afd3d980-def1-11e6-ae90-5cc5d4d3rool', 'field', '9b26c99f-298f-4ea2-92fd-a5f58931bbed', '科室', '7', '6', '0', '1', 'both',  '0', '1', NOW(), '1', NOW(), '0'),
('4b383e45-8e99-6947-b729-c5a2717597bd','afd3d980-def1-11e6-ae90-5cc5d4d3rool', 'field', 'a2d898c0-dc7f-kutg-b724-e4b318c6b596', '行政职务', '8', '6', '0', '1', 'both',  '0', '1', NOW(), '1', NOW(), '0'),
('991ec4ed-ff20-854f-a6b7-357f784d13af','afd3d980-def1-11e6-ae90-5cc5d4d3rool', 'field', 'a2d898c0-dc7f-11e6-b724-e4b318c6b596', '职称', '9', '6', '0', '1', 'both',  '0', '1', NOW(), '1', NOW(), '0'),
('faa3ad25-790f-7646-acf1-f1dcbf4e8da3','afd3d980-def1-11e6-ae90-5cc5d4d3rool', 'field', 'a2f5e4c0-dc7f-11e6-a4ca-e4b318c6b596', '手机', '10', '6', '0', '1', 'both',  '0', '1', NOW(), '1', NOW(), '0'),
('51a75c3d-c902-f44b-8fd0-78649bb62ec9','afd3d980-def1-11e6-ae90-5cc5d4d3rool', 'field', 'a3e6864f-dc7f-11e6-ad60-e4b318c6b596', '备注', '11', '6', '0', '1', 'both',  '0', '1', NOW(), '1', NOW(), '0'),
('5d4684a2-63f1-394d-83f0-ca881361b2f8','afd3d980-def1-11e6-ae90-5cc5d4d3rool', 'field', 'affe8870-dc7f-11e6-b22a-e4b318c6b596', '创建人', '12', '6', '0', '1', 'both',  '0', '1', NOW(), '1', NOW(), '0'),
('76a53af2-66f4-5842-bddb-7cf6a27b7b88','afd3d980-def1-11e6-ae90-5cc5d4d3rool', 'field', 'b04666de-dc7f-11e6-b6bb-e4b318c6b596', '创建时间', '13', '6', '0', '1', 'both',  '0', '1', NOW(), '1', NOW(), '0'),
('c8ac0fbd-6e1a-5e46-9681-2ae4f7ec15ec','afd3d980-def1-11e6-ae90-5cc5d4d3rool', 'field', 'b024ae0f-dc7f-11e6-b5e6-e4b318c6b596', '修改人', '14', '6', '0', '1', 'both',  '0', '1', NOW(), '1', NOW(), '0'),
('b3f4a961-9159-424e-b2e0-71a70ab7ed41','afd3d980-def1-11e6-ae90-5cc5d4d3rool', 'field', 'b08c4980-dc7f-11e6-85bf-e4b318c6b596', '修改时间', '15', '6', '0', '1', 'both',  '0', '1', NOW(), '1', NOW(), '0');
-- 添加区域医生（审批拒绝）
INSERT INTO `page_layouts` (`id`, `page_id`, `name`, `label`, `source`, `screen_size`, `deleted`, `created_by`, `created_on`, `modified_by`, `modified_on`) VALUES 
('afd3d980-def1-11e6-ae12-5cc5d4d3rool', 'b6006140-dc88-11e6-9d4e-e4b318c6b596', 'dcr_create_area_hcp_reject_s', '客户变更申请详情', 'custom', 'small', '0', '1', '2018-08-02 10:33:29', '1', '2018-08-02 10:33:29');
INSERT INTO `page_layout_tabs` (`id`, `page_layout_id`, `order`, `deleted`, `created_by`, `created_on`, `modified_by`, `modified_on`, `object_tab_id`, `is_readonly`) VALUES
 ('ae90350f-11e6-11e6-35hm-ae9018c64edv', 'afd3d980-def1-11e6-ae12-5cc5d4d3rool', '2', '0', '1', '2017-01-01 00:00:00.000000', '1', '2017-01-01 00:00:00.000000', 'c1c0d2a1-dd3a-11e6-9d79-e4b318c6b596', '0');

INSERT INTO `page_layout_fields` (`id`, `page_layout_id`, `type`, `object_field_id`, `label`, `order`, `colspan`, `is_mandatory`, `is_readonly`, `display_mode`, `deleted`, `created_by`, `created_on`, `modified_by`, `modified_on`, `is_with_stars_mask`) VALUES 
('ad294cb0-9f87-884b-a884-f53e09093829','afd3d980-def1-11e6-ae12-5cc5d4d3rool', 'field', 'a255fb40-dc7f-11e6-b0cb-e4b318c6b596', '申请状态', '1', '6', '0', '1', 'both',  '0', '1', NOW(), '1', NOW(), '0'),
('b6c86e6d-a11a-8147-9c9f-f386c311bdcb','afd3d980-def1-11e6-ae12-5cc5d4d3rool', 'field', 'a2321f91-dc7f-11e6-bfde-e4b318c6b596', '申请类型', '2', '6', '0', '1', 'both',  '0', '1', NOW(), '1', NOW(), '0'),
('77252692-b085-dd4f-b127-11dd7ed9a9fb','afd3d980-def1-11e6-ae12-5cc5d4d3rool', 'field', 'e74f9a90-12d4-11e7-b04b-e4b318c6b596', '医生编码', '3', '6', '0', '1', 'both',  '0', '1', NOW(), '1', NOW(), '0'),
('7a077660-d374-1044-b8df-ff7c7c3e0c81','afd3d980-def1-11e6-ae12-5cc5d4d3rool', 'field', 'a190d680-dc7f-11e6-b73a-e4b318c6b596', '医生姓名', '4', '6', '0', '0', 'both',  '0', '1', NOW(), '1', NOW(), '0'),
('4734d6d1-ce40-2141-8896-6d31c103fbb9','afd3d980-def1-11e6-ae12-5cc5d4d3rool', 'field', 'a2b13aa1-dc7f-11e6-bf8d-e4b318c6b596', '性别', '5', '6', '0', '0', 'both',  '0', '1', NOW(), '1', NOW(), '0'),
('5f1e7a14-f6de-df47-80b4-b08e1b9ff4cc','afd3d980-def1-11e6-ae12-5cc5d4d3rool', 'field', 'a1c776de-dc7f-11e6-93cb-e4b318c6b596', '医院', '6', '6', '0', '0', 'both',  '0', '1', NOW(), '1', NOW(), '0'),
('63df879a-b983-2c46-91a3-0c37fe4da9f7','afd3d980-def1-11e6-ae12-5cc5d4d3rool', 'field', '9b26c99f-298f-4ea2-92fd-a5f58931bbed', '科室', '7', '6', '0', '0', 'both',  '0', '1', NOW(), '1', NOW(), '0'),
('c884d01c-f0ac-5046-b455-13b52c32e66b','afd3d980-def1-11e6-ae12-5cc5d4d3rool', 'field', 'a2d898c0-dc7f-kutg-b724-e4b318c6b596', '行政职务', '8', '6', '0', '0', 'both',  '0', '1', NOW(), '1', NOW(), '0'),
('96c49096-33a9-1f4b-a9b1-848ddca550f6','afd3d980-def1-11e6-ae12-5cc5d4d3rool', 'field', 'a2d898c0-dc7f-11e6-b724-e4b318c6b596', '职称', '9', '6', '0', '0', 'both',  '0', '1', NOW(), '1', NOW(), '0'),
('75e8ecf8-254e-3543-8dfe-67c229bf791e','afd3d980-def1-11e6-ae12-5cc5d4d3rool', 'field', 'a2f5e4c0-dc7f-11e6-a4ca-e4b318c6b596', '手机', '10', '6', '0', '0', 'both',  '0', '1', NOW(), '1', NOW(), '0'),
('57f03060-1aac-6e4c-ad88-8bff507c3f32','afd3d980-def1-11e6-ae12-5cc5d4d3rool', 'field', 'a3e6864f-dc7f-11e6-ad60-e4b318c6b596', '备注', '11', '6', '0', '0', 'both',  '0', '1', NOW(), '1', NOW(), '0'),
('f7add621-5de0-9c46-aa49-668308fbb412','afd3d980-def1-11e6-ae12-5cc5d4d3rool', 'field', 'affe8870-dc7f-11e6-b22a-e4b318c6b596', '创建人', '12', '6', '0', '1', 'both',  '0', '1', NOW(), '1', NOW(), '0'),
('43abe722-b10b-5945-981d-3db86b7adc05','afd3d980-def1-11e6-ae12-5cc5d4d3rool', 'field', 'b04666de-dc7f-11e6-b6bb-e4b318c6b596', '创建时间', '13', '6', '0', '1', 'both',  '0', '1', NOW(), '1', NOW(), '0'),
('39ef152d-f4e4-814a-ac9e-380135b3fe75','afd3d980-def1-11e6-ae12-5cc5d4d3rool', 'field', 'b024ae0f-dc7f-11e6-b5e6-e4b318c6b596', '修改人', '14', '6', '0', '1', 'both',  '0', '1', NOW(), '1', NOW(), '0'),
('a5c126ef-88d6-ae4b-b8f6-ad55a6d255f6','afd3d980-def1-11e6-ae12-5cc5d4d3rool', 'field', 'b08c4980-dc7f-11e6-85bf-e4b318c6b596', '修改时间', '15', '6', '0', '1', 'both',  '0', '1', NOW(), '1', NOW(), '0');

-- 修改区域医生（草稿）
delete from page_layout_actions where page_layout_id='a72ba9c0-def1-11e6-b5ba-5cc5d4d378cb';
delete from page_layout_fields where page_layout_id='a72ba9c0-def1-11e6-b5ba-5cc5d4d378cb';
delete from page_layout_assignments where page_layout_id='a72ba9c0-def1-11e6-b5ba-5cc5d4d378cb';
delete from page_layouts where id='a72ba9c0-def1-11e6-b5ba-5cc5d4d378cb';

INSERT INTO `page_layouts` (`id`, `page_id`, `name`, `label`, `source`, `screen_size`, `deleted`, `created_by`, `created_on`, `modified_by`, `modified_on`) VALUES 
('69a4f3cf-62ff-11e7-874c-c85b76d43wln', 'b6006140-dc88-11e6-9d4e-e4b318c6b596', 'dcr_edit_hop_draft_s', '客户变更申请详情', 'custom', 'small', '0', '1', '2018-08-02 10:33:29', '1', '2018-08-02 10:33:29');

-- INSERT INTO  `page_layout_fields` (`id`, `page_layout_id`, `type`, `label`, `order`, `colspan`, `is_mandatory`, `is_readonly`, `display_mode`, `deleted`, `created_by`, `created_on`, `modified_by`, `modified_on`, `is_with_stars_mask`) VALUES ('02754cc0-5f6b-kukg-0001-5cc5d4d378cb', '69a4f3cf-62ff-11e7-874c-c85b76d43wln', 'section', '差异信息', '14', '12', '0', '1', 'view', '0', '1', '2017-01-01 00:00:00', '1', '2017-01-01 00:00:00', '0');
-- INSERT INTO  `page_layout_fields` (`id`, `page_layout_id`, `type`, `object_field_id`, `label`, `order`, `colspan`, `is_mandatory`, `is_readonly`, `display_mode`, `deleted`, `created_by`, `created_on`, `modified_by`, `modified_on`, `is_with_stars_mask`) VALUES ('1a6c6aa1-def7-11e6-0002-5cc5d4d378cb', '69a4f3cf-62ff-11e7-874c-c85b76d43wln', 'field', '7ae61c30-65e0-11e7-a5f0-c85b76d4d416', '差异', '15', '12', '0', '0', 'view', '0', '1', '2018-04-12 10:04:36', '1', '2018-04-12 10:04:36', '0');
INSERT INTO  `page_layout_fields` (`id`, `page_layout_id`, `type`, `object_field_id`, `label`, `order`, `colspan`, `is_mandatory`, `is_readonly`, `display_mode`, `deleted`, `created_by`, `created_on`, `modified_by`, `modified_on`, `is_with_stars_mask`) VALUES ('225c1fcf-def7-11e6-0003-5cc5d4d378cb', '69a4f3cf-62ff-11e7-874c-c85b76d43wln', 'field', 'a190d680-dc7f-11e6-b73a-e4b318c6b596', '医生姓名', '4', '6', '1', '0', 'both', '0', '1', '2017-01-01 00:00:00', '1', '2017-01-01 00:00:00', '0');
INSERT INTO  `page_layout_fields` (`id`, `page_layout_id`, `type`, `object_field_id`, `label`, `order`, `colspan`, `is_mandatory`, `is_readonly`, `display_mode`, `deleted`, `created_by`, `created_on`, `modified_by`, `modified_on`, `is_with_stars_mask`) VALUES ('295714c0-def7-11e6-0004-5cc5d4d378cb', '69a4f3cf-62ff-11e7-874c-c85b76d43wln', 'field', 'a1c776de-dc7f-11e6-93cb-e4b318c6b596', '所属医院', '6', '6', '1', '0', 'both', '0', '1', '2017-01-01 00:00:00', '1', '2017-01-01 00:00:00', '0');
INSERT INTO  `page_layout_fields` (`id`, `page_layout_id`, `type`, `object_field_id`, `label`, `order`, `colspan`, `is_mandatory`, `is_readonly`, `display_mode`, `deleted`, `created_by`, `created_on`, `modified_by`, `modified_on`, `is_with_stars_mask`) VALUES ('300ac780-def7-11e6-0005-5cc5d4d378cb', '69a4f3cf-62ff-11e7-874c-c85b76d43wln', 'field', '9b26c99f-298f-4ea2-92fd-a5f58931bbed', '科室', '7', '6', '1', '0', 'edit', '0', '1', '2018-06-07 06:13:40', '1', '2018-06-07 06:13:40', '0');
INSERT INTO  `page_layout_fields` (`id`, `page_layout_id`, `type`, `object_field_id`, `label`, `order`, `colspan`, `is_mandatory`, `is_readonly`, `display_mode`, `deleted`, `created_by`, `created_on`, `modified_by`, `modified_on`, `is_with_stars_mask`) VALUES ('36cfdf61-def7-11e6-0006-5cc5d4d378cb', '69a4f3cf-62ff-11e7-874c-c85b76d43wln', 'field', 'a2321f91-dc7f-11e6-bfde-e4b318c6b596', '申请类型', '2', '6', '0', '1', 'both', '0', '1', '2017-01-01 00:00:00', '1', '2017-01-01 00:00:00', '0');
INSERT INTO  `page_layout_fields` (`id`, `page_layout_id`, `type`, `object_field_id`, `label`, `order`, `colspan`, `is_mandatory`, `is_readonly`, `display_mode`, `deleted`, `created_by`, `created_on`, `modified_by`, `modified_on`, `is_with_stars_mask`) VALUES ('3d686900-def7-11e6-0007-5cc5d4d378cb', '69a4f3cf-62ff-11e7-874c-c85b76d43wln', 'field', 'a255fb40-dc7f-11e6-b0cb-e4b318c6b596', '审批状态', '1', '6', '0', '1', 'both', '0', '1', '2017-01-01 00:00:00', '1', '2017-01-01 00:00:00', '0');
INSERT INTO  `page_layout_fields` (`id`, `page_layout_id`, `type`, `object_field_id`, `label`, `order`, `colspan`, `is_mandatory`, `is_readonly`, `display_mode`, `deleted`, `created_by`, `created_on`, `modified_by`, `modified_on`, `is_with_stars_mask`) VALUES ('43465530-def7-11e6-0008-5cc5d4d378cb', '69a4f3cf-62ff-11e7-874c-c85b76d43wln', 'field', 'a2b13aa1-dc7f-11e6-bf8d-e4b318c6b596', '性别', '5', '6', '1', '0', 'edit', '0', '1', '2017-01-01 00:00:00', '1', '2017-01-01 00:00:00', '0');
INSERT INTO  `page_layout_fields` (`id`, `page_layout_id`, `type`, `object_field_id`, `label`, `order`, `colspan`, `is_mandatory`, `is_readonly`, `display_mode`, `deleted`, `created_by`, `created_on`, `modified_by`, `modified_on`, `is_with_stars_mask`) VALUES ('491bb5de-def7-11e6-0009-5cc5d4d378cb', '69a4f3cf-62ff-11e7-874c-c85b76d43wln', 'field', 'a2d898c0-dc7f-11e6-b724-e4b318c6b596', '职称', '9', '6', '1', '0', 'edit', '0', '1', '2017-01-01 00:00:00', '1', '2017-01-01 00:00:00', '0');
INSERT INTO  `page_layout_fields` (`id`, `page_layout_id`, `type`, `object_field_id`, `label`, `order`, `colspan`, `is_mandatory`, `is_readonly`, `display_mode`, `deleted`, `created_by`, `created_on`, `modified_by`, `modified_on`, `is_with_stars_mask`) VALUES ('4f93710f-def7-11e6-0010-5cc5d4d378cb', '69a4f3cf-62ff-11e7-874c-c85b76d43wln', 'field', 'a2f5e4c0-dc7f-11e6-a4ca-e4b318c6b596', '手机', '10', '6', '0', '0', 'edit', '0', '1', '2017-01-01 00:00:00', '1', '2017-01-01 00:00:00', '0');
INSERT INTO  `page_layout_fields` (`id`, `page_layout_id`, `type`, `object_field_id`, `label`, `order`, `colspan`, `is_mandatory`, `is_readonly`, `display_mode`, `deleted`, `created_by`, `created_on`, `modified_by`, `modified_on`, `is_with_stars_mask`) VALUES ('62589640-def7-11e6-0012-5cc5d4d378cb', '69a4f3cf-62ff-11e7-874c-c85b76d43wln', 'field', 'e74f9a90-12d4-11e7-b04b-e4b318c6b596', '医生编码', '3', '6', '0', '1', 'edit', '0', '1', '2017-01-01 00:00:00', '1', '2017-01-01 00:00:00', '0');
INSERT INTO  `page_layout_fields` (`id`, `page_layout_id`, `type`, `object_field_id`, `label`, `order`, `colspan`, `is_mandatory`, `is_readonly`, `display_mode`, `deleted`, `created_by`, `created_on`, `modified_by`, `modified_on`, `is_with_stars_mask`) VALUES ('91e927c0-ed03-11e6-0013-448500d0cb85', '69a4f3cf-62ff-11e7-874c-c85b76d43wln', 'field', 'a2d898c0-dc7f-kutg-b724-e4b318c6b596', '行政职务', '8', '12', '1', '0', 'edit', '0', '1', '2017-01-01 00:00:00', '1', '2017-01-01 00:00:00', '0');
INSERT INTO  `page_layout_fields` (`id`, `page_layout_id`, `type`, `object_field_id`, `label`, `order`, `colspan`, `is_mandatory`, `is_readonly`, `display_mode`, `deleted`, `created_by`, `created_on`, `modified_by`, `modified_on`, `is_with_stars_mask`) VALUES ('abb963c0-ecdd-11e6-0014-448500d0cb85', '69a4f3cf-62ff-11e7-874c-c85b76d43wln', 'field', 'a3e6864f-dc7f-11e6-ad60-e4b318c6b596', '备注', '11', '12', '0', '0', 'edit', '0', '1', '2017-01-01 00:00:00', '1', '2017-01-01 00:00:00', '0');
INSERT INTO  `page_layout_fields` (`id`, `page_layout_id`, `type`, `object_field_id`, `label`, `order`, `colspan`, `is_mandatory`, `is_readonly`, `display_mode`, `deleted`, `created_by`, `created_on`, `modified_by`, `modified_on`, `is_with_stars_mask`) VALUES ('ba225ac0-ecdd-11e6-0015-448500d0cb85', '69a4f3cf-62ff-11e7-874c-c85b76d43wln', 'field', 'affe8870-dc7f-11e6-b22a-e4b318c6b596', '创建人', '12', '12', '0', '1', 'edit', '0', '1', '2017-01-01 00:00:00', '1', '2017-01-01 00:00:00', '0');
INSERT INTO  `page_layout_fields` (`id`, `page_layout_id`, `type`, `object_field_id`, `label`, `order`, `colspan`, `is_mandatory`, `is_readonly`, `display_mode`, `deleted`, `created_by`, `created_on`, `modified_by`, `modified_on`, `is_with_stars_mask`) VALUES ('eddac81e-ed00-11e6-0016-448500d0cb85', '69a4f3cf-62ff-11e7-874c-c85b76d43wln', 'field', 'b04666de-dc7f-11e6-b6bb-e4b318c6b596', '创建时间', '13', '12', '0', '1', 'edit', '0', '1', '2017-01-01 00:00:00', '1', '2017-01-01 00:00:00', '0');
INSERT INTO  `page_layout_fields` (`id`, `page_layout_id`, `type`, `object_field_id`, `label`, `order`, `colspan`, `is_mandatory`, `is_readonly`, `display_mode`, `deleted`, `created_by`, `created_on`, `modified_by`, `modified_on`, `is_with_stars_mask`) VALUES ('f94488de-ed00-11e6-0017-448500d0cb85', '69a4f3cf-62ff-11e7-874c-c85b76d43wln', 'field', 'b024ae0f-dc7f-11e6-b5e6-e4b318c6b596', '修改人', '14', '12', '0', '1', 'edit', '0', '1', '2017-01-01 00:00:00', '1', '2017-01-01 00:00:00', '0');
INSERT INTO  `page_layout_fields` (`id`, `page_layout_id`, `type`, `object_field_id`, `label`, `order`, `colspan`, `is_mandatory`, `is_readonly`, `display_mode`, `deleted`, `created_by`, `created_on`, `modified_by`, `modified_on`, `is_with_stars_mask`) VALUES ('f94488de-ed00-11e6-0018-448500d0cb85', '69a4f3cf-62ff-11e7-874c-c85b76d43wln', 'field', 'b08c4980-dc7f-11e6-85bf-e4b318c6b596', '修改时间', '15', '12', '0', '1', 'edit', '0', '1', '2017-01-01 00:00:00', '1', '2017-01-01 00:00:00', '0');

INSERT INTO `page_layout_actions` (`id`, `page_layout_id`, `object_action_id`, `display_mode`, `order`, `deleted`, `created_by`, `created_on`, `modified_by`, `modified_on`, `is_need_pre_check`, `pre_check_label`) VALUES ('1c359c6e-def8-11e6-87fe-5cc5d4d37edb', '69a4f3cf-62ff-11e7-874c-c85b76d43wln', 'f79d644f-dcb4-11e6-8fab-e4b318c6b596', 'view', '1', '0', '1', '2017-01-01 00:00:00', '1', '2017-01-01 00:00:00', '0', '0');
INSERT INTO `page_layout_actions` (`id`, `page_layout_id`, `object_action_id`, `display_mode`, `order`, `deleted`, `created_by`, `created_on`, `modified_by`, `modified_on`, `is_need_pre_check`, `pre_check_label`) VALUES ('232ff51e-def8-11e6-9499-5cc5d4d37yaz', '69a4f3cf-62ff-11e7-874c-c85b76d43wln', 'f7ae5440-dcb4-11e6-a50b-e4b318c6b596', 'edit', '2', '0', '1', '2017-01-01 00:00:00', '1', '2017-01-01 00:00:00', '0', '0');
INSERT INTO `page_layout_actions` (`id`, `page_layout_id`, `object_action_id`, `display_mode`, `order`, `deleted`, `created_by`, `created_on`, `modified_by`, `modified_on`, `is_need_pre_check`, `pre_check_label`) VALUES ('2a4fd730-def8-11e6-8d72-5cc5d4d378pz', '69a4f3cf-62ff-11e7-874c-c85b76d43wln', 'f7bf1d1e-dcb4-11e6-8788-e4b318c6b596', 'view', '3', '0', '1', '2017-01-01 00:00:00', '1', '2017-01-01 00:00:00', '0', '0');
INSERT INTO `page_layout_actions` (`id`, `page_layout_id`, `object_action_id`, `display_mode`, `order`, `deleted`, `created_by`, `created_on`, `modified_by`, `modified_on`, `is_need_pre_check`, `pre_check_label`) VALUES ('30dc79ee-def8-11e6-8c07-5cc5d4d37ean', '69a4f3cf-62ff-11e7-874c-c85b76d43wln', 'f7882ea1-dcb4-11e6-82b8-e4b318c6b596', 'view', '4', '0', '1', '2017-01-01 00:00:00', '1', '2017-01-01 00:00:00', '0', '0');

-- 修改区域医生（审批通过）
delete from page_layout_fields  where page_layout_id='69ce78d1-dc8c-bfdt-bffa-ecsv18c6b596';
delete from page_layout_assignments where page_layout_id='69ce78d1-dc8c-bfdt-bffa-ecsv18c6b596';
delete from page_layout_tabs where page_layout_id='69ce78d1-dc8c-bfdt-bffa-ecsv18c6b596';
delete from page_layouts where id='69ce78d1-dc8c-bfdt-bffa-ecsv18c6b596';

INSERT INTO `page_layouts` (`id`, `page_id`, `name`, `label`, `source`, `screen_size`, `deleted`, `created_by`, `created_on`, `modified_by`, `modified_on`) VALUES 
('69ce78d1-dc8c-bfdt-bffa-ecsv18c67yxm', 'b6006140-dc88-11e6-9d4e-e4b318c6b596', 'dcr_modify_pass_s', '客户变更申请详情', 'custom', 'small', '0', '1', '2018-08-02 10:33:29', '1', '2018-08-02 10:33:29');
INSERT INTO `page_layout_tabs` (`id`, `page_layout_id`, `order`, `deleted`, `created_by`, `created_on`, `modified_by`, `modified_on`, `object_tab_id`, `is_readonly`) VALUES ('36ff350f-dd3c-11e6-8003-e4b318c64edv', '69ce78d1-dc8c-bfdt-bffa-ecsv18c67yxm', '2', '0', '1', '2017-01-01 00:00:00.000000', '1', '2017-01-01 00:00:00.000000', 'c1c0d2a1-dd3a-11e6-9d79-e4b318c6b596', '0');

INSERT INTO  `page_layout_fields` (`id`, `page_layout_id`, `type`, `label`, `order`, `colspan`, `is_mandatory`, `is_readonly`, `display_mode`, `deleted`, `created_by`, `created_on`, `modified_by`, `modified_on`, `is_with_stars_mask`) VALUES ('02754cc0-5f6b-kukg-0001-5cc5d4d378cb', '69ce78d1-dc8c-bfdt-bffa-ecsv18c67yxm', 'section', '差异信息', '16', '12', '0', '1', 'view', '0', '1', '2017-01-01 00:00:00', '1', '2017-01-01 00:00:00', '0');
INSERT INTO  `page_layout_fields` (`id`, `page_layout_id`, `type`, `object_field_id`, `label`, `order`, `colspan`, `is_mandatory`, `is_readonly`, `display_mode`, `deleted`, `created_by`, `created_on`, `modified_by`, `modified_on`, `is_with_stars_mask`) VALUES ('1a6c6aa1-def7-11e6-0022-5cc5d4d378cb', '69ce78d1-dc8c-bfdt-bffa-ecsv18c67yxm', 'field', '7ae61c30-65e0-11e7-a5f0-c85b76d4d416', '差异', '17', '12', '0', '1', 'view', '0', '1', '2018-04-12 10:04:36', '1', '2018-04-12 10:04:36', '0');
INSERT INTO  `page_layout_fields` (`id`, `page_layout_id`, `type`, `object_field_id`, `label`, `order`, `colspan`, `is_mandatory`, `is_readonly`, `display_mode`, `deleted`, `created_by`, `created_on`, `modified_by`, `modified_on`, `is_with_stars_mask`) VALUES ('225c1fcf-def7-11e6-0023-5cc5d4d378cb', '69ce78d1-dc8c-bfdt-bffa-ecsv18c67yxm', 'field', 'a190d680-dc7f-11e6-b73a-e4b318c6b596', '医生姓名', '4', '6', '0', '1', 'both', '0', '1', '2017-01-01 00:00:00', '1', '2017-01-01 00:00:00', '0');
INSERT INTO  `page_layout_fields` (`id`, `page_layout_id`, `type`, `object_field_id`, `label`, `order`, `colspan`, `is_mandatory`, `is_readonly`, `display_mode`, `deleted`, `created_by`, `created_on`, `modified_by`, `modified_on`, `is_with_stars_mask`) VALUES ('295714c0-def7-11e6-0024-5cc5d4d378cb', '69ce78d1-dc8c-bfdt-bffa-ecsv18c67yxm', 'field', 'a1c776de-dc7f-11e6-93cb-e4b318c6b596', '所属医院', '6', '6', '0', '1', 'both', '0', '1', '2017-01-01 00:00:00', '1', '2017-01-01 00:00:00', '0');
INSERT INTO  `page_layout_fields` (`id`, `page_layout_id`, `type`, `object_field_id`, `label`, `order`, `colspan`, `is_mandatory`, `is_readonly`, `display_mode`, `deleted`, `created_by`, `created_on`, `modified_by`, `modified_on`, `is_with_stars_mask`) VALUES ('300ac780-def7-11e6-0025-5cc5d4d378cb', '69ce78d1-dc8c-bfdt-bffa-ecsv18c67yxm', 'field', '9b26c99f-298f-4ea2-92fd-a5f58931bbed', '科室', '7', '6', '0', '1', 'edit', '0', '1', '2018-06-07 06:13:40', '1', '2018-06-07 06:13:40', '0');
INSERT INTO  `page_layout_fields` (`id`, `page_layout_id`, `type`, `object_field_id`, `label`, `order`, `colspan`, `is_mandatory`, `is_readonly`, `display_mode`, `deleted`, `created_by`, `created_on`, `modified_by`, `modified_on`, `is_with_stars_mask`) VALUES ('36cfdf61-def7-11e6-0026-5cc5d4d378cb', '69ce78d1-dc8c-bfdt-bffa-ecsv18c67yxm', 'field', 'a2321f91-dc7f-11e6-bfde-e4b318c6b596', '申请类型', '2', '6', '1', '1', 'both', '0', '1', '2017-01-01 00:00:00', '1', '2017-01-01 00:00:00', '0');
INSERT INTO  `page_layout_fields` (`id`, `page_layout_id`, `type`, `object_field_id`, `label`, `order`, `colspan`, `is_mandatory`, `is_readonly`, `display_mode`, `deleted`, `created_by`, `created_on`, `modified_by`, `modified_on`, `is_with_stars_mask`) VALUES ('3d686900-def7-11e6-0027-5cc5d4d378cb', '69ce78d1-dc8c-bfdt-bffa-ecsv18c67yxm', 'field', 'a255fb40-dc7f-11e6-b0cb-e4b318c6b596', '审批状态', '1', '6', '1', '1', 'both', '0', '1', '2017-01-01 00:00:00', '1', '2017-01-01 00:00:00', '0');
INSERT INTO  `page_layout_fields` (`id`, `page_layout_id`, `type`, `object_field_id`, `label`, `order`, `colspan`, `is_mandatory`, `is_readonly`, `display_mode`, `deleted`, `created_by`, `created_on`, `modified_by`, `modified_on`, `is_with_stars_mask`) VALUES ('43465530-def7-11e6-0028-5cc5d4d378cb', '69ce78d1-dc8c-bfdt-bffa-ecsv18c67yxm', 'field', 'a2b13aa1-dc7f-11e6-bf8d-e4b318c6b596', '性别', '5', '6', '0', '1', 'edit', '0', '1', '2017-01-01 00:00:00', '1', '2017-01-01 00:00:00', '0');
INSERT INTO  `page_layout_fields` (`id`, `page_layout_id`, `type`, `object_field_id`, `label`, `order`, `colspan`, `is_mandatory`, `is_readonly`, `display_mode`, `deleted`, `created_by`, `created_on`, `modified_by`, `modified_on`, `is_with_stars_mask`) VALUES ('491bb5de-def7-11e6-0029-5cc5d4d378cb', '69ce78d1-dc8c-bfdt-bffa-ecsv18c67yxm', 'field', 'a2d898c0-dc7f-11e6-b724-e4b318c6b596', '职称', '9', '6', '0', '1', 'edit', '0', '1', '2017-01-01 00:00:00', '1', '2017-01-01 00:00:00', '0');
INSERT INTO  `page_layout_fields` (`id`, `page_layout_id`, `type`, `object_field_id`, `label`, `order`, `colspan`, `is_mandatory`, `is_readonly`, `display_mode`, `deleted`, `created_by`, `created_on`, `modified_by`, `modified_on`, `is_with_stars_mask`) VALUES ('4f93710f-def7-11e6-0030-5cc5d4d378cb', '69ce78d1-dc8c-bfdt-bffa-ecsv18c67yxm', 'field', 'a2f5e4c0-dc7f-11e6-a4ca-e4b318c6b596', '手机', '10', '6', '0', '1', 'edit', '0', '1', '2017-01-01 00:00:00', '1', '2017-01-01 00:00:00', '0');
INSERT INTO  `page_layout_fields` (`id`, `page_layout_id`, `type`, `object_field_id`, `label`, `order`, `colspan`, `is_mandatory`, `is_readonly`, `display_mode`, `deleted`, `created_by`, `created_on`, `modified_by`, `modified_on`, `is_with_stars_mask`) VALUES ('62589640-def7-11e6-0032-5cc5d4d378cb', '69ce78d1-dc8c-bfdt-bffa-ecsv18c67yxm', 'field', 'e74f9a90-12d4-11e7-b04b-e4b318c6b596', '医生编码', '3', '6', '0', '1', 'edit', '0', '1', '2017-01-01 00:00:00', '1', '2017-01-01 00:00:00', '0');
INSERT INTO  `page_layout_fields` (`id`, `page_layout_id`, `type`, `object_field_id`, `label`, `order`, `colspan`, `is_mandatory`, `is_readonly`, `display_mode`, `deleted`, `created_by`, `created_on`, `modified_by`, `modified_on`, `is_with_stars_mask`) VALUES ('91e927c0-ed03-11e6-0033-448500d0cb85', '69ce78d1-dc8c-bfdt-bffa-ecsv18c67yxm', 'field', 'a2d898c0-dc7f-kutg-b724-e4b318c6b596', '行政职务', '8', '12', '0', '1', 'edit', '0', '1', '2017-01-01 00:00:00', '1', '2017-01-01 00:00:00', '0');
INSERT INTO  `page_layout_fields` (`id`, `page_layout_id`, `type`, `object_field_id`, `label`, `order`, `colspan`, `is_mandatory`, `is_readonly`, `display_mode`, `deleted`, `created_by`, `created_on`, `modified_by`, `modified_on`, `is_with_stars_mask`) VALUES ('abb963c0-ecdd-11e6-0034-448500d0cb85', '69ce78d1-dc8c-bfdt-bffa-ecsv18c67yxm', 'field', 'a3e6864f-dc7f-11e6-ad60-e4b318c6b596', '备注', '11', '12', '0', '1', 'edit', '0', '1', '2017-01-01 00:00:00', '1', '2017-01-01 00:00:00', '0');
INSERT INTO  `page_layout_fields` (`id`, `page_layout_id`, `type`, `object_field_id`, `label`, `order`, `colspan`, `is_mandatory`, `is_readonly`, `display_mode`, `deleted`, `created_by`, `created_on`, `modified_by`, `modified_on`, `is_with_stars_mask`) VALUES ('ba225ac0-ecdd-11e6-0035-448500d0cb85', '69ce78d1-dc8c-bfdt-bffa-ecsv18c67yxm', 'field', 'affe8870-dc7f-11e6-b22a-e4b318c6b596', '创建人', '12', '12', '0', '1', 'edit', '0', '1', '2017-01-01 00:00:00', '1', '2017-01-01 00:00:00', '0');
INSERT INTO  `page_layout_fields` (`id`, `page_layout_id`, `type`, `object_field_id`, `label`, `order`, `colspan`, `is_mandatory`, `is_readonly`, `display_mode`, `deleted`, `created_by`, `created_on`, `modified_by`, `modified_on`, `is_with_stars_mask`) VALUES ('eddac81e-ed00-11e6-0036-448500d0cb85', '69ce78d1-dc8c-bfdt-bffa-ecsv18c67yxm', 'field', 'b04666de-dc7f-11e6-b6bb-e4b318c6b596', '创建时间', '13', '12', '0', '1', 'edit', '0', '1', '2017-01-01 00:00:00', '1', '2017-01-01 00:00:00', '0');
INSERT INTO  `page_layout_fields` (`id`, `page_layout_id`, `type`, `object_field_id`, `label`, `order`, `colspan`, `is_mandatory`, `is_readonly`, `display_mode`, `deleted`, `created_by`, `created_on`, `modified_by`, `modified_on`, `is_with_stars_mask`) VALUES ('f94488de-ed00-11e6-0037-448500d0cb85', '69ce78d1-dc8c-bfdt-bffa-ecsv18c67yxm', 'field', 'b024ae0f-dc7f-11e6-b5e6-e4b318c6b596', '修改人', '14', '12', '0', '1', 'edit', '0', '1', '2017-01-01 00:00:00', '1', '2017-01-01 00:00:00', '0');
INSERT INTO  `page_layout_fields` (`id`, `page_layout_id`, `type`, `object_field_id`, `label`, `order`, `colspan`, `is_mandatory`, `is_readonly`, `display_mode`, `deleted`, `created_by`, `created_on`, `modified_by`, `modified_on`, `is_with_stars_mask`) VALUES ('f94488de-ed00-11e6-0038-448500d0cb85', '69ce78d1-dc8c-bfdt-bffa-ecsv18c67yxm', 'field', 'b08c4980-dc7f-11e6-85bf-e4b318c6b596', '修改时间', '15', '12', '0', '1', 'edit', '0', '1', '2017-01-01 00:00:00', '1', '2017-01-01 00:00:00', '0');

-- 修改区域医生 （审批中）
INSERT INTO `page_layouts` (`id`, `page_id`, `name`, `label`, `source`, `screen_size`, `deleted`, `created_by`, `created_on`, `modified_by`, `modified_on`) VALUES 
('69ce78d1-dc8c-bfdt-4axn-ecsv18c67yxm', 'b6006140-dc88-11e6-9d4e-e4b318c6b596', 'dcr_modify_approve_s', '客户变更申请详情', 'custom', 'small', '0', '1', '2018-08-02 10:33:29', '1', '2018-08-02 10:33:29');
INSERT INTO `page_layout_tabs` (`id`, `page_layout_id`, `order`, `deleted`, `created_by`, `created_on`, `modified_by`, `modified_on`, `object_tab_id`, `is_readonly`) VALUES
 ('ae90350f-11e6-11e6-bfdt-ae9018c64edv', '69ce78d1-dc8c-bfdt-4axn-ecsv18c67yxm', '2', '0', '1', '2017-01-01 00:00:00.000000', '1', '2017-01-01 00:00:00.000000', 'c1c0d2a1-dd3a-11e6-9d79-e4b318c6b596', '0');

INSERT INTO `page_layout_fields` (`id`, `page_layout_id`, `type`, `object_field_id`, `label`, `order`, `colspan`, `is_mandatory`, `is_readonly`, `display_mode`, `deleted`, `created_by`, `created_on`, `modified_by`, `modified_on`, `is_with_stars_mask`) VALUES 
('4a846099-e24a-3044-8aa6-eaf2b8e9da99','69ce78d1-dc8c-bfdt-4axn-ecsv18c67yxm', 'field', 'a255fb40-dc7f-11e6-b0cb-e4b318c6b596', '申请状态', '1', '6', '0', '1', 'both',  '0', '1', NOW(), '1', NOW(), '0'),
('7b431bb7-8290-ec43-b8a3-9724c206e473','69ce78d1-dc8c-bfdt-4axn-ecsv18c67yxm', 'field', 'a2321f91-dc7f-11e6-bfde-e4b318c6b596', '申请类型', '2', '6', '0', '1', 'both',  '0', '1', NOW(), '1', NOW(), '0'),
('64b8a5b9-f450-b24c-b89c-2218f3e12622','69ce78d1-dc8c-bfdt-4axn-ecsv18c67yxm', 'field', 'e74f9a90-12d4-11e7-b04b-e4b318c6b596', '医生编码', '3', '6', '0', '1', 'both',  '0', '1', NOW(), '1', NOW(), '0'),
('467ed5f4-9ca7-3142-a742-b66382e15ef8','69ce78d1-dc8c-bfdt-4axn-ecsv18c67yxm', 'field', 'a190d680-dc7f-11e6-b73a-e4b318c6b596', '医生姓名', '4', '6', '0', '1', 'both',  '0', '1', NOW(), '1', NOW(), '0'),
('16003b6f-43c4-e247-92ff-10356a82b3d2','69ce78d1-dc8c-bfdt-4axn-ecsv18c67yxm', 'field', 'a2b13aa1-dc7f-11e6-bf8d-e4b318c6b596', '性别', '5', '6', '0', '1', 'both',  '0', '1', NOW(), '1', NOW(), '0'),
('0dd270b8-f630-d946-920a-fa0b8ebcd826','69ce78d1-dc8c-bfdt-4axn-ecsv18c67yxm', 'field', 'a1c776de-dc7f-11e6-93cb-e4b318c6b596', '医院', '6', '6', '0', '1', 'both',  '0', '1', NOW(), '1', NOW(), '0'),
('2d6609d5-2cbf-5047-ad11-8bc33428f9b0','69ce78d1-dc8c-bfdt-4axn-ecsv18c67yxm', 'field', '9b26c99f-298f-4ea2-92fd-a5f58931bbed', '科室', '7', '6', '0', '1', 'both',  '0', '1', NOW(), '1', NOW(), '0'),
('88b995fd-8849-a241-9fab-e20a42c75023','69ce78d1-dc8c-bfdt-4axn-ecsv18c67yxm', 'field', 'a2d898c0-dc7f-kutg-b724-e4b318c6b596', '行政职务', '8', '6', '0', '1', 'both',  '0', '1', NOW(), '1', NOW(), '0'),
('17494264-9a43-5341-8922-e85f253a100a','69ce78d1-dc8c-bfdt-4axn-ecsv18c67yxm', 'field', 'a2d898c0-dc7f-11e6-b724-e4b318c6b596', '职称', '9', '6', '0', '1', 'both',  '0', '1', NOW(), '1', NOW(), '0'),
('5873652f-33e4-d64c-89fd-638807f84aaa','69ce78d1-dc8c-bfdt-4axn-ecsv18c67yxm', 'field', 'a2f5e4c0-dc7f-11e6-a4ca-e4b318c6b596', '手机', '10', '6', '0', '1', 'both',  '0', '1', NOW(), '1', NOW(), '0'),
('5a402022-efb6-074a-a94b-9288a517b70a','69ce78d1-dc8c-bfdt-4axn-ecsv18c67yxm', 'field', 'a3e6864f-dc7f-11e6-ad60-e4b318c6b596', '备注', '11', '6', '0', '1', 'both',  '0', '1', NOW(), '1', NOW(), '0'),
('3f6907c0-222f-0f43-9a35-adc983f6cea7','69ce78d1-dc8c-bfdt-4axn-ecsv18c67yxm', 'field', 'affe8870-dc7f-11e6-b22a-e4b318c6b596', '创建人', '12', '6', '0', '1', 'both',  '0', '1', NOW(), '1', NOW(), '0'),
('b759b06b-530f-3448-a8da-2464b6df6634','69ce78d1-dc8c-bfdt-4axn-ecsv18c67yxm', 'field', 'b04666de-dc7f-11e6-b6bb-e4b318c6b596', '创建时间', '13', '6', '0', '1', 'both',  '0', '1', NOW(), '1', NOW(), '0'),
('5b7cc751-540b-3e4a-b089-1388f3e40788','69ce78d1-dc8c-bfdt-4axn-ecsv18c67yxm', 'field', 'b024ae0f-dc7f-11e6-b5e6-e4b318c6b596', '修改人', '14', '6', '0', '1', 'both',  '0', '1', NOW(), '1', NOW(), '0'),
('a8e120c9-afc5-2a49-bd36-5f46643a0803','69ce78d1-dc8c-bfdt-4axn-ecsv18c67yxm', 'field', 'b08c4980-dc7f-11e6-85bf-e4b318c6b596', '修改时间', '15', '6', '0', '1', 'both',  '0', '1', NOW(), '1', NOW(), '0');
INSERT INTO  `page_layout_fields` (`id`, `page_layout_id`, `type`, `label`, `order`, `colspan`, `is_mandatory`, `is_readonly`, `display_mode`, `deleted`, `created_by`, `created_on`, `modified_by`, `modified_on`, `is_with_stars_mask`) VALUES 
('02754cc0-3e4a-kukg-0001-5cc5d4d378cb', '69ce78d1-dc8c-bfdt-4axn-ecsv18c67yxm', 'section', '差异信息', '16', '12', '0', '1', 'view', '0', '1', '2017-01-01 00:00:00', '1', '2017-01-01 00:00:00', '0');
INSERT INTO  `page_layout_fields` (`id`, `page_layout_id`, `type`, `object_field_id`, `label`, `order`, `colspan`, `is_mandatory`, `is_readonly`, `display_mode`, `deleted`, `created_by`, `created_on`, `modified_by`, `modified_on`, `is_with_stars_mask`) VALUES 
('1a6c6aa1-def7-11e6-bd36-5cc5d4d378cb', '69ce78d1-dc8c-bfdt-4axn-ecsv18c67yxm', 'field', '7ae61c30-65e0-11e7-a5f0-c85b76d4d416', '差异', '17', '12', '0', '1', 'view', '0', '1', '2018-04-12 10:04:36', '1', '2018-04-12 10:04:36', '0');
-- 修改区域医生（审批拒绝）
INSERT INTO `page_layouts` (`id`, `page_id`, `name`, `label`, `source`, `screen_size`, `deleted`, `created_by`, `created_on`, `modified_by`, `modified_on`) VALUES 
('69ce78d1-1qkl-bfdt-4axn-ecsv18c67yxm', 'b6006140-dc88-11e6-9d4e-e4b318c6b596', 'dcr_modify_reject_s', '客户变更申请详情', 'custom', 'small', '0', '1', '2018-08-02 10:33:29', '1', '2018-08-02 10:33:29');
INSERT INTO `page_layout_tabs` (`id`, `page_layout_id`, `order`, `deleted`, `created_by`, `created_on`, `modified_by`, `modified_on`, `object_tab_id`, `is_readonly`) VALUES
 ('ae90350f-4axn-11e6-bfdt-ae9018c64edv', '69ce78d1-1qkl-bfdt-4axn-ecsv18c67yxm', '2', '0', '1', '2017-01-01 00:00:00.000000', '1', '2017-01-01 00:00:00.000000', 'c1c0d2a1-dd3a-11e6-9d79-e4b318c6b596', '0');

INSERT INTO `page_layout_fields` (`id`, `page_layout_id`, `type`, `object_field_id`, `label`, `order`, `colspan`, `is_mandatory`, `is_readonly`, `display_mode`, `deleted`, `created_by`, `created_on`, `modified_by`, `modified_on`, `is_with_stars_mask`) VALUES 
('370a89f1-f7a8-864a-8ab0-6a92601d1dcf','69ce78d1-1qkl-bfdt-4axn-ecsv18c67yxm', 'field', 'a255fb40-dc7f-11e6-b0cb-e4b318c6b596', '申请状态', '1', '6', '0', '1', 'both',  '0', '1', NOW(), '1', NOW(), '0'),
('05fd7dc9-9994-f149-9c63-d9234bc4baf5','69ce78d1-1qkl-bfdt-4axn-ecsv18c67yxm', 'field', 'a2321f91-dc7f-11e6-bfde-e4b318c6b596', '申请类型', '2', '6', '0', '1', 'both',  '0', '1', NOW(), '1', NOW(), '0'),
('4360d603-9bdd-af45-9e7b-050db2062de5','69ce78d1-1qkl-bfdt-4axn-ecsv18c67yxm', 'field', 'e74f9a90-12d4-11e7-b04b-e4b318c6b596', '医生编码', '3', '6', '0', '1', 'both',  '0', '1', NOW(), '1', NOW(), '0'),
('081812e8-edb8-d64b-af25-443bc1fd234e','69ce78d1-1qkl-bfdt-4axn-ecsv18c67yxm', 'field', 'a190d680-dc7f-11e6-b73a-e4b318c6b596', '医生姓名', '4', '6', '0', '0', 'both',  '0', '1', NOW(), '1', NOW(), '0'),
('63486026-4159-ad4a-baff-941ecdb55cc3','69ce78d1-1qkl-bfdt-4axn-ecsv18c67yxm', 'field', 'a2b13aa1-dc7f-11e6-bf8d-e4b318c6b596', '性别', '5', '6', '0', '0', 'both',  '0', '1', NOW(), '1', NOW(), '0'),
('564ed9c9-ae16-3d4e-937f-ee6a3ac14a9b','69ce78d1-1qkl-bfdt-4axn-ecsv18c67yxm', 'field', 'a1c776de-dc7f-11e6-93cb-e4b318c6b596', '医院', '6', '6', '0', '1', 'both',  '0', '1', NOW(), '1', NOW(), '0'),
('4811f972-1dcf-274b-b2b0-47f2446c73d0','69ce78d1-1qkl-bfdt-4axn-ecsv18c67yxm', 'field', '9b26c99f-298f-4ea2-92fd-a5f58931bbed', '科室', '7', '6', '0', '0', 'both',  '0', '1', NOW(), '1', NOW(), '0'),
('7c5f148a-8add-a84c-9bb5-fa0eb62830d6','69ce78d1-1qkl-bfdt-4axn-ecsv18c67yxm', 'field', 'a2d898c0-dc7f-kutg-b724-e4b318c6b596', '行政职务', '8', '6', '0', '0', 'both',  '0', '1', NOW(), '1', NOW(), '0'),
('a594f9cb-a0ee-5d4e-bcda-246a13221d82','69ce78d1-1qkl-bfdt-4axn-ecsv18c67yxm', 'field', 'a2d898c0-dc7f-11e6-b724-e4b318c6b596', '职称', '9', '6', '0', '0', 'both',  '0', '1', NOW(), '1', NOW(), '0'),
('47a8a946-3afe-794d-9c8a-677c953f93f6','69ce78d1-1qkl-bfdt-4axn-ecsv18c67yxm', 'field', 'a2f5e4c0-dc7f-11e6-a4ca-e4b318c6b596', '手机', '10', '6', '0', '0', 'both',  '0', '1', NOW(), '1', NOW(), '0'),
('7650aea6-14fc-fc45-a025-3cceda552820','69ce78d1-1qkl-bfdt-4axn-ecsv18c67yxm', 'field', 'a3e6864f-dc7f-11e6-ad60-e4b318c6b596', '备注', '11', '6', '0', '0', 'both',  '0', '1', NOW(), '1', NOW(), '0'),
('ebf0c4c0-b5f6-dc4c-832a-47a9e26a20c0','69ce78d1-1qkl-bfdt-4axn-ecsv18c67yxm', 'field', 'affe8870-dc7f-11e6-b22a-e4b318c6b596', '创建人', '12', '6', '0', '1', 'both',  '0', '1', NOW(), '1', NOW(), '0'),
('c99ad768-5e6e-954c-a2c9-1220f63bbfa6','69ce78d1-1qkl-bfdt-4axn-ecsv18c67yxm', 'field', 'b04666de-dc7f-11e6-b6bb-e4b318c6b596', '创建时间', '13', '6', '0', '1', 'both',  '0', '1', NOW(), '1', NOW(), '0'),
('b62c25ab-4584-2647-8750-11049fcde39a','69ce78d1-1qkl-bfdt-4axn-ecsv18c67yxm', 'field', 'b024ae0f-dc7f-11e6-b5e6-e4b318c6b596', '修改人', '14', '6', '0', '1', 'both',  '0', '1', NOW(), '1', NOW(), '0'),
('ad26dfee-c075-df4f-b953-f2b5f6ba3586','69ce78d1-1qkl-bfdt-4axn-ecsv18c67yxm', 'field', 'b08c4980-dc7f-11e6-85bf-e4b318c6b596', '修改时间', '15', '6', '0', '1', 'both',  '0', '1', NOW(), '1', NOW(), '0');
-- INSERT INTO  `page_layout_fields` (`id`, `page_layout_id`, `type`, `label`, `order`, `colspan`, `is_mandatory`, `is_readonly`, `display_mode`, `deleted`, `created_by`, `created_on`, `modified_by`, `modified_on`, `is_with_stars_mask`) VALUES 
-- ('02754cc0-8add-8add-0001-5cc5d4d378cb', '69ce78d1-1qkl-bfdt-4axn-ecsv18c67yxm', 'section', '差异信息', '16', '12', '0', '1', 'view', '0', '1', '2017-01-01 00:00:00', '1', '2017-01-01 00:00:00', '0');
-- INSERT INTO  `page_layout_fields` (`id`, `page_layout_id`, `type`, `object_field_id`, `label`, `order`, `colspan`, `is_mandatory`, `is_readonly`, `display_mode`, `deleted`, `created_by`, `created_on`, `modified_by`, `modified_on`, `is_with_stars_mask`) VALUES 
-- ('1a6c6aa1-8add-11e6-8add-5cc5d4d378cb', '69ce78d1-1qkl-bfdt-4axn-ecsv18c67yxm', 'field', '7ae61c30-65e0-11e7-a5f0-c85b76d4d416', '差异', '17', '12', '0', '1', 'view', '0', '1', '2018-04-12 10:04:36', '1', '2018-04-12 10:04:36', '0');

-- 移除区域医生（草稿）
INSERT INTO `page_layouts` (`id`, `page_id`, `name`, `label`, `source`, `screen_size`, `deleted`, `created_by`, `created_on`, `modified_by`, `modified_on`) VALUES 
('69ce78d1-dc8c-bfdt-bffa-ecsv18c65scb', 'b6006140-dc88-11e6-9d4e-e4b318c6b596', 'dcr_delete_hop_planning_s', '客户变更申请详情', 'custom', 'small', '0', '1', '2018-08-02 10:33:29', '1', '2018-08-02 10:33:29');

INSERT INTO `page_layout_fields` (`id`, `page_layout_id`, `type`, `object_field_id`, `label`, `order`, `colspan`, `is_mandatory`, `is_readonly`, `display_mode`, `deleted`, `created_by`, `created_on`, `modified_by`, `modified_on`, `is_with_stars_mask`) VALUES 
('3b7c6683-93f8-a241-97da-83586b259650','69ce78d1-dc8c-bfdt-bffa-ecsv18c65scb', 'field', 'a255fb40-dc7f-11e6-b0cb-e4b318c6b596', '申请状态', '1', '6', '0', '1', 'both',  '0', '1', NOW(), '1', NOW(), '0'),
('8e4f58c6-0ba0-2f46-8c4d-8904b90681c7','69ce78d1-dc8c-bfdt-bffa-ecsv18c65scb', 'field', 'a2321f91-dc7f-11e6-bfde-e4b318c6b596', '申请类型', '2', '6', '0', '1', 'both',  '0', '1', NOW(), '1', NOW(), '0'),
('c03690fb-05cc-5f42-92cf-a042ddef8dbd','69ce78d1-dc8c-bfdt-bffa-ecsv18c65scb', 'field', 'e74f9a90-12d4-11e7-b04b-e4b318c6b596', '医生编码', '3', '6', '0', '1', 'both',  '0', '1', NOW(), '1', NOW(), '0'),
('6e1c996c-8a1c-484a-b169-8e82b4aa5a26','69ce78d1-dc8c-bfdt-bffa-ecsv18c65scb', 'field', 'a190d680-dc7f-11e6-b73a-e4b318c6b596', '医生姓名', '4', '6', '0', '1', 'both',  '0', '1', NOW(), '1', NOW(), '0'),
('0882d0a7-8761-1e4a-a141-29dd6dce10e9','69ce78d1-dc8c-bfdt-bffa-ecsv18c65scb', 'field', 'a2b13aa1-dc7f-11e6-bf8d-e4b318c6b596', '性别', '5', '6', '0', '1', 'both',  '0', '1', NOW(), '1', NOW(), '0'),
('0eada4cf-d857-a547-9544-bebec4e303ae','69ce78d1-dc8c-bfdt-bffa-ecsv18c65scb', 'field', 'a1c776de-dc7f-11e6-93cb-e4b318c6b596', '医院', '6', '6', '0', '1', 'both',  '0', '1', NOW(), '1', NOW(), '0'),
('cb171037-98e1-0942-8e65-c5ea1dac52a9','69ce78d1-dc8c-bfdt-bffa-ecsv18c65scb', 'field', '9b26c99f-298f-4ea2-92fd-a5f58931bbed', '科室', '7', '6', '0', '1', 'both',  '0', '1', NOW(), '1', NOW(), '0'),
('ee519c29-47b5-c04d-8ff1-389666e4e9e0','69ce78d1-dc8c-bfdt-bffa-ecsv18c65scb', 'field', 'a2d898c0-dc7f-kutg-b724-e4b318c6b596', '行政职务', '8', '6', '0', '1', 'both',  '0', '1', NOW(), '1', NOW(), '0'),
('5dfaa0ce-42ce-6e4f-83f1-e1eaeaf18314','69ce78d1-dc8c-bfdt-bffa-ecsv18c65scb', 'field', 'a2d898c0-dc7f-11e6-b724-e4b318c6b596', '职称', '9', '6', '0', '1', 'both',  '0', '1', NOW(), '1', NOW(), '0'),
('4f50b376-fefe-a842-a31a-72444b1ce164','69ce78d1-dc8c-bfdt-bffa-ecsv18c65scb', 'field', 'a2f5e4c0-dc7f-11e6-a4ca-e4b318c6b596', '手机', '10', '6', '0', '1', 'both',  '0', '1', NOW(), '1', NOW(), '0'),
('0f95ad1f-5b49-ec49-9c1d-49d9ed36ffec','69ce78d1-dc8c-bfdt-bffa-ecsv18c65scb', 'field', 'a3e6864f-dc7f-11e6-ad60-e4b318c6b596', '备注', '11', '6', '0', '1', 'both',  '0', '1', NOW(), '1', NOW(), '0'),
('6f31b454-09de-194c-aa55-5eb004cac10c','69ce78d1-dc8c-bfdt-bffa-ecsv18c65scb', 'field', 'affe8870-dc7f-11e6-b22a-e4b318c6b596', '创建人', '12', '6', '0', '1', 'both',  '0', '1', NOW(), '1', NOW(), '0'),
('cd1d44d3-b371-f446-acb7-a7a5197755ee','69ce78d1-dc8c-bfdt-bffa-ecsv18c65scb', 'field', 'b04666de-dc7f-11e6-b6bb-e4b318c6b596', '创建时间', '13', '6', '0', '1', 'both',  '0', '1', NOW(), '1', NOW(), '0'),
('b37188c2-a4d9-9f45-9bfd-e313400428e0','69ce78d1-dc8c-bfdt-bffa-ecsv18c65scb', 'field', 'b024ae0f-dc7f-11e6-b5e6-e4b318c6b596', '修改人', '14', '6', '0', '1', 'both',  '0', '1', NOW(), '1', NOW(), '0'),
('575b91ea-a00c-9847-8e00-a6c852bfcdb7','69ce78d1-dc8c-bfdt-bffa-ecsv18c65scb', 'field', 'b08c4980-dc7f-11e6-85bf-e4b318c6b596', '修改时间', '15', '6', '0', '1', 'both',  '0', '1', NOW(), '1', NOW(), '0');

-- 移除区域医生（审批通过）
INSERT INTO `page_layouts` (`id`, `page_id`, `name`, `label`, `source`, `screen_size`, `deleted`, `created_by`, `created_on`, `modified_by`, `modified_on`) VALUES 
('69ce78d1-dc8c-bfdt-bffa-ecsv18c65izn', 'b6006140-dc88-11e6-9d4e-e4b318c6b596', 'dcr_delete_hop_pass_s', '客户变更申请详情', 'custom', 'small', '0', '1', '2018-08-02 10:33:29', '1', '2018-08-02 10:33:29');
INSERT INTO `page_layout_tabs` (`id`, `page_layout_id`, `order`, `deleted`, `created_by`, `created_on`, `modified_by`, `modified_on`, `object_tab_id`, `is_readonly`) VALUES
 ('ae90350f-4axn-bfdt-bfdt-ae9018c64edv', '69ce78d1-dc8c-bfdt-bffa-ecsv18c65izn', '2', '0', '1', '2017-01-01 00:00:00.000000', '1', '2017-01-01 00:00:00.000000', 'c1c0d2a1-dd3a-11e6-9d79-e4b318c6b596', '0');

INSERT INTO `page_layout_fields` (`id`, `page_layout_id`, `type`, `object_field_id`, `label`, `order`, `colspan`, `is_mandatory`, `is_readonly`, `display_mode`, `deleted`, `created_by`, `created_on`, `modified_by`, `modified_on`, `is_with_stars_mask`) VALUES 
('b2c0f258-521b-d04d-bc45-fe737626017a','69ce78d1-dc8c-bfdt-bffa-ecsv18c65izn', 'field', 'a255fb40-dc7f-11e6-b0cb-e4b318c6b596', '申请状态', '1', '6', '0', '1', 'both',  '0', '1', NOW(), '1', NOW(), '0'),
('a98a6b19-4ba1-aa4f-8a6f-de7dedfa5f96','69ce78d1-dc8c-bfdt-bffa-ecsv18c65izn', 'field', 'a2321f91-dc7f-11e6-bfde-e4b318c6b596', '申请类型', '2', '6', '0', '1', 'both',  '0', '1', NOW(), '1', NOW(), '0'),
('bb7c7ef4-ea57-e142-a239-6f28e0a0755f','69ce78d1-dc8c-bfdt-bffa-ecsv18c65izn', 'field', 'e74f9a90-12d4-11e7-b04b-e4b318c6b596', '医生编码', '3', '6', '0', '1', 'both',  '0', '1', NOW(), '1', NOW(), '0'),
('9c6fa197-f58f-df48-8eee-642e56d54017','69ce78d1-dc8c-bfdt-bffa-ecsv18c65izn', 'field', 'a190d680-dc7f-11e6-b73a-e4b318c6b596', '医生姓名', '4', '6', '0', '1', 'both',  '0', '1', NOW(), '1', NOW(), '0'),
('4ab51caa-3941-5549-922b-0e772b82caf4','69ce78d1-dc8c-bfdt-bffa-ecsv18c65izn', 'field', 'a2b13aa1-dc7f-11e6-bf8d-e4b318c6b596', '性别', '5', '6', '0', '1', 'both',  '0', '1', NOW(), '1', NOW(), '0'),
('2d2ed832-6dec-8e45-966d-74b04c21b38a','69ce78d1-dc8c-bfdt-bffa-ecsv18c65izn', 'field', 'a1c776de-dc7f-11e6-93cb-e4b318c6b596', '医院', '6', '6', '0', '1', 'both',  '0', '1', NOW(), '1', NOW(), '0'),
('d0771ed9-0665-304a-9c0a-dc7c7bf487b2','69ce78d1-dc8c-bfdt-bffa-ecsv18c65izn', 'field', '9b26c99f-298f-4ea2-92fd-a5f58931bbed', '科室', '7', '6', '0', '1', 'both',  '0', '1', NOW(), '1', NOW(), '0'),
('ae30e129-d0e2-3544-b6b4-460ebef81cfa','69ce78d1-dc8c-bfdt-bffa-ecsv18c65izn', 'field', 'a2d898c0-dc7f-kutg-b724-e4b318c6b596', '行政职务', '8', '6', '0', '1', 'both',  '0', '1', NOW(), '1', NOW(), '0'),
('54a32606-65e7-4b43-ab9d-67b5f994684b','69ce78d1-dc8c-bfdt-bffa-ecsv18c65izn', 'field', 'a2d898c0-dc7f-11e6-b724-e4b318c6b596', '职称', '9', '6', '0', '1', 'both',  '0', '1', NOW(), '1', NOW(), '0'),
('9e4ee590-1c46-754f-bf82-7080633e639a','69ce78d1-dc8c-bfdt-bffa-ecsv18c65izn', 'field', 'a2f5e4c0-dc7f-11e6-a4ca-e4b318c6b596', '手机', '10', '6', '0', '1', 'both',  '0', '1', NOW(), '1', NOW(), '0'),
('41bc22e3-3a17-df40-966b-6984639125ae','69ce78d1-dc8c-bfdt-bffa-ecsv18c65izn', 'field', 'a3e6864f-dc7f-11e6-ad60-e4b318c6b596', '备注', '11', '6', '0', '1', 'both',  '0', '1', NOW(), '1', NOW(), '0'),
('77b8ee46-9d71-7c4f-accd-451dc4959cba','69ce78d1-dc8c-bfdt-bffa-ecsv18c65izn', 'field', 'affe8870-dc7f-11e6-b22a-e4b318c6b596', '创建人', '12', '6', '0', '1', 'both',  '0', '1', NOW(), '1', NOW(), '0'),
('5f966eb9-3465-9d41-b969-c176e9b68126','69ce78d1-dc8c-bfdt-bffa-ecsv18c65izn', 'field', 'b04666de-dc7f-11e6-b6bb-e4b318c6b596', '创建时间', '13', '6', '0', '1', 'both',  '0', '1', NOW(), '1', NOW(), '0'),
('dbccde49-6e93-d94a-ba75-26f2df40757a','69ce78d1-dc8c-bfdt-bffa-ecsv18c65izn', 'field', 'b024ae0f-dc7f-11e6-b5e6-e4b318c6b596', '修改人', '14', '6', '0', '1', 'both',  '0', '1', NOW(), '1', NOW(), '0'),
('0f62e334-923c-9941-bb62-d7f3eb39546d','69ce78d1-dc8c-bfdt-bffa-ecsv18c65izn', 'field', 'b08c4980-dc7f-11e6-85bf-e4b318c6b596', '修改时间', '15', '6', '0', '1', 'both',  '0', '1', NOW(), '1', NOW(), '0');
-- 移除区域医生 （审批中）
INSERT INTO `page_layouts` (`id`, `page_id`, `name`, `label`, `source`, `screen_size`, `deleted`, `created_by`, `created_on`, `modified_by`, `modified_on`) VALUES 
('69ce78d1-dc8c-bfdt-b969-ecsv18c65izn', 'b6006140-dc88-11e6-9d4e-e4b318c6b596', 'dcr_delete_hop_approve_s', '客户变更申请详情', 'custom', 'small', '0', '1', '2018-08-02 10:33:29', '1', '2018-08-02 10:33:29');
INSERT INTO `page_layout_tabs` (`id`, `page_layout_id`, `order`, `deleted`, `created_by`, `created_on`, `modified_by`, `modified_on`, `object_tab_id`, `is_readonly`) VALUES
 ('ae90350f-dc8c-bfdt-bfdt-ae9018c64edv', '69ce78d1-dc8c-bfdt-b969-ecsv18c65izn', '2', '0', '1', '2017-01-01 00:00:00.000000', '1', '2017-01-01 00:00:00.000000', 'c1c0d2a1-dd3a-11e6-9d79-e4b318c6b596', '0');

INSERT INTO `page_layout_fields` (`id`, `page_layout_id`, `type`, `object_field_id`, `label`, `order`, `colspan`, `is_mandatory`, `is_readonly`, `display_mode`, `deleted`, `created_by`, `created_on`, `modified_by`, `modified_on`, `is_with_stars_mask`) VALUES 
('42bfbc5e-21f9-b540-8980-fb9565df2a9c','69ce78d1-dc8c-bfdt-b969-ecsv18c65izn', 'field', 'a255fb40-dc7f-11e6-b0cb-e4b318c6b596', '申请状态', '1', '6', '0', '1', 'both',  '0', '1', NOW(), '1', NOW(), '0'),
('4573e5c0-787f-f14b-8541-f56aa8b7d8fe','69ce78d1-dc8c-bfdt-b969-ecsv18c65izn', 'field', 'a2321f91-dc7f-11e6-bfde-e4b318c6b596', '申请类型', '2', '6', '0', '1', 'both',  '0', '1', NOW(), '1', NOW(), '0'),
('b7add688-b367-5042-968f-ecb5221e7a94','69ce78d1-dc8c-bfdt-b969-ecsv18c65izn', 'field', 'e74f9a90-12d4-11e7-b04b-e4b318c6b596', '医生编码', '3', '6', '0', '1', 'both',  '0', '1', NOW(), '1', NOW(), '0'),
('b9f78ccf-0a07-aa4f-a466-cabe539f274c','69ce78d1-dc8c-bfdt-b969-ecsv18c65izn', 'field', 'a190d680-dc7f-11e6-b73a-e4b318c6b596', '医生姓名', '4', '6', '0', '1', 'both',  '0', '1', NOW(), '1', NOW(), '0'),
('38e19511-f323-a840-9d8f-45a01c950324','69ce78d1-dc8c-bfdt-b969-ecsv18c65izn', 'field', 'a2b13aa1-dc7f-11e6-bf8d-e4b318c6b596', '性别', '5', '6', '0', '1', 'both',  '0', '1', NOW(), '1', NOW(), '0'),
('7c18400b-3a24-7249-8c83-1ab6bbc76779','69ce78d1-dc8c-bfdt-b969-ecsv18c65izn', 'field', 'a1c776de-dc7f-11e6-93cb-e4b318c6b596', '医院', '6', '6', '0', '1', 'both',  '0', '1', NOW(), '1', NOW(), '0'),
('81e17f47-edc7-6142-9c99-c659a7bc6941','69ce78d1-dc8c-bfdt-b969-ecsv18c65izn', 'field', '9b26c99f-298f-4ea2-92fd-a5f58931bbed', '科室', '7', '6', '0', '1', 'both',  '0', '1', NOW(), '1', NOW(), '0'),
('1a9ad23e-6bca-2849-b2f7-2cf1ebd27cdf','69ce78d1-dc8c-bfdt-b969-ecsv18c65izn', 'field', 'a2d898c0-dc7f-kutg-b724-e4b318c6b596', '行政职务', '8', '6', '0', '1', 'both',  '0', '1', NOW(), '1', NOW(), '0'),
('a050b6d1-ab5f-104d-bd2a-6e632a6e1d9f','69ce78d1-dc8c-bfdt-b969-ecsv18c65izn', 'field', 'a2d898c0-dc7f-11e6-b724-e4b318c6b596', '职称', '9', '6', '0', '1', 'both',  '0', '1', NOW(), '1', NOW(), '0'),
('3d305617-a429-7d4b-957d-223ab0fb7439','69ce78d1-dc8c-bfdt-b969-ecsv18c65izn', 'field', 'a2f5e4c0-dc7f-11e6-a4ca-e4b318c6b596', '手机', '10', '6', '0', '1', 'both',  '0', '1', NOW(), '1', NOW(), '0'),
('07f7d867-d9c0-4947-94a0-5e2bd57b6844','69ce78d1-dc8c-bfdt-b969-ecsv18c65izn', 'field', 'a3e6864f-dc7f-11e6-ad60-e4b318c6b596', '备注', '11', '6', '0', '1', 'both',  '0', '1', NOW(), '1', NOW(), '0'),
('05c5da0e-f7ff-8444-944d-5fe259e1440a','69ce78d1-dc8c-bfdt-b969-ecsv18c65izn', 'field', 'affe8870-dc7f-11e6-b22a-e4b318c6b596', '创建人', '12', '6', '0', '1', 'both',  '0', '1', NOW(), '1', NOW(), '0'),
('23cfae0b-f480-ef4c-afcb-e6f88280953a','69ce78d1-dc8c-bfdt-b969-ecsv18c65izn', 'field', 'b04666de-dc7f-11e6-b6bb-e4b318c6b596', '创建时间', '13', '6', '0', '1', 'both',  '0', '1', NOW(), '1', NOW(), '0'),
('b5212248-c819-4046-8cb5-e13098827160','69ce78d1-dc8c-bfdt-b969-ecsv18c65izn', 'field', 'b024ae0f-dc7f-11e6-b5e6-e4b318c6b596', '修改人', '14', '6', '0', '1', 'both',  '0', '1', NOW(), '1', NOW(), '0'),
('59f6cd74-c384-914a-a9d4-6ed75bfd80db','69ce78d1-dc8c-bfdt-b969-ecsv18c65izn', 'field', 'b08c4980-dc7f-11e6-85bf-e4b318c6b596', '修改时间', '15', '6', '0', '1', 'both',  '0', '1', NOW(), '1', NOW(), '0');
-- 移除区域医生 （审批拒绝）
INSERT INTO `page_layouts` (`id`, `page_id`, `name`, `label`, `source`, `screen_size`, `deleted`, `created_by`, `created_on`, `modified_by`, `modified_on`) VALUES 
('69ce78d1-dc7f-bfdt-dc7f-ecsv18c65izn', 'b6006140-dc88-11e6-9d4e-e4b318c6b596', 'dcr_delete_hop_reject_s', '客户变更申请详情', 'custom', 'small', '0', '1', '2018-08-02 10:33:29', '1', '2018-08-02 10:33:29');
INSERT INTO `page_layout_tabs` (`id`, `page_layout_id`, `order`, `deleted`, `created_by`, `created_on`, `modified_by`, `modified_on`, `object_tab_id`, `is_readonly`) VALUES
 ('ae90350f-dc8c-dc7f-bfdt-ae9018c64edv', '69ce78d1-dc7f-bfdt-dc7f-ecsv18c65izn', '2', '0', '1', '2017-01-01 00:00:00.000000', '1', '2017-01-01 00:00:00.000000', 'c1c0d2a1-dd3a-11e6-9d79-e4b318c6b596', '0');

INSERT INTO `page_layout_fields` (`id`, `page_layout_id`, `type`, `object_field_id`, `label`, `order`, `colspan`, `is_mandatory`, `is_readonly`, `display_mode`, `deleted`, `created_by`, `created_on`, `modified_by`, `modified_on`, `is_with_stars_mask`) VALUES 
('22c83499-bf5f-e544-9d30-82273e8c2c67','69ce78d1-dc7f-bfdt-dc7f-ecsv18c65izn', 'field', 'a255fb40-dc7f-11e6-b0cb-e4b318c6b596', '申请状态', '1', '6', '0', '1', 'both',  '0', '1', NOW(), '1', NOW(), '0'),
('e452cf1f-bc28-5f49-8dee-bbf271428821','69ce78d1-dc7f-bfdt-dc7f-ecsv18c65izn', 'field', 'a2321f91-dc7f-11e6-bfde-e4b318c6b596', '申请类型', '2', '6', '0', '1', 'both',  '0', '1', NOW(), '1', NOW(), '0'),
('1162afa2-786f-8146-b65c-ece0a5c3a7c5','69ce78d1-dc7f-bfdt-dc7f-ecsv18c65izn', 'field', 'e74f9a90-12d4-11e7-b04b-e4b318c6b596', '医生编码', '3', '6', '0', '1', 'both',  '0', '1', NOW(), '1', NOW(), '0'),
('48b253de-60a1-7d4b-a27f-4a32ed5754f5','69ce78d1-dc7f-bfdt-dc7f-ecsv18c65izn', 'field', 'a190d680-dc7f-11e6-b73a-e4b318c6b596', '医生姓名', '4', '6', '0', '1', 'both',  '0', '1', NOW(), '1', NOW(), '0'),
('483fa523-49d3-864f-8006-77707eb82a97','69ce78d1-dc7f-bfdt-dc7f-ecsv18c65izn', 'field', 'a2b13aa1-dc7f-11e6-bf8d-e4b318c6b596', '性别', '5', '6', '0', '1', 'both',  '0', '1', NOW(), '1', NOW(), '0'),
('519ba468-6096-cb44-8f5b-52aac5d8fb0f','69ce78d1-dc7f-bfdt-dc7f-ecsv18c65izn', 'field', 'a1c776de-dc7f-11e6-93cb-e4b318c6b596', '医院', '6', '6', '0', '1', 'both',  '0', '1', NOW(), '1', NOW(), '0'),
('41b846dc-3fe4-9b4c-a24e-c84a1c731c9c','69ce78d1-dc7f-bfdt-dc7f-ecsv18c65izn', 'field', '9b26c99f-298f-4ea2-92fd-a5f58931bbed', '科室', '7', '6', '0', '1', 'both',  '0', '1', NOW(), '1', NOW(), '0'),
('0fdcd417-13fa-b64a-987e-86ce472e9c0b','69ce78d1-dc7f-bfdt-dc7f-ecsv18c65izn', 'field', 'a2d898c0-dc7f-kutg-b724-e4b318c6b596', '行政职务', '8', '6', '0', '1', 'both',  '0', '1', NOW(), '1', NOW(), '0'),
('685ac500-bfb7-bc4e-a543-3836cdb50d8a','69ce78d1-dc7f-bfdt-dc7f-ecsv18c65izn', 'field', 'a2d898c0-dc7f-11e6-b724-e4b318c6b596', '职称', '9', '6', '0', '1', 'both',  '0', '1', NOW(), '1', NOW(), '0'),
('2e4efe3f-ab10-7243-9b18-75e94a3bd9d9','69ce78d1-dc7f-bfdt-dc7f-ecsv18c65izn', 'field', 'a2f5e4c0-dc7f-11e6-a4ca-e4b318c6b596', '手机', '10', '6', '0', '1', 'both',  '0', '1', NOW(), '1', NOW(), '0'),
('1cd99086-9b7c-954c-a688-a8528b63af95','69ce78d1-dc7f-bfdt-dc7f-ecsv18c65izn', 'field', 'a3e6864f-dc7f-11e6-ad60-e4b318c6b596', '备注', '11', '6', '0', '1', 'both',  '0', '1', NOW(), '1', NOW(), '0'),
('2fc2d404-da2b-af43-98f7-ad751f48b13e','69ce78d1-dc7f-bfdt-dc7f-ecsv18c65izn', 'field', 'affe8870-dc7f-11e6-b22a-e4b318c6b596', '创建人', '12', '6', '0', '1', 'both',  '0', '1', NOW(), '1', NOW(), '0'),
('76621c38-ea5e-094e-8f82-78ffc53df099','69ce78d1-dc7f-bfdt-dc7f-ecsv18c65izn', 'field', 'b04666de-dc7f-11e6-b6bb-e4b318c6b596', '创建时间', '13', '6', '0', '1', 'both',  '0', '1', NOW(), '1', NOW(), '0'),
('7b53df98-e293-1547-95cf-b133331c9f16','69ce78d1-dc7f-bfdt-dc7f-ecsv18c65izn', 'field', 'b024ae0f-dc7f-11e6-b5e6-e4b318c6b596', '修改人', '14', '6', '0', '1', 'both',  '0', '1', NOW(), '1', NOW(), '0'),
('710cf918-8f41-334e-9d17-a9ec80d2b10c','69ce78d1-dc7f-bfdt-dc7f-ecsv18c65izn', 'field', 'b08c4980-dc7f-11e6-85bf-e4b318c6b596', '修改时间', '15', '6', '0', '1', 'both',  '0', '1', NOW(), '1', NOW(), '0');

-- =================电脑端增加医生DCR列表
-- 去除产品自带
delete from menus_assignments where  id='f1196f9a-2790-4e52-adde-06c24e70f6av';
delete from menus where id='85e7f39e-dc89-11e6-935d-e4b318c6b491';
delete from page_list_assignments where page_list_id='96e6fa85-c1c2-42c8-860d-f8a46e26ea50';
delete from page_list_actions where page_list_id='96e6fa85-c1c2-42c8-860d-f8a46e26ea50';
delete from page_list_fields where page_list_id='96e6fa85-c1c2-42c8-860d-f8a46e26ea50';
delete from page_list_conditions where page_list_id='96e6fa85-c1c2-42c8-860d-f8a46e26ea50';
delete from page_lists where id='96e6fa85-c1c2-42c8-860d-f8a46e26ea50';

INSERT INTO `menus` (`id`, `name`, `source`, `label`, `type`, `screen_size`, `icon`, `deleted`, `created_by`, `created_on`, `modified_by`, `modified_on`, `color`, `template`) VALUES('85e7f39e-dc89-11e6-935d-e4b318c6b491', 'dcr_parent large', 'custom', '客户变更管理', 'category', 'large', 'veev-operation-m', '0', '1', '2018-08-02 10:33:29', '1', '2019-08-22 03:17:50', '', 'client');
-- 挂靠子菜单
UPDATE `menus` SET `parent_id`='85e7f39e-dc89-11e6-935d-e4b318c6b491' WHERE `id`='16f5a45a-efbe-4c07-905f-2ffae4da7f38';
INSERT INTO `page_lists` (`id`, `page_id`, `name`, `query_type`, `source`, `label`, `screen_size`, `formula`, `sort_field`, `is_desc`, `deleted`, `created_by`, `created_on`, `modified_by`, `modified_on`, `primary_filter`, `primary_filter_configurations`) VALUES ('96e6fa85-c1c2-42c8-860d-f8a46e26ea50', 'b614fab0-dc88-11e6-a7a3-e4b318c6b596', 'dcr_professional_l', 'rls', 'custom', '变更申请列表（医生）', 'large', '1', '5c33ce01-0ec3-11e7-a87b-e4b318c6b596', '1', '0', '1',now(), '1', now(), 'position', '{\"advanced_position_filter\": true}');

INSERT INTO `page_list_actions` (`id`, `page_list_id`, `object_action_id`, `order`, `deleted`, `created_by`, `created_on`, `modified_by`, `modified_on`, `is_need_pre_check`, `pre_check_label`, `is_item_action`, `configurations`)
VALUES('135a488f-90f5-11e6-1111-e4b318c63wxn', '96e6fa85-c1c2-42c8-860d-f8a46e26ea50', '5cce908b-f536-4ab9-b0fa-336c8f36d95e', 1, 0, 1, '2019-08-26 09:09:24', 1, '2019-08-26 09:09:24', 0, '0', 0, NULL);

INSERT INTO `page_list_conditions` (`id`, `page_list_id`, `object_field_id`, `operator`, `value`, `formula_number`, `deleted`, `created_by`, `created_on`, `modified_by`, `modified_on`)
VALUES('3e06ab7d-0fa4-4c10-2640-480148f17cab', '96e6fa85-c1c2-42c8-860d-f8a46e26ea50', 'a2321f91-dc7f-11e6-bfde-e4b318c6b596', 'in', '6b45d306-e8af-4868-896d-6e477d51bdde,98ea9e61-dc86-11e6-ada3-e4b318c6b596,98fdff4f-dc86-11e6-b1cc-e4b318c6b596,990ea121-dc86-11e6-ac70-e4b318c6b596', 1, 0, 1, '2019-08-26 09:09:24', 1, '2019-08-26 09:09:24');

INSERT INTO `page_list_fields` (`id`, `page_list_id`, `object_field_id`, `label`, `order`, `width`, `allow_filter`, `allow_sort`, `is_default`, `deleted`, `created_by`, `created_on`, `modified_by`, `modified_on`) VALUES ('0356c36e-143e-4b9a-9080-c7d8f72d37cf', '96e6fa85-c1c2-42c8-860d-f8a46e26ea50', 'a2321f91-dc7f-11e6-bfde-e4b318c6b596', '申请类型', '2', '120', '1', '1', '0', '0', '1', '2018-04-17 09:09:25', '1', '2018-04-17 09:09:25');
INSERT INTO `page_list_fields` (`id`, `page_list_id`, `object_field_id`, `label`, `order`, `width`, `allow_filter`, `allow_sort`, `is_default`, `deleted`, `created_by`, `created_on`, `modified_by`, `modified_on`) VALUES ('726ef405-79a9-4eb5-85d6-2bee39720092', '96e6fa85-c1c2-42c8-860d-f8a46e26ea50', 'a1c776de-dc7f-11e6-93cb-e4b318c6b596', '医院', '6', '120', '1', '1', '0', '0', '1', '2018-04-17 09:09:25', '1', '2018-04-17 09:09:25');
INSERT INTO `page_list_fields` (`id`, `page_list_id`, `object_field_id`, `label`, `order`, `width`, `allow_filter`, `allow_sort`, `is_default`, `deleted`, `created_by`, `created_on`, `modified_by`, `modified_on`) VALUES ('76a4748d-d6e8-4f68-bb53-c4925a7fedc8', '96e6fa85-c1c2-42c8-860d-f8a46e26ea50', 'a190d680-dc7f-11e6-b73a-e4b318c6b596', '医生姓名', '4', '120', '1', '1', '0', '0', '1', '2018-04-17 09:09:25', '1', '2018-04-17 09:09:25');
INSERT INTO `page_list_fields` (`id`, `page_list_id`, `object_field_id`, `label`, `order`, `width`, `allow_filter`, `allow_sort`, `is_default`, `deleted`, `created_by`, `created_on`, `modified_by`, `modified_on`) VALUES ('be499b0e-9217-4c64-86d1-d2a6388fb82d', '96e6fa85-c1c2-42c8-860d-f8a46e26ea50', '9b26c99f-298f-4ea2-92fd-a5f58931bbed', '科室', '7', '120', '1', '1', '0', '0', '1', '2018-04-17 09:09:25', '1', '2018-04-17 09:09:25');
INSERT INTO `page_list_fields` (`id`, `page_list_id`, `object_field_id`, `label`, `order`, `width`, `allow_filter`, `allow_sort`, `is_default`, `deleted`, `created_by`, `created_on`, `modified_by`, `modified_on`) VALUES ('c1688f58-3a47-42d8-ac6f-5b7ab5986901', '96e6fa85-c1c2-42c8-860d-f8a46e26ea50', 'a255fb40-dc7f-11e6-b0cb-e4b318c6b596', '申请状态', '1', '120', '1', '1', '0', '0', '1', '2018-04-17 09:09:25', '1', '2018-04-17 09:09:25');
INSERT INTO `page_list_fields` (`id`, `page_list_id`, `object_field_id`, `label`, `order`, `width`, `allow_filter`, `allow_sort`, `is_default`, `deleted`, `created_by`, `created_on`, `modified_by`, `modified_on`) VALUES ('c1688f58-3a47-42d8-ac6f-5b7ab5986902', '96e6fa85-c1c2-42c8-860d-f8a46e26ea50', 'e74f9a90-12d4-11e7-b04b-e4b318c6b596', '医生编码', '3', '120', '1', '1', '0', '0', '1', '2018-04-17 09:09:25', '1', '2018-04-17 09:09:25');
INSERT INTO `page_list_fields` (`id`, `page_list_id`, `object_field_id`, `label`, `order`, `width`, `allow_filter`, `allow_sort`, `is_default`, `deleted`, `created_by`, `created_on`, `modified_by`, `modified_on`) VALUES ('c1688f58-3a47-42d8-ac6f-5b7ab5986903', '96e6fa85-c1c2-42c8-860d-f8a46e26ea50', 'a2b13aa1-dc7f-11e6-bf8d-e4b318c6b596', '性别', '5', '120', '1', '1', '0', '0', '1', '2018-04-17 09:09:25', '1', '2018-04-17 09:09:25');
INSERT INTO `page_list_fields` (`id`, `page_list_id`, `object_field_id`, `label`, `order`, `width`, `allow_filter`, `allow_sort`, `is_default`, `deleted`, `created_by`, `created_on`, `modified_by`, `modified_on`) VALUES ('c1688f58-3a47-42d8-ac6f-5b7ab5986904', '96e6fa85-c1c2-42c8-860d-f8a46e26ea50', 'a2d898c0-dc7f-kutg-b724-e4b318c6b596', '行政职务', '8', '120', '1', '1', '0', '0', '1', '2018-04-17 09:09:25', '1', '2018-04-17 09:09:25');
INSERT INTO `page_list_fields` (`id`, `page_list_id`, `object_field_id`, `label`, `order`, `width`, `allow_filter`, `allow_sort`, `is_default`, `deleted`, `created_by`, `created_on`, `modified_by`, `modified_on`) VALUES ('c1688f58-3a47-42d8-ac6f-5b7ab5986905', '96e6fa85-c1c2-42c8-860d-f8a46e26ea50', 'a2d898c0-dc7f-11e6-b724-e4b318c6b596', '职称', '9', '120', '1', '1', '0', '0', '1', '2018-04-17 09:09:25', '1', '2018-04-17 09:09:25');
INSERT INTO `page_list_fields` (`id`, `page_list_id`, `object_field_id`, `label`, `order`, `width`, `allow_filter`, `allow_sort`, `is_default`, `deleted`, `created_by`, `created_on`, `modified_by`, `modified_on`) VALUES ('c1688f58-3a47-42d8-ac6f-5b7ab5986906', '96e6fa85-c1c2-42c8-860d-f8a46e26ea50', 'a2f5e4c0-dc7f-11e6-a4ca-e4b318c6b596', '手机', '10', '120', '1', '1', '0', '0', '1', '2018-04-17 09:09:25', '1', '2018-04-17 09:09:25');
INSERT INTO `page_list_fields` (`id`, `page_list_id`, `object_field_id`, `label`, `order`, `width`, `allow_filter`, `allow_sort`, `is_default`, `deleted`, `created_by`, `created_on`, `modified_by`, `modified_on`) VALUES ('c1688f58-3a47-42d8-ac6f-5b7ab5986907', '96e6fa85-c1c2-42c8-860d-f8a46e26ea50', 'a3e6864f-dc7f-11e6-ad60-e4b318c6b596', '备注', '11', '120', '1', '1', '0', '0', '1', '2018-04-17 09:09:25', '1', '2018-04-17 09:09:25');
INSERT INTO `page_list_fields` (`id`, `page_list_id`, `object_field_id`, `label`, `order`, `width`, `allow_filter`, `allow_sort`, `is_default`, `deleted`, `created_by`, `created_on`, `modified_by`, `modified_on`,disable_click) VALUES ('c1688f58-3a47-42d8-ac6f-5b7ab5986908', '96e6fa85-c1c2-42c8-860d-f8a46e26ea50', 'affe8870-dc7f-11e6-b22a-e4b318c6b596', '创建人', '12', '120', '1', '1', '0', '0', '1', '2018-04-17 09:09:25', '1', '2018-04-17 09:09:25',1);
INSERT INTO `page_list_fields` (`id`, `page_list_id`, `object_field_id`, `label`, `order`, `width`, `allow_filter`, `allow_sort`, `is_default`, `deleted`, `created_by`, `created_on`, `modified_by`, `modified_on`) VALUES ('c1688f58-3a47-42d8-ac6f-5b7ab5986909', '96e6fa85-c1c2-42c8-860d-f8a46e26ea50', 'b04666de-dc7f-11e6-b6bb-e4b318c6b596', '创建时间', '13', '120', '1', '1', '0', '0', '1', '2018-04-17 09:09:25', '1', '2018-04-17 09:09:25');
INSERT INTO `page_list_fields` (`id`, `page_list_id`, `object_field_id`, `label`, `order`, `width`, `allow_filter`, `allow_sort`, `is_default`, `deleted`, `created_by`, `created_on`, `modified_by`, `modified_on`,disable_click) VALUES ('c1688f58-3a47-42d8-ac6f-5b7ab5986910', '96e6fa85-c1c2-42c8-860d-f8a46e26ea50', 'b024ae0f-dc7f-11e6-b5e6-e4b318c6b596', '修改人', '14', '120', '1', '1', '0', '0', '1', '2018-04-17 09:09:25', '1', '2018-04-17 09:09:25',1);
INSERT INTO `page_list_fields` (`id`, `page_list_id`, `object_field_id`, `label`, `order`, `width`, `allow_filter`, `allow_sort`, `is_default`, `deleted`, `created_by`, `created_on`, `modified_by`, `modified_on`) VALUES ('c1688f58-3a47-42d8-ac6f-5b7ab5986911', '96e6fa85-c1c2-42c8-860d-f8a46e26ea50', 'b08c4980-dc7f-11e6-85bf-e4b318c6b596', '修改时间', '15', '120', '1', '1', '0', '0', '1', '2018-04-17 09:09:25', '1', '2018-04-17 09:09:25');

-- layout 4种类型，每种4个状态
INSERT INTO `page_layouts` (`id`, `page_id`, `name`, `label`, `source`, `screen_size`, `deleted`, `created_by`, `created_on`, `modified_by`, `modified_on`) VALUES 
('4c95f1d1-5acd-824a-ae76-614a7a8c425c','b6006140-dc88-11e6-9d4e-e4b318c6b596', 'dcr_create_hop_draft', '客户变更管理', 'custom', 'large',  '0', '1', NOW(), '1', NOW()),
('17c4e2d7-7ab2-3e4e-a688-3e76a5e99564','b6006140-dc88-11e6-9d4e-e4b318c6b596', 'dcr_create_hop_pass', '客户变更管理', 'custom', 'large',  '0', '1', NOW(), '1', NOW()),
('3dafd307-89fd-ee4f-aeb6-29c98d43a566','b6006140-dc88-11e6-9d4e-e4b318c6b596', 'dcr_create_hop_approval', '客户变更管理', 'custom', 'large',  '0', '1', NOW(), '1', NOW()),
('53cc72f4-ccc3-b841-9096-5fe97cd33c9a','b6006140-dc88-11e6-9d4e-e4b318c6b596', 'dcr_create_hop_reject', '客户变更管理', 'custom', 'large',  '0', '1', NOW(), '1', NOW()),

('9e4af5bc-8732-834a-bd8b-035740191e1a','b6006140-dc88-11e6-9d4e-e4b318c6b596', 'dcr_create_area_hop_draft', '客户变更管理', 'custom', 'large',  '0', '1', NOW(), '1', NOW()),
('3001f895-f909-e94f-8fb7-51ea5c6dccbc','b6006140-dc88-11e6-9d4e-e4b318c6b596', 'dcr_create_area_hop_pass', '客户变更管理', 'custom', 'large',  '0', '1', NOW(), '1', NOW()),
('7ea48839-70d1-9a47-9231-1c0adf0a269c','b6006140-dc88-11e6-9d4e-e4b318c6b596', 'dcr_create_area_hop_approval', '客户变更管理', 'custom', 'large',  '0', '1', NOW(), '1', NOW()),
('cb8b44df-4d0a-674f-b1a4-d0b667080e4e','b6006140-dc88-11e6-9d4e-e4b318c6b596', 'dcr_create_area_hop_reject', '客户变更管理', 'custom', 'large',  '0', '1', NOW(), '1', NOW()),

('b02afead-6640-b844-8d8e-9a95aec7b634','b6006140-dc88-11e6-9d4e-e4b318c6b596', 'dcr_edit_hop_draft', '客户变更管理', 'custom', 'large',  '0', '1', NOW(), '1', NOW()),
('7ecac3c5-f8ad-0248-bdb4-aa9ac99088b6','b6006140-dc88-11e6-9d4e-e4b318c6b596', 'dcr_edit_hop_pass', '客户变更管理', 'custom', 'large',  '0', '1', NOW(), '1', NOW()),
('c64aacb7-b650-0c49-acf7-cb6fe25825b7','b6006140-dc88-11e6-9d4e-e4b318c6b596', 'dcr_edit_hop_approval', '客户变更管理', 'custom', 'large',  '0', '1', NOW(), '1', NOW()),
('81b45d2d-c2d7-8047-9763-554f74ef78aa','b6006140-dc88-11e6-9d4e-e4b318c6b596', 'dcr_edit_hop_reject', '客户变更管理', 'custom', 'large',  '0', '1', NOW(), '1', NOW()),

('e723ab4b-a421-d24c-9d87-704eff89c495','b6006140-dc88-11e6-9d4e-e4b318c6b596', 'dcr_delete_hop_draft', '客户变更管理', 'custom', 'large',  '0', '1', NOW(), '1', NOW()),
('b1d9029f-2631-cc4b-ab91-e47aaad355a5','b6006140-dc88-11e6-9d4e-e4b318c6b596', 'dcr_delete_hop_pass', '客户变更管理', 'custom', 'large',  '0', '1', NOW(), '1', NOW()),
('7e629665-6df3-fa42-9c0b-1dc0060a13ac','b6006140-dc88-11e6-9d4e-e4b318c6b596', 'dcr_delete_hop_approval', '客户变更管理', 'custom', 'large',  '0', '1', NOW(), '1', NOW()),
('86aa2ddb-702d-5942-8bf3-acc125ab54e9','b6006140-dc88-11e6-9d4e-e4b318c6b596', 'dcr_delete_hop_reject', '客户变更管理', 'custom', 'large',  '0', '1', NOW(), '1', NOW());

-- 新增客户 草稿
INSERT INTO `page_layout_fields` (`id`, `page_layout_id`, `type`, `object_field_id`, `label`, `order`, `colspan`, `is_mandatory`, `is_readonly`, `display_mode`, `deleted`, `created_by`, `created_on`, `modified_by`, `modified_on`, `is_with_stars_mask`) VALUES 
('91cdcf4a-25b8-4d4b-8ce3-d7ca68280927','4c95f1d1-5acd-824a-ae76-614a7a8c425c', 'field', 'a255fb40-dc7f-11e6-b0cb-e4b318c6b596', '申请状态', '1', '6', '0', '1', 'both',  '0', '1', NOW(), '1', NOW(), '0'),
('f84570a6-e935-4844-a5e2-c108c1b3e950','4c95f1d1-5acd-824a-ae76-614a7a8c425c', 'field', 'a2321f91-dc7f-11e6-bfde-e4b318c6b596', '申请类型', '2', '6', '0', '1', 'both',  '0', '1', NOW(), '1', NOW(), '0'),
('6fb6b1eb-4451-1b43-aead-2e44158ebc47','4c95f1d1-5acd-824a-ae76-614a7a8c425c', 'field', 'e74f9a90-12d4-11e7-b04b-e4b318c6b596', '医生编码', '3', '6', '0', '1', 'both',  '0', '1', NOW(), '1', NOW(), '0'),
('0732eae0-3397-4a41-9ac1-33316b1fb39e','4c95f1d1-5acd-824a-ae76-614a7a8c425c', 'field', 'a190d680-dc7f-11e6-b73a-e4b318c6b596', '医生姓名', '4', '6', '0', '1', 'both',  '0', '1', NOW(), '1', NOW(), '0'),
('96e1fd90-dbe6-8442-a1c2-f99d4012a02e','4c95f1d1-5acd-824a-ae76-614a7a8c425c', 'field', 'a2b13aa1-dc7f-11e6-bf8d-e4b318c6b596', '性别', '5', '6', '0', '1', 'both',  '0', '1', NOW(), '1', NOW(), '0'),
('21b1dfe2-bbd8-ff46-8f4f-0ce1bda38cab','4c95f1d1-5acd-824a-ae76-614a7a8c425c', 'field', 'a1c776de-dc7f-11e6-93cb-e4b318c6b596', '医院', '6', '6', '0', '1', 'both',  '0', '1', NOW(), '1', NOW(), '0'),
('101d5cdb-1547-5342-a64c-a58e59faec7d','4c95f1d1-5acd-824a-ae76-614a7a8c425c', 'field', '9b26c99f-298f-4ea2-92fd-a5f58931bbed', '科室', '7', '6', '0', '1', 'both',  '0', '1', NOW(), '1', NOW(), '0'),
('94357109-fb72-3c49-b1bd-b149eb81b835','4c95f1d1-5acd-824a-ae76-614a7a8c425c', 'field', 'a2d898c0-dc7f-kutg-b724-e4b318c6b596', '行政职务', '8', '6', '0', '1', 'both',  '0', '1', NOW(), '1', NOW(), '0'),
('8a2b3a98-9c0c-dc4d-b620-2ab724d3673c','4c95f1d1-5acd-824a-ae76-614a7a8c425c', 'field', 'a2d898c0-dc7f-11e6-b724-e4b318c6b596', '职称', '9', '6', '0', '1', 'both',  '0', '1', NOW(), '1', NOW(), '0'),
('5e4775c2-3e72-384b-b99a-ef64ac059b2f','4c95f1d1-5acd-824a-ae76-614a7a8c425c', 'field', 'a2f5e4c0-dc7f-11e6-a4ca-e4b318c6b596', '手机', '10', '6', '0', '1', 'both',  '0', '1', NOW(), '1', NOW(), '0'),
('a33a09dd-c349-f742-8e84-062e572b7d00','4c95f1d1-5acd-824a-ae76-614a7a8c425c', 'field', 'a3e6864f-dc7f-11e6-ad60-e4b318c6b596', '备注', '11', '6', '0', '1', 'both',  '0', '1', NOW(), '1', NOW(), '0'),
('ba78a9c1-7742-0847-ace2-4d762d9a84ed','4c95f1d1-5acd-824a-ae76-614a7a8c425c', 'field', 'affe8870-dc7f-11e6-b22a-e4b318c6b596', '创建人', '12', '6', '0', '1', 'both',  '0', '1', NOW(), '1', NOW(), '0'),
('18cb8918-31fd-a34e-b096-9d10c16c54cb','4c95f1d1-5acd-824a-ae76-614a7a8c425c', 'field', 'b04666de-dc7f-11e6-b6bb-e4b318c6b596', '创建时间', '13', '6', '0', '1', 'both',  '0', '1', NOW(), '1', NOW(), '0'),
('e3957418-f883-0542-834c-653e3c372686','4c95f1d1-5acd-824a-ae76-614a7a8c425c', 'field', 'b024ae0f-dc7f-11e6-b5e6-e4b318c6b596', '修改人', '14', '6', '0', '1', 'both',  '0', '1', NOW(), '1', NOW(), '0'),
('1f954b27-8dc2-564c-b00d-7e08558dc555','4c95f1d1-5acd-824a-ae76-614a7a8c425c', 'field', 'b08c4980-dc7f-11e6-85bf-e4b318c6b596', '修改时间', '15', '6', '0', '1', 'both',  '0', '1', NOW(), '1', NOW(), '0');

-- 新增客户 审批通过
INSERT INTO `page_layout_fields` (`id`, `page_layout_id`, `type`, `object_field_id`, `label`, `order`, `colspan`, `is_mandatory`, `is_readonly`, `display_mode`, `deleted`, `created_by`, `created_on`, `modified_by`, `modified_on`, `is_with_stars_mask`) VALUES 
('4dde8921-8711-944a-95bd-24f7e27c67d2','17c4e2d7-7ab2-3e4e-a688-3e76a5e99564', 'field', 'a255fb40-dc7f-11e6-b0cb-e4b318c6b596', '申请状态', '1', '6', '0', '1', 'both',  '0', '1', NOW(), '1', NOW(), '0'),
('35eb519f-4e69-2f4e-92b1-599e79115776','17c4e2d7-7ab2-3e4e-a688-3e76a5e99564', 'field', 'a2321f91-dc7f-11e6-bfde-e4b318c6b596', '申请类型', '2', '6', '0', '1', 'both',  '0', '1', NOW(), '1', NOW(), '0'),
('9a565d46-db5f-d84a-9071-f7dbcc5d2116','17c4e2d7-7ab2-3e4e-a688-3e76a5e99564', 'field', 'e74f9a90-12d4-11e7-b04b-e4b318c6b596', '医生编码', '3', '6', '0', '1', 'both',  '0', '1', NOW(), '1', NOW(), '0'),
('173ec28e-04eb-944b-86e3-63ad7f0f9127','17c4e2d7-7ab2-3e4e-a688-3e76a5e99564', 'field', 'a190d680-dc7f-11e6-b73a-e4b318c6b596', '医生姓名', '4', '6', '0', '1', 'both',  '0', '1', NOW(), '1', NOW(), '0'),
('ffd2e80d-5d08-7549-bb22-3fa9ce66ae5f','17c4e2d7-7ab2-3e4e-a688-3e76a5e99564', 'field', 'a2b13aa1-dc7f-11e6-bf8d-e4b318c6b596', '性别', '5', '6', '0', '1', 'both',  '0', '1', NOW(), '1', NOW(), '0'),
('3a042f88-65f1-ff42-b6a5-03b97ad396a8','17c4e2d7-7ab2-3e4e-a688-3e76a5e99564', 'field', 'a1c776de-dc7f-11e6-93cb-e4b318c6b596', '医院', '6', '6', '0', '1', 'both',  '0', '1', NOW(), '1', NOW(), '0'),
('9535ef73-f5b9-1f47-a361-01efc41506c0','17c4e2d7-7ab2-3e4e-a688-3e76a5e99564', 'field', '9b26c99f-298f-4ea2-92fd-a5f58931bbed', '科室', '7', '6', '0', '1', 'both',  '0', '1', NOW(), '1', NOW(), '0'),
('a22bf33e-a425-ec45-a26e-cc47d1b9110b','17c4e2d7-7ab2-3e4e-a688-3e76a5e99564', 'field', 'a2d898c0-dc7f-kutg-b724-e4b318c6b596', '行政职务', '8', '6', '0', '1', 'both',  '0', '1', NOW(), '1', NOW(), '0'),
('e4343fd2-c2c1-6945-a2ae-6cf5e79f9d9a','17c4e2d7-7ab2-3e4e-a688-3e76a5e99564', 'field', 'a2d898c0-dc7f-11e6-b724-e4b318c6b596', '职称', '9', '6', '0', '1', 'both',  '0', '1', NOW(), '1', NOW(), '0'),
('78194e60-819a-bb4f-9e50-c67d42dc0f3e','17c4e2d7-7ab2-3e4e-a688-3e76a5e99564', 'field', 'a2f5e4c0-dc7f-11e6-a4ca-e4b318c6b596', '手机', '10', '6', '0', '1', 'both',  '0', '1', NOW(), '1', NOW(), '0'),
('7fd9eb6e-935d-8a41-b204-9273dd7693e2','17c4e2d7-7ab2-3e4e-a688-3e76a5e99564', 'field', 'a3e6864f-dc7f-11e6-ad60-e4b318c6b596', '备注', '11', '6', '0', '1', 'both',  '0', '1', NOW(), '1', NOW(), '0'),
('32396a9a-c156-3844-8c1e-2cced0f73cf5','17c4e2d7-7ab2-3e4e-a688-3e76a5e99564', 'field', 'affe8870-dc7f-11e6-b22a-e4b318c6b596', '创建人', '12', '6', '0', '1', 'both',  '0', '1', NOW(), '1', NOW(), '0'),
('f53a527a-e275-094c-93d4-c4a3e5b0f5c3','17c4e2d7-7ab2-3e4e-a688-3e76a5e99564', 'field', 'b04666de-dc7f-11e6-b6bb-e4b318c6b596', '创建时间', '13', '6', '0', '1', 'both',  '0', '1', NOW(), '1', NOW(), '0'),
('50ede1f2-e627-344b-9a7a-9f8dbf7cb390','17c4e2d7-7ab2-3e4e-a688-3e76a5e99564', 'field', 'b024ae0f-dc7f-11e6-b5e6-e4b318c6b596', '修改人', '14', '6', '0', '1', 'both',  '0', '1', NOW(), '1', NOW(), '0'),
('c89b747c-8fe2-cf42-88b2-90abe10dfbf5','17c4e2d7-7ab2-3e4e-a688-3e76a5e99564', 'field', 'b08c4980-dc7f-11e6-85bf-e4b318c6b596', '修改时间', '15', '6', '0', '1', 'both',  '0', '1', NOW(), '1', NOW(), '0');

-- 新增新客户 审批中

INSERT INTO `page_layout_fields` (`id`, `page_layout_id`, `type`, `object_field_id`, `label`, `order`, `colspan`, `is_mandatory`, `is_readonly`, `display_mode`, `deleted`, `created_by`, `created_on`, `modified_by`, `modified_on`, `is_with_stars_mask`) VALUES 
('aec812d2-245c-5548-9c29-a39e9de2bb66','3dafd307-89fd-ee4f-aeb6-29c98d43a566', 'field', 'a255fb40-dc7f-11e6-b0cb-e4b318c6b596', '申请状态', '1', '6', '0', '1', 'both',  '0', '1', NOW(), '1', NOW(), '0'),
('b1d5614f-9aa6-aa42-83a2-34877d56fda9','3dafd307-89fd-ee4f-aeb6-29c98d43a566', 'field', 'a2321f91-dc7f-11e6-bfde-e4b318c6b596', '申请类型', '2', '6', '0', '1', 'both',  '0', '1', NOW(), '1', NOW(), '0'),
('fbeba571-b86e-c641-a718-0303096af94a','3dafd307-89fd-ee4f-aeb6-29c98d43a566', 'field', 'e74f9a90-12d4-11e7-b04b-e4b318c6b596', '医生编码', '3', '6', '0', '1', 'both',  '0', '1', NOW(), '1', NOW(), '0'),
('e2f306b0-856d-f740-8b4f-a97ceb8be824','3dafd307-89fd-ee4f-aeb6-29c98d43a566', 'field', 'a190d680-dc7f-11e6-b73a-e4b318c6b596', '医生姓名', '4', '6', '0', '1', 'both',  '0', '1', NOW(), '1', NOW(), '0'),
('6dc92557-c23b-6146-b18f-01da2e018f6c','3dafd307-89fd-ee4f-aeb6-29c98d43a566', 'field', 'a2b13aa1-dc7f-11e6-bf8d-e4b318c6b596', '性别', '5', '6', '0', '1', 'both',  '0', '1', NOW(), '1', NOW(), '0'),
('cfc8c442-8f56-0947-85a8-a1f3ad22c116','3dafd307-89fd-ee4f-aeb6-29c98d43a566', 'field', 'a1c776de-dc7f-11e6-93cb-e4b318c6b596', '医院', '6', '6', '0', '1', 'both',  '0', '1', NOW(), '1', NOW(), '0'),
('b82dfe30-6edc-344c-88ba-a62a905c8f4d','3dafd307-89fd-ee4f-aeb6-29c98d43a566', 'field', '9b26c99f-298f-4ea2-92fd-a5f58931bbed', '科室', '7', '6', '0', '1', 'both',  '0', '1', NOW(), '1', NOW(), '0'),
('36ea5eb6-c5c0-8a45-b404-012fa19346ef','3dafd307-89fd-ee4f-aeb6-29c98d43a566', 'field', 'a2d898c0-dc7f-kutg-b724-e4b318c6b596', '行政职务', '8', '6', '0', '1', 'both',  '0', '1', NOW(), '1', NOW(), '0'),
('901f1a1e-e39c-744d-a31a-896e0f79edc1','3dafd307-89fd-ee4f-aeb6-29c98d43a566', 'field', 'a2d898c0-dc7f-11e6-b724-e4b318c6b596', '职称', '9', '6', '0', '1', 'both',  '0', '1', NOW(), '1', NOW(), '0'),
('f75363bd-2b0a-a944-8aa4-5cfd5f4f8e62','3dafd307-89fd-ee4f-aeb6-29c98d43a566', 'field', 'a2f5e4c0-dc7f-11e6-a4ca-e4b318c6b596', '手机', '10', '6', '0', '1', 'both',  '0', '1', NOW(), '1', NOW(), '0'),
('c566dac9-bbea-dc42-b85e-af43d4fee55a','3dafd307-89fd-ee4f-aeb6-29c98d43a566', 'field', 'a3e6864f-dc7f-11e6-ad60-e4b318c6b596', '备注', '11', '6', '0', '1', 'both',  '0', '1', NOW(), '1', NOW(), '0'),
('dda9a482-d885-2842-bfce-ea7e19365286','3dafd307-89fd-ee4f-aeb6-29c98d43a566', 'field', 'affe8870-dc7f-11e6-b22a-e4b318c6b596', '创建人', '12', '6', '0', '1', 'both',  '0', '1', NOW(), '1', NOW(), '0'),
('bd802158-fa86-0c42-962d-13c9df688a0b','3dafd307-89fd-ee4f-aeb6-29c98d43a566', 'field', 'b04666de-dc7f-11e6-b6bb-e4b318c6b596', '创建时间', '13', '6', '0', '1', 'both',  '0', '1', NOW(), '1', NOW(), '0'),
('c2aab383-e89d-9749-837f-f16e3dbc8fc2','3dafd307-89fd-ee4f-aeb6-29c98d43a566', 'field', 'b024ae0f-dc7f-11e6-b5e6-e4b318c6b596', '修改人', '14', '6', '0', '1', 'both',  '0', '1', NOW(), '1', NOW(), '0'),
('27b0c327-d2c6-cc41-b21e-262752aa9746','3dafd307-89fd-ee4f-aeb6-29c98d43a566', 'field', 'b08c4980-dc7f-11e6-85bf-e4b318c6b596', '修改时间', '15', '6', '0', '1', 'both',  '0', '1', NOW(), '1', NOW(), '0');

-- 新增客户 审批拒绝
INSERT INTO `page_layout_fields` (`id`, `page_layout_id`, `type`, `object_field_id`, `label`, `order`, `colspan`, `is_mandatory`, `is_readonly`, `display_mode`, `deleted`, `created_by`, `created_on`, `modified_by`, `modified_on`, `is_with_stars_mask`) VALUES 
('e423ac9c-7f2e-a648-9711-bf150869d555','53cc72f4-ccc3-b841-9096-5fe97cd33c9a', 'field', 'a255fb40-dc7f-11e6-b0cb-e4b318c6b596', '申请状态', '1', '6', '0', '1', 'both',  '0', '1', NOW(), '1', NOW(), '0'),
('2ac0dd52-464a-134a-88da-43616fdb80a6','53cc72f4-ccc3-b841-9096-5fe97cd33c9a', 'field', 'a2321f91-dc7f-11e6-bfde-e4b318c6b596', '申请类型', '2', '6', '0', '1', 'both',  '0', '1', NOW(), '1', NOW(), '0'),
('bc7f116b-880d-b74d-be20-ade4a5c35cc9','53cc72f4-ccc3-b841-9096-5fe97cd33c9a', 'field', 'e74f9a90-12d4-11e7-b04b-e4b318c6b596', '医生编码', '3', '6', '0', '1', 'both',  '0', '1', NOW(), '1', NOW(), '0'),
('469c6e54-903a-f047-8407-0060f6fc0579','53cc72f4-ccc3-b841-9096-5fe97cd33c9a', 'field', 'a190d680-dc7f-11e6-b73a-e4b318c6b596', '医生姓名', '4', '6', '0', '1', 'both',  '0', '1', NOW(), '1', NOW(), '0'),
('fa0461db-60c2-af47-8638-b74d437754fc','53cc72f4-ccc3-b841-9096-5fe97cd33c9a', 'field', 'a2b13aa1-dc7f-11e6-bf8d-e4b318c6b596', '性别', '5', '6', '0', '1', 'both',  '0', '1', NOW(), '1', NOW(), '0'),
('7d0c1f4e-fa68-cf46-aa73-509533a5ced0','53cc72f4-ccc3-b841-9096-5fe97cd33c9a', 'field', 'a1c776de-dc7f-11e6-93cb-e4b318c6b596', '医院', '6', '6', '0', '1', 'both',  '0', '1', NOW(), '1', NOW(), '0'),
('69ffbc80-5483-ab46-9e1d-b2bf60dca426','53cc72f4-ccc3-b841-9096-5fe97cd33c9a', 'field', '9b26c99f-298f-4ea2-92fd-a5f58931bbed', '科室', '7', '6', '0', '1', 'both',  '0', '1', NOW(), '1', NOW(), '0'),
('7263f6af-c3bc-464d-9655-84031aec205e','53cc72f4-ccc3-b841-9096-5fe97cd33c9a', 'field', 'a2d898c0-dc7f-kutg-b724-e4b318c6b596', '行政职务', '8', '6', '0', '1', 'both',  '0', '1', NOW(), '1', NOW(), '0'),
('a7f8589d-6c52-d24e-b7ef-224845b73582','53cc72f4-ccc3-b841-9096-5fe97cd33c9a', 'field', 'a2d898c0-dc7f-11e6-b724-e4b318c6b596', '职称', '9', '6', '0', '1', 'both',  '0', '1', NOW(), '1', NOW(), '0'),
('953ae725-ed1d-1640-9e4c-833af3ba9245','53cc72f4-ccc3-b841-9096-5fe97cd33c9a', 'field', 'a2f5e4c0-dc7f-11e6-a4ca-e4b318c6b596', '手机', '10', '6', '0', '1', 'both',  '0', '1', NOW(), '1', NOW(), '0'),
('b7a0ec82-32cf-a54b-9989-296035c10c7d','53cc72f4-ccc3-b841-9096-5fe97cd33c9a', 'field', 'a3e6864f-dc7f-11e6-ad60-e4b318c6b596', '备注', '11', '6', '0', '1', 'both',  '0', '1', NOW(), '1', NOW(), '0'),
('af12ed55-7274-4641-96fc-bca2f95e3959','53cc72f4-ccc3-b841-9096-5fe97cd33c9a', 'field', 'affe8870-dc7f-11e6-b22a-e4b318c6b596', '创建人', '12', '6', '0', '1', 'both',  '0', '1', NOW(), '1', NOW(), '0'),
('93d2b4ce-7280-524e-bb64-5b2939b66e9f','53cc72f4-ccc3-b841-9096-5fe97cd33c9a', 'field', 'b04666de-dc7f-11e6-b6bb-e4b318c6b596', '创建时间', '13', '6', '0', '1', 'both',  '0', '1', NOW(), '1', NOW(), '0'),
('0faf0afe-7ae9-ac4c-a514-17247d000962','53cc72f4-ccc3-b841-9096-5fe97cd33c9a', 'field', 'b024ae0f-dc7f-11e6-b5e6-e4b318c6b596', '修改人', '14', '6', '0', '1', 'both',  '0', '1', NOW(), '1', NOW(), '0'),
('df824e8c-1f13-1840-99c2-0af63f051a5e','53cc72f4-ccc3-b841-9096-5fe97cd33c9a', 'field', 'b08c4980-dc7f-11e6-85bf-e4b318c6b596', '修改时间', '15', '6', '0', '1', 'both',  '0', '1', NOW(), '1', NOW(), '0');

-- 新增区域客户 草稿
INSERT INTO `page_layout_fields` (`id`, `page_layout_id`, `type`, `object_field_id`, `label`, `order`, `colspan`, `is_mandatory`, `is_readonly`, `display_mode`, `deleted`, `created_by`, `created_on`, `modified_by`, `modified_on`, `is_with_stars_mask`) VALUES 
('31bd189a-2a7b-ca49-8800-548e01b08e21','9e4af5bc-8732-834a-bd8b-035740191e1a', 'field', 'a255fb40-dc7f-11e6-b0cb-e4b318c6b596', '申请状态', '1', '6', '0', '1', 'both',  '0', '1', NOW(), '1', NOW(), '0'),
('4382e121-726d-314f-8104-540a15b1721f','9e4af5bc-8732-834a-bd8b-035740191e1a', 'field', 'a2321f91-dc7f-11e6-bfde-e4b318c6b596', '申请类型', '2', '6', '0', '1', 'both',  '0', '1', NOW(), '1', NOW(), '0'),
('1392b107-cb9d-4c49-87de-7a0f050986b2','9e4af5bc-8732-834a-bd8b-035740191e1a', 'field', 'e74f9a90-12d4-11e7-b04b-e4b318c6b596', '医生编码', '3', '6', '0', '1', 'both',  '0', '1', NOW(), '1', NOW(), '0'),
('2889179c-9037-ed43-a320-4bd839a644ce','9e4af5bc-8732-834a-bd8b-035740191e1a', 'field', 'a190d680-dc7f-11e6-b73a-e4b318c6b596', '医生姓名', '4', '6', '0', '1', 'both',  '0', '1', NOW(), '1', NOW(), '0'),
('3a9ba2c1-e5bf-f840-9492-f85eb0fa08f1','9e4af5bc-8732-834a-bd8b-035740191e1a', 'field', 'a2b13aa1-dc7f-11e6-bf8d-e4b318c6b596', '性别', '5', '6', '0', '1', 'both',  '0', '1', NOW(), '1', NOW(), '0'),
('5f5b5962-2a59-0d40-ac81-809f84a20f4f','9e4af5bc-8732-834a-bd8b-035740191e1a', 'field', 'a1c776de-dc7f-11e6-93cb-e4b318c6b596', '医院', '6', '6', '0', '1', 'both',  '0', '1', NOW(), '1', NOW(), '0'),
('2e827ee2-f698-fd4e-9e63-5bc2925d72cc','9e4af5bc-8732-834a-bd8b-035740191e1a', 'field', '9b26c99f-298f-4ea2-92fd-a5f58931bbed', '科室', '7', '6', '0', '1', 'both',  '0', '1', NOW(), '1', NOW(), '0'),
('32dd54b2-9be2-a144-9dc6-d4a308ce82b4','9e4af5bc-8732-834a-bd8b-035740191e1a', 'field', 'a2d898c0-dc7f-kutg-b724-e4b318c6b596', '行政职务', '8', '6', '0', '1', 'both',  '0', '1', NOW(), '1', NOW(), '0'),
('a6d177fb-766b-bb49-8283-b4ad39b3794e','9e4af5bc-8732-834a-bd8b-035740191e1a', 'field', 'a2d898c0-dc7f-11e6-b724-e4b318c6b596', '职称', '9', '6', '0', '1', 'both',  '0', '1', NOW(), '1', NOW(), '0'),
('1642d3d5-a1de-384a-8a7b-a99647ab8f47','9e4af5bc-8732-834a-bd8b-035740191e1a', 'field', 'a2f5e4c0-dc7f-11e6-a4ca-e4b318c6b596', '手机', '10', '6', '0', '1', 'both',  '0', '1', NOW(), '1', NOW(), '0'),
('ff83c7bf-a182-2d48-8a0b-ceb155fa13d2','9e4af5bc-8732-834a-bd8b-035740191e1a', 'field', 'a3e6864f-dc7f-11e6-ad60-e4b318c6b596', '备注', '11', '6', '0', '1', 'both',  '0', '1', NOW(), '1', NOW(), '0'),
('21fc2a8d-e1ab-0d49-b84c-98f130f3ca3f','9e4af5bc-8732-834a-bd8b-035740191e1a', 'field', 'affe8870-dc7f-11e6-b22a-e4b318c6b596', '创建人', '12', '6', '0', '1', 'both',  '0', '1', NOW(), '1', NOW(), '0'),
('8793d385-16ce-6045-b657-61d8df11d2f8','9e4af5bc-8732-834a-bd8b-035740191e1a', 'field', 'b04666de-dc7f-11e6-b6bb-e4b318c6b596', '创建时间', '13', '6', '0', '1', 'both',  '0', '1', NOW(), '1', NOW(), '0'),
('2374f763-b09a-b340-ac79-6ebdd469f265','9e4af5bc-8732-834a-bd8b-035740191e1a', 'field', 'b024ae0f-dc7f-11e6-b5e6-e4b318c6b596', '修改人', '14', '6', '0', '1', 'both',  '0', '1', NOW(), '1', NOW(), '0'),
('edd91655-e784-884d-ba2f-d80e6df3cbe8','9e4af5bc-8732-834a-bd8b-035740191e1a', 'field', 'b08c4980-dc7f-11e6-85bf-e4b318c6b596', '修改时间', '15', '6', '0', '1', 'both',  '0', '1', NOW(), '1', NOW(), '0');

-- 新增区域客户 审批通过

INSERT INTO `page_layout_fields` (`id`, `page_layout_id`, `type`, `object_field_id`, `label`, `order`, `colspan`, `is_mandatory`, `is_readonly`, `display_mode`, `deleted`, `created_by`, `created_on`, `modified_by`, `modified_on`, `is_with_stars_mask`) VALUES 
('28df0720-f23d-9d4b-a0e4-cbd231c2a6bf','3001f895-f909-e94f-8fb7-51ea5c6dccbc', 'field', 'a255fb40-dc7f-11e6-b0cb-e4b318c6b596', '申请状态', '1', '6', '0', '1', 'both',  '0', '1', NOW(), '1', NOW(), '0'),
('6e0b298f-5898-094e-98c0-88bd4029cce7','3001f895-f909-e94f-8fb7-51ea5c6dccbc', 'field', 'a2321f91-dc7f-11e6-bfde-e4b318c6b596', '申请类型', '2', '6', '0', '1', 'both',  '0', '1', NOW(), '1', NOW(), '0'),
('75c59f7e-b4d1-bd4e-814b-da46ecf048f3','3001f895-f909-e94f-8fb7-51ea5c6dccbc', 'field', 'e74f9a90-12d4-11e7-b04b-e4b318c6b596', '医生编码', '3', '6', '0', '1', 'both',  '0', '1', NOW(), '1', NOW(), '0'),
('9ea0ca19-1f71-1049-8288-05fe321740a0','3001f895-f909-e94f-8fb7-51ea5c6dccbc', 'field', 'a190d680-dc7f-11e6-b73a-e4b318c6b596', '医生姓名', '4', '6', '0', '1', 'both',  '0', '1', NOW(), '1', NOW(), '0'),
('56364a99-dc5e-234d-a2a8-5596cf4471b2','3001f895-f909-e94f-8fb7-51ea5c6dccbc', 'field', 'a2b13aa1-dc7f-11e6-bf8d-e4b318c6b596', '性别', '5', '6', '0', '1', 'both',  '0', '1', NOW(), '1', NOW(), '0'),
('627834cb-0b8b-414b-b5ec-ac086532ceea','3001f895-f909-e94f-8fb7-51ea5c6dccbc', 'field', 'a1c776de-dc7f-11e6-93cb-e4b318c6b596', '医院', '6', '6', '0', '1', 'both',  '0', '1', NOW(), '1', NOW(), '0'),
('384a4e2f-1152-a045-8470-c01eadf7b972','3001f895-f909-e94f-8fb7-51ea5c6dccbc', 'field', '9b26c99f-298f-4ea2-92fd-a5f58931bbed', '科室', '7', '6', '0', '1', 'both',  '0', '1', NOW(), '1', NOW(), '0'),
('ace1bd6c-da9c-4c4d-8b65-e594ef9ac334','3001f895-f909-e94f-8fb7-51ea5c6dccbc', 'field', 'a2d898c0-dc7f-kutg-b724-e4b318c6b596', '行政职务', '8', '6', '0', '1', 'both',  '0', '1', NOW(), '1', NOW(), '0'),
('db142202-415f-f246-ad9a-c85a58234bd4','3001f895-f909-e94f-8fb7-51ea5c6dccbc', 'field', 'a2d898c0-dc7f-11e6-b724-e4b318c6b596', '职称', '9', '6', '0', '1', 'both',  '0', '1', NOW(), '1', NOW(), '0'),
('d350890d-f046-534a-a49b-92ef6e0d438c','3001f895-f909-e94f-8fb7-51ea5c6dccbc', 'field', 'a2f5e4c0-dc7f-11e6-a4ca-e4b318c6b596', '手机', '10', '6', '0', '1', 'both',  '0', '1', NOW(), '1', NOW(), '0'),
('21be43c5-13fc-5441-930c-e8100799770b','3001f895-f909-e94f-8fb7-51ea5c6dccbc', 'field', 'a3e6864f-dc7f-11e6-ad60-e4b318c6b596', '备注', '11', '6', '0', '1', 'both',  '0', '1', NOW(), '1', NOW(), '0'),
('9d6585fa-10c3-fb4d-9936-571ae3e5d0c9','3001f895-f909-e94f-8fb7-51ea5c6dccbc', 'field', 'affe8870-dc7f-11e6-b22a-e4b318c6b596', '创建人', '12', '6', '0', '1', 'both',  '0', '1', NOW(), '1', NOW(), '0'),
('11bad09f-1564-924d-8b90-120fec0b2876','3001f895-f909-e94f-8fb7-51ea5c6dccbc', 'field', 'b04666de-dc7f-11e6-b6bb-e4b318c6b596', '创建时间', '13', '6', '0', '1', 'both',  '0', '1', NOW(), '1', NOW(), '0'),
('b7659923-cfaf-cf4e-86fe-8009691f987a','3001f895-f909-e94f-8fb7-51ea5c6dccbc', 'field', 'b024ae0f-dc7f-11e6-b5e6-e4b318c6b596', '修改人', '14', '6', '0', '1', 'both',  '0', '1', NOW(), '1', NOW(), '0'),
('03751d2f-f6db-584d-883e-f00b6977018b','3001f895-f909-e94f-8fb7-51ea5c6dccbc', 'field', 'b08c4980-dc7f-11e6-85bf-e4b318c6b596', '修改时间', '15', '6', '0', '1', 'both',  '0', '1', NOW(), '1', NOW(), '0');
-- 新增区域客户 审批中

INSERT INTO `page_layout_fields` (`id`, `page_layout_id`, `type`, `object_field_id`, `label`, `order`, `colspan`, `is_mandatory`, `is_readonly`, `display_mode`, `deleted`, `created_by`, `created_on`, `modified_by`, `modified_on`, `is_with_stars_mask`) VALUES 
('a6563128-a522-614d-ac87-d12b62ba1572','7ea48839-70d1-9a47-9231-1c0adf0a269c', 'field', 'a255fb40-dc7f-11e6-b0cb-e4b318c6b596', '申请状态', '1', '6', '0', '1', 'both',  '0', '1', NOW(), '1', NOW(), '0'),
('c376e579-c2ab-cb42-a6c0-0d03bec3ce7f','7ea48839-70d1-9a47-9231-1c0adf0a269c', 'field', 'a2321f91-dc7f-11e6-bfde-e4b318c6b596', '申请类型', '2', '6', '0', '1', 'both',  '0', '1', NOW(), '1', NOW(), '0'),
('06156039-4459-944f-a48a-bf9d11020960','7ea48839-70d1-9a47-9231-1c0adf0a269c', 'field', 'e74f9a90-12d4-11e7-b04b-e4b318c6b596', '医生编码', '3', '6', '0', '1', 'both',  '0', '1', NOW(), '1', NOW(), '0'),
('db3c4a27-4413-8e4a-9cad-e06e31303497','7ea48839-70d1-9a47-9231-1c0adf0a269c', 'field', 'a190d680-dc7f-11e6-b73a-e4b318c6b596', '医生姓名', '4', '6', '0', '1', 'both',  '0', '1', NOW(), '1', NOW(), '0'),
('53d9449c-30e4-554f-8444-d4f07ec5e7d6','7ea48839-70d1-9a47-9231-1c0adf0a269c', 'field', 'a2b13aa1-dc7f-11e6-bf8d-e4b318c6b596', '性别', '5', '6', '0', '1', 'both',  '0', '1', NOW(), '1', NOW(), '0'),
('651e5e81-1d0d-6349-a902-4901e7a615dc','7ea48839-70d1-9a47-9231-1c0adf0a269c', 'field', 'a1c776de-dc7f-11e6-93cb-e4b318c6b596', '医院', '6', '6', '0', '1', 'both',  '0', '1', NOW(), '1', NOW(), '0'),
('f4187c8c-b272-324f-9f3f-165cca478fed','7ea48839-70d1-9a47-9231-1c0adf0a269c', 'field', '9b26c99f-298f-4ea2-92fd-a5f58931bbed', '科室', '7', '6', '0', '1', 'both',  '0', '1', NOW(), '1', NOW(), '0'),
('f3dd8880-4608-7440-85e5-817d25c13f06','7ea48839-70d1-9a47-9231-1c0adf0a269c', 'field', 'a2d898c0-dc7f-kutg-b724-e4b318c6b596', '行政职务', '8', '6', '0', '1', 'both',  '0', '1', NOW(), '1', NOW(), '0'),
('fc6dbead-ee3e-de41-a1df-fa6f98fe9ac3','7ea48839-70d1-9a47-9231-1c0adf0a269c', 'field', 'a2d898c0-dc7f-11e6-b724-e4b318c6b596', '职称', '9', '6', '0', '1', 'both',  '0', '1', NOW(), '1', NOW(), '0'),
('d975a3be-a497-ee44-86c1-b17fc6df1277','7ea48839-70d1-9a47-9231-1c0adf0a269c', 'field', 'a2f5e4c0-dc7f-11e6-a4ca-e4b318c6b596', '手机', '10', '6', '0', '1', 'both',  '0', '1', NOW(), '1', NOW(), '0'),
('0cf044c6-ef33-e745-a7cb-1724f73f6160','7ea48839-70d1-9a47-9231-1c0adf0a269c', 'field', 'a3e6864f-dc7f-11e6-ad60-e4b318c6b596', '备注', '11', '6', '0', '1', 'both',  '0', '1', NOW(), '1', NOW(), '0'),
('f2982f05-9d48-2440-90f5-2cae1dae5ab9','7ea48839-70d1-9a47-9231-1c0adf0a269c', 'field', 'affe8870-dc7f-11e6-b22a-e4b318c6b596', '创建人', '12', '6', '0', '1', 'both',  '0', '1', NOW(), '1', NOW(), '0'),
('685b739a-4682-8541-9b79-9a22084a6de4','7ea48839-70d1-9a47-9231-1c0adf0a269c', 'field', 'b04666de-dc7f-11e6-b6bb-e4b318c6b596', '创建时间', '13', '6', '0', '1', 'both',  '0', '1', NOW(), '1', NOW(), '0'),
('5f45fefd-d609-6f45-a210-61ee84f8943f','7ea48839-70d1-9a47-9231-1c0adf0a269c', 'field', 'b024ae0f-dc7f-11e6-b5e6-e4b318c6b596', '修改人', '14', '6', '0', '1', 'both',  '0', '1', NOW(), '1', NOW(), '0'),
('bb4cc3fc-fd49-0a47-990e-15f19d5887c1','7ea48839-70d1-9a47-9231-1c0adf0a269c', 'field', 'b08c4980-dc7f-11e6-85bf-e4b318c6b596', '修改时间', '15', '6', '0', '1', 'both',  '0', '1', NOW(), '1', NOW(), '0');
-- 新增区域客户  审批拒绝

INSERT INTO `page_layout_fields` (`id`, `page_layout_id`, `type`, `object_field_id`, `label`, `order`, `colspan`, `is_mandatory`, `is_readonly`, `display_mode`, `deleted`, `created_by`, `created_on`, `modified_by`, `modified_on`, `is_with_stars_mask`) VALUES 
('9d789238-6f48-6240-883c-0f8bc9809363','cb8b44df-4d0a-674f-b1a4-d0b667080e4e', 'field', 'a255fb40-dc7f-11e6-b0cb-e4b318c6b596', '申请状态', '1', '6', '0', '1', 'both',  '0', '1', NOW(), '1', NOW(), '0'),
('4f4f85e5-6705-844f-8ba8-3fa89976c63d','cb8b44df-4d0a-674f-b1a4-d0b667080e4e', 'field', 'a2321f91-dc7f-11e6-bfde-e4b318c6b596', '申请类型', '2', '6', '0', '1', 'both',  '0', '1', NOW(), '1', NOW(), '0'),
('d1cfc0d9-c739-cc42-9b78-6f6324210aa6','cb8b44df-4d0a-674f-b1a4-d0b667080e4e', 'field', 'e74f9a90-12d4-11e7-b04b-e4b318c6b596', '医生编码', '3', '6', '0', '1', 'both',  '0', '1', NOW(), '1', NOW(), '0'),
('cbf34d3f-1667-c449-829c-4b5285de5bfa','cb8b44df-4d0a-674f-b1a4-d0b667080e4e', 'field', 'a190d680-dc7f-11e6-b73a-e4b318c6b596', '医生姓名', '4', '6', '0', '1', 'both',  '0', '1', NOW(), '1', NOW(), '0'),
('f9208f2f-082f-7543-824b-22fd17e5aca7','cb8b44df-4d0a-674f-b1a4-d0b667080e4e', 'field', 'a2b13aa1-dc7f-11e6-bf8d-e4b318c6b596', '性别', '5', '6', '0', '1', 'both',  '0', '1', NOW(), '1', NOW(), '0'),
('f9777c7f-b4e0-4e43-9892-0c3fb296cd93','cb8b44df-4d0a-674f-b1a4-d0b667080e4e', 'field', 'a1c776de-dc7f-11e6-93cb-e4b318c6b596', '医院', '6', '6', '0', '1', 'both',  '0', '1', NOW(), '1', NOW(), '0'),
('39bbe94b-39f5-c54b-921d-901f15af48b5','cb8b44df-4d0a-674f-b1a4-d0b667080e4e', 'field', '9b26c99f-298f-4ea2-92fd-a5f58931bbed', '科室', '7', '6', '0', '1', 'both',  '0', '1', NOW(), '1', NOW(), '0'),
('aa80a7de-be03-2c4c-9a88-bd281e6b0f28','cb8b44df-4d0a-674f-b1a4-d0b667080e4e', 'field', 'a2d898c0-dc7f-kutg-b724-e4b318c6b596', '行政职务', '8', '6', '0', '1', 'both',  '0', '1', NOW(), '1', NOW(), '0'),
('d3691017-6bfd-3f47-b405-92e1fa1a47c1','cb8b44df-4d0a-674f-b1a4-d0b667080e4e', 'field', 'a2d898c0-dc7f-11e6-b724-e4b318c6b596', '职称', '9', '6', '0', '1', 'both',  '0', '1', NOW(), '1', NOW(), '0'),
('316636c6-7b8a-5841-96dd-58b1e8b44a47','cb8b44df-4d0a-674f-b1a4-d0b667080e4e', 'field', 'a2f5e4c0-dc7f-11e6-a4ca-e4b318c6b596', '手机', '10', '6', '0', '1', 'both',  '0', '1', NOW(), '1', NOW(), '0'),
('99f12189-5cce-7144-b312-a093a5523794','cb8b44df-4d0a-674f-b1a4-d0b667080e4e', 'field', 'a3e6864f-dc7f-11e6-ad60-e4b318c6b596', '备注', '11', '6', '0', '1', 'both',  '0', '1', NOW(), '1', NOW(), '0'),
('3e3e69d4-5a59-ab42-af2a-e9b14bcf752d','cb8b44df-4d0a-674f-b1a4-d0b667080e4e', 'field', 'affe8870-dc7f-11e6-b22a-e4b318c6b596', '创建人', '12', '6', '0', '1', 'both',  '0', '1', NOW(), '1', NOW(), '0'),
('ec685765-0530-7d46-8218-a8b39a3c95a6','cb8b44df-4d0a-674f-b1a4-d0b667080e4e', 'field', 'b04666de-dc7f-11e6-b6bb-e4b318c6b596', '创建时间', '13', '6', '0', '1', 'both',  '0', '1', NOW(), '1', NOW(), '0'),
('40518cd8-fc97-7249-8c0b-de20c8a93558','cb8b44df-4d0a-674f-b1a4-d0b667080e4e', 'field', 'b024ae0f-dc7f-11e6-b5e6-e4b318c6b596', '修改人', '14', '6', '0', '1', 'both',  '0', '1', NOW(), '1', NOW(), '0'),
('31252c6a-5106-6f45-a526-36abc453de0d','cb8b44df-4d0a-674f-b1a4-d0b667080e4e', 'field', 'b08c4980-dc7f-11e6-85bf-e4b318c6b596', '修改时间', '15', '6', '0', '1', 'both',  '0', '1', NOW(), '1', NOW(), '0');
-- 编辑区域医生 草稿

INSERT INTO `page_layout_fields` (`id`, `page_layout_id`, `type`, `object_field_id`, `label`, `order`, `colspan`, `is_mandatory`, `is_readonly`, `display_mode`, `deleted`, `created_by`, `created_on`, `modified_by`, `modified_on`, `is_with_stars_mask`) VALUES 
('5904035a-daf4-4343-b198-eb79681b21c7','b02afead-6640-b844-8d8e-9a95aec7b634', 'field', 'a255fb40-dc7f-11e6-b0cb-e4b318c6b596', '申请状态', '1', '6', '0', '1', 'both',  '0', '1', NOW(), '1', NOW(), '0'),
('5dc02e66-d94f-e347-b511-d2a8bc42fdf4','b02afead-6640-b844-8d8e-9a95aec7b634', 'field', 'a2321f91-dc7f-11e6-bfde-e4b318c6b596', '申请类型', '2', '6', '0', '1', 'both',  '0', '1', NOW(), '1', NOW(), '0'),
('8d01f96b-7b0d-aa49-9e6e-e60b2791f98f','b02afead-6640-b844-8d8e-9a95aec7b634', 'field', 'e74f9a90-12d4-11e7-b04b-e4b318c6b596', '医生编码', '3', '6', '0', '1', 'both',  '0', '1', NOW(), '1', NOW(), '0'),
('d29025c3-f705-244d-8b23-8279ebdf5fb1','b02afead-6640-b844-8d8e-9a95aec7b634', 'field', 'a190d680-dc7f-11e6-b73a-e4b318c6b596', '医生姓名', '4', '6', '0', '1', 'both',  '0', '1', NOW(), '1', NOW(), '0'),
('1eab7985-2361-2346-b2a9-8c5ac18f0218','b02afead-6640-b844-8d8e-9a95aec7b634', 'field', 'a2b13aa1-dc7f-11e6-bf8d-e4b318c6b596', '性别', '5', '6', '0', '1', 'both',  '0', '1', NOW(), '1', NOW(), '0'),
('4b2d2a6e-0ead-bb41-b769-9271e3186010','b02afead-6640-b844-8d8e-9a95aec7b634', 'field', 'a1c776de-dc7f-11e6-93cb-e4b318c6b596', '医院', '6', '6', '0', '1', 'both',  '0', '1', NOW(), '1', NOW(), '0'),
('a226d3fd-7d4f-d747-86dc-2ce7cfc523a6','b02afead-6640-b844-8d8e-9a95aec7b634', 'field', '9b26c99f-298f-4ea2-92fd-a5f58931bbed', '科室', '7', '6', '0', '1', 'both',  '0', '1', NOW(), '1', NOW(), '0'),
('a5cef1e0-fba5-4b4c-9ecf-98325f68c2c9','b02afead-6640-b844-8d8e-9a95aec7b634', 'field', 'a2d898c0-dc7f-kutg-b724-e4b318c6b596', '行政职务', '8', '6', '0', '1', 'both',  '0', '1', NOW(), '1', NOW(), '0'),
('d412c095-527b-d04a-9d0d-8f07aced929b','b02afead-6640-b844-8d8e-9a95aec7b634', 'field', 'a2d898c0-dc7f-11e6-b724-e4b318c6b596', '职称', '9', '6', '0', '1', 'both',  '0', '1', NOW(), '1', NOW(), '0'),
('0962485d-ef82-e44a-b740-c097c2b4ff79','b02afead-6640-b844-8d8e-9a95aec7b634', 'field', 'a2f5e4c0-dc7f-11e6-a4ca-e4b318c6b596', '手机', '10', '6', '0', '1', 'both',  '0', '1', NOW(), '1', NOW(), '0'),
('9ac054c6-7ed8-524a-9d9f-83dcb1521b1c','b02afead-6640-b844-8d8e-9a95aec7b634', 'field', 'a3e6864f-dc7f-11e6-ad60-e4b318c6b596', '备注', '11', '6', '0', '1', 'both',  '0', '1', NOW(), '1', NOW(), '0'),
('c9376e54-e0bc-eb48-90a5-998d144ffc83','b02afead-6640-b844-8d8e-9a95aec7b634', 'field', 'affe8870-dc7f-11e6-b22a-e4b318c6b596', '创建人', '12', '6', '0', '1', 'both',  '0', '1', NOW(), '1', NOW(), '0'),
('a5bb2f4a-fb90-0c4e-a541-35cfdf662816','b02afead-6640-b844-8d8e-9a95aec7b634', 'field', 'b04666de-dc7f-11e6-b6bb-e4b318c6b596', '创建时间', '13', '6', '0', '1', 'both',  '0', '1', NOW(), '1', NOW(), '0'),
('ce1eca75-486c-4e47-afbb-24f299348a18','b02afead-6640-b844-8d8e-9a95aec7b634', 'field', 'b024ae0f-dc7f-11e6-b5e6-e4b318c6b596', '修改人', '14', '6', '0', '1', 'both',  '0', '1', NOW(), '1', NOW(), '0'),
('e06b5499-f8f9-6b47-a2a2-37251f3fc394','b02afead-6640-b844-8d8e-9a95aec7b634', 'field', 'b08c4980-dc7f-11e6-85bf-e4b318c6b596', '修改时间', '15', '6', '0', '1', 'both',  '0', '1', NOW(), '1', NOW(), '0');
INSERT INTO  `page_layout_fields` (`id`, `page_layout_id`, `type`, `object_field_id`, `label`, `order`, `colspan`, `is_mandatory`, `is_readonly`, `display_mode`, `deleted`, `created_by`, `created_on`, `modified_by`, `modified_on`, `is_with_stars_mask`) VALUES 
('1a6c6aa1-afbb-11e6-bd36-5cc5d4d378cb', 'b02afead-6640-b844-8d8e-9a95aec7b634', 'field', '7ae61c30-65e0-11e7-a5f0-c85b76d4d416', '差异', '17', '6', '0', '1', 'both', '0', '1', '2018-04-12 10:04:36', '1', '2018-04-12 10:04:36', '0');

-- 编辑区域医生 审批通过

INSERT INTO `page_layout_fields` (`id`, `page_layout_id`, `type`, `object_field_id`, `label`, `order`, `colspan`, `is_mandatory`, `is_readonly`, `display_mode`, `deleted`, `created_by`, `created_on`, `modified_by`, `modified_on`, `is_with_stars_mask`) VALUES 
('a005538d-a89f-b942-b4e3-b46307bb3c30','7ecac3c5-f8ad-0248-bdb4-aa9ac99088b6', 'field', 'a255fb40-dc7f-11e6-b0cb-e4b318c6b596', '申请状态', '1', '6', '0', '1', 'both',  '0', '1', NOW(), '1', NOW(), '0'),
('c8156258-d403-f74d-85d0-165635758013','7ecac3c5-f8ad-0248-bdb4-aa9ac99088b6', 'field', 'a2321f91-dc7f-11e6-bfde-e4b318c6b596', '申请类型', '2', '6', '0', '1', 'both',  '0', '1', NOW(), '1', NOW(), '0'),
('575186a4-06fa-b44c-a5db-2a846d77ba76','7ecac3c5-f8ad-0248-bdb4-aa9ac99088b6', 'field', 'e74f9a90-12d4-11e7-b04b-e4b318c6b596', '医生编码', '3', '6', '0', '1', 'both',  '0', '1', NOW(), '1', NOW(), '0'),
('61829d1a-789b-b049-80ef-ab6d8f26badb','7ecac3c5-f8ad-0248-bdb4-aa9ac99088b6', 'field', 'a190d680-dc7f-11e6-b73a-e4b318c6b596', '医生姓名', '4', '6', '0', '1', 'both',  '0', '1', NOW(), '1', NOW(), '0'),
('962157d5-6d5c-dc49-aac1-b3aa6014bfaf','7ecac3c5-f8ad-0248-bdb4-aa9ac99088b6', 'field', 'a2b13aa1-dc7f-11e6-bf8d-e4b318c6b596', '性别', '5', '6', '0', '1', 'both',  '0', '1', NOW(), '1', NOW(), '0'),
('2308a13f-e054-5744-9614-6cf326f12ad6','7ecac3c5-f8ad-0248-bdb4-aa9ac99088b6', 'field', 'a1c776de-dc7f-11e6-93cb-e4b318c6b596', '医院', '6', '6', '0', '1', 'both',  '0', '1', NOW(), '1', NOW(), '0'),
('6c980464-f341-a94f-8255-d94bea5bb909','7ecac3c5-f8ad-0248-bdb4-aa9ac99088b6', 'field', '9b26c99f-298f-4ea2-92fd-a5f58931bbed', '科室', '7', '6', '0', '1', 'both',  '0', '1', NOW(), '1', NOW(), '0'),
('436d7bb7-60bf-064b-bb40-ee6337d9126b','7ecac3c5-f8ad-0248-bdb4-aa9ac99088b6', 'field', 'a2d898c0-dc7f-kutg-b724-e4b318c6b596', '行政职务', '8', '6', '0', '1', 'both',  '0', '1', NOW(), '1', NOW(), '0'),
('2f072e7f-227e-5041-81c7-c0bbb052117c','7ecac3c5-f8ad-0248-bdb4-aa9ac99088b6', 'field', 'a2d898c0-dc7f-11e6-b724-e4b318c6b596', '职称', '9', '6', '0', '1', 'both',  '0', '1', NOW(), '1', NOW(), '0'),
('b82ec7c7-2156-bf4c-9e32-8eefe81ae95d','7ecac3c5-f8ad-0248-bdb4-aa9ac99088b6', 'field', 'a2f5e4c0-dc7f-11e6-a4ca-e4b318c6b596', '手机', '10', '6', '0', '1', 'both',  '0', '1', NOW(), '1', NOW(), '0'),
('ccfc50cd-7d50-c244-b79b-a6b5b13ccbe1','7ecac3c5-f8ad-0248-bdb4-aa9ac99088b6', 'field', 'a3e6864f-dc7f-11e6-ad60-e4b318c6b596', '备注', '11', '6', '0', '1', 'both',  '0', '1', NOW(), '1', NOW(), '0'),
('cb34c85d-26f0-5b4a-b69e-9de1fc3039e5','7ecac3c5-f8ad-0248-bdb4-aa9ac99088b6', 'field', 'affe8870-dc7f-11e6-b22a-e4b318c6b596', '创建人', '12', '6', '0', '1', 'both',  '0', '1', NOW(), '1', NOW(), '0'),
('fdddbb70-04bc-d54d-ae76-cb14e3ffca1d','7ecac3c5-f8ad-0248-bdb4-aa9ac99088b6', 'field', 'b04666de-dc7f-11e6-b6bb-e4b318c6b596', '创建时间', '13', '6', '0', '1', 'both',  '0', '1', NOW(), '1', NOW(), '0'),
('0b60de27-8ece-0d48-9d17-38b326e5d326','7ecac3c5-f8ad-0248-bdb4-aa9ac99088b6', 'field', 'b024ae0f-dc7f-11e6-b5e6-e4b318c6b596', '修改人', '14', '6', '0', '1', 'both',  '0', '1', NOW(), '1', NOW(), '0'),
('b606b6ba-1f86-0444-ba99-71463d45d79d','7ecac3c5-f8ad-0248-bdb4-aa9ac99088b6', 'field', 'b08c4980-dc7f-11e6-85bf-e4b318c6b596', '修改时间', '15', '6', '0', '1', 'both',  '0', '1', NOW(), '1', NOW(), '0');
INSERT INTO  `page_layout_fields` (`id`, `page_layout_id`, `type`, `object_field_id`, `label`, `order`, `colspan`, `is_mandatory`, `is_readonly`, `display_mode`, `deleted`, `created_by`, `created_on`, `modified_by`, `modified_on`, `is_with_stars_mask`) VALUES 
('1a6c6aa1-afbb-11e6-ba99-5cc5d4d378cb', '7ecac3c5-f8ad-0248-bdb4-aa9ac99088b6', 'field', '7ae61c30-65e0-11e7-a5f0-c85b76d4d416', '差异', '17', '6', '0', '1', 'both', '0', '1', '2018-04-12 10:04:36', '1', '2018-04-12 10:04:36', '0');


-- 编辑区域医生  审批中

INSERT INTO `page_layout_fields` (`id`, `page_layout_id`, `type`, `object_field_id`, `label`, `order`, `colspan`, `is_mandatory`, `is_readonly`, `display_mode`, `deleted`, `created_by`, `created_on`, `modified_by`, `modified_on`, `is_with_stars_mask`) VALUES 
('e689e47a-8b77-4e4f-a89d-7541151a8b8f','c64aacb7-b650-0c49-acf7-cb6fe25825b7', 'field', 'a255fb40-dc7f-11e6-b0cb-e4b318c6b596', '申请状态', '1', '6', '0', '1', 'both',  '0', '1', NOW(), '1', NOW(), '0'),
('2f9dbe2e-b9c4-a242-b50b-f53462717f5c','c64aacb7-b650-0c49-acf7-cb6fe25825b7', 'field', 'a2321f91-dc7f-11e6-bfde-e4b318c6b596', '申请类型', '2', '6', '0', '1', 'both',  '0', '1', NOW(), '1', NOW(), '0'),
('e6ffe5b9-06ae-f544-bf29-d4a2dba9fbb1','c64aacb7-b650-0c49-acf7-cb6fe25825b7', 'field', 'e74f9a90-12d4-11e7-b04b-e4b318c6b596', '医生编码', '3', '6', '0', '1', 'both',  '0', '1', NOW(), '1', NOW(), '0'),
('6337b8b8-eab3-f149-88a4-8b5fcd116452','c64aacb7-b650-0c49-acf7-cb6fe25825b7', 'field', 'a190d680-dc7f-11e6-b73a-e4b318c6b596', '医生姓名', '4', '6', '0', '1', 'both',  '0', '1', NOW(), '1', NOW(), '0'),
('2b12a77c-fa0c-df43-8519-605d9f6a2148','c64aacb7-b650-0c49-acf7-cb6fe25825b7', 'field', 'a2b13aa1-dc7f-11e6-bf8d-e4b318c6b596', '性别', '5', '6', '0', '1', 'both',  '0', '1', NOW(), '1', NOW(), '0'),
('dedb41fa-cd3c-1442-9c81-9e2b4185703b','c64aacb7-b650-0c49-acf7-cb6fe25825b7', 'field', 'a1c776de-dc7f-11e6-93cb-e4b318c6b596', '医院', '6', '6', '0', '1', 'both',  '0', '1', NOW(), '1', NOW(), '0'),
('f6fe3627-760b-494c-93f1-a97173f13a27','c64aacb7-b650-0c49-acf7-cb6fe25825b7', 'field', '9b26c99f-298f-4ea2-92fd-a5f58931bbed', '科室', '7', '6', '0', '1', 'both',  '0', '1', NOW(), '1', NOW(), '0'),
('4e270e17-67e8-3a40-9f4b-5c76220f80bd','c64aacb7-b650-0c49-acf7-cb6fe25825b7', 'field', 'a2d898c0-dc7f-kutg-b724-e4b318c6b596', '行政职务', '8', '6', '0', '1', 'both',  '0', '1', NOW(), '1', NOW(), '0'),
('aa788d18-1771-d440-ada1-e9f4e879ac40','c64aacb7-b650-0c49-acf7-cb6fe25825b7', 'field', 'a2d898c0-dc7f-11e6-b724-e4b318c6b596', '职称', '9', '6', '0', '1', 'both',  '0', '1', NOW(), '1', NOW(), '0'),
('b1c3b9b0-bab7-1e44-8572-2c6a20024064','c64aacb7-b650-0c49-acf7-cb6fe25825b7', 'field', 'a2f5e4c0-dc7f-11e6-a4ca-e4b318c6b596', '手机', '10', '6', '0', '1', 'both',  '0', '1', NOW(), '1', NOW(), '0'),
('fe766c88-0dff-0d48-b3c6-e2c3cc523964','c64aacb7-b650-0c49-acf7-cb6fe25825b7', 'field', 'a3e6864f-dc7f-11e6-ad60-e4b318c6b596', '备注', '11', '6', '0', '1', 'both',  '0', '1', NOW(), '1', NOW(), '0'),
('39790363-09f8-334c-98a5-66a5fd276744','c64aacb7-b650-0c49-acf7-cb6fe25825b7', 'field', 'affe8870-dc7f-11e6-b22a-e4b318c6b596', '创建人', '12', '6', '0', '1', 'both',  '0', '1', NOW(), '1', NOW(), '0'),
('aafa86d3-ead1-ad48-9a03-a121dcb5d5c9','c64aacb7-b650-0c49-acf7-cb6fe25825b7', 'field', 'b04666de-dc7f-11e6-b6bb-e4b318c6b596', '创建时间', '13', '6', '0', '1', 'both',  '0', '1', NOW(), '1', NOW(), '0'),
('2f59527e-2b3b-af48-8550-f28421b967f4','c64aacb7-b650-0c49-acf7-cb6fe25825b7', 'field', 'b024ae0f-dc7f-11e6-b5e6-e4b318c6b596', '修改人', '14', '6', '0', '1', 'both',  '0', '1', NOW(), '1', NOW(), '0'),
('14595ffb-1d36-144b-bee8-40306fe18fab','c64aacb7-b650-0c49-acf7-cb6fe25825b7', 'field', 'b08c4980-dc7f-11e6-85bf-e4b318c6b596', '修改时间', '15', '6', '0', '1', 'both',  '0', '1', NOW(), '1', NOW(), '0');
INSERT INTO  `page_layout_fields` (`id`, `page_layout_id`, `type`, `object_field_id`, `label`, `order`, `colspan`, `is_mandatory`, `is_readonly`, `display_mode`, `deleted`, `created_by`, `created_on`, `modified_by`, `modified_on`, `is_with_stars_mask`) VALUES 
('1a6c6aa1-afbb-11e6-144b-5cc5d4d378cb', 'c64aacb7-b650-0c49-acf7-cb6fe25825b7', 'field', '7ae61c30-65e0-11e7-a5f0-c85b76d4d416', '差异', '17', '6', '0', '1', 'both', '0', '1', '2018-04-12 10:04:36', '1', '2018-04-12 10:04:36', '0');

-- 编辑区域医生 审批拒绝
INSERT INTO `page_layout_fields` (`id`, `page_layout_id`, `type`, `object_field_id`, `label`, `order`, `colspan`, `is_mandatory`, `is_readonly`, `display_mode`, `deleted`, `created_by`, `created_on`, `modified_by`, `modified_on`, `is_with_stars_mask`) VALUES 
('241881e4-5c0f-c149-82b7-f7124ff1e1bd','81b45d2d-c2d7-8047-9763-554f74ef78aa', 'field', 'a255fb40-dc7f-11e6-b0cb-e4b318c6b596', '申请状态', '1', '6', '0', '1', 'both',  '0', '1', NOW(), '1', NOW(), '0'),
('4db263d9-e308-e44e-adcb-e3c443e03330','81b45d2d-c2d7-8047-9763-554f74ef78aa', 'field', 'a2321f91-dc7f-11e6-bfde-e4b318c6b596', '申请类型', '2', '6', '0', '1', 'both',  '0', '1', NOW(), '1', NOW(), '0'),
('9cd67553-ee18-1c47-b39f-1fccbc992e29','81b45d2d-c2d7-8047-9763-554f74ef78aa', 'field', 'e74f9a90-12d4-11e7-b04b-e4b318c6b596', '医生编码', '3', '6', '0', '1', 'both',  '0', '1', NOW(), '1', NOW(), '0'),
('0665179c-b584-414a-be6f-58e5deb0384d','81b45d2d-c2d7-8047-9763-554f74ef78aa', 'field', 'a190d680-dc7f-11e6-b73a-e4b318c6b596', '医生姓名', '4', '6', '0', '1', 'both',  '0', '1', NOW(), '1', NOW(), '0'),
('7c41c3d4-3e0e-e74d-a2d0-8bc150a7883a','81b45d2d-c2d7-8047-9763-554f74ef78aa', 'field', 'a2b13aa1-dc7f-11e6-bf8d-e4b318c6b596', '性别', '5', '6', '0', '1', 'both',  '0', '1', NOW(), '1', NOW(), '0'),
('e48bcc0d-760a-784c-9aa8-541ef678e0eb','81b45d2d-c2d7-8047-9763-554f74ef78aa', 'field', 'a1c776de-dc7f-11e6-93cb-e4b318c6b596', '医院', '6', '6', '0', '1', 'both',  '0', '1', NOW(), '1', NOW(), '0'),
('292e48ec-c97f-274d-b4fa-da5edb2c7e65','81b45d2d-c2d7-8047-9763-554f74ef78aa', 'field', '9b26c99f-298f-4ea2-92fd-a5f58931bbed', '科室', '7', '6', '0', '1', 'both',  '0', '1', NOW(), '1', NOW(), '0'),
('3adcd2f4-0ad7-e14d-9d50-8e30686a55f0','81b45d2d-c2d7-8047-9763-554f74ef78aa', 'field', 'a2d898c0-dc7f-kutg-b724-e4b318c6b596', '行政职务', '8', '6', '0', '1', 'both',  '0', '1', NOW(), '1', NOW(), '0'),
('c2eaf0cd-6f00-9549-b160-2399ad0f122d','81b45d2d-c2d7-8047-9763-554f74ef78aa', 'field', 'a2d898c0-dc7f-11e6-b724-e4b318c6b596', '职称', '9', '6', '0', '1', 'both',  '0', '1', NOW(), '1', NOW(), '0'),
('aa54bc17-ec64-6547-abcc-c9e1cacc69fe','81b45d2d-c2d7-8047-9763-554f74ef78aa', 'field', 'a2f5e4c0-dc7f-11e6-a4ca-e4b318c6b596', '手机', '10', '6', '0', '1', 'both',  '0', '1', NOW(), '1', NOW(), '0'),
('def58996-6521-2c4b-9ce6-c8a6e0f31802','81b45d2d-c2d7-8047-9763-554f74ef78aa', 'field', 'a3e6864f-dc7f-11e6-ad60-e4b318c6b596', '备注', '11', '6', '0', '1', 'both',  '0', '1', NOW(), '1', NOW(), '0'),
('73c8feb6-4c0d-7042-92cd-62bd7303965e','81b45d2d-c2d7-8047-9763-554f74ef78aa', 'field', 'affe8870-dc7f-11e6-b22a-e4b318c6b596', '创建人', '12', '6', '0', '1', 'both',  '0', '1', NOW(), '1', NOW(), '0'),
('32948f30-4c26-ed4b-97b6-f806a40bf4bd','81b45d2d-c2d7-8047-9763-554f74ef78aa', 'field', 'b04666de-dc7f-11e6-b6bb-e4b318c6b596', '创建时间', '13', '6', '0', '1', 'both',  '0', '1', NOW(), '1', NOW(), '0'),
('43f098b5-2947-514b-96a8-062b382fa664','81b45d2d-c2d7-8047-9763-554f74ef78aa', 'field', 'b024ae0f-dc7f-11e6-b5e6-e4b318c6b596', '修改人', '14', '6', '0', '1', 'both',  '0', '1', NOW(), '1', NOW(), '0'),
('5a9e54cc-81fe-0d4a-8fbf-71472c2f29f6','81b45d2d-c2d7-8047-9763-554f74ef78aa', 'field', 'b08c4980-dc7f-11e6-85bf-e4b318c6b596', '修改时间', '15', '6', '0', '1', 'both',  '0', '1', NOW(), '1', NOW(), '0');
INSERT INTO  `page_layout_fields` (`id`, `page_layout_id`, `type`, `object_field_id`, `label`, `order`, `colspan`, `is_mandatory`, `is_readonly`, `display_mode`, `deleted`, `created_by`, `created_on`, `modified_by`, `modified_on`, `is_with_stars_mask`) VALUES 
('1a6c6aa1-afbb-81fe-144b-5cc5d4d378cb', '81b45d2d-c2d7-8047-9763-554f74ef78aa', 'field', '7ae61c30-65e0-11e7-a5f0-c85b76d4d416', '差异', '17', '6', '0', '1', 'both', '0', '1', '2018-04-12 10:04:36', '1', '2018-04-12 10:04:36', '0');

-- 删除区域医生 草稿

INSERT INTO `page_layout_fields` (`id`, `page_layout_id`, `type`, `object_field_id`, `label`, `order`, `colspan`, `is_mandatory`, `is_readonly`, `display_mode`, `deleted`, `created_by`, `created_on`, `modified_by`, `modified_on`, `is_with_stars_mask`) VALUES 
('42b88599-c03c-f542-81b1-fdf3ca717a68','e723ab4b-a421-d24c-9d87-704eff89c495', 'field', 'a255fb40-dc7f-11e6-b0cb-e4b318c6b596', '申请状态', '1', '6', '0', '1', 'both',  '0', '1', NOW(), '1', NOW(), '0'),
('f80edade-8296-d346-97b7-e3198704243c','e723ab4b-a421-d24c-9d87-704eff89c495', 'field', 'a2321f91-dc7f-11e6-bfde-e4b318c6b596', '申请类型', '2', '6', '0', '1', 'both',  '0', '1', NOW(), '1', NOW(), '0'),
('f28610bb-e2a0-2643-9ed5-6879ee153b77','e723ab4b-a421-d24c-9d87-704eff89c495', 'field', 'e74f9a90-12d4-11e7-b04b-e4b318c6b596', '医生编码', '3', '6', '0', '1', 'both',  '0', '1', NOW(), '1', NOW(), '0'),
('dd582fcd-2e25-104e-8890-cd3df86d923f','e723ab4b-a421-d24c-9d87-704eff89c495', 'field', 'a190d680-dc7f-11e6-b73a-e4b318c6b596', '医生姓名', '4', '6', '0', '1', 'both',  '0', '1', NOW(), '1', NOW(), '0'),
('eb44bcfa-d8af-1544-8133-4bf7d033de0f','e723ab4b-a421-d24c-9d87-704eff89c495', 'field', 'a2b13aa1-dc7f-11e6-bf8d-e4b318c6b596', '性别', '5', '6', '0', '1', 'both',  '0', '1', NOW(), '1', NOW(), '0'),
('1fa4d47b-bcfa-9541-aef3-667f1f2a682c','e723ab4b-a421-d24c-9d87-704eff89c495', 'field', 'a1c776de-dc7f-11e6-93cb-e4b318c6b596', '医院', '6', '6', '0', '1', 'both',  '0', '1', NOW(), '1', NOW(), '0'),
('ae0377cb-3ac1-a14d-91ad-2c0b9f053d59','e723ab4b-a421-d24c-9d87-704eff89c495', 'field', '9b26c99f-298f-4ea2-92fd-a5f58931bbed', '科室', '7', '6', '0', '1', 'both',  '0', '1', NOW(), '1', NOW(), '0'),
('dc91f409-b0f5-8d46-b21a-d230237e21ba','e723ab4b-a421-d24c-9d87-704eff89c495', 'field', 'a2d898c0-dc7f-kutg-b724-e4b318c6b596', '行政职务', '8', '6', '0', '1', 'both',  '0', '1', NOW(), '1', NOW(), '0'),
('7e4f892f-7a85-7046-99ef-d60eb932d124','e723ab4b-a421-d24c-9d87-704eff89c495', 'field', 'a2d898c0-dc7f-11e6-b724-e4b318c6b596', '职称', '9', '6', '0', '1', 'both',  '0', '1', NOW(), '1', NOW(), '0'),
('f4b5a6b2-4214-f649-9ce9-3d9e3f1ac8d0','e723ab4b-a421-d24c-9d87-704eff89c495', 'field', 'a2f5e4c0-dc7f-11e6-a4ca-e4b318c6b596', '手机', '10', '6', '0', '1', 'both',  '0', '1', NOW(), '1', NOW(), '0'),
('315df01a-5ce5-0248-a73e-32d6940c89d9','e723ab4b-a421-d24c-9d87-704eff89c495', 'field', 'a3e6864f-dc7f-11e6-ad60-e4b318c6b596', '备注', '11', '6', '0', '1', 'both',  '0', '1', NOW(), '1', NOW(), '0'),
('384c1db5-a3f3-2d4e-b4ac-20dd6ba3fe7e','e723ab4b-a421-d24c-9d87-704eff89c495', 'field', 'affe8870-dc7f-11e6-b22a-e4b318c6b596', '创建人', '12', '6', '0', '1', 'both',  '0', '1', NOW(), '1', NOW(), '0'),
('0a8181b0-249d-1743-918d-97861e4c9eec','e723ab4b-a421-d24c-9d87-704eff89c495', 'field', 'b04666de-dc7f-11e6-b6bb-e4b318c6b596', '创建时间', '13', '6', '0', '1', 'both',  '0', '1', NOW(), '1', NOW(), '0'),
('a0f6dbea-ceb0-244d-afab-15fc1adeef08','e723ab4b-a421-d24c-9d87-704eff89c495', 'field', 'b024ae0f-dc7f-11e6-b5e6-e4b318c6b596', '修改人', '14', '6', '0', '1', 'both',  '0', '1', NOW(), '1', NOW(), '0'),
('bfb825f1-1a42-8140-a504-52220fc0504b','e723ab4b-a421-d24c-9d87-704eff89c495', 'field', 'b08c4980-dc7f-11e6-85bf-e4b318c6b596', '修改时间', '15', '6', '0', '1', 'both',  '0', '1', NOW(), '1', NOW(), '0');
-- 删除区域医生 审批通过

INSERT INTO `page_layout_fields` (`id`, `page_layout_id`, `type`, `object_field_id`, `label`, `order`, `colspan`, `is_mandatory`, `is_readonly`, `display_mode`, `deleted`, `created_by`, `created_on`, `modified_by`, `modified_on`, `is_with_stars_mask`) VALUES 
('f12ac480-9762-ab4d-a9a2-0498c1de59f1','b1d9029f-2631-cc4b-ab91-e47aaad355a5', 'field', 'a255fb40-dc7f-11e6-b0cb-e4b318c6b596', '申请状态', '1', '6', '0', '1', 'both',  '0', '1', NOW(), '1', NOW(), '0'),
('e9fe20e0-cb6e-4540-b32f-0c964a2b5b4e','b1d9029f-2631-cc4b-ab91-e47aaad355a5', 'field', 'a2321f91-dc7f-11e6-bfde-e4b318c6b596', '申请类型', '2', '6', '0', '1', 'both',  '0', '1', NOW(), '1', NOW(), '0'),
('61ee38be-aa05-1b4d-b992-4e2551254bc0','b1d9029f-2631-cc4b-ab91-e47aaad355a5', 'field', 'e74f9a90-12d4-11e7-b04b-e4b318c6b596', '医生编码', '3', '6', '0', '1', 'both',  '0', '1', NOW(), '1', NOW(), '0'),
('c82330fc-97a2-2044-be3b-dcce8216be69','b1d9029f-2631-cc4b-ab91-e47aaad355a5', 'field', 'a190d680-dc7f-11e6-b73a-e4b318c6b596', '医生姓名', '4', '6', '0', '1', 'both',  '0', '1', NOW(), '1', NOW(), '0'),
('8b2e5f28-3518-d843-bbbb-f04c17326c51','b1d9029f-2631-cc4b-ab91-e47aaad355a5', 'field', 'a2b13aa1-dc7f-11e6-bf8d-e4b318c6b596', '性别', '5', '6', '0', '1', 'both',  '0', '1', NOW(), '1', NOW(), '0'),
('90220d0c-22e9-8c40-9797-0d4615f863cc','b1d9029f-2631-cc4b-ab91-e47aaad355a5', 'field', 'a1c776de-dc7f-11e6-93cb-e4b318c6b596', '医院', '6', '6', '0', '1', 'both',  '0', '1', NOW(), '1', NOW(), '0'),
('90f572da-46e0-c741-af16-9b6a0dd3e515','b1d9029f-2631-cc4b-ab91-e47aaad355a5', 'field', '9b26c99f-298f-4ea2-92fd-a5f58931bbed', '科室', '7', '6', '0', '1', 'both',  '0', '1', NOW(), '1', NOW(), '0'),
('a3c68c28-f006-e642-8d16-600e0bf3902c','b1d9029f-2631-cc4b-ab91-e47aaad355a5', 'field', 'a2d898c0-dc7f-kutg-b724-e4b318c6b596', '行政职务', '8', '6', '0', '1', 'both',  '0', '1', NOW(), '1', NOW(), '0'),
('58172231-7a4c-554f-b380-8694b8e574f8','b1d9029f-2631-cc4b-ab91-e47aaad355a5', 'field', 'a2d898c0-dc7f-11e6-b724-e4b318c6b596', '职称', '9', '6', '0', '1', 'both',  '0', '1', NOW(), '1', NOW(), '0'),
('96765a65-bc5e-8643-9800-a13814f6b14f','b1d9029f-2631-cc4b-ab91-e47aaad355a5', 'field', 'a2f5e4c0-dc7f-11e6-a4ca-e4b318c6b596', '手机', '10', '6', '0', '1', 'both',  '0', '1', NOW(), '1', NOW(), '0'),
('3555f3f3-e2d4-044a-9e66-07a224561544','b1d9029f-2631-cc4b-ab91-e47aaad355a5', 'field', 'a3e6864f-dc7f-11e6-ad60-e4b318c6b596', '备注', '11', '6', '0', '1', 'both',  '0', '1', NOW(), '1', NOW(), '0'),
('b2e8eb0e-8d93-4345-8b90-16240fbb19a4','b1d9029f-2631-cc4b-ab91-e47aaad355a5', 'field', 'affe8870-dc7f-11e6-b22a-e4b318c6b596', '创建人', '12', '6', '0', '1', 'both',  '0', '1', NOW(), '1', NOW(), '0'),
('5f7d8414-c42b-274a-a2d9-db43838d31ac','b1d9029f-2631-cc4b-ab91-e47aaad355a5', 'field', 'b04666de-dc7f-11e6-b6bb-e4b318c6b596', '创建时间', '13', '6', '0', '1', 'both',  '0', '1', NOW(), '1', NOW(), '0'),
('22607b07-0753-d04e-be8a-70c664e83ace','b1d9029f-2631-cc4b-ab91-e47aaad355a5', 'field', 'b024ae0f-dc7f-11e6-b5e6-e4b318c6b596', '修改人', '14', '6', '0', '1', 'both',  '0', '1', NOW(), '1', NOW(), '0'),
('fc5bd12e-2da1-2e4e-bca2-701686a43f3a','b1d9029f-2631-cc4b-ab91-e47aaad355a5', 'field', 'b08c4980-dc7f-11e6-85bf-e4b318c6b596', '修改时间', '15', '6', '0', '1', 'both',  '0', '1', NOW(), '1', NOW(), '0');
-- 删除区域医生 审批中

INSERT INTO `page_layout_fields` (`id`, `page_layout_id`, `type`, `object_field_id`, `label`, `order`, `colspan`, `is_mandatory`, `is_readonly`, `display_mode`, `deleted`, `created_by`, `created_on`, `modified_by`, `modified_on`, `is_with_stars_mask`) VALUES 
('88111627-0a39-3b42-bc02-47ca32c86f74','7e629665-6df3-fa42-9c0b-1dc0060a13ac', 'field', 'a255fb40-dc7f-11e6-b0cb-e4b318c6b596', '申请状态', '1', '6', '0', '1', 'both',  '0', '1', NOW(), '1', NOW(), '0'),
('68295c83-9eb1-2f47-b9bb-61fa0d4a168e','7e629665-6df3-fa42-9c0b-1dc0060a13ac', 'field', 'a2321f91-dc7f-11e6-bfde-e4b318c6b596', '申请类型', '2', '6', '0', '1', 'both',  '0', '1', NOW(), '1', NOW(), '0'),
('86945ac3-26d6-fb42-b42b-2435f86646bf','7e629665-6df3-fa42-9c0b-1dc0060a13ac', 'field', 'e74f9a90-12d4-11e7-b04b-e4b318c6b596', '医生编码', '3', '6', '0', '1', 'both',  '0', '1', NOW(), '1', NOW(), '0'),
('39a91cea-0b0b-6943-b4b5-4fe82589debc','7e629665-6df3-fa42-9c0b-1dc0060a13ac', 'field', 'a190d680-dc7f-11e6-b73a-e4b318c6b596', '医生姓名', '4', '6', '0', '1', 'both',  '0', '1', NOW(), '1', NOW(), '0'),
('1cadf9cc-813a-1e4c-886d-3b27d1d8ed97','7e629665-6df3-fa42-9c0b-1dc0060a13ac', 'field', 'a2b13aa1-dc7f-11e6-bf8d-e4b318c6b596', '性别', '5', '6', '0', '1', 'both',  '0', '1', NOW(), '1', NOW(), '0'),
('86534ddb-7eab-ac4a-bcd2-c54554da80cb','7e629665-6df3-fa42-9c0b-1dc0060a13ac', 'field', 'a1c776de-dc7f-11e6-93cb-e4b318c6b596', '医院', '6', '6', '0', '1', 'both',  '0', '1', NOW(), '1', NOW(), '0'),
('b2f281ea-73be-8d4e-bde0-598092cb9762','7e629665-6df3-fa42-9c0b-1dc0060a13ac', 'field', '9b26c99f-298f-4ea2-92fd-a5f58931bbed', '科室', '7', '6', '0', '1', 'both',  '0', '1', NOW(), '1', NOW(), '0'),
('917da5f8-833b-a948-bdd1-56dbf7b4aa3f','7e629665-6df3-fa42-9c0b-1dc0060a13ac', 'field', 'a2d898c0-dc7f-kutg-b724-e4b318c6b596', '行政职务', '8', '6', '0', '1', 'both',  '0', '1', NOW(), '1', NOW(), '0'),
('6e2a8c6a-d86c-834b-812b-30f6f65fad96','7e629665-6df3-fa42-9c0b-1dc0060a13ac', 'field', 'a2d898c0-dc7f-11e6-b724-e4b318c6b596', '职称', '9', '6', '0', '1', 'both',  '0', '1', NOW(), '1', NOW(), '0'),
('e800a062-b7c0-7a49-a758-1db5d2692ea0','7e629665-6df3-fa42-9c0b-1dc0060a13ac', 'field', 'a2f5e4c0-dc7f-11e6-a4ca-e4b318c6b596', '手机', '10', '6', '0', '1', 'both',  '0', '1', NOW(), '1', NOW(), '0'),
('60a56096-85c4-b545-9daa-323953e59ede','7e629665-6df3-fa42-9c0b-1dc0060a13ac', 'field', 'a3e6864f-dc7f-11e6-ad60-e4b318c6b596', '备注', '11', '6', '0', '1', 'both',  '0', '1', NOW(), '1', NOW(), '0'),
('955c9fb6-6074-7b45-8f9d-7c58728fb643','7e629665-6df3-fa42-9c0b-1dc0060a13ac', 'field', 'affe8870-dc7f-11e6-b22a-e4b318c6b596', '创建人', '12', '6', '0', '1', 'both',  '0', '1', NOW(), '1', NOW(), '0'),
('b52695e6-a326-c447-b5c4-2a4363aad3e6','7e629665-6df3-fa42-9c0b-1dc0060a13ac', 'field', 'b04666de-dc7f-11e6-b6bb-e4b318c6b596', '创建时间', '13', '6', '0', '1', 'both',  '0', '1', NOW(), '1', NOW(), '0'),
('6d15ecd7-98ee-e648-b22b-1b0590918592','7e629665-6df3-fa42-9c0b-1dc0060a13ac', 'field', 'b024ae0f-dc7f-11e6-b5e6-e4b318c6b596', '修改人', '14', '6', '0', '1', 'both',  '0', '1', NOW(), '1', NOW(), '0'),
('3dc12822-64f3-7140-bc27-d135ff56d047','7e629665-6df3-fa42-9c0b-1dc0060a13ac', 'field', 'b08c4980-dc7f-11e6-85bf-e4b318c6b596', '修改时间', '15', '6', '0', '1', 'both',  '0', '1', NOW(), '1', NOW(), '0');
-- 删除区域医生 审批拒绝

INSERT INTO `page_layout_fields` (`id`, `page_layout_id`, `type`, `object_field_id`, `label`, `order`, `colspan`, `is_mandatory`, `is_readonly`, `display_mode`, `deleted`, `created_by`, `created_on`, `modified_by`, `modified_on`, `is_with_stars_mask`) VALUES 
('f6959867-9eec-2e4f-8c89-ddf4ccff9b5a','86aa2ddb-702d-5942-8bf3-acc125ab54e9', 'field', 'a255fb40-dc7f-11e6-b0cb-e4b318c6b596', '申请状态', '1', '6', '0', '1', 'both',  '0', '1', NOW(), '1', NOW(), '0'),
('ed20f831-6c47-854a-b02b-bd5e3a164699','86aa2ddb-702d-5942-8bf3-acc125ab54e9', 'field', 'a2321f91-dc7f-11e6-bfde-e4b318c6b596', '申请类型', '2', '6', '0', '1', 'both',  '0', '1', NOW(), '1', NOW(), '0'),
('5563bb3b-5346-754f-93e0-0d3ca7422bdb','86aa2ddb-702d-5942-8bf3-acc125ab54e9', 'field', 'e74f9a90-12d4-11e7-b04b-e4b318c6b596', '医生编码', '3', '6', '0', '1', 'both',  '0', '1', NOW(), '1', NOW(), '0'),
('379e4ca1-f813-ed4f-8fad-61c0f93eafa6','86aa2ddb-702d-5942-8bf3-acc125ab54e9', 'field', 'a190d680-dc7f-11e6-b73a-e4b318c6b596', '医生姓名', '4', '6', '0', '1', 'both',  '0', '1', NOW(), '1', NOW(), '0'),
('ca48ce62-ec04-f042-a06a-e239e17dbf0b','86aa2ddb-702d-5942-8bf3-acc125ab54e9', 'field', 'a2b13aa1-dc7f-11e6-bf8d-e4b318c6b596', '性别', '5', '6', '0', '1', 'both',  '0', '1', NOW(), '1', NOW(), '0'),
('0c3d52c9-b404-b346-ad3f-f2b06717ac50','86aa2ddb-702d-5942-8bf3-acc125ab54e9', 'field', 'a1c776de-dc7f-11e6-93cb-e4b318c6b596', '医院', '6', '6', '0', '1', 'both',  '0', '1', NOW(), '1', NOW(), '0'),
('c0dc05f0-2bbc-ee45-845a-0c4046edba20','86aa2ddb-702d-5942-8bf3-acc125ab54e9', 'field', '9b26c99f-298f-4ea2-92fd-a5f58931bbed', '科室', '7', '6', '0', '1', 'both',  '0', '1', NOW(), '1', NOW(), '0'),
('bc020781-acf8-f24a-8b37-6a2204da7c50','86aa2ddb-702d-5942-8bf3-acc125ab54e9', 'field', 'a2d898c0-dc7f-kutg-b724-e4b318c6b596', '行政职务', '8', '6', '0', '1', 'both',  '0', '1', NOW(), '1', NOW(), '0'),
('54d7a150-4438-2048-9bb9-4301b234c813','86aa2ddb-702d-5942-8bf3-acc125ab54e9', 'field', 'a2d898c0-dc7f-11e6-b724-e4b318c6b596', '职称', '9', '6', '0', '1', 'both',  '0', '1', NOW(), '1', NOW(), '0'),
('c4196210-c85d-7c4c-9f54-cfe5f0b786eb','86aa2ddb-702d-5942-8bf3-acc125ab54e9', 'field', 'a2f5e4c0-dc7f-11e6-a4ca-e4b318c6b596', '手机', '10', '6', '0', '1', 'both',  '0', '1', NOW(), '1', NOW(), '0'),
('ca26a482-fee7-c447-8034-ed864d502e8c','86aa2ddb-702d-5942-8bf3-acc125ab54e9', 'field', 'a3e6864f-dc7f-11e6-ad60-e4b318c6b596', '备注', '11', '6', '0', '1', 'both',  '0', '1', NOW(), '1', NOW(), '0'),
('33bf9f43-f1f3-6549-bfaa-12944764b532','86aa2ddb-702d-5942-8bf3-acc125ab54e9', 'field', 'affe8870-dc7f-11e6-b22a-e4b318c6b596', '创建人', '12', '6', '0', '1', 'both',  '0', '1', NOW(), '1', NOW(), '0'),
('88b36b04-008f-914c-82e2-d4c685f60d50','86aa2ddb-702d-5942-8bf3-acc125ab54e9', 'field', 'b04666de-dc7f-11e6-b6bb-e4b318c6b596', '创建时间', '13', '6', '0', '1', 'both',  '0', '1', NOW(), '1', NOW(), '0'),
('fec048b1-e70c-694e-9957-eb3e4539ab88','86aa2ddb-702d-5942-8bf3-acc125ab54e9', 'field', 'b024ae0f-dc7f-11e6-b5e6-e4b318c6b596', '修改人', '14', '6', '0', '1', 'both',  '0', '1', NOW(), '1', NOW(), '0'),
('1dce03d5-1d3b-0045-bddb-5f1b68968709','86aa2ddb-702d-5942-8bf3-acc125ab54e9', 'field', 'b08c4980-dc7f-11e6-85bf-e4b318c6b596', '修改时间', '15', '6', '0', '1', 'both',  '0', '1', NOW(), '1', NOW(), '0');

-- 更改list排序，创建时间 倒序
UPDATE `page_lists` SET `sort_field` = 'b04666de-dc7f-11e6-b6bb-e4b318c6b596' WHERE (`id` = 'fc53e64f-dc9a-11e6-bcb5-e4b318c6b522');
UPDATE `page_lists` SET `sort_field` = 'b04666de-dc7f-11e6-b6bb-e4b318c6b596' WHERE (`id` = '96e6fa85-c1c2-42c8-860d-f8a46e26ea50');

-- 如勾选医生DCR，需在医生list和layout上添加快捷按钮
DELETE FROM page_list_actions where page_list_id ='db527440-7664-11e6-b30b-5cc5d4d378cb';
INSERT INTO  `page_list_actions` (`id`, `page_list_id`, `object_action_id`, `order`, `deleted`, `created_by`, `created_on`, `modified_by`, `modified_on`, `is_need_pre_check`, `pre_check_label`, `is_item_action`) VALUES ('1d56b580-2fb2-11e7-gwec-448500d0cb86', 'db527440-7664-11e6-b30b-5cc5d4d378cb', '3877abd8-1aa1-4438-9af0-e90bbe667354', '1', '0', '1', '0000-00-00 00:00:00.000000', '1', '0000-00-00 00:00:00.000000', '0', '0', '0');
INSERT INTO  `page_layout_actions` (`id`, `page_layout_id`, `object_action_id`, `display_mode`, `order`, `deleted`, `created_by`, `created_on`, `modified_by`, `modified_on`, `is_need_pre_check`, `pre_check_label`) VALUES ('c43d804f-7666-11e6-9d55-5cc5d4d378cc', '1c40ddde-763b-11e6-91dc-5cc5d4d378cb', '7c5525d6-004c-4b3f-a61f-b4f406a2b230', 'view', '2', '0', '1', '2017-01-01 00:00:00', '1', '2017-01-01 00:00:00', '0', '0');
