-- ===============岗位医生两者关系
-- menus
delete from menus_assignments where menu_id='fc7453dc-524f-4838-804a-4b65b502ools';
delete from menus_assignments where menu_id='fc7453dc-524f-4838-804a-4b65b5029elc';
delete from menus where id='fc7453dc-524f-4838-804a-4b65b5029elc';

INSERT INTO `menus` (`id`, `name`, `parent_id`,`source`, `label`, `type`, `screen_size`, `page_id`, `deleted`, `created_by`, `created_on`, `modified_by`, `modified_on`, `template`) VALUES
 ('fc7453dc-524f-4838-804a-4b65b502ools', 'position_professional_l', 'd9584ea1-1d93-11e6-a4c1-5cc5d4d378cb','custom', '岗位医生管理', 'menu', 'large', '0b9d4e44-a290-4d55-ada3-7bba33aff320', '0', '1',now(), '1', now(), 'position_professional_l');
-- sfe经理   sfe专员 授权 菜单
INSERT INTO `menus_assignments` (`id`, `role_id`, `menu_id`, `order`, `deleted`, `created_by`, `created_on`, `modified_by`, `modified_on`) VALUES ('fc006ec0-0f95-11e7-92b4-5cc5d4d3weed', '53de9674-1da3-11e6-ac97-5cc5d4b57137', 'fc7453dc-524f-4838-804a-4b65b502ools', '5', '0', '1', now(), '1', now());
INSERT INTO `menus_assignments` (`id`, `role_id`, `menu_id`, `order`, `deleted`, `created_by`, `created_on`, `modified_by`, `modified_on`) VALUES ('fc006ec0-0f95-11e7-92ez-5cc5d4d3uhab', '53de9674-1da3-11e6-ac97-5cc5d4b57138', 'fc7453dc-524f-4838-804a-4b65b502ools', '5', '0', '1', now(), '1', now());
-- list
INSERT INTO `page_lists` (`id`, `page_id`, `name`, `query_type`, `source`, `label`, `screen_size`, `sort_field`, `is_desc`, `deleted`, `created_by`, `created_on`, `modified_by`, `modified_on`, `detail_disabled`, `primary_filter`, `primary_filter_configurations`) VALUES ('6e0109c6-35fc-458b-b03d-057d82d4896a', '0b9d4e44-a290-4d55-ada3-7bba33aff320', 'position_to_account_l', 'rls', 'custom', '岗位医生列表', 'large', '4514f41b-4e42-4400-80e6-35412a24aedb', '1', '0', '1', '2019-04-15 09:01:03', '1', '2019-06-24 11:08:58', '1', 'position', '{\"advanced_position_filter\": true}');
-- sfe经理  sfe专员 授权
INSERT INTO `page_list_assignments` (`id`, `role_id`, `page_list_id`, `deleted`, `created_by`, `created_on`, `modified_by`, `modified_on`, `is_default`) VALUES ('f8128d34-ee29-4e40-ace2-0336e9313esz', '53de9674-1da3-11e6-ac97-5cc5d4b57137', '6e0109c6-35fc-458b-b03d-057d82d4896a', '0', '1', '2019-08-20 06:06:56', '1', '2019-08-20 06:06:56', '1');
INSERT INTO `page_list_assignments` (`id`, `role_id`, `page_list_id`, `deleted`, `created_by`, `created_on`, `modified_by`, `modified_on`, `is_default`) VALUES ('f8128d34-ee29-4e40-ace2-0336e93181wh', '53de9674-1da3-11e6-ac97-5cc5d4b57138', '6e0109c6-35fc-458b-b03d-057d82d4896a', '0', '1', '2019-08-20 06:06:56', '1', '2019-08-20 06:06:56', '1');

-- 添加field字段
INSERT ignore INTO `object_fields` (`id`, `object_id`, `name`, `label`, `source`, `type`, `target_display_mode`, `target_screen_size`, `number_scale`, `deleted`, `created_by`, `created_on`, `modified_by`, `modified_on`, `configurations`, `import_order`, `is_key`, `mandatory`, `sample_value`, `allow_filter`, `allow_sort`) VALUES ('0635374d-a4de-45de-8e68-350a1ccc99bc', '311d6cb0-3b94-11e7-915e-34f39ab71988', 'position_user', '岗位用户', 'system', 'refer', 'all', 'both', '0', '0', '1', '2019-03-14 09:19:13', '1', '2019-03-14 09:19:13', '{\"refer_field\": {\"path\": \"position_history.userpositionhistories.user.orionusers.name\", \"type\": \"text\"}}', '0', '0', '1', '', '1', '1');
INSERT ignore INTO `object_fields` (`id`, `object_id`, `name`, `label`, `description`, `source`, `type`, `target_display_mode`, `target_screen_size`, `deleted`, `created_by`, `created_on`, `modified_by`, `modified_on`, `configurations`, `import_order`, `is_key`, `mandatory`, `allow_filter`, `allow_sort`) VALUES ('09b6334a-944a-440b-8771-6ab9864fd7f5', '311d6cb0-3b94-11e7-915e-34f39ab71988', 'hospital_name', '医院名称', '', 'custom', 'refer', 'all', 'both', '0', '1', '2018-10-08 07:25:33', '1', '2018-10-08 07:25:33', '{\"refer_field\": {\"path\": \"record.name\", \"type\": \"text\"}}', '0', '0', '0', '1', '1');
INSERT ignore INTO `object_fields` (`id`, `object_id`, `name`, `label`, `description`, `source`, `type`, `target_display_mode`, `target_screen_size`, `deleted`, `created_by`, `created_on`, `modified_by`, `modified_on`, `configurations`, `import_order`, `is_key`, `mandatory`, `allow_filter`, `allow_sort`) VALUES ('0d542ae0-a748-4ad9-87a1-c1659de71ab0', '311d6cb0-3b94-11e7-915e-34f39ab71988', 'cs_office_city', '地办', '', 'custom', 'refer', 'all', 'both', '0', '1', '2018-10-08 07:25:33', '1', '2018-10-08 07:25:33', '{\"refer_field\": {\"path\": \"position.text_12\", \"type\": \"text\"}}', '0', '0', '0', '1', '1');
INSERT ignore INTO `object_fields` (`id`, `object_id`, `name`, `label`, `description`, `source`, `type`, `target_display_mode`, `target_screen_size`, `deleted`, `created_by`, `created_on`, `modified_by`, `modified_on`, `configurations`, `import_order`, `is_key`, `mandatory`, `allow_filter`, `allow_sort`) VALUES ('2ee27f48-dfdd-4779-9ed3-9ee0c50f2b0f', '311d6cb0-3b94-11e7-915e-34f39ab71988', 'standard_department', '科室名称', '', 'custom', 'refer', 'all', 'both', '0', '1', '2018-10-08 07:25:33', '1', '2018-10-08 07:25:33', '{\"refer_field\": {\"path\": \"record.standard_department.label\", \"type\": \"text\"}}', '0', '0', '0', '1', '1');
INSERT ignore INTO `object_fields` (`id`, `object_id`, `name`, `label`, `description`, `source`, `type`, `target_display_mode`, `target_screen_size`, `deleted`, `created_by`, `created_on`, `modified_by`, `modified_on`, `configurations`, `import_order`, `is_key`, `mandatory`, `allow_filter`, `allow_sort`) VALUES ('4514f41b-4e42-4400-80e6-35412a24aedb', '311d6cb0-3b94-11e7-915e-34f39ab71988', 'version_name', '版本名称', '', 'custom', 'refer', 'all', 'both', '0', '1', '2018-10-08 07:25:33', '1', '2018-10-08 07:25:33', '{\"refer_field\": {\"path\": \"version.name\", \"type\": \"text\"}}', '0', '0', '0', '1', '1');
INSERT ignore INTO `object_fields` (`id`, `object_id`, `name`, `label`, `description`, `source`, `type`, `target_display_mode`, `target_screen_size`, `deleted`, `created_by`, `created_on`, `modified_by`, `modified_on`, `configurations`, `import_order`, `is_key`, `mandatory`, `allow_filter`, `allow_sort`) VALUES ('475a6964-9cd5-4c14-9d96-88d6ec692fe4', '311d6cb0-3b94-11e7-915e-34f39ab71988', 'cs_created_by', '创建人', '', 'custom', 'refer', 'all', 'both', '0', '1', '2019-05-04 06:08:10', '1', '2019-05-04 06:08:10', '{\"refer_field\": {\"path\": \"created_by.orionusers.name\", \"type\": \"text\"}}', '0', '0', '0', '1', '1');
INSERT ignore INTO `object_fields` (`id`, `object_id`, `name`, `label`, `description`, `source`, `type`, `target_display_mode`, `target_screen_size`, `deleted`, `created_by`, `created_on`, `modified_by`, `modified_on`, `configurations`, `import_order`, `is_key`, `mandatory`, `allow_filter`, `allow_sort`) VALUES ('4b712d2b-fbf2-42ef-9f02-d162aa582fc7', '311d6cb0-3b94-11e7-915e-34f39ab71988', 'cs_office_region', '大区', '', 'custom', 'refer', 'all', 'both', '0', '1', '2018-10-08 07:25:33', '1', '2018-10-08 07:25:33', '{\"refer_field\": {\"path\": \"position.text_10\", \"type\": \"text\"}}', '0', '0', '0', '1', '1');
INSERT ignore INTO `object_fields` (`id`, `object_id`, `name`, `label`, `description`, `source`, `type`, `target_display_mode`, `target_screen_size`, `deleted`, `created_by`, `created_on`, `modified_by`, `modified_on`, `configurations`, `import_order`, `is_key`, `mandatory`, `allow_filter`, `allow_sort`) VALUES ('56990664-bec7-447b-8e23-b73aa93d64c0', '311d6cb0-3b94-11e7-915e-34f39ab71988', 'professional_code', '医生编码', '', 'custom', 'refer', 'all', 'both', '0', '1', '2019-06-20 09:45:49', '1', '2019-06-20 09:45:49', '{\"refer_field\": {\"path\": \"record.veeva_code\", \"type\": \"text\"}}', '0', '0', '0', '1', '1');
INSERT ignore INTO `object_fields` (`id`, `object_id`, `name`, `label`, `description`, `source`, `type`, `target_display_mode`, `target_screen_size`, `deleted`, `created_by`, `created_on`, `modified_by`, `modified_on`, `configurations`, `import_order`, `is_key`, `mandatory`, `allow_filter`, `allow_sort`) VALUES ('67867433-13e9-42d4-a96d-5611fd19db5e', '311d6cb0-3b94-11e7-915e-34f39ab71988', 'cs_office_province', '省办', '', 'custom', 'refer', 'all', 'both', '0', '1', '2018-10-08 07:25:33', '1', '2018-10-08 07:25:33', '{\"refer_field\": {\"path\": \"position.text_11\", \"type\": \"text\"}}', '0', '0', '0', '1', '1');
INSERT ignore INTO `object_fields` (`id`, `object_id`, `name`, `label`, `description`, `source`, `type`, `target_display_mode`, `target_screen_size`, `deleted`, `created_by`, `created_on`, `modified_by`, `modified_on`, `configurations`, `import_order`, `is_key`, `mandatory`, `allow_filter`, `allow_sort`) VALUES ('698a3ac4-b5db-4e6b-a30e-ef194ef966b7', '311d6cb0-3b94-11e7-915e-34f39ab71988', 'hospital_code', '医院编码', '', 'custom', 'refer', 'all', 'both', '0', '1', '2019-05-04 06:31:22', '1', '2019-05-04 06:31:22', '{\"refer_field\": {\"path\": \"record.hospital.external_id\", \"type\": \"text\"}}', '0', '0', '0', '1', '1');
INSERT ignore INTO `object_fields` (`id`, `object_id`, `name`, `label`, `description`, `source`, `type`, `target_display_mode`, `target_screen_size`, `deleted`, `created_by`, `created_on`, `modified_by`, `modified_on`, `configurations`, `import_order`, `is_key`, `mandatory`, `allow_filter`, `allow_sort`) VALUES ('aeb4c13d-eb3d-43aa-99b9-229fcb6d862f', '311d6cb0-3b94-11e7-915e-34f39ab71988', 'record_account_distributer_code', '客户编号', '', 'custom', 'refer', 'all', 'both', '0', '1', '2019-05-04 07:12:50', '1', '2019-05-04 07:12:50', '{\"refer_field\": {\"path\": \"record.external_id\", \"type\": \"text\"}}', '0', '0', '0', '1', '1');
INSERT ignore INTO `object_fields` (`id`, `object_id`, `name`, `label`, `description`, `source`, `type`, `target_display_mode`, `target_screen_size`, `deleted`, `created_by`, `created_on`, `modified_by`, `modified_on`, `configurations`, `import_order`, `is_key`, `mandatory`, `allow_filter`, `allow_sort`) VALUES ('b591f71a-dc48-448d-8f94-b5288f7b0dad', '311d6cb0-3b94-11e7-915e-34f39ab71988', 'position_code', '岗位编码', '', 'custom', 'refer', 'all', 'both', '0', '1', '2018-10-08 07:25:33', '1', '2018-10-08 07:25:33', '{\"refer_field\": {\"path\": \"position.code\", \"type\": \"text\"}}', '0', '0', '0', '1', '1');
INSERT ignore INTO `object_fields` (`id`, `object_id`, `name`, `label`, `description`, `source`, `type`, `target_display_mode`, `target_screen_size`, `deleted`, `created_by`, `created_on`, `modified_by`, `modified_on`, `configurations`, `import_order`, `is_key`, `mandatory`, `allow_filter`, `allow_sort`) VALUES ('bec1811a-05eb-4872-a650-922e62917404', '311d6cb0-3b94-11e7-915e-34f39ab71988', 'name', '医生姓名', '', 'custom', 'refer', 'all', 'both', '0', '1', '2018-10-08 07:25:33', '1', '2018-10-08 07:25:33', '{\"refer_field\": {\"path\": \"record.name\", \"type\": \"text\"}}', '0', '0', '0', '1', '1');
INSERT ignore INTO `object_fields` (`id`, `object_id`, `name`, `label`, `description`, `source`, `type`, `target_display_mode`, `target_screen_size`, `deleted`, `created_by`, `created_on`, `modified_by`, `modified_on`, `configurations`, `import_order`, `is_key`, `mandatory`, `allow_filter`, `allow_sort`) VALUES ('bf996707-8e19-402a-af92-cd3b7a4c150c', '311d6cb0-3b94-11e7-915e-34f39ab71988', 'position_user_employee_id', '员工号', '', 'custom', 'refer', 'all', 'both', '0', '1', '2019-05-04 06:26:09', '1', '2019-05-04 06:26:09', '{\"refer_field\": {\"path\": \"position_history.userpositionhistories.user.orionusers.wechat_username\", \"type\": \"text\"}}', '0', '0', '0', '1', '1');
INSERT ignore INTO `object_fields` (`id`, `object_id`, `name`, `label`, `description`, `source`, `type`, `target_display_mode`, `target_screen_size`, `deleted`, `created_by`, `created_on`, `modified_by`, `modified_on`, `configurations`, `import_order`, `is_key`, `mandatory`, `allow_filter`, `allow_sort`) VALUES ('e81dacf6-b825-4e25-921f-1ad9e2c17e50', '311d6cb0-3b94-11e7-915e-34f39ab71988', 'position_name', '岗位名称', '', 'custom', 'refer', 'all', 'both', '0', '1', '2018-10-08 07:25:33', '1', '2018-10-08 07:25:33', '{\"refer_field\": {\"path\": \"position.name\", \"type\": \"text\"}}', '0', '0', '0', '1', '1');
INSERT ignore INTO `object_fields` (`id`, `object_id`, `name`, `label`, `description`, `source`, `type`, `target_display_mode`, `target_screen_size`, `deleted`, `created_by`, `created_on`, `modified_by`, `modified_on`, `configurations`, `import_order`, `is_key`, `mandatory`, `allow_filter`, `allow_sort`) VALUES ('09b6334a-944a-440b-8771-6ab9864f33en', '311d6cb0-3b94-11e7-915e-34f39ab71988', 'hospital_name', '医院名称', '', 'custom', 'refer', 'all', 'both', '0', '1', '2018-10-08 07:25:33', '1', '2019-09-11 09:09:45', '{\"refer_field\": {\"path\": \"record.hospital.name\", \"type\": \"text\"}}', '0', '0', '0', '1', '1');

-- 创建列表字段
INSERT INTO  `page_list_fields` (`id`, `page_list_id`, `object_field_id`, `label`, `order`, `width`, `allow_filter`, `allow_sort`, `is_default`, `deleted`, `created_by`, `created_on`, `modified_by`, `modified_on`) VALUES ('1e602a36-4722-4283-b65f-0d2b47ee44wb', '6e0109c6-35fc-458b-b03d-057d82d4896a', '4514f41b-4e42-4400-80e6-35412a24aedb', '岗位版本', '1', '120', '1', '1', '1', '0', '1', '2018-04-12 10:04:22', '1', '2018-04-12 10:04:22');
INSERT INTO  `page_list_fields` (`id`, `page_list_id`, `object_field_id`, `label`, `order`, `width`, `allow_filter`, `allow_sort`, `is_default`, `deleted`, `created_by`, `created_on`, `modified_by`, `modified_on`) VALUES ('fdbe35e5-7e4b-35fc-b1ad-2416c01e4bfe', '6e0109c6-35fc-458b-b03d-057d82d4896a', 'bec1811a-05eb-4872-a650-922e62917404', '医生姓名', '6', '120', '1', '1', '1', '0', '1', '2018-04-12 10:04:22', '1', '2018-04-12 10:04:22');
INSERT INTO  `page_list_fields` (`id`, `page_list_id`, `object_field_id`, `label`, `order`, `width`, `allow_filter`, `allow_sort`, `is_default`, `deleted`, `created_by`, `created_on`, `modified_by`, `modified_on`) VALUES ('2bfdfc69-35fc-428b-ae07-2db6a85eb54b', '6e0109c6-35fc-458b-b03d-057d82d4896a', '56990664-bec7-447b-8e23-b73aa93d64c0', '医生编码', '5', '120', '1', '1', '1', '0', '1', '2018-04-12 10:04:22', '1', '2018-04-12 10:04:22');
INSERT INTO  `page_list_fields` (`id`, `page_list_id`, `object_field_id`, `label`, `order`, `width`, `allow_filter`, `allow_sort`, `is_default`, `deleted`, `created_by`, `created_on`, `modified_by`, `modified_on`) VALUES ('8da7b85c-35fc-4f5c-a0b5-974c4474c879', '6e0109c6-35fc-458b-b03d-057d82d4896a', '09b6334a-944a-440b-8771-6ab9864f33en', '医院名称', '8', '120', '1', '1', '1', '0', '1', '2018-04-12 10:04:22', '1', '2018-04-12 10:04:22');
INSERT INTO  `page_list_fields` (`id`, `page_list_id`, `object_field_id`, `label`, `order`, `width`, `allow_filter`, `allow_sort`, `is_default`, `deleted`, `created_by`, `created_on`, `modified_by`, `modified_on`) VALUES ('e6197463-35fc-4a2e-9b3b-690a4c18b2ad', '6e0109c6-35fc-458b-b03d-057d82d4896a', '698a3ac4-b5db-4e6b-a30e-ef194ef966b7', '医院编码', '7', '120', '1', '1', '1', '0', '1', '2018-04-12 10:04:22', '1', '2018-04-12 10:04:22');
INSERT INTO  `page_list_fields` (`id`, `page_list_id`, `object_field_id`, `label`, `order`, `width`, `allow_filter`, `allow_sort`, `is_default`, `deleted`, `created_by`, `created_on`, `modified_by`, `modified_on`) VALUES ('5948b15c-caae-35fc-bd67-08b69985ef21', '6e0109c6-35fc-458b-b03d-057d82d4896a', '2ee27f48-dfdd-4779-9ed3-9ee0c50f2b0f', '科室名称', '9', '120', '1', '1', '1', '0', '1', '2018-04-12 10:04:22', '1', '2018-04-12 10:04:22');
INSERT INTO  `page_list_fields` (`id`, `page_list_id`, `object_field_id`, `label`, `order`, `width`, `allow_filter`, `allow_sort`, `is_default`, `deleted`, `created_by`, `created_on`, `modified_by`, `modified_on`) VALUES ('91543231-35fc-40f1-bee2-9315e7a7aaac', '6e0109c6-35fc-458b-b03d-057d82d4896a', '31307f75-3b94-11e7-9828-34f39ab71988', '创建时间', '11', '120', '1', '1', '1', '0', '1', '2018-04-12 10:04:22', '1', '2018-04-12 10:04:22');
INSERT INTO  `page_list_fields` (`id`, `page_list_id`, `object_field_id`, `label`, `order`, `width`, `allow_filter`, `allow_sort`, `is_default`, `deleted`, `created_by`, `created_on`, `modified_by`, `modified_on`, `disable_click`) VALUES ('2447fce2-35fc4d1d-b335-58e26b8980c7', '6e0109c6-35fc-458b-b03d-057d82d4896a', '475a6964-9cd5-4c14-9d96-88d6ec692fe4', '创建人', '10', '120', '1', '1', '1', '0', '1', '2018-04-12 10:04:22', '1', '2018-04-12 10:04:22', '1');
INSERT INTO  `page_list_fields` (`id`, `page_list_id`, `object_field_id`, `label`, `order`, `width`, `allow_filter`, `allow_sort`, `is_default`, `deleted`, `created_by`, `created_on`, `modified_by`, `modified_on`) VALUES ('5e0faa81-35fc-4b14-aad6-4b8726cd003b', '6e0109c6-35fc-458b-b03d-057d82d4896a', 'e81dacf6-b825-4e25-921f-1ad9e2c17e50', '岗位名称', '3', '120', '1', '1', '1', '0', '1', '2018-04-12 10:04:22', '1', '2018-04-12 10:04:22');
INSERT INTO  `page_list_fields` (`id`, `page_list_id`, `object_field_id`, `label`, `order`, `width`, `allow_filter`, `allow_sort`, `is_default`, `deleted`, `created_by`, `created_on`, `modified_by`, `modified_on`) VALUES ('6d419341-5604-4256-bcad-6daff35c7006', '6e0109c6-35fc-458b-b03d-057d82d4896a', 'b591f71a-dc48-448d-8f94-b5288f7b0dad', '岗位编码', '2', '120', '1', '1', '1', '0', '1', '2018-04-12 10:04:22', '1', '2018-04-12 10:04:22');
INSERT INTO  `page_list_fields` (`id`, `page_list_id`, `object_field_id`, `label`, `order`, `width`, `allow_filter`, `allow_sort`, `is_default`, `deleted`, `created_by`, `created_on`, `modified_by`, `modified_on`) VALUES ('60017ea4-092c-35fc-a909-58418fef2c1d', '6e0109c6-35fc-458b-b03d-057d82d4896a', '0635374d-a4de-45de-8e68-350a1ccc99bc', '岗位用户', '4', '120', '1', '1', '1', '0', '1', '2019-05-16 06:12:12', '1', '2019-09-11 03:10:04');
INSERT INTO  `page_list_fields` (`id`, `page_list_id`, `object_field_id`, `label`, `order`, `width`, `allow_filter`, `allow_sort`, `is_default`, `deleted`, `created_by`, `created_on`, `modified_by`, `modified_on`, `disable_click`) VALUES ('0e1fc886-35fc-416b-8b30-954cc0b7d8df', '6e0109c6-35fc-458b-b03d-057d82d4896a', '31307f77-3b94-11e7-94a6-34f39ab71988', '修改人', '12', '120', '1', '1', '1', '0', '1', '2019-06-24 11:08:55', '1', '2019-06-24 11:08:55', '1');
INSERT INTO  `page_list_fields` (`id`, `page_list_id`, `object_field_id`, `label`, `order`, `width`, `allow_filter`, `allow_sort`, `is_default`, `deleted`, `created_by`, `created_on`, `modified_by`, `modified_on`) VALUES ('315fba6f-35fc-4ec6-9d27-37943828ccdd', '6e0109c6-35fc-458b-b03d-057d82d4896a', '31307f79-3b94-11e7-9786-34f39ab71988', '修改时间', '13', '120', '1', '1', '1', '0', '1', '2019-05-16 06:12:12', '1', '2019-05-16 06:12:12');

-- 导出及授权
INSERT ignore INTO `role_to_object_permissions` (`id`, `role_id`, `object_id`, `allow_read`, `allow_create`, `allow_update`, `allow_delete`, `deleted`, `created_by`, `created_on`, `modified_by`, `modified_on`, `allow_import`, `allow_export`, `allow_read_all`, `allow_update_all`) VALUES ('fdddb092-836e-4662-91a3-ff792ae7b3wv', '53de9674-1da3-11e6-ac97-5cc5d4b57137', '311d6cb0-3b94-11e7-915e-34f39ab71988', '1', '1', '1', '1', '0', '1', '2017-01-01 00:00:00', '1', '2017-01-01 00:00:00', '1', '1', '1', '1');
INSERT ignore INTO `role_to_object_permissions` (`id`, `role_id`, `object_id`, `allow_read`, `allow_create`, `allow_update`, `allow_delete`, `deleted`, `created_by`, `created_on`, `modified_by`, `modified_on`, `allow_import`, `allow_export`, `allow_read_all`, `allow_update_all`) VALUES ('fdddb092-836e-4662-91a3-ff792ae7b6an', '53de9674-1da3-11e6-ac97-5cc5d4b57138', '311d6cb0-3b94-11e7-915e-34f39ab71988', '1', '1', '1', '1', '0', '1', '2017-01-01 00:00:00', '1', '2017-01-01 00:00:00', '1', '1', '1', '0');
INSERT INTO `page_list_actions` (`id`, `page_list_id`, `object_action_id`, `order`, `deleted`, `created_by`, `created_on`, `modified_by`, `modified_on`, `is_need_pre_check`, `pre_check_label`, `is_item_action`) VALUES ('fc29b4d8-39e3-4ef6-bba3-23a35711rdxb', '6e0109c6-35fc-458b-b03d-057d82d4896a', '2f8bc68f-b0e6-4bc2-8106-7f13bfa6c37d', '1', '0', '1', '2017-01-01 00:00:00.000000', '1', '2017-01-01 00:00:00.000000', '0', '0', '0');
-- list列表使用岗位用户正序排列，默认查询条件为岗位版本
UPDATE `page_lists` SET `sort_field` = '0635374d-a4de-45de-8e68-350a1ccc99bc', `is_desc` = '0', `primary_filter` = 'yearmonth' WHERE (`id` = '6e0109c6-35fc-458b-b03d-057d82d4896a');
